src,tgt
c1(CC)oc2cc(C)nn2c1-c1ccc(Cl)cc1Cl.C=O.N(CCC)CCC,c1(CC)oc2c(CN(CCC)CCC)c(C)nn2c1-c1ccc(Cl)cc1Cl
COc1cc2c(cc1OC)/C(=C(/Nc1ccccc1)c1cccc(CN)c1)C(=O)N2.C(C)(=O)OC(C)=O,COc1cc2c(cc1OC)/C(=C(/Nc1ccccc1)c1cccc(CNC(C)=O)c1)C(=O)N2
C(Oc1cnc(Cl)c(CNC(=O)c2cccc([N+](=O)[O-])c2)c1)[C@@H]1CCN1C(=O)OC(C)(C)C,C(Oc1cnc(Cl)c(CNC(=O)c2cccc([N+](=O)[O-])c2)c1)[C@@H]1CCN1
O(CC1CCN(C(=O)OC(C)(C)C)CC1)c1ccc(Cl)nn1.c1(B(O)O)ccc(S(C)(=O)=O)cc1,O(CC1CCN(C(=O)OC(C)(C)C)CC1)c1ccc(-c2ccc(S(C)(=O)=O)cc2)nn1
c1cc(C(=O)N2CCN(c3cc(F)c(OC)cc3F)CC2)ccc1C(C)(C)C,c1cc(C(=O)N2CCN(c3cc(F)c(O)cc3F)CC2)ccc1C(C)(C)C
S=C1NCC(=O)N1.C(=O)c1ccc(O)c(Br)c1,S=C1NC(=O)C(=Cc2ccc(O)c(Br)c2)N1
CCOC(=O)C(=CN[C@@H](C(C)C)C(C)(C)O[SiH2]C(C)(C)C)C(=O)c1cc(Cc2cccc(Cl)c2F)nc(Cl)c1Cl,CCOC(=O)c1cn([C@@H](C(C)C)C(C)(C)O[SiH2]C(C)(C)C)c2c(Cl)nc(Cc3cccc(Cl)c3F)cc2c1=O
CC(C)(C)c1c(N)nn2cccnc12.C(=O)(Cl)Cc1ccc(F)cc1,CC(C)(C)c1c(NC(=O)Cc2ccc(F)cc2)nn2cccnc12
c1cc(N2CCN(c3nc(-c4ccccc4)c(C(N)=O)s3)CC2)ccc1OC,c1cc(N2CCN(c3nc(-c4ccccc4)c(C#N)s3)CC2)ccc1OC
c1cc(C)ccc1C#C.c1(Br)cnc2cc(C)nn2c1,c1cc(C)ccc1C#Cc1cnc2cc(C)nn2c1
CCOC(=O)c1cc2nc(C)c([C@H](OC(C)(C)C)C(=O)OCC)c(Cl)n2n1.N1CCC(C)(OCCCC[C@@H](C)OCc2ccccc2)CC1,CCOC(=O)c1cc2nc(C)c([C@H](OC(C)(C)C)C(=O)OCC)c(N3CCC(C)(OCCCC[C@@H](C)OCc4ccccc4)CC3)n2n1
OC(C)CNc1c(Br)cnc2ccccc12,O1c2cnc3ccccc3c2NCC1C
c1(Cl)cc(Cl)c([N+](=O)[O-])cc1-c1cc(OC(F)F)n(C)n1,c1(Cl)cc(Cl)c(N)cc1-c1cc(OC(F)F)n(C)n1
c1ccc(B(O)O)cc1C(F)(F)F.c1(Cl)ccc2c(n1)NCCC2(C)C,c1ccc(-c2ccc3c(n2)NCCC3(C)C)cc1C(F)(F)F
O=C(Nc1cccnn1)OCC(Cl)(Cl)Cl.N1CCN(c2nccc(-c3ccc(F)cc3F)n2)CC1,O=C(Nc1cccnn1)N1CCN(c2nccc(-c3ccc(F)cc3F)n2)CC1
C(=O)(c1cccc(N2CCCNCC2)n1)c1cc(Br)cnc1N.C(=O)(O)CC(F)(F)F,C(=O)(c1cccc(N2CCCN(C(=O)CC(F)(F)F)CC2)n1)c1cc(Br)cnc1N
NC(COC)C(=O)OC.C(=O)(O)[C@H](C)NC(=O)Cc1cc(F)cc(F)c1,N(C(=O)[C@H](C)NC(=O)Cc1cc(F)cc(F)c1)C(COC)C(=O)OC
NC(=O)CCl.N1c2ccccc2C2CCCC12,NC(=O)CN1c2ccccc2C2CCCC21
n1nc(SCC2CC2)n(C)c1C(=O)CC1CC1,n1nc(SCC2CC2)n(C)c1C(O)CC1CC1
c1(C(F)(F)F)cc(CO[C@@H]2CC[C@H]3[C@H](c4nc(C)co4)C[C@]2(c2ccccc2)N3Cc2ccccc2)cc(C(F)(F)F)c1,c1(C(F)(F)F)cc(CO[C@@H]2CC[C@@H]3N[C@@]2(c2ccccc2)C[C@H]3c2nc(C)co2)cc(C(F)(F)F)c1
CCCc1c(O)c(C(C)=O)cc2c1OC(CCC(=O)OCC)(CCC(=O)OCC)CC2.C(Br)CCOc1cccc2c1CCCC2,CCCc1c2c(cc(C(C)=O)c1OCCCOc1cccc3c1CCCC3)CCC(CCC(=O)OCC)(CCC(=O)OCC)O2
C(OC1(CN2CCNC(=O)C2c2ccccc2)C=CC=CC1)c1ccccc1,C(OC1(CN2CCNCC2c2ccccc2)C=CC=CC1)c1ccccc1
c1c(F)cccc1-c1nc(N)n(C)c(=O)c1-c1ccc(=O)[nH]c1.CI,c1c(F)cccc1-c1nc(N)n(C)c(=O)c1-c1ccc(=O)n(C)c1
C1CCC(COCOC)N1C(=O)OCc1ccccc1,C1CCC(COCOC)N1
[C@@H]1(C(F)(F)F)C[C@H](NC(=O)OC(C)(C)C)CN(c2ccncc2NC(=O)c2c(NC(=O)OC(C)(C)C)oc3cc(C=O)cnc23)C1.N1CCN(C)CC1,[C@@H]1(C(F)(F)F)C[C@H](NC(=O)OC(C)(C)C)CN(c2ccncc2NC(=O)c2c(NC(=O)OC(C)(C)C)oc3cc(CN4CCN(C)CC4)cnc23)C1
CC(C)(C)OC(=O)N1CCC(CCCOS(C)(=O)=O)CC1.Oc1ccc2c(c1)CCN(S(C)(=O)=O)C2,CC(C)(C)OC(=O)N1CCC(CCCOc2ccc3c(c2)CCN(S(C)(=O)=O)C3)CC1
c1cccc(C2CNCCO2)c1.C(=O)(Cl)CC(C)(C)C,c1cccc(C2CN(C(=O)CC(C)(C)C)CCO2)c1
c1nc(Cl)c(Cl)cc1C(F)(F)F.N(Cc1ccccc1)S(=O)(=O)c1ccc(C(=O)OC)c(C)c1,c1nc(N(Cc2ccccc2)S(=O)(=O)c2ccc(C(=O)OC)c(C)c2)c(Cl)cc1C(F)(F)F
O=C(O)C(N)CS.C(Cl)C(=O)O,O=C(O)C(N)CSCC(=O)O
CC(N)c1ccccc1.C(Cl)CCO,CC(NCCCO)c1ccccc1
C(N)CCNc1ccccn1.C(Cl)c1cccs1,C(N)CCN(Cc1cccs1)c1ccccn1
C(CCOC)Oc1cc(OC)cc(C(=O)NC2CC2)c1,C(CCOC)Oc1cc(CNC2CC2)cc(OC)c1
CC(C)(C)OC(=O)N1CCC(n2ncc3c(N4CCOCC4)nc(Cl)nc32)CC1.c1(B2OC(C)(C)C(C)(C)O2)ccc([N+](=O)[O-])cc1,CC(C)(C)OC(=O)N1CCC(n2ncc3c(N4CCOCC4)nc(-c4ccc([N+](=O)[O-])cc4)nc32)CC1
c1cccc(N)c1B1OC(C)(C)C(C)(C)O1.c1(Cl)ncnc2c1ncn2C1CCCCO1,c1cccc(N)c1-c1ncnc2c1ncn2C1CCCCO1
O(CC)P(=O)(CNCc1ccccc1)OCC.C(Br)c1cc([N+](=O)[O-])cc2nc(OC)c(OC)nc12,O(CC)P(=O)(CN(Cc1ccccc1)Cc1cc([N+](=O)[O-])cc2nc(OC)c(OC)nc12)OCC
c1([C@@H](C)CNC(=O)OC(C)(C)C)ccc(B2OC(C)(C)C(C)(C)O2)cc1.c1(Br)c(OC)cc(C)c2c1c1cc(C)sc1c(=O)n2COCC[Si](C)(C)C,c1([C@@H](C)CNC(=O)OC(C)(C)C)ccc(-c2c(OC)cc(C)c3c2c2cc(C)sc2c(=O)n3COCC[Si](C)(C)C)cc1
c1ncnn1-c1ccc(C(=O)O)cc1.N(C1CC1)C1CCN(c2ncc(Cl)cn2)CC1,c1ncnn1-c1ccc(C(=O)N(C2CC2)C2CCN(c3ncc(Cl)cn3)CC2)cc1
Cc1c(C(=O)O)sc2ncnc(Nc3ccc(F)cc3OC3CCCC3)c12.N,Cc1c(C(N)=O)sc2ncnc(Nc3ccc(F)cc3OC3CCCC3)c12
O=C1N(N)CCCC1(NC(=O)OCc1ccccc1)[PH](=O)NC(=O)COc1ccccc1,O=C1N(N)CCCC1(N)[PH](=O)NC(=O)COc1ccccc1
CCOC(=O)Nc1ccc2c(c1[N+](=O)[O-])CCC2Nc1ccc(F)cc1,CCOC(=O)Nc1ccc2c(c1N)CCC2Nc1ccc(F)cc1
COC(=O)[C@@H]1C[C@H](O)CN1.S(=O)(=O)(Cl)c1cccc(C#N)c1,COC(=O)[C@@H]1C[C@H](O)CN1S(=O)(=O)c1cccc(C#N)c1
c12cnn(C)c1ncc(Br)c2.N=C(c1ccccc1)c1ccccc1,c12cnn(C)c1ncc(N=C(c1ccccc1)c1ccccc1)c2
c1ccccc1C1(C#N)CCCC1,c1ccccc1C1(CN)CCCC1
c1cc(Br)c2c(c1)NC(=O)C21CCN(Cc2ccccc2)CC1,c1cc(Br)c2c(c1)NCC21CCN(Cc2ccccc2)CC1
c1ccc(C(F)(F)F)c(C=O)c1.NNC(=S)NC1CC2C=CC1C2,c1ccc(C(F)(F)F)c(C=NNC(=S)NC2CC3C=CC2C3)c1
C1(CCO)CCCO1.c1(Cl)ccc([N+](=O)[O-])cc1OC,C1(CCOc2ccc([N+](=O)[O-])cc2OC)CCCO1
[O-][N+](=O)c1ccccc1-c1ccc(C)cc1.BrN1C(=O)CCC1=O,[O-][N+](=O)c1ccccc1-c1ccc(CBr)cc1
[C@H]12CC=CC[C@]1(C)[C@H]1CC[C@]3(C)C(C(C)=O)=CC[C@H]3[C@@H]1CC2.OOC(=O)c1cccc(Cl)c1,[C@@H]12CC[C@H]3[C@@H]4CC=C(C(C)=O)[C@@]4(C)CC[C@@H]3[C@@]1(C)C[C@H]1O[C@H]1C2
c1cc(F)c2ccccc2c1.OC(CCN(C)C)c1cccs1,c1cc(OC(CCN(C)C)c2cccs2)c2ccccc2c1
C(C)OC(=O)CCCCn1c(C(=O)OCC)cc2c(Cl)cc(OCc3ccccc3)cc21,C(C)OC(=O)CCCCn1c(C(=O)OCC)cc2c(Cl)cc(O)cc21
C=CC(=O)Cl.Nc1ccc(Oc2nc(Nc3ccc(N4CCN(C)CC4)cc3)ncc2Cl)cc1,C=CC(=O)Nc1ccc(Oc2nc(Nc3ccc(N4CCN(C)CC4)cc3)ncc2Cl)cc1
c1cccc(C(Sc2ccc(N3C[C@@H](CN=[N+]=[N-])OC3=O)cc2F)(c2ccccc2)c2ccccc2)c1,c1cccc(C(Sc2ccc(N3C[C@H](CN)OC3=O)cc2F)(c2ccccc2)c2ccccc2)c1
n1cc(Cl)nc(N2CCNCC2)c1.OCc1ccsc1,n1cc(OCc2ccsc2)nc(N2CCNCC2)c1
C1CNCc2ccc(OC)c(O)c21.C(=O)(O)c1nc(-c2cccnc2)nc2ccccc12,C1CN(C(=O)c2nc(-c3cccnc3)nc3ccccc23)Cc2ccc(OC)c(O)c21
C(F)(F)(F)c1cccc([C@H](C#N)NC(=O)Cn2nc(-c3ccc(Cl)cc3)n(C[C@H](O)C(F)(F)F)c2=O)c1.[N-]=[N+]=N[Si](C)(C)C,C(F)(F)(F)c1cccc(C(NC(=O)Cn2nc(-c3ccc(Cl)cc3)n(C[C@H](O)C(F)(F)F)c2=O)c2nnn[nH]2)c1
C1[C@H](O)CN(C(=O)c2ccccc2)[C@@H]1C(=O)O.C(Br)c1ccccc1,C1[C@H](O)CN(C(=O)c2ccccc2)[C@@H]1C(=O)OCc1ccccc1
CNC(=O)c1cc(F)cc(F)c1Nc1nc(Cl)ncc1Cl.Nc1ccc2c(c1)NC(=O)CCC2,CNC(=O)c1cc(F)cc(F)c1Nc1nc(Nc2ccc3c(c2)NC(=O)CCC3)ncc1Cl
c1cc(COc2ccc(C(O)C(=O)OC)cc2)ccc1F.C(Cl)OCCOC,c1cc(COc2ccc(C(OCOCCOC)C(=O)OC)cc2)ccc1F
c1cc(Cl)c(-c2noc(C(C)C)c2CCCOc2ccc(-c3ccc4nc(C(=O)OC)ccc4c3)cc2)c(Cl)c1,c1cc(Cl)c(-c2noc(C(C)C)c2CCCOc2ccc(-c3ccc4nc(C(=O)O)ccc4c3)cc2)c(Cl)c1
C(=O)(O)COc1ccccc1.C(Cl)(C(=O)CCNC(=O)OCc1ccccc1)C(=O)OCC,C(=O)(COc1ccccc1)OC(C(=O)CCNC(=O)OCc1ccccc1)C(=O)OCC
CC(C)(C)OC(=O)NOC(C)(C)C(=O)OCC,CC(C)(C)OC(=O)NOC(C)(C)CO
c1cccnc1CCO.C(Br)CCCBr,c1cccnc1CCOCCCCBr
C1(=O)C(S(=O)(=O)c2ccc(F)cc2)CCCCN1OC(c1ccccc1)(c1ccccc1)c1ccccc1.Oc1ccc(OC)cc1,C1(=O)C(S(=O)(=O)c2ccc(Oc3ccc(OC)cc3)cc2)CCCCN1OC(c1ccccc1)(c1ccccc1)c1ccccc1
C(C)n1c(=O)n(CC)c(=O)c2c1nc(/C=C/c1ccc(C(=O)OC)cc1OC)n2C,C(C)n1c(=O)n(CC)c(=O)c2c1nc(/C=C/c1ccc(C(=O)O)cc1OC)n2C
C(=O)(N[C@H](C(=O)O)C(Sc1ccccc1N)c1ccccc1)OCc1ccccc1,C(=O)(NC1C(=O)Nc2ccccc2SC1c1ccccc1)OCc1ccccc1
O(C)C(=O)C=P(c1ccccc1)(c1ccccc1)c1ccccc1.C(=O)/C=C(\CCCCC)c1cccc(F)c1,O(C)C(=O)/C=C/C=C(\CCCCC)c1cccc(F)c1
c1cc(CN)ccc1I.C(=O)(OC(=O)OC(C)(C)C)OC(C)(C)C,c1cc(CNC(=O)OC(C)(C)C)ccc1I
C1CCNCC1.C(=O)(OC)c1ccc([N+](=O)[O-])cn1,C1CCN(C(=O)c2ccc([N+](=O)[O-])cn2)CC1
[N-]=[N+]=[N-].C(=O)(Cl)C=Cc1ccc(Br)cc1,N(=[N+]=[N-])C(=O)C=Cc1ccc(Br)cc1
O=C(Cl)c1ccc(F)cc1[N+](=O)[O-].N1CC1,O=C(c1ccc(F)cc1[N+](=O)[O-])N1CC1
n1c(-c2ccccc2)c(CCC(=O)OCC)cn1Cc1ccc(O)cc1.C(Br)CBr,n1c(-c2ccccc2)c(CCC(=O)OCC)cn1Cc1ccc(OCCBr)cc1
C1CN(c2ccc3cc([N+](=O)[O-])ccc3n2)CCO1,C1CN(c2ccc3cc(N)ccc3n2)CCO1
C(OC)OC(c1cc(CBr)ccc1I)(C(F)(F)F)C(F)(F)F.N(CC=C)CC=C,C(OC)OC(c1cc(CN(CC=C)CC=C)ccc1I)(C(F)(F)F)C(F)(F)F
Cc1csc(S(=O)(=O)C2(c3cc(N4CCOC[C@@H]4C)nc(-c4ccc(N)cc4)n3)CCC2)n1.C(=O)(Cl)Oc1ccccc1,Cc1csc(S(=O)(=O)C2(c3cc(N4CCOC[C@@H]4C)nc(-c4ccc(NC(=O)Oc5ccccc5)cc4)n3)CCC2)n1
c1c(C(=O)O)ccc([N+](=O)[O-])c1OCCCC.CO,c1c(C(=O)OC)ccc([N+](=O)[O-])c1OCCCC
n1nn(C2CCCCO2)nc1-c1ccccc1Cl.c1([Mg+])ccc(COC2CCCCO2)cc1,n1nn(C2CCCCO2)nc1-c1ccccc1-c1ccc(COC2CCCCO2)cc1
COC(=O)c1nc2n(c1I)C1CC(C1)c1ccc(Br)cc1-2.C([Zn+])C1(C)COC1,COC(=O)c1nc2n(c1CC1(C)COC1)C1CC(C1)c1ccc(Br)cc1-2
c1cccc(-c2ccc3c(n2)NCCC3)c1.c1(F)cc(C)nc(F)n1,c1cccc(-c2ccc3c(n2)N(c2cc(C)nc(F)n2)CCC3)c1
c1cc(O)ccc1Cl.c1(Cl)cc(OCC#C)ncn1,c1cc(Oc2cc(OCC#C)ncn2)ccc1Cl
C(N)c1cc(OC)no1.C(=O)(O)c1cnc(O[C@@H](C)C(F)(F)F)c(-c2ccc(Cl)cc2)c1,C(NC(=O)c1cnc(O[C@@H](C)C(F)(F)F)c(-c2ccc(Cl)cc2)c1)c1cc(OC)no1
O=C(OC(=O)C1CC1)C1CC1.N1CCN2CC1Cc1ccccc12,O=C(C1CC1)N1CCN2CC1Cc1ccccc12
O=S(=O)(NC(C(=O)OC)C(CC(F)(F)F)CC(F)(F)F)c1ccc(Cl)cc1,O=S(=O)(NC(CO)C(CC(F)(F)F)CC(F)(F)F)c1ccc(Cl)cc1
c12c(=O)[nH]c(-c3ccc(Br)cc3OC)nc1c(C)nn2C1CCCCC1.C=CC(=O)OC,c12c(=O)[nH]c(-c3ccc(/C=C/C(=O)OC)cc3OC)nc1c(C)nn2C1CCCCC1
c1cc2c(c(CCO)c1O)[C@H](CCNC(=O)CC)CC2,c1cc2c(c3c1OCC3)[C@H](CCNC(=O)CC)CC2
c12ccc(F)cc1[nH]cc2-c1ccc2nc(CNS(=O)(=O)CCOC)oc2c1,c12ccc(F)cc1[nH]cc2-c1ccc2nc(CNS(=O)(=O)CCO)oc2c1
c1cc(C#N)c(F)c(C)c1-c1cnn(-c2ccc(C(=O)O)cn2)c1O.N1CCCN(C2CC2)CC1,c1cc(C#N)c(F)c(C)c1-c1cnn(-c2ccc(C(=O)N3CCCN(C4CC4)CC3)cn2)c1O
c1(C(N)=O)cn(-c2cccc(-n3ncc4cc(C(C)(C)C)cc(F)c4c3=O)c2C=O)nc1Nc1ccc(C(C)(C)O)cc1,c1(C(N)=O)cn(-c2cccc(-n3ncc4cc(C(C)(C)C)cc(F)c4c3=O)c2CO)nc1Nc1ccc(C(C)(C)O)cc1
N(C(=O)OC(C)(C)C)c1ccc(-n2c(=O)[nH]c3ccccc3c2=O)cc1,Nc1ccc(-n2c(=O)[nH]c3ccccc3c2=O)cc1
CC(=O)Nc1ccc2nc(CO)ccc2c1.N(C)C,CC(=O)Nc1ccc2nc(CN(C)C)ccc2c1
C=C[C@@H]1C[C@]1(N)C(=O)NS(=O)(=O)C1(CCCCCCCCCCCC(=O)OC)CC1.C(=O)(O)[C@@H]1C[C@@H](OC(=O)N2Cc3cccc(F)c3C2)CN1C(=O)OC(C)(C)C,C=C[C@@H]1C[C@]1(NC(=O)[C@@H]1C[C@@H](OC(=O)N2Cc3cccc(F)c3C2)CN1C(=O)OC(C)(C)C)C(=O)NS(=O)(=O)C1(CCCCCCCCCCCC(=O)OC)CC1
c1ccccc1Cn1c(C(Br)CC)nc(C)c(C)c1=O.N1CCNCC1c1ccc(C)cc1,c1ccccc1Cn1c(C(CC)N2CCNCC2c2ccc(C)cc2)nc(C)c(C)c1=O
c1(O)cccc(F)c1C(=O)O.CO,c1(O)cccc(F)c1C(=O)OC
N1(C(=O)OCc2ccccc2)CC(=O)C[C@H]1C(=O)O,N1CC(=O)C[C@H]1C(=O)O
C1CCC(N2C(=O)[C@H](N)CC=C[C@H]2c2ccccc2)C1.C(=O)(O)[C@H](C)NC(=O)Cc1cc(F)cc(F)c1,C1CCC(N2C(=O)[C@H](NC(=O)[C@H](C)NC(=O)Cc3cc(F)cc(F)c3)CC=C[C@H]2c2ccccc2)C1
c1cc(C)ccc1B(O)O.C1(Br)=C(c2ccc(SC)cc2)CCC1,c1cc(C)ccc1C1=C(c2ccc(SC)cc2)CCC1
CCOC(=O)CCCCCC=O.N1CC=Cc2nc(-c3ccc(C)cc3)c(-c3ccc(C)cc3)nc21,CCOC(=O)CCCCCCN1CC=Cc2nc(-c3ccc(C)cc3)c(-c3ccc(C)cc3)nc21
CC(C)(C)OC(=O)N1CCN(c2cc(N)ccc2OC)CC1.S(=O)(=O)(Cl)c1cccc(OC(F)F)c1,CC(C)(C)OC(=O)N1CCN(c2cc(NS(=O)(=O)c3cccc(OC(F)F)c3)ccc2OC)CC1
c1(F)cc2nsnc2cc1[N+](=O)[O-],c1(F)cc2nsnc2cc1N
c1cc(C(c2ccc(Cl)cc2)N2CC(C(C(=O)O)c3cc(F)cc(F)c3)C2)ccc1Cl.NC,c1cc(C(c2ccc(Cl)cc2)N2CC(C(C(=O)NC)c3cc(F)cc(F)c3)C2)ccc1Cl
Cn1cc2c(c1)S(=O)(=O)NCCC2=O.C(Cl)CCN1CCN(c2ccc(F)cc2)CC1,Cn1cc2c(c1)S(=O)(=O)N(CCCN1CCN(c3ccc(F)cc3)CC1)CCC2=O
c1nc(Cl)nc(Cl)c1Cl.Nc1cc(OCC2CC2)[nH]n1,c1nc(Cl)nc(Nc2cc(OCC3CC3)[nH]n2)c1Cl
c1ccc(-c2cccc(CCl)c2)cn1.N1CCCC2(CCN(c3cnc4ccccc4n3)CC2)C1=O,c1ccc(-c2cccc(CN3CCCC4(CCN(c5cnc6ccccc6n5)CC4)C3=O)c2)cn1
FC(F)(F)[C@@H]1CNC[C@H]1CNC(=O)OC(C)(C)C,FC(F)(F)[C@@H]1CNC[C@H]1CN
[C@@H]1(NC(=O)OC(C)(C)C)CCCN(c2ccc(Nc3c(C(=O)C4CC4)cnc4ccc(Cl)nc34)cn2)C1.c1(B2OC(C)(C)C(C)(C)O2)cc(F)c(O)c(Cl)c1,[C@@H]1(NC(=O)OC(C)(C)C)CCCN(c2ccc(Nc3c(C(=O)C4CC4)cnc4ccc(-c5cc(F)c(O)c(Cl)c5)nc34)cn2)C1
c1(CO)c(C(C)C)nnn1-c1c(Cl)cccc1Cl.c1(F)ccc(C=O)c(Cl)c1,c1(COc2ccc(C=O)c(Cl)c2)c(C(C)C)nnn1-c1c(Cl)cccc1Cl
O=S(=O)(NCCN)c1cc(Br)cc2cnccc12.c1(B2OCCCO2)ccccc1,O=S(=O)(NCCN)c1cc(-c2ccccc2)cc2cnccc12
C1CN(c2ncc(C)cc2C)CCN1C(=O)c1ccc(Cl)nn1.N1CCCC1=O,C1CN(c2ncc(C)cc2C)CCN1C(=O)c1ccc(N2CCCC2=O)nn1
C(OCc1ccccc1)C(=O)Cl.N1CCCN(c2ccc(Cl)cc2Cl)CC1,C(OCc1ccccc1)C(=O)N1CCCN(c2ccc(Cl)cc2Cl)CC1
c1cc(-c2ccccc2)cc(NC(=O)c2cc(-c3cncnc3)ccc2O)c1C(=O)OC(C)(C)C,c1cc(-c2ccccc2)cc(NC(=O)c2cc(-c3cncnc3)ccc2O)c1C(=O)O
c1(S(=O)(=O)N2CC3CCC(CC3)C2)ccc2c(c1)CCCN2.C(C)(=O)Cl,c1(S(=O)(=O)N2CC3CCC(CC3)C2)ccc2c(c1)CCCN2C(C)=O
Fc1c(F)cccc1-c1nc2cn[nH]cc-2n1.C(Cl)c1cc(-c2ccc(OCc3cccc(C(=O)O)c3)cc2)no1,Fc1c(F)cccc1-c1nc2cnn(Cc3cc(-c4ccc(OCc5cccc(C(=O)O)c5)cc4)no3)cc-2n1
O=C(O)c1cc(Br)c2cc[nH]c2c1.NCCCO,O=C(NCCCO)c1cc(Br)c2cc[nH]c2c1
Cc1cccc(C(=O)Cl)c1.N(Cc1cc(=O)[nH]c2c(F)cccc12)c1cccc(Cl)c1,Cc1cccc(C(=O)N(Cc2cc(=O)[nH]c3c(F)cccc23)c2cccc(Cl)c2)c1
CC(C)N(C(=O)Cl)C(C)C.OCC#Cc1cnc2ccccc2c1,CC(C)N(C(=O)OCC#Cc1cnc2ccccc2c1)C(C)C
n1cc(-c2ccccc2)ncc1Cl.OCC1(C(=O)O)CN(C(=O)c2ccccc2)C1,n1cc(-c2ccccc2)ncc1OCC1(C(=O)O)CN(C(=O)c2ccccc2)C1
O=C(O)c1ccccc1-c1cccs1.N1CC2CN(c3nccc(-c4ccccc4)n3)CC2C1,O=C(c1ccccc1-c1cccs1)N1CC2CN(c3nccc(-c4ccccc4)n3)CC2C1
c1nc(-c2ccc(F)cc2OCC2CC2)c2[nH]c(C)c(C(=O)N[C@@H]3CC[C@@H](N)CC3)c2n1.C(=O)(Cl)COC,c1nc(-c2ccc(F)cc2OCC2CC2)c2[nH]c(C)c(C(=O)N[C@@H]3CC[C@@H](NC(=O)COC)CC3)c2n1
CCCCc1cn(C(C)(C)C)s/c1=N\C(=O)[C@]1(C)CC[C@H](C(=O)O)C1(C)C.NC1CC1,CCCCc1cn(C(C)(C)C)s/c1=N\C(=O)[C@]1(C)CC[C@H](C(=O)NC2CC2)C1(C)C
c1c(N2CCOCC2)c(N)nc2ccc(-c3c(C#CC(C)(C)C)cccc3C(=O)OC)cc12,c1c(N2CCOCC2)c(N)nc2ccc(-c3c(CCC(C)(C)C)cccc3C(=O)OC)cc12
O=C(CCCCCCCBr)OC.[nH]1cc(-c2ccccc2)n(-c2ccc(OC)cc2)c1=O,O=C(CCCCCCCn1cc(-c2ccccc2)n(-c2ccc(OC)cc2)c1=O)OC
c1cccc(C2(CC(C)O)C=CCC=C2)c1.S(C)(=O)(=O)Cl,c1cccc(C2(CC(C)OS(C)(=O)=O)C=CCC=C2)c1
C1CNCCN1c1ccc(Cl)cc1.C(=O)CCc1cc(-c2cccs2)n(C(C)(C)C)n1,C1CN(CCCc2cc(-c3cccs3)n(C(C)(C)C)n2)CCN1c1ccc(Cl)cc1
NC(=O)c1nnc(N[C@@H]2CCCN(C(=O)OC(C)(C)C)C2)nc1Nc1ccc(C(=O)N2CCOCC2)cc1,NC(=O)c1nnc(N[C@@H]2CCCNC2)nc1Nc1ccc(C(=O)N2CCOCC2)cc1
c12cc(OC)c(OC)cc1N(Cc1ccccc1)C(=O)N(CCCCl)CC2.NCCNc1cc(Cl)c(N)c(Cl)c1,c12cc(OC)c(OC)cc1N(Cc1ccccc1)C(=O)N(CCCNCCNc1cc(Cl)c(N)c(Cl)c1)CC2
c1c(C)cc(CO)cc1C(F)(F)F,c1c(C)cc(C=O)cc1C(F)(F)F
c1(C(=O)OC)ccc(C=O)cc1.C([Mg+])C(C)C,c1(C(=O)OC)ccc(C(O)CC(C)C)cc1
c1cccc(Cl)c1Br.c1(B(O)O)ccc(C=O)cc1,c1cccc(Cl)c1-c1ccc(C=O)cc1
Clc1ccc2c(=O)c(CNC(=O)c3ccc(Cl)nc3)cn(-c3ccccc3)c2c1.N1CCCN(C)CC1,Clc1ccc2c(=O)c(CNC(=O)c3ccc(N4CCCN(C)CC4)nc3)cn(-c3ccccc3)c2c1
CN(C)Cc1ccc(OC)c(C=O)c1.C1C(=O)Nc2ccccc21,CN(C)Cc1ccc(OC)c(C=C2C(=O)Nc3ccccc32)c1
CC(=O)CCCC.C(=O)C(=O)O,CC(=O)C(=CC(=O)O)CCC
n1(C2CCOC2)cc(B2OC(C)(C)C(C)(C)O2)cn1.c1(Br)cnc(N)nc1,n1(C2CCOC2)cc(-c2cnc(N)nc2)cn1
COc1ccc(-c2nc(C)c(C(=O)O)s2)cc1.Nc1nnn[nH]1,COc1ccc(-c2nc(C)c(C(=O)Nc3nnn[nH]3)s2)cc1
n1cc(C(=O)NN)c(-c2ccncc2)nc1-c1ccccn1.C(=O)c1cccc(C(F)(F)F)c1,n1cc(C(=O)NN=Cc2cccc(C(F)(F)F)c2)c(-c2ccncc2)nc1-c1ccccn1
O=C(OCC)c1cnc(-c2ccccc2)nc1-c1ccccc1Cl,O=C(O)c1cnc(-c2ccccc2)nc1-c1ccccc1Cl
COC(=O)C1(CO)CN(C(=O)OC(C)(C)C)CCO1.S(=O)(=O)(Cl)c1ccc(C)cc1,COC(=O)C1(COS(=O)(=O)c2ccc(C)cc2)CN(C(=O)OC(C)(C)C)CCO1
c1(-c2cn(CC)nc2-c2cccc([N+](=O)[O-])c2)ccnc2[nH]cc(Br)c12,c1(-c2cn(CC)nc2-c2cccc(N)c2)ccnc2[nH]cc(Br)c12
CNC(=S)C1=C(O)C(COC)(COC)Oc2ccc([N+](=O)[O-])cc21,CNC(=S)C1c2cc([N+](=O)[O-])ccc2OC(COC)(COC)C1O
c1cccc(CN(Cc2ccccc2)c2cccc(NS(C)(=O)=O)c2C=O)c1,c1cccc(CN(Cc2ccccc2)c2cccc(NS(C)(=O)=O)c2CO)c1
c1c(OC)c(C)cc(-c2ncccn2)c1C(=O)OC,c1c(OC)c(C)cc(-c2ncccn2)c1C(=O)O
c1ccc(CBr)cc1.OCCCCCCCCCO,c1ccc(COCCCCCCCCCO)cc1
c1(C(O)c2cccc(OC)c2)cnc(SC)nc1Cl,c1(C(=O)c2cccc(OC)c2)cnc(SC)nc1Cl
CC(C)Cc1ccc(-c2ccccc2S(=O)(=O)Nc2onc(C)c2C)c(N)c1.C=O,CC(C)Cc1ccc(-c2ccccc2S(=O)(=O)Nc2onc(C)c2C)c(NC)c1
c1([N+](=O)[O-])cccc(OCC(=O)c2ccccn2)c1N.C[P+](c1ccccc1)(c1ccccc1)c1ccccc1,c1([N+](=O)[O-])cccc(OCC(=C)c2ccccn2)c1N
CC(C)(Oc1ccc(CCc2nn(-c3ccc(C(F)(F)F)cc3)c(=O)n2CCC)cc1)C(=O)OCC,CC(C)(Oc1ccc(CCc2nn(-c3ccc(C(F)(F)F)cc3)c(=O)n2CCC)cc1)C(=O)O
CCOC(=O)c1cn([C@H](CO[Si](C)(C)C(C)(C)C)C(C)C)c2nc(OC)c(Br)cc2c1=O.CB(O)O,CCOC(=O)c1cn([C@H](CO[Si](C)(C)C(C)(C)C)C(C)C)c2nc(OC)c(C)cc2c1=O
CC(=O)CBr.N1(C)CCN(c2nc3ccccc3o2)CC1,CC(=O)C[N+]1(C)CCN(c2nc3ccccc3o2)CC1
C1CC(c2c[nH]c3ccccc23)CCN1CCN1C(=O)c2ccccc2C1=O,C1CC(c2c[nH]c3ccccc23)CCN1CCN
COc1ccc(Cn2nc(C3=CCN(C(=O)OC(C)(C)C)CC3)c3c(Oc4ccc(N)cc4F)ccnc32)cc1,COc1ccc(Cn2nc(C3CCN(C(=O)OC(C)(C)C)CC3)c3c(Oc4ccc(N)cc4F)ccnc32)cc1
BrC(Br)(Br)Br.C(O)c1cc2c(cc1I)CCC2,BrCc1cc2c(cc1I)CCC2
c1cc(Cl)ccc1NC1CCN(C(=O)OCC)CC1.C(=O)(Cl)Cc1ccccc1,c1cc(Cl)ccc1N(C(=O)Cc1ccccc1)C1CCN(C(=O)OCC)CC1
C(CCl)CCO.Oc1cc2c(=O)ccn3c4ccc(Br)cc4c(c1)c23,C(CCO)COc1cc2c(=O)ccn3c4ccc(Br)cc4c(c1)c23
c12ccccc1C(NC(=O)CN1CCc3cc(OC)c(O)cc3C1Cc1ccc(OC)c(OC)c1)CC2.c1(Cl)cc(OC)nc(OC)n1,c12ccccc1C(NC(=O)CN1CCc3cc(OC)c(Oc4cc(OC)nc(OC)n4)cc3C1Cc1ccc(OC)c(OC)c1)CC2
c1(Cl)ncc(Cl)c(-c2cc3c(C(=O)NC4CC4)cccc3n2COCC)n1.N[C@@H]1CCC[C@@H]1O,c1(N[C@@H]2CCC[C@@H]2O)ncc(Cl)c(-c2cc3c(C(=O)NC4CC4)cccc3n2COCC)n1
c1cc(F)c2c(c1)CN(C1CCN(C(=O)NC(Cc3cc(C)c4[nH]ncc4c3)C(=O)OC)CC1)C(=O)N2,c1cc(F)c2c(c1)CN(C1CCN(C(=O)NC(Cc3cc(C)c4[nH]ncc4c3)C(=O)O)CC1)C(=O)N2
c1cccnc1NC(=O)c1ccc(CN)cc1.C(=O)(O)c1[nH]c(-c2ccccc2)cc1-c1ccc(OC)cc1,c1cccnc1NC(=O)c1ccc(CNC(=O)c2[nH]c(-c3ccccc3)cc2-c2ccc(OC)cc2)cc1
c1cc(C(F)(F)F)ccc1Cc1c(C)sc(C)c1C(=O)O.[NH3+]C1(c2ccc(C(=O)OC)cc2)CC1,c1cc(C(F)(F)F)ccc1Cc1c(C)sc(C)c1C(=O)NC1(c2ccc(C(=O)OC)cc2)CC1
c1[nH]c(N)nc1CC#C.N(Cc1nc2cc(C)c(C)cc2[nH]1)=[N+]=[N-],c1[nH]c(N)nc1Cc1cn(Cc2nc3cc(C)c(C)cc3[nH]2)nn1
Clc1ccc2c(c1)NCc1ccccc1S2.C(=O)(Cl)Cl,Clc1ccc2c(c1)N(C(=O)Cl)Cc1ccccc1S2
N1(C2CCCC2)CC(F)(F)C(=O)N(CC)c2cnc(Cl)nc21.Nc1ccc(C(=O)O)cc1OC,N1(C2CCCC2)CC(F)(F)C(=O)N(CC)c2cnc(Nc3ccc(C(=O)O)cc3OC)nc21
COc1ccc(C=O)cc1F.NCC(OC)OC,COc1ccc(CNCC(OC)OC)cc1F
CNC.C(=O)(Cl)c1cc(I)ccc1F,CN(C)C(=O)c1cc(I)ccc1F
COC(=O)c1cc(Cl)nc(Cl)n1.NC1CCN(C(=O)OC(C)(C)C)CC1,COC(=O)c1cc(NC2CCN(C(=O)OC(C)(C)C)CC2)nc(Cl)n1
c1(C(O)(c2ccccc2)C23CCN(CC2)C3)ccccc1.C(Br)CCOc1cccc(Cl)c1,c1(C(O)(c2ccccc2)C23CC[N+](CCCOc4cccc(Cl)c4)(CC2)C3)ccccc1
CC(C)(C)OC(=O)COc1cccc2c1CCCC2NS(=O)(=O)c1ccc(Br)cc1.c1(B(O)O)cc(F)ccn1,CC(C)(C)OC(=O)COc1cccc2c1CCCC2NS(=O)(=O)c1ccc(-c2cc(F)ccn2)cc1
c1(SCc2cc(Br)cc(OCC(C)C)c2)ccc(OCC(=O)OCC)c(C)c1.C#Cc1ccccc1,c1(SCc2cc(C#Cc3ccccc3)cc(OCC(C)C)c2)ccc(OCC(=O)OCC)c(C)c1
c1[nH]c(=O)[nH]c(=O)c1-c1nc(C)c(C)s1.C(=O)(Cl)c1ccccc1,c1[nH]c(=O)n(C(=O)c2ccccc2)c(=O)c1-c1nc(C)c(C)s1
C1C2=CC(=O)OCC2C2OC(C)(C)OC2C1OCOC,C1C2=CC(O)OCC2C2OC(C)(C)OC2C1OCOC
c1(Br)ccc(C(=O)N2CCN(c3ncc(C4CC4)cc3C3CC3)CC2)c(C#N)c1.N1CCCC1=O,c1(N2CCCC2=O)ccc(C(=O)N2CCN(c3ncc(C4CC4)cc3C3CC3)CC2)c(C#N)c1
COc1ccc(CS[C@@H]2C[C@@H](CCC(=O)c3ccc(F)cc3)N(C(=O)OC(C)(C)C)C2)cc1,COc1ccc(CS[C@H]2CN[C@H](CCC(=O)c3ccc(F)cc3)C2)cc1
Cc1ccccc1O.C(C)(C)Br,Cc1ccccc1OC(C)C
n1(-c2cccc(CCC(N)=O)c2)c(=O)n(Cc2ccc(OC)cc2)c(=O)c2c(Nc3ccc(I)cc3F)n(C)c(=O)c(C)c21,n1(-c2cccc(CCC(N)=O)c2)c(=O)[nH]c(=O)c2c(Nc3ccc(I)cc3F)n(C)c(=O)c(C)c21
c1(C)cc(Br)c(NC(C)C)cc1C.C(=O)(Cl)C1CCN(C(=O)OC(C)(C)C)CC1,c1(C)cc(Br)c(N(C(=O)C2CCN(C(=O)OC(C)(C)C)CC2)C(C)C)cc1C
c1cc(-c2ccc(C(=O)Nc3ccc4nc(N(C)CC5CCNC5)sc4c3)cc2)ccc1F.C(C)=O,c1cc(-c2ccc(C(=O)Nc3ccc4nc(N(C)CC5CCN(CC)C5)sc4c3)cc2)ccc1F
[C@H](C)(OC(=O)Nc1ccc(-c2c(C#N)c3ccc(O)cc3n2C2CCC2)cc1)C1CC1.c1(Cl)ncccn1,[C@H](C)(OC(=O)Nc1ccc(-c2c(C#N)c3ccc(Oc4ncccn4)cc3n2C2CCC2)cc1)C1CC1
c1ccc(COC(=O)N2CCC(=O)CC2)cc1.NCC,c1ccc(COC(=O)N2CCC(NCC)CC2)cc1
O(Cc1ccccc1)N1CC(C)C(O)C1=O,O(Cc1ccccc1)N1CC(C)C(=O)C1=O
O=c1cc(C)c2ccc(OC)cc2[nH]1.C(CCC1(C(=O)OCC)CCN(C(=O)OC(C)(C)C)CC1)OS(C)(=O)=O,O=c1cc(C)c2ccc(OC)cc2n1CCCC1(C(=O)OCC)CCN(C(=O)OC(C)(C)C)CC1
N(=Nc1c(F)cc(Br)c(C=O)c1F)N1CCCC1.C(C(=O)OCC)=P(c1ccccc1)(c1ccccc1)c1ccccc1,N(=Nc1c(F)cc(Br)c(C=CC(=O)OCC)c1F)N1CCCC1
c1c(N)cccc1CCN1CCN(c2cccc3nc(C)ccc23)CC1.C(=O)(O)C1CNC(=O)N1,c1c(CCN2CCN(c3cccc4nc(C)ccc34)CC2)cccc1NC(=O)C1CNC(=O)N1
C(NC(=O)OC(C)(C)C)[C@H](NC(=O)OCc1ccccc1)C(=O)OC,C(NC(=O)OC(C)(C)C)[C@H](NC(=O)OCc1ccccc1)C(=O)O
c1cc(C[C@H](NC(=O)[C@H](Cc2ccccc2)NC(C)=O)C(=O)OCc2ccccc2)ccc1N1CC(=O)N(Cc2ccc(OC)cc2)S1(=O)=O,c1cc(C[C@H](NC(=O)[C@H](Cc2ccccc2)NC(C)=O)C(=O)O)ccc1N1CC(=O)N(Cc2ccc(OC)cc2)S1(=O)=O
c1cc2c(cc1Cl)[C@@H](c1cccc(OC)c1OC)O[C@H](CCn1nnc(CCC(=O)OC)n1)c1cccn1-2,c1cc2c(cc1Cl)[C@@H](c1cccc(OC)c1OC)O[C@H](CCn1nnc(CCC(=O)O)n1)c1cccn1-2
C(CCl)=C(C)C=O.C1=CC=CC1,C1(CCl)C2C=CC(C2)C1(C)C=O
c1c(CCC)[nH]c2ccc(C#N)c(Cl)c12.C(Br)COc1ccc(F)cc1F,c1c(CCC)n(CCOc2ccc(F)cc2F)c2ccc(C#N)c(Cl)c12
C1CCC2c3c(C)cc(C)c(O)c3C(N)C2C1.C(Cl)CCC(=O)Cl,C1CCC2c3c(C)cc(C)c(O)c3C(N3CCCC3=O)C2C1
c1c(I)cccc1S(=O)(=O)Cl.Nc1ncccc1C,c1c(I)cccc1S(=O)(=O)Nc1ncccc1C
C(Oc1ccc(C(=O)O)cc1)[C@H](C)NC(C)=O.Nc1ccc(OCc2ccccc2)cc1SCCC(=O)OCC(CC)CCCC,C(Oc1ccc(C(=O)Nc2ccc(OCc3ccccc3)cc2SCCC(=O)OCC(CC)CCCC)cc1)[C@H](C)NC(C)=O
n1c(SCc2ccccc2)nc(Cl)c2sc(N)nc12.N[C@H](C)CO,n1c(SCc2ccccc2)nc(N[C@H](C)CO)c2sc(N)nc12
Cc1ccc(C(=O)OC)cc1Nc1nc(-c2ccncc2)cs1.Nc1ccc(C#N)cc1,Cc1ccc(C(=O)Nc2ccc(C#N)cc2)cc1Nc1nc(-c2ccncc2)cs1
C(N)CCOCCOCCCNS(=O)(=O)c1cccc2c(N(C)C)cccc12.c1(Cl)c([N+](=O)[O-])c(Cl)nc2ccccc12,C(CCOCCOCCCNS(=O)(=O)c1cccc2c(N(C)C)cccc12)Nc1c([N+](=O)[O-])c(Cl)nc2ccccc12
CNc1nc2c(Cl)nc3ccccc3c2n1C.N,CNc1nc2c(N)nc3ccccc3c2n1C
CN(C)CC(=O)N1CCC(Oc2ccc3ncnc(Cl)c3c2)CC1.Nc1ccc(O)cc1,CN(C)CC(=O)N1CCC(Oc2ccc3ncnc(Nc4ccc(O)cc4)c3c2)CC1
Cc1c(C(=O)OCC)oc2cccc(CBr)c12,Cc1c(C(=O)OCC)oc2cccc(C)c12
Cc1ccc(Sc2ccccc2CCC(=O)O)cc1.NCCCCO,Cc1ccc(Sc2ccccc2CCC(=O)NCCCCO)cc1
Cc1cccc2scc(Cn3c(=O)n(CC(C)(C)C(=O)OC)c4ccccc43)c12,Cc1cccc2scc(Cn3c(=O)n(CC(C)(C)C(=O)O)c4ccccc43)c12
C[Si](C)(C)C#C.c1(I)ccc(C=O)cc1,C[Si](C)(C)C#Cc1ccc(C=O)cc1
c1(C(N)C(=O)Nc2ccc(C(=O)OCc3ccccc3)cc2)ccc2c(c1)C(C)(C)CCC2(C)C,c1(C(N)C(=O)Nc2ccc(C(=O)O)cc2)ccc2c(c1)C(C)(C)CCC2(C)C
C1(O)CCCC1.c1(O)ccc(N=c2n(C)c3cc(Cl)c(Cl)cc3n2Cc2ccc(C(=O)OC)cc2)cc1,C1(Oc2ccc(N=c3n(C)c4cc(Cl)c(Cl)cc4n3Cc3ccc(C(=O)OC)cc3)cc2)CCCC1
C(F)(F)(F)C(C)(C)c1c(F)cc(OC)cc1F,C(F)(F)(F)C(C)(C)c1c(F)cc(O)cc1F
CCOC(=O)CCCC/C(=N\OCc1ccc(O)cc1)c1ccccc1.C(Cl)c1nc(-c2ccccc2)no1,CCOC(=O)CCCC/C(=N\OCc1ccc(OCc2nc(-c3ccccc3)no2)cc1)c1ccccc1
C(#N)c1ccc(N2C(=O)C(C)(C)C(=O)C2CC)c(C)c1Cl,C(#N)c1ccc(N2C(=O)C(C)(C)[C@@H](O)[C@H]2CC)c(C)c1Cl
CCNc1ccc(C)cc1N.C(=O)(O)CCl,CCn1c(CCl)nc2cc(C)ccc21
N(C(=O)N1CCOCC1)C(CS(=O)(=O)Cc1ccccc1)C(=O)O.NC1C(=O)NC1OC(C)=O,N(C(=O)N1CCOCC1)C(CS(=O)(=O)Cc1ccccc1)C(=O)NC1C(=O)NC1OC(C)=O
CCI.N(C(=O)CCCC1CCN(C(=O)OC(C)(C)C)CC1)c1ccc(Cl)c(Cl)c1,CCN(C(=O)CCCC1CCN(C(=O)OC(C)(C)C)CC1)c1ccc(Cl)c(Cl)c1
N#Cc1cc(-c2ncnc(Nc3cccc(Cl)c3)n2)ccn1,NCc1cc(-c2ncnc(Nc3cccc(Cl)c3)n2)ccn1
C1CCCN1c1nc(C=O)n(CC)n1.C(c1nc2c(C)ncc(C)n2n1)[P+](c1ccccc1)(c1ccccc1)c1ccccc1,C1CCCN1c1nc(C=Cc2nc3c(C)ncc(C)n3n2)n(CC)n1
CC(C)(C)CN.C(=O)(OC)c1cccc(-c2nn(C3CCCCO3)c3ccc(-c4ncn(C(c5ccccc5)(c5ccccc5)c5ccccc5)n4)cc23)c1,CC(C)(C)CNC(=O)c1cccc(-c2nn(C3CCCCO3)c3ccc(-c4ncn(C(c5ccccc5)(c5ccccc5)c5ccccc5)n4)cc23)c1
O=Cc1cccnc1Cl.Oc1ccc2c(nnn2CC2CC2)c1C(F)(F)F,O=Cc1cccnc1Oc1ccc2c(nnn2CC2CC2)c1C(F)(F)F
Cc1cc2[nH]c(C)nc(Cl)c-2n1.N1CCOCC1,Cc1cc2[nH]c(C)nc(N3CCOCC3)c-2n1
O=S(=O)(Cl)c1ccc(Nc2nccc(Nc3ccc(F)cc3)n2)cc1.NC1CCN(CCS(C)(=O)=O)CC1,O=S(=O)(NC1CCN(CCS(C)(=O)=O)CC1)c1ccc(Nc2nccc(Nc3ccc(F)cc3)n2)cc1
c1ccc(COC(=O)CN2C(=O)c3ccc(N)cc3C2=O)cc1.S(C)(=O)(=O)Cl,c1ccc(COC(=O)CN2C(=O)c3ccc(NS(C)(=O)=O)cc3C2=O)cc1
c1ccc(CNC(=O)OC(C)(C)C)cc1C=CC(=O)OC,c1ccc(CNC(=O)OC(C)(C)C)cc1C=CC(=O)O
C12(CCC(CO)CC1)OCCO2.S(C)(=O)(=O)Cl,C12(CCC(COS(C)(=O)=O)CC1)OCCO2
c1(-c2ccc(Cl)cc2Cl)c(CC)oc2cc(C)nn12.C=O.N(CCC)CCC,c1(-c2ccc(Cl)cc2Cl)c(CC)oc2c(CN(CCC)CCC)c(C)nn12
O=C(OCC)C(c1c2ccccc2nn1-c1ccc(Cl)cc1)C1CCCCC1,O=C(O)C(c1c2ccccc2nn1-c1ccc(Cl)cc1)C1CCCCC1
NC(=O)c1cc2[nH]c(-c3ccc(OCc4ccccc4)cc3)c(C3CCCCC3)c(=O)n2n1,N#Cc1cc2[nH]c(-c3ccc(OCc4ccccc4)cc3)c(C3CCCCC3)c(=O)n2n1
C1CC1S(=O)(=O)C(C)(C)c1cc(N2CCOC[C@@H]2C)nc(Cl)n1.c1(B(O)O)ccc(NC(=O)NC2CC2)cc1,C1CC1S(=O)(=O)C(C)(C)c1cc(N2CCOC[C@@H]2C)nc(-c2ccc(NC(=O)NC3CC3)cc2)n1
C(N1CCN(c2cc(OC)cc3c(=O)cc(C(=O)OCC)oc23)CC1)C(F)(F)F,C(N1CCN(c2cc(OC)cc3c(=O)cc(C(=O)O)oc23)CC1)C(F)(F)F
C[C@@H](c1ccc(B2OC(C)(C)C(C)(C)O2)cc1)N1CC[C@](CC(C)(C)O)(c2ccccc2)OC1=O.c1(Br)nc(C(=O)NC(C)(C)C)cs1,C[C@@H](c1ccc(-c2nc(C(=O)NC(C)(C)C)cs2)cc1)N1CC[C@](CC(C)(C)O)(c2ccccc2)OC1=O
COc1cc(C#N)ccc1B(O)O.c1(Cl)nccc2cc(S(=O)(=O)Oc3c(F)c(F)c(F)c(F)c3F)ccc12,COc1cc(C#N)ccc1-c1nccc2cc(S(=O)(=O)Oc3c(F)c(F)c(F)c(F)c3F)ccc12
n1nc2ccc3[nH]c(C)cc3n2c1C.C(Br)c1ccccn1,n1nc2ccc3c(cc(C)n3Cc3ccccn3)n2c1C
CS(=O)(=O)N1CCN(C(=O)OC(C)(C)C)[C@@H](C(=O)O)C1,CS(=O)(=O)N1CCN[C@@H](C(=O)O)C1
O=C(Cl)CC(C)(C)C.N(C)Cc1cc(-c2ncco2)ccc1-c1ccccc1S(=O)(=O)Nc1noc(C)c1C,O=C(CC(C)(C)C)N(C)Cc1cc(-c2ncco2)ccc1-c1ccccc1S(=O)(=O)Nc1noc(C)c1C
c1(C)cc(C(C)=O)c(O)cc1Br.C(Br)c1ccccc1,c1(C)cc(C(C)=O)c(OCc2ccccc2)cc1Br
c1cc(Br)ccc1CCC(=O)OCC,c1cc(Br)ccc1CCCO
CN(CCc1ccccc1)c1ncc(C(=O)OCC)s1,CN(CCc1ccccc1)c1ncc(C(=O)O)s1
NS(=O)(=O)C1CC1.C(=O)(O)[C@@]12C[C@H]1C=CCCCCC[C@H](NC(=O)OC(C)(C)C)C(=O)N1C[C@](OC)(c3ccc(-c4ccccc4)cc3)C[C@H]1C(=O)N2,N(C(=O)[C@@]12C[C@H]1C=CCCCCC[C@H](NC(=O)OC(C)(C)C)C(=O)N1C[C@](OC)(c3ccc(-c4ccccc4)cc3)C[C@H]1C(=O)N2)S(=O)(=O)C1CC1
c1cc(NS(=O)(=O)c2ccc(C(C)(C)C)cc2)cc2c(-c3cccnc3)c(C(=O)O)[nH]c12.NC1CCOCC1,c1cc(NS(=O)(=O)c2ccc(C(C)(C)C)cc2)cc2c(-c3cccnc3)c(C(=O)NC3CCOCC3)[nH]c12
c1c(OC)ccc2sc(B(O)O)cc12.c1(I)cccc(C(=O)OCC)c1,c1c(OC)ccc2sc(-c3cccc(C(=O)OCC)c3)cc12
c1([N+](=O)[O-])cccc2nn(CCC#C)nc12.c1(Br)ccccn1,c1([N+](=O)[O-])cccc2nn(CCC#Cc3ccccn3)nc12
COc1cc(N)c(CCCCC(=O)OCC)cc1OC,COc1cc(N)c(CCCCC(=O)O)cc1OC
C(=O)(OC)c1ccc(Br)cc1.C1([Mg+])CC1,C(=O)(OC)c1ccc(C2CC2)cc1
O=C(O)C1C=CCn2c(=O)n(CCC(=O)OC)c(=O)n21,O=C(O)C1C=CCn2c(=O)n(CCC(=O)O)c(=O)n21
c1nc(Cl)c(C#N)cc1F.c1(B(O)O)ccc(F)cc1,c1nc(-c2ccc(F)cc2)c(C#N)cc1F
C1CN(Cc2c(O)ccc3c2O/C(=C\c2c[nH]c4cc(C(=O)OC)ccc24)C3=O)CCN1C(=O)OC(C)(C)C,C1CN(Cc2c(O)ccc3c2O/C(=C\c2c[nH]c4cc(C(=O)OC)ccc24)C3=O)CCN1
C1C[C@@H](NC(=O)[C@@H]2CN3CC(F)(F)C[C@@H]3CN2C(=O)[C@@H](NC(=O)[C@H](C)N(C)C(=O)OC(C)(C)C)C2CCCCC2)c2ccccc2O1,C1C[C@@H](NC(=O)[C@@H]2CN3CC(F)(F)C[C@@H]3CN2C(=O)[C@@H](NC(=O)[C@H](C)NC)C2CCCCC2)c2ccccc2O1
O=S(=O)(NC(C)C)c1cccc(C)c1[N+](=O)[O-],O=S(=O)(NC(C)C)c1cccc(C)c1N
C(F)(F)(F)S(=O)(=O)Nc1cc(S(=O)(=O)Cl)c(C)cc1C.NCC#C,C(F)(F)(F)S(=O)(=O)Nc1cc(S(=O)(=O)NCC#C)c(C)cc1C
c1c(N)cccc1F.C(=O)(OCC)C(=O)Nc1ccc(Oc2ccnc3ccsc23)c(F)c1,c1c(F)cccc1NC(=O)C(=O)Nc1ccc(Oc2ccnc3ccsc23)c(F)c1
c1cc2nc(C)n(Cc3ccc(N)cc3Cl)c2nc1C(=O)OC.C(C)(=O)O,c1cc2nc(C)n(Cc3ccc(NC(C)=O)cc3Cl)c2nc1C(=O)OC
n1(CC(=O)OC(C)(C)C)c(Br)c(C2CCCCC2)c2ccc(C(=O)OC)cc21,n1(CC(=O)O)c(Br)c(C2CCCCC2)c2ccc(C(=O)OC)cc21
c1(C=O)ccc(F)c(C#N)c1.Oc1cc(F)cc(F)c1,c1(C=O)ccc(Oc2cc(F)cc(F)c2)c(C#N)c1
c12ccc(OC)cc1C(=O)c1ccc(Nc3ccccc3)cc1CC2,c12ccc(O)cc1C(=O)c1ccc(Nc3ccccc3)cc1CC2
COC(=O)[C@H](Cc1ccc(OS(=O)(=O)C(F)(F)F)c2ccccc12)NC(=O)OC(C)(C)C.C#CCCNC(=O)OCc1ccccc1,COC(=O)[C@H](Cc1ccc(C#CCCNC(=O)OCc2ccccc2)c2ccccc12)NC(=O)OC(C)(C)C
COc1cc(N)c(Cl)cc1C(=O)NC[C@H]1CCNC[C@H]1OC.C(Br)CCCCC(=O)c1ccccc1,COc1cc(N)c(Cl)cc1C(=O)NC[C@H]1CCN(CCCCCC(=O)c2ccccc2)C[C@H]1OC
o1c(C)ccc1CNc1ccc2c(NC)cccc2n1.S(=O)(=O)(Cl)c1ccc(F)cc1,o1c(C)ccc1CNc1ccc2c(N(C)S(=O)(=O)c3ccc(F)cc3)cccc2n1
C(=N)(N)c1ccc(F)c(Cl)c1.S(=O)(=O)(Cl)c1ccc(F)c(Cl)c1,C(=N)(NS(=O)(=O)c1ccc(F)c(Cl)c1)c1ccc(F)c(Cl)c1
c1c(F)c(F)cc2cc3c(=O)c(C(=O)O)cn(C4CC4)c3nc12.N1CCN(C)CC1,c1c(N2CCN(C)CC2)c(F)cc2cc3c(=O)c(C(=O)O)cn(C4CC4)c3nc12
CI.N1C(=O)[C@@H](NC(=O)OC(C)(C)C)CCc2ccccc21,CN1C(=O)[C@@H](NC(=O)OC(C)(C)C)CCc2ccccc21
O=C(O)c1ccc(-c2cc(CC)c(=O)[nH]c2C)s1.N1CCN(Cc2ccccc2)CC1,O=C(c1ccc(-c2cc(CC)c(=O)[nH]c2C)s1)N1CCN(Cc2ccccc2)CC1
c1(C(C)C(O)(c2ccc3oc(=O)n(C)c3c2)C(F)(F)F)ccc(O)cc1Cl.c1(Cl)cc(Cl)c(C(=O)OC)cn1,c1(C(C)C(O)(c2ccc3oc(=O)n(C)c3c2)C(F)(F)F)ccc(Oc2cc(Cl)c(C(=O)OC)cn2)cc1Cl
n1nn(-c2ccc(C(=O)NCCc3ccccc3)cc2)c(CCC)c1C(=O)O.NC1CC1,n1nn(-c2ccc(C(=O)NCCc3ccccc3)cc2)c(CCC)c1C(=O)NC1CC1
C1CCCCC1N.c1(Cl)ccc(C(=O)OC)cc1[N+](=O)[O-],C1CCCCC1Nc1ccc(C(=O)OC)cc1[N+](=O)[O-]
c1(O)ccc(Cl)c(C(F)(F)F)c1.c1(F)cc(F)c(C=O)cc1C,c1(Oc2cc(F)c(C=O)cc2C)ccc(Cl)c(C(F)(F)F)c1
CCOC(=O)CNc1cc(-c2noc(-c3sccc3Cl)n2)ccc1Cl.C=O,CCOC(=O)CN(C)c1cc(-c2noc(-c3sccc3Cl)n2)ccc1Cl
c1cn2c(SC(C)(C)C)nc(Br)c2c(N)n1.c1(B2OC(C)(C)C(C)(C)O2)ccc2ccc(-c3ccccc3)nc2c1F,c1cn2c(SC(C)(C)C)nc(-c3ccc4ccc(-c5ccccc5)nc4c3F)c2c(N)n1
Clc1cc(C)c(C)c(N)c1OC.C(C)(=O)OC(C)=O,Clc1cc(C)c(C)c(NC(C)=O)c1OC
c1cccc(-n2nnnc2Cl)c1.Oc1cccc2c1[C@]13CCN(C)[C@H](C2)[C@@H]1CCC(=O)C3,c1cccc(-n2nnnc2Oc2cccc3c2[C@]24CCN(C)[C@H](C3)[C@@H]2CCC(=O)C4)c1
c1cc2oc3cc(-c4noc(C(C)(C)C)n4)ccc3c2cc1S(=O)(=O)Cl.NCC(=O)OC,c1cc2oc3cc(-c4noc(C(C)(C)C)n4)ccc3c2cc1S(=O)(=O)NCC(=O)OC
CC(C)(C)OC[C@@]1(COS(=O)(=O)c2ccc(C)cc2)O[C@](n2cc(C)c(=O)[nH]c2=O)([SiH](c2ccccc2)c2ccccc2)[C@H](OC(C)=O)[C@@H]1OCc1ccccc1,CC(C)(C)OC[C@@]1(COS(=O)(=O)c2ccc(C)cc2)O[C@](n2cc(C)c(=O)[nH]c2=O)([SiH](c2ccccc2)c2ccccc2)[C@H](O)[C@@H]1OCc1ccccc1
C[C@H](CCN)N1CCC(N(Cc2cnccc2C)c2ccc(OCCOC)cc2)CC1.C(=O)(O)c1c(C)ccnc1Cl,C[C@H](CCNC(=O)c1c(C)ccnc1Cl)N1CCC(N(Cc2cnccc2C)c2ccc(OCCOC)cc2)CC1
C1CN(c2cc(N(C)C(C)=O)ccn2)CCN1C(C)C,C1CN(c2cc(NC)ccn2)CCN1C(C)C
O.C1=C(c2ccc(Cl)cc2)C(CCC)CN(C)C1,OC1CN(C)CC(CCC)C1c1ccc(Cl)cc1
O=C(c1ccc(Br)cc1)N1CCC[C@H]1CN1CCCC1.c1(B(O)O)ccc2c(c1)OCO2,O=C(c1ccc(-c2ccc3c(c2)OCO3)cc1)N1CCC[C@H]1CN1CCCC1
C(\C)=C/C(=O)O.O[C@@H]1CC[C@@H](c2ccc(CN(C)C)cc2)CC1,C(C)=CC(=O)O[C@@H]1CC[C@@H](c2ccc(CN(C)C)cc2)CC1
c1ccc(CN2CC(COc3ccccc3Cc3cccs3)OCC2=O)cc1,c1ccc(CN2CCOC(COc3ccccc3Cc3cccs3)C2)cc1
c1(F)cc(F)ccc1C(Cl)c1c(-c2c(F)cccc2F)c(C)nn1C.N,c1(F)cc(F)ccc1C(N)c1c(-c2c(F)cccc2F)c(C)nn1C
s1c(CC2CCCN(C(=O)OC(C)(C)C)C2)nc2ccccc12,s1c(CC2CCCNC2)nc2ccccc12
c12ccccc1CCc1[nH]c(=O)c(Cl)cc1-2.NC,c12ccccc1CCc1[nH]c(=O)c(NC)cc1-2
c1cc(C(=O)O)ccc1-c1ccsc1,c1cc(CO)ccc1-c1ccsc1
C(C(=O)C[C@H](O)/C=C/n1c(C(C)C)nc(-c2ccc(F)cc2)c1-c1ccc(F)cc1)C(=O)OC(C)(C)C,C(C(=O)OC(C)(C)C)[C@H](O)C[C@H](O)/C=C/n1c(C(C)C)nc(-c2ccc(F)cc2)c1-c1ccc(F)cc1
CC1OC(C)(C)OC1C(=O)OC,CC1OC(C)(C)OC1C(=O)O
CNS(=O)(=O)c1nn2c(-c3ccc(Cl)cc3)c(-c3ccccc3Cl)cnc2c1C(=O)OCC,CNS(=O)(=O)c1nn2c(-c3ccc(Cl)cc3)c(-c3ccccc3Cl)cnc2c1C(=O)O
COC(=O)c1cccc(CC2(CN(C(=O)C(F)(F)F)[C@@H]3C[C@H]3c3ccccc3)CCN(C(=O)OC(C)(C)C)CC2)c1,COC(=O)c1cccc(CC2(CN(C(=O)C(F)(F)F)[C@@H]3C[C@H]3c3ccccc3)CCNCC2)c1
c12cn(Cc3ccc(-n4cccn4)cc3)nc1n(Cc1ccc(OC)cc1)c(=O)n(C)c2=O,c12cn(Cc3ccc(-n4cccn4)cc3)nc1[nH]c(=O)n(C)c2=O
c12ccccc1C=COC21CCC(CO)CC1.S(C)(=O)(=O)Cl,c12ccccc1C=COC21CCC(COS(C)(=O)=O)CC1
CCc1ccc(Cl)cc1-c1cc(Cl)nc(N)n1.Nc1ccc(CCO)cc1,CCc1ccc(Cl)cc1-c1cc(Nc2ccc(CCO)cc2)nc(N)n1
c1(-c2nc(C(=O)O)ccc2F)c(F)cccc1F.Nc1cnc2c(c1N1C[C@H](C)[C@@H](O[Si](C)(C)C(C)(C)C)[C@H](NC(=O)OC(C)(C)C)C1)CCO2,c1(-c2nc(C(=O)Nc3cnc4c(c3N3C[C@H](C)[C@@H](O[Si](C)(C)C(C)(C)C)[C@H](NC(=O)OC(C)(C)C)C3)CCO4)ccc2F)c(F)cccc1F
Cn1cc(-n2ccc(=O)c(C(=O)c3ccc4ncccc4c3)n2)cn1,Cn1cc(-n2ccc(=O)c(C(O)c3ccc4ncccc4c3)n2)cn1
c1cc(N)ccc1-c1ccc2c(c1)C(=O)N([C@H](C(=O)OC)C(C)C)C2.C(=O)=Nc1c(F)cccc1F,c1cc(NC(=O)Nc2c(F)cccc2F)ccc1-c1ccc2c(c1)C(=O)N([C@H](C(=O)OC)C(C)C)C2
COC(=O)[C@H](O)Cc1ccccc1.Oc1c(Br)cc(-c2c3ccccc3c(Br)c3sc4ccccc4c23)cc1Br,COC(=O)[C@H](Cc1ccccc1)Oc1c(Br)cc(-c2c3ccccc3c(Br)c3sc4ccccc4c23)cc1Br
C1C[C@H]2[C@@H](CC=C3C[C@@H](OC(C)=O)CC[C@@]32C)[C@@H]2C[C@@H](O)[C@H](NC)[C@@]12C,C1C[C@H]2[C@@H](CC=C3C[C@@H](O)CC[C@@]32C)[C@@H]2C[C@@H](O)[C@H](NC)[C@@]12C
O(CC)C(=O)CCc1cccc(-c2noc(-c3cnc(OC(C)C)c(Cl)c3)n2)c1Cl,OC(=O)CCc1cccc(-c2noc(-c3cnc(OC(C)C)c(Cl)c3)n2)c1Cl
C(=O)C=Cc1ccc(C(=O)OC)cc1,C(=O)C=Cc1ccc(C(=O)O)cc1
CC(C)(C)[C@@H]1CN(C(=O)OC(C)(C)C)[C@](O[SiH](C)C)(C(=O)OC)C1,CC(C)(C)[C@@H]1CN(C(=O)OC(C)(C)C)[C@](CO)(O[SiH](C)C)C1
c1(-c2ccc(C(F)(F)F)cc2OC)nc(Cl)cc2cc(S(=O)(=O)Nc3nccs3)ccc12.NC,c1(-c2ccc(C(F)(F)F)cc2OC)nc(NC)cc2cc(S(=O)(=O)Nc3nccs3)ccc12
Cc1cc(N2CCOCC2)cc(OC)c1C(=O)OCC,Cc1cc(N2CCOCC2)cc(O)c1C(=O)OCC
FC(F)(F)c1ccc(-c2ccc(C=Cc3ccc(OCC(=O)O)c(C)c3)cc2)cc1,FC(F)(F)c1ccc(-c2ccc(CCc3ccc(OCC(=O)O)c(C)c3)cc2)cc1
O=C(OCC)c1cccc(-c2cccc3cc(CO)sc23)c1,O=C(O)c1cccc(-c2cccc3cc(CO)sc23)c1
O(C(=O)N1CCN2CCC1CC2)c1ccc(B2OC(C)(C)C(C)(C)O2)cc1.c1(Br)ccccc1,O(C(=O)N1CCN2CCC1CC2)c1ccc(-c2ccccc2)cc1
CNc1cn(-c2cccnc2)nc1Cl.C(=O)(O)CCSC(c1ccccc1)(c1ccccc1)c1ccccc1,CN(C(=O)CCSC(c1ccccc1)(c1ccccc1)c1ccccc1)c1cn(-c2cccnc2)nc1Cl
c1ccccc1[C@@H]1CN(C)CCc2cc(Cl)c(O)cc21.C(=O)(Cl)N(C)C,c1ccccc1[C@@H]1CN(C)CCc2cc(Cl)c(OC(=O)N(C)C)cc21
Nc1cc(C)no1.S(=O)(=O)(Cl)c1ccc(Br)s1,N(c1cc(C)no1)S(=O)(=O)c1ccc(Br)s1
Oc1cccc(O)c1.C(Br)c1ccccc1,Oc1cccc(OCc2ccccc2)c1
C1(c2n[nH]c3ccccc23)CCNCC1.C(Cl)CCOc1ccc(C(C)=O)cc1OC,C1(c2n[nH]c3ccccc23)CCN(CCCOc2ccc(C(C)=O)cc2OC)CC1
C(Br)C#N.Oc1ccc2cc(C(C)CNS(=O)(=O)C(C)C)ccc2c1,C(C#N)Oc1ccc2cc(C(C)CNS(=O)(=O)C(C)C)ccc2c1
O=C(c1ccc(O)cc1)C1CCNCC1.C(Br)Cc1c[nH]c2ccccc12,O=C(c1ccc(O)cc1)C1CCN(CCc2c[nH]c3ccccc23)CC1
FC(F)(F)Oc1ccc(C=NN)cc1.c1(Cl)nc(Cl)nc(Nc2ccc(F)c(C(F)(F)F)c2)n1,FC(F)(F)Oc1ccc(C=NNc2nc(Cl)nc(Nc3ccc(F)c(C(F)(F)F)c3)n2)cc1
CCCCCC(=O)CP(=O)(OC)OC.C(=O)[C@H]1CCCC(=O)N1CCCCCCC(=O)OC,CCCCCC(=O)/C=C/[C@H]1CCCC(=O)N1CCCCCCC(=O)OC
n1(CC(Oc2ccc(CCc3ccc(F)cc3)c(C(=O)O)c2)c2nccs2)cnc(C)c1.N[C@@H](CCSC)C(=O)OC,n1(CC(Oc2ccc(CCc3ccc(F)cc3)c(C(=O)N[C@@H](CCSC)C(=O)OC)c2)c2nccs2)cnc(C)c1
COc1ccc(C2CC(C(F)(F)F)n3nc(-c4cccc(C(=O)O)c4)cc3N2)cc1OC.N1CCN(C(=O)OC(C)(C)C)CC1,COc1ccc(C2CC(C(F)(F)F)n3nc(-c4cccc(C(=O)N5CCN(C(=O)OC(C)(C)C)CC5)c4)cc3N2)cc1OC
c1cc(CN(C(=O)OC(C)(C)C)c2ccc(F)cc2)cnc1N(CC)CC,c1cc(CNc2ccc(F)cc2)cnc1N(CC)CC
C(C)(C)CNNC(=O)[C@H](CC(C)C)[C@H](C/C=C/c1ccccc1)C(=O)OC(C)(C)C.C(=O)(OC(=O)C(F)(F)F)C(F)(F)F,C(C)(C)CN(NC(=O)[C@H](CC(C)C)[C@H](C/C=C/c1ccccc1)C(=O)OC(C)(C)C)C(=O)C(F)(F)F
CC(C)(C)OC(=O)NC1C=C([Sn](CCCC)(CCCC)CCCC)CC1.CI,CC(C)(C)OC(=O)N(C)C1C=C([Sn](CCCC)(CCCC)CCCC)CC1
NC(CC(=O)OC)Cc1cc(F)c(F)cc1F,NC(CC(=O)O)Cc1cc(F)c(F)cc1F
CCCCCS(N)(=O)=O.C(=O)(O)CCc1cc(C(C)C)nn1Cc1ccc(C(F)(F)F)cc1Cl,CCCCCS(=O)(=O)NC(=O)CCc1cc(C(C)C)nn1Cc1ccc(C(F)(F)F)cc1Cl
CC(C)(C)OC(=O)N[C@@H](C)C(=O)O,CC(C)(C)OC(=O)N[C@@H](C)C=O
c1cc2c(cc1N)C(C)(C)CCC(=O)N2.c1(Cl)ncc(Cl)c(Nc2c(F)cccc2C(=O)NC)n1,c1cc2c(cc1Nc1ncc(Cl)c(Nc3c(F)cccc3C(=O)NC)n1)C(C)(C)CCC(=O)N2
C12(CNC(=O)c3cc(CCNC(=O)OC(C)(C)C)ccc3Cl)CC3CC(CC(C3)C1)C2,C12(CNC(=O)c3cc(CCN)ccc3Cl)CC3CC(CC(C3)C1)C2
N1(CC#N)C2CCC1CC(Oc1ccc(Cl)c(Cl)c1)C2.[N-]=[N+]=[N-],N1(Cc2nnn[nH]2)C2CCC1CC(Oc1ccc(Cl)c(Cl)c1)C2
c1nc(N)n(-c2cc(Cl)ncn2)n1.NC,c1nc(N)n(-c2cc(NC)ncn2)n1
O=C1CCCc2c(Oc3ccc(-c4c5cccc(C(F)(F)F)c5nn4Cc4ccc(Cl)cc4F)cc3)cccc21,OC1CCCc2c(Oc3ccc(-c4c5cccc(C(F)(F)F)c5nn4Cc4ccc(Cl)cc4F)cc3)cccc21
Nc1cncc(C#Cc2cnc(N)nc2)c1.C(=O)(O)c1cccc(C(C)C#N)c1,N(C(=O)c1cccc(C(C)C#N)c1)c1cncc(C#Cc2cnc(N)nc2)c1
Nc1cccc(N)c1.c1(Cl)ncc(F)c(Nc2ccc3c(c2)OCCO3)n1,Nc1cccc(Nc2ncc(F)c(Nc3ccc4c(c3)OCCO4)n2)c1
C1CC(=O)c2cc(F)c(C#N)cc2O1.C(OC)[P+](c1ccccc1)(c1ccccc1)c1ccccc1,C1C/C(=C\OC)c2cc(F)c(C#N)cc2O1
C(CC)c1c(OCCCBr)ccc(C(C)=O)c1O.SCCO,C(CC)c1c(OCCCSCCO)ccc(C(C)=O)c1O
c1(C=CC(=O)Cl)ccco1.N1CCNCC1,c1(C=CC(=O)N2CCNCC2)ccco1
Cc1cc(C)c(CN)c(O)n1.C(=O)(O)c1ccc(CNc2ccccc2)cc1,Cc1cc(C)c(CNC(=O)c2ccc(CNc3ccccc3)cc2)c(O)n1
c12[nH]n(-c3ccccc3Cl)c(=O)c1[C@@H]1CC[C@@]2(C)C1(C)C.C(C)I,c12c(c(=O)n(-c3ccccc3Cl)n1CC)[C@@H]1CC[C@@]2(C)C1(C)C
N1(C(=O)OC(C)(C)C)CCC(OS(C)(=O)=O)CC1.Oc1cc(F)ccc1Br,N1(C(=O)OC(C)(C)C)CCC(Oc2cc(F)ccc2Br)CC1
c1cc(F)cc(F)c1CCCO.S(C)(=O)(=O)Cl,c1cc(F)cc(F)c1CCCOS(C)(=O)=O
CC(C)(C)OC(=O)N1CCC(=CCBr)CC1.N1C(=O)c2ccccc2C1=O,CC(C)(C)OC(=O)N1CCC(=CCN2C(=O)c3ccccc3C2=O)CC1
c1ccc2[nH]c(N3CCC(=C(c4ccccc4)c4ccccc4)CC3)nc2c1,c1ccc2nc(N3CCC(C(c4ccccc4)c4ccccc4)CC3)[nH]c2c1
FC(F)(F)C(=O)N1CCC(CO[Si](C)(C)C(C)(C)C)C1,FC(F)(F)C(=O)N1CCC(CO)C1
c1(Br)cc(S(=O)(=O)Nc2ccc(C(=O)OC)c(O)c2)cnc1Cl.c1(B(O)O)cccc(F)c1,c1(-c2cccc(F)c2)cc(S(=O)(=O)Nc2ccc(C(=O)OC)c(O)c2)cnc1Cl
c1cc(Br)cc2c1nc(CO)n2CCC(C)C.[C-]#N,c1cc(C#N)cc2c1nc(CO)n2CCC(C)C
C(Br)C(=O)OCC.[nH]1c(C)c(Sc2ccccc2)c2c1CC(C)(C)CC2=O,C(C(=O)OCC)n1c(C)c(Sc2ccccc2)c2c1CC(C)(C)CC2=O
c1(-c2ccc(F)cc2)c(C(C)C)c(C(=O)Nc2ccccc2)n(CC)c1C=CC(=O)C[C@@H](O)CC(=O)OC,c1(-c2ccc(F)cc2)c(C(C)C)c(C(=O)Nc2ccccc2)n(CC)c1C=C[C@@H](O)C[C@@H](O)CC(=O)OC
c1cc(F)ccc1C(=O)OCC.N1CCN(C(=O)OCC)CC1,c1cc(N2CCN(C(=O)OCC)CC2)ccc1C(=O)OCC
c1ccc(NC(=O)OC(C)(C)C)c(NC(=O)c2ccc(-c3ccoc3)nc2)c1,c1ccc(N)c(NC(=O)c2ccc(-c3ccoc3)nc2)c1
CC(C)(C)OC(=O)N1CCC(CN2CCN(S(=O)(=O)c3ccc(CO)cc3)CC2=O)CC1,CC(C)(C)OC(=O)N1CCC(CN2CCN(S(=O)(=O)c3ccc(C=O)cc3)CC2=O)CC1
N1(C2CCN(C(=O)NC(Cc3cnc(OC)nc3)C(=O)OC)CC2)Cc2ccccc2NC1=O.N1CCC(N2CCCCC2)CC1,N1(C2CCN(C(=O)NC(Cc3cnc(OC)nc3)C(=O)N3CCC(N4CCCCC4)CC3)CC2)Cc2ccccc2NC1=O
C(C)(C)(C)OC(=O)CCNCC(=O)OCc1ccccc1.C(=O)(OC(=O)OC(C)(C)C)OC(C)(C)C,C(C)(C)(C)OC(=O)CCN(CC(=O)OCc1ccccc1)C(=O)OC(C)(C)C
c1(C(=O)Cl)cccs1.Nc1ccc(C)c(-c2ccc(C(=O)OCC)cc2)c1,c1(C(=O)Nc2ccc(C)c(-c3ccc(C(=O)OCC)cc3)c2)cccs1
Clc1ccc(NC)cc1.C(=O)(O)CCC(NC(=O)OCc1ccccc1)C(=O)Nc1ccc(Cl)cc1C(=O)OC,Clc1ccc(N(C)C(=O)CCC(NC(=O)OCc2ccccc2)C(=O)Nc2ccc(Cl)cc2C(=O)OC)cc1
c1ccc(COC(=O)CCCCC(=O)N2C[C@H](CO)[C@@H](c3cccc(C(F)(F)F)c3)C2)cc1,c1ccc(COC(=O)CCCCC(=O)N2C[C@H](C=O)[C@@H](c3cccc(C(F)(F)F)c3)C2)cc1
Cc1nc2c([N+](=O)[O-])cc(S(=O)(=O)N(C)C)cc2[nH]1.CI,Cc1nc2c([N+](=O)[O-])cc(S(=O)(=O)N(C)C)cc2n1C
CCCCc1nn(-c2ccc(C(F)(F)F)cn2)cc1C=O.C(C(=O)OCC)P(=O)(OCC)OCC,CCCCc1nn(-c2ccc(C(F)(F)F)cn2)cc1/C=C/C(=O)OCC
C(CC)N(CCC)C1CCc2cccc(CN)c2C1.C(=O)O,C(CC)N(CCC)C1CCc2cccc(CNC=O)c2C1
c1(Nc2c(F)c(F)c3ccoc3c2[N+](=O)[O-])ccc(I)cc1F,c1(Nc2c(F)c(F)c3ccoc3c2N)ccc(I)cc1F
Clc1c(Cl)cccc1S(=O)(=O)Nc1ncc(Cl)nc1Cl.OCC#C,Clc1c(Cl)cccc1S(=O)(=O)Nc1ncc(Cl)nc1OCC#C
Nc1cc(OC)cc(C(=O)O)c1.c1(Cl)nccc(Oc2ccc(NC(=O)Nc3cc([Si](C)(C)C)nn3-c3ccc(C)cc3)c3ccccc23)n1,N(c1cc(OC)cc(C(=O)O)c1)c1nccc(Oc2ccc(NC(=O)Nc3cc([Si](C)(C)C)nn3-c3ccc(C)cc3)c3ccccc23)n1
C(CC)c1ccnc(NC(=O)c2ccc(-c3nc([C@@H]4CCCCN4)n4ccnc(C)c34)cc2)c1.C(=O)(O)C=C,C(CC)c1ccnc(NC(=O)c2ccc(-c3nc([C@@H]4CCCCN4C(=O)C=C)n4ccnc(C)c34)cc2)c1
c1cc(O)ccc1-c1ccc(Cc2nc(-c3ccc(Cl)cc3Cl)cn2Cc2ccc(C(=O)OC)cc2)cc1.c1(B(O)O)ccc(C(F)(F)F)cc1,c1cc(Oc2ccc(C(F)(F)F)cc2)ccc1-c1ccc(Cc2nc(-c3ccc(Cl)cc3Cl)cn2Cc2ccc(C(=O)OC)cc2)cc1
C1CC1NC(=O)c1nnc2c(Br)cccc2c1N.c1(B(O)O)cc(OC)ccc1OC,C1CC1NC(=O)c1nnc2c(-c3cc(OC)ccc3OC)cccc2c1N
c1(-n2cc(C(=O)O)c(C(F)(F)F)n2)ccccc1.NCCNC(=O)c1ccc(OCC)cc1,c1(-n2cc(C(=O)NCCNC(=O)c3ccc(OCC)cc3)c(C(F)(F)F)n2)ccccc1
c1(C(CC2CCCC2)C(=O)OC)ccc(S(C)(=O)=O)c(C(F)(F)F)c1,c1(C(CC2CCCC2)C(=O)O)ccc(S(C)(=O)=O)c(C(F)(F)F)c1
N([C@H](C)Cc1cccc(CC#N)c1)[C@H](C)c1ccccc1,N([C@H](C)Cc1cccc(CCN)c1)[C@H](C)c1ccccc1
O=S(=O)(c1ccc(OC)c(OC)c1)N1C[C@H](C)NC[C@@H]1C.S(=O)(=O)(Cl)c1ccc(OC)cc1,O=S(=O)(c1ccc(OC)c(OC)c1)N1C[C@H](C)N(S(=O)(=O)c2ccc(OC)cc2)C[C@@H]1C
c1nc(Cl)cc2[nH]c(C(=O)O)cc12.NC1Cc2ccccc2NC1=O,c1nc(Cl)cc2[nH]c(C(=O)NC3Cc4ccccc4NC3=O)cc12
C=CCBr.OCC12CN3C(c4ccccc4)N(C1)C(c1ccccc1)N(C2)C3c1ccccc1,C=CCOCC12CN3C(c4ccccc4)N(C1)C(c1ccccc1)N(C2)C3c1ccccc1
CCCCCCCCCBr.Oc1ccc(C(=O)O)cc1,CCCCCCCCCOc1ccc(C(=O)O)cc1
COc1ccc(CN(c2nc(Cl)nn3c(C#N)cnc23)C2CC2)cc1.Nc1cc(C#N)cc(OC[C@@H]2COCCN2Cc2ccc(OC)cc2OC)c1Cl,COc1ccc(CN(c2nc(Nc3cc(C#N)cc(OC[C@@H]4COCCN4Cc4ccc(OC)cc4OC)c3Cl)nn3c(C#N)cnc23)C2CC2)cc1
N1CCN(C(=O)OC(C)(C)C)CC1.c1(Br)ccc(F)c(C#N)c1,N1(c2ccc(F)c(C#N)c2)CCN(C(=O)OC(C)(C)C)CC1
c1cc(Oc2ccc(NC(=O)[C@H](CCCNC(=O)OCc3ccccc3)NC(=O)Cn3cncn3)cc2)ccc1F,c1cc(Oc2ccc(NC(=O)[C@H](CCCN)NC(=O)Cn3cncn3)cc2)ccc1F
Fc1cccc2oc(CCC#C)nc12.c1(Br)ccccn1,Fc1cccc2oc(CCC#Cc3ccccn3)nc12
c1(C)ccc(C(=O)Nc2ccc(CN3CCN(C)CC3)c(C3CC3)c2)cc1I.C#Cc1cnc2cccnn12,c1(C)ccc(C(=O)Nc2ccc(CN3CCN(C)CC3)c(C3CC3)c2)cc1C#Cc1cnc2cccnn12
C1(c2ccc(C(=O)OCC)cc2)CCC2(CC1)CC2C(=O)OC(C)(C)C,C1(c2ccc(C(=O)O)cc2)CCC2(CC1)CC2C(=O)OC(C)(C)C
N1(Cc2ccccc2)CCC[C@H]1C(=O)O.N1CCN(Cc2ccc(F)cc2)CC1,N1(Cc2ccccc2)CCC[C@H]1C(=O)N1CCN(Cc2ccc(F)cc2)CC1
C(=O)(NN=C(C)C)c1ccc(Cl)cc1.C(=O)=NC,C(=O)(c1ccc(Cl)cc1)N(N=C(C)C)C(=O)NC
C(c1ccc(-c2ccccc2C(=O)OC(C)(C)C)cc1)n1c(CCCC)nc(C(C)=O)c1C#N,C(c1ccc(-c2ccccc2C(=O)OC(C)(C)C)cc1)n1c(CCCC)nc(C(C)O)c1C#N
Cc1cc(CO)cc2c1nc(C)n2Cc1ccc(-c2ccccc2)cc1Cl.c1(Cl)cc(C(=O)O)ccn1,Cc1cc(COc2cc(C(=O)O)ccn2)cc2c1nc(C)n2Cc1ccc(-c2ccccc2)cc1Cl
CN(C)C1CCN(Cc2cc3nc(Cl)nc(N4CCOCC4)c3s2)CC1.[nH]1cnc2ccccc12,CN(C)C1CCN(Cc2cc3nc(-n4cnc5ccccc54)nc(N4CCOCC4)c3s2)CC1
O=c1cc(C)n(-c2cc(NC(C)=O)c(Br)cc2F)c2nc(Cl)ccc12.c1(B(O)O)c(C)noc1C,O=c1cc(C)n(-c2cc(NC(C)=O)c(Br)cc2F)c2nc(-c3c(C)noc3C)ccc12
c1c(Cl)ccc(-c2cc3nccn3c(NCCN)n2)c1Cl.c1(Cl)ccc(C(C)=O)c(NC(=O)OC(C)(C)C)n1,c1c(Cl)ccc(-c2cc3nccn3c(NCCNc3ccc(C(C)=O)c(NC(=O)OC(C)(C)C)n3)n2)c1Cl
c1cc(C(=O)O)cc2c1NC(c1cccc(Br)c1)C(C)(C)C2.[nH]1cnc2c(c1=O)CCN(Cc1ccccc1)C2,c1cc(C(=O)O)cc2c1NC(c1cccc(-n3cnc4c(c3=O)CCN(Cc3ccccc3)C4)c1)C(C)(C)C2
O(CC)C(=O)C(=O)N1CC(Oc2ccccc2C(C)(C)C)C1,OC(=O)C(=O)N1CC(Oc2ccccc2C(C)(C)C)C1
C(N)CN.c1(Cl)ccnc2c1CC1(CN3CCC1CC3)O2,C(CN)Nc1ccnc2c1CC1(CN3CCC1CC3)O2
[C@@H]1(CCC)CC[C@@H]([C@@H]2CC[C@@H](C=C(F)F)CC2)CC1,[C@@H]1(CCC)CC[C@@H]([C@@H]2CC[C@@H](/C=C/F)CC2)CC1
N(=C=O)c1ccc2ccccc2c1.N1CCN(c2nc(C(F)(F)F)c(C(=O)OCC)cc2C#N)CC1,N(C(=O)N1CCN(c2nc(C(F)(F)F)c(C(=O)OCC)cc2C#N)CC1)c1ccc2ccccc2c1
C(CCCCCCCC)CCCCCCCBr.Nc1ccc(C(=O)OCC)cc1F,C(CCCCCCCC)CCCCCCCNc1ccc(C(=O)OCC)cc1F
O=C(N)c1cccc2[nH]c(C3CCC4(CC4)N3)nc12.C=O,O=C(N)c1cccc2[nH]c(C3CCC4(CC4)N3C)nc12
Brc1cnccc1CN.C(C)(=O)Cl,Brc1cnccc1CNC(C)=O
n1(-c2cc(C#N)ccn2)nccc1O.C(O)c1ccc(OC)cc1,n1(-c2cc(C#N)ccn2)nccc1OCc1ccc(OC)cc1
CC(C)(C)Cc1ccc(CC(C(=O)OCC)C(O)c2cccc(Cl)c2)cc1,CC(C)(C)Cc1ccc(CC(C(=O)O)C(O)c2cccc(Cl)c2)cc1
c12cccc(F)c1CCC(n1cc(C3CCNCC3)nn1)C(=O)N2CC(F)(F)F.c1(Cl)ccncn1,c12cccc(F)c1CCC(n1cc(C3CCN(c4ccncn4)CC3)nn1)C(=O)N2CC(F)(F)F
c1(C#N)ccc(-c2ccc(OC)c(C=O)c2)cc1.C[Mg+],c1(C#N)ccc(-c2ccc(OC)c(C(C)O)c2)cc1
CCOC(=O)c1cnc(Cl)c2c(COc3cccc(-c4nnn(C)n4)c3)csc12.N,CCOC(=O)c1cnc(N)c2c(COc3cccc(-c4nnn(C)n4)c3)csc12
C(C#N)C1COc2ccc(S(=O)(=O)Cl)cc2C1,C(C#N)C1COc2ccc(S)cc2C1
c1cc(C(CC2CCCC2)C(=O)O)ccc1S(=O)(=O)COC.Nc1nccs1,c1cc(C(CC2CCCC2)C(=O)Nc2nccs2)ccc1S(=O)(=O)COC
FC(F)(F)C(=O)OC(=O)C(F)(F)F.NCCCCCO,FC(F)(F)C(=O)NCCCCCO
O=C(C)Cl.N1C[C@@H](Cc2cc(F)cc(F)c2OC)[C@H](c2ccc(OC)c(OC)c2)C1,O=C(C)N1C[C@@H](Cc2cc(F)cc(F)c2OC)[C@H](c2ccc(OC)c(OC)c2)C1
O=C(O)c1ncccc1OC[C@H]1C[C@@H](OCOCc2ccccc2)CN1C(=O)[C@@H]1CC[C@@H](C(F)(F)F)CC1.Nc1ccon1,O=C(Nc1ccon1)c1ncccc1OC[C@H]1C[C@@H](OCOCc2ccccc2)CN1C(=O)[C@@H]1CC[C@@H](C(F)(F)F)CC1
c1(C(C#N)(CCCCl)C(=O)OCC)ccccc1.NN,c1(C(C#N)(CCCCl)C(=O)NN)ccccc1
N(C)(C)CC#C.c1(Br)ccc(/C(=C\C(=O)OCC)c2ccccc2)cc1,N(C)(C)CC#Cc1ccc(/C(=C\C(=O)OCC)c2ccccc2)cc1
N(N)c1ccc(F)cc1.C(=O)(CCCC(=O)O)c1ccccc1,[nH]1c(-c2ccccc2)c(CCC(=O)O)c2cc(F)ccc12
CCn1cc2c(Oc3ccc(S(C)(=O)=O)cc3)cc(C(=O)OC)cc2n1.Nc1cnn(C)n1,CCn1cc2c(Oc3ccc(S(C)(=O)=O)cc3)cc(C(=O)Nc3cnn(C)n3)cc2n1
C1(CCCCCCCC)(C(=O)O)SCCCS1.Nc1c(OC)ccc2ncccc12,C1(CCCCCCCC)(C(=O)Nc2c(OC)ccc3ncccc23)SCCCS1
CCC[Mg+].C1(=O)CCN(C(=O)OCc2ccccc2)[C@H]1C,CCC[C@]1(O)CCN(C(=O)OCc2ccccc2)[C@H]1C
c1ccc(Nc2ccccc2)cc1.c1(Br)cccc2c1ccc1cc3ccccc3cc12,c1ccc(N(c2ccccc2)c2cccc3c2ccc2cc4ccccc4cc23)cc1
O=S(=O)(Nc1ncc(C(F)(F)F)cc1Cl)c1ccc(C(=O)OC)cc1.C(Br)c1ccc(C(F)(F)F)cc1,O=S(=O)(c1ccc(C(=O)OC)cc1)N(Cc1ccc(C(F)(F)F)cc1)c1ncc(C(F)(F)F)cc1Cl
C1CN(c2ccc(Nc3ncc4ccc(=O)n(-c5cccc(N)c5)c4n3)c(OC)c2)CCN1C.C(=O)(Cl)/C=C/C,C1CN(c2ccc(Nc3ncc4ccc(=O)n(-c5cccc(NC(=O)/C=C/C)c5)c4n3)c(OC)c2)CCN1C
COc1cc(Br)cc(C(C)C)c1.C(=O)N(C)C,COc1cc(C=O)cc(C(C)C)c1
CCOC(=O)Cc1cc(Cl)cc(B2OC(C)(C)C(C)(C)O2)c1.c1(Br)ccc(C(F)(F)F)cc1C=O,CCOC(=O)Cc1cc(Cl)cc(-c2ccc(C(F)(F)F)cc2C=O)c1
CN(c1ncccc1[N+](=O)[O-])S(C)(=O)=O,CN(c1ncccc1N)S(C)(=O)=O
C1CC(C(=O)O)CCN1c1ccc(NC(=O)Nc2cc(C)ccc2OC)cc1.Nc1c(C)cccc1Cl,C1CC(C(=O)Nc2c(C)cccc2Cl)CCN1c1ccc(NC(=O)Nc2cc(C)ccc2OC)cc1
c1(-c2ccc(CN3CCCC3)cc2)cn(Cc2ccc(C=CC(=O)NOC3CCCCO3)cc2)nn1,c1(-c2ccc(CN3CCCC3)cc2)cn(Cc2ccc(C=CC(=O)NO)cc2)nn1
c1ccccc1Nc1ccccc1.c1(I)ccc(-c2ccc(Br)cc2)cc1,c1ccccc1N(c1ccccc1)c1ccc(-c2ccc(Br)cc2)cc1
C1CNCCc2sc(N)nc21.C(Cl)C=Cc1ccc(C)cc1,C1CN(CC=Cc2ccc(C)cc2)CCc2sc(N)nc21
c1cccc(CN2CCC(=O)CC2)c1.NCCCO,c1cccc(CN2CCC(NCCCO)CC2)c1
c1c(F)ccc([N+](=O)[O-])c1OC.OCCN1CCCC1,c1c(OCCN2CCCC2)ccc([N+](=O)[O-])c1OC
n1cnc(Oc2cnn(CC(=O)Nc3ccc(OC)c(C=O)c3)c2)c2cc(OC)c(OC)cc12.NCC(=C)C,n1cnc(Oc2cnn(CC(=O)Nc3ccc(OC)c(CNCC(=C)C)c3)c2)c2cc(OC)c(OC)cc12
O(CCCCBr)C(=O)C1CCC(CCC)CC1.OC(=O)C(=C)C,O(CCCCOC(=O)C(=C)C)C(=O)C1CCC(CCC)CC1
COCCOc1ccc(C(=O)O)cc1[N+](=O)[O-].Nc1sc(Nc2ccnc(F)c2)nc1C(N)=O,COCCOc1ccc(C(=O)Nc2sc(Nc3ccnc(F)c3)nc2C(N)=O)cc1[N+](=O)[O-]
O=C(Nc1cn2cc(Cl)ccc2n1)c1ccc(C(C)(C)CC(=O)OCC)cc1,O=C(Nc1cn2cc(Cl)ccc2n1)c1ccc(C(C)(C)CC(=O)O)cc1
COc1ccc2c(=O)[nH]ncc2c1C#C.c1(Br)ccncc1,COc1ccc2c(=O)[nH]ncc2c1C#Cc1ccncc1
c1(S(N)(=O)=O)ccc(N)c(C)n1.C(=O)(Cl)CCl,c1(S(N)(=O)=O)ccc(NC(=O)CCl)c(C)n1
Clc1cc(C#N)cc(COC(=O)N2CCC(NC(=O)OC(C)(C)C)CC2)c1,Clc1cc(C#N)cc(COC(=O)N2CCC(N)CC2)c1
c1cccc2nc(CCC#C)sc12.c1(Br)ccc(F)cn1,c1cccc2nc(CCC#Cc3ccc(F)cn3)sc12
c1cnc(Cl)c2c(Br)coc12.N,c1cnc(N)c2c(Br)coc12
c1ncc(OS(=O)(=O)C(F)(F)F)cc1Cl.C#C[Si](C)(C)C,c1ncc(C#C[Si](C)(C)C)cc1Cl
c1cc(I)ccc1F.N1c2nc(N3CCOCC3)cc(=O)n2CC[C@H]1C(F)(F)F,c1cc(N2c3nc(N4CCOCC4)cc(=O)n3CC[C@H]2C(F)(F)F)ccc1F
c12cnc(Nc3cnn(C)c3)nc1n(Cc1cccc(O)c1)nc2.C(Cl)CN1CCCCC1,c12cnc(Nc3cnn(C)c3)nc1n(Cc1cccc(OCCN3CCCCC3)c1)nc2
c1(C(=O)NC)cc(Oc2ccc(N)cc2)ccn1.C(=O)=NC12CC3CC(CC(C3)C1)C2,c1(C(=O)NC)cc(Oc2ccc(NC(=O)NC34CC5CC(CC(C5)C3)C4)cc2)ccn1
O=C(OCC)c1c(-c2ccc(F)cc2)c(-c2ccncc2)n2c1CCC2,OCc1c(-c2ccc(F)cc2)c(-c2ccncc2)n2c1CCC2
c1ccc(C2(c3ccccc3)CC=CC2=O)cc1,c1ccc(C2(c3ccccc3)CC=CC2O)cc1
O=C(CC1(O)CCCCCC1)Nc1cccc2c(=O)n(C[C@H]3CCCN3C(=O)OC(C)(C)C)ccc12,O=C(CC1(O)CCCCCC1)Nc1cccc2c(=O)n(C[C@H]3CCCN3)ccc12
s1c(C)nc(C(=O)O)c1-c1ccc(C(F)(F)F)cc1.N1C[C@@H]2CCC[C@@H]2[C@H]1CNC(=O)c1c(C)nc2sccn12,s1c(C)nc(C(=O)N2C[C@@H]3CCC[C@@H]3[C@H]2CNC(=O)c2c(C)nc3sccn23)c1-c1ccc(C(F)(F)F)cc1
Nc1ccc2c(c1)CN(C(=O)OC(C)(C)C)CC2(C)C.C(=O)(O)c1ccccc1N,N(C(=O)c1ccccc1N)c1ccc2c(c1)CN(C(=O)OC(C)(C)C)CC2(C)C
O1CCOC1(C)C1(C=O)CC1.C(CCCCCC)[P+](c1ccccc1)(c1ccccc1)c1ccccc1,O1CCOC1(C)C1(/C=C\CCCCCC)CC1
c1cc(-c2coc3c2c(C)c(OC(C)=O)c2ccccc23)ccc1C(C)C,c1cc(C2COc3c2c(C)c(OC(C)=O)c2ccccc32)ccc1C(C)C
c1ccc([N+](=O)[O-])c(OCc2ccccc2)c1C(=O)OC,c1ccc(N)c(OCc2ccccc2)c1C(=O)OC
c1(OC)cc(C)c2[nH]c(=O)c3sccc3c2c1-c1ccc(N(C)CCNC(=O)OC(C)(C)C)cc1,c1(OC)cc(C)c2[nH]c(=O)c3sccc3c2c1-c1ccc(N(C)CCN)cc1
c1(C(=O)NC[C@@H](N)C(C)C)cc2ccccc2o1.C(=O)(O)[C@H](C)NC(=O)OC(C)(C)C,c1(C(=O)NC[C@@H](NC(=O)[C@H](C)NC(=O)OC(C)(C)C)C(C)C)cc2ccccc2o1
C(O)[C@H](C)N.c1(Cl)c(C)c(C)nc(Cl)c1[N+](=O)[O-],C(O)[C@H](C)Nc1c(C)c(C)nc(Cl)c1[N+](=O)[O-]
C(CC)Cc1ccc(C(=O)O)cc1.NCCc1ccc(CN2CCCC2)cc1,C(CC)Cc1ccc(C(=O)NCCc2ccc(CN3CCCC3)cc2)cc1
c1(NN)ncc(-c2ccc(C(=O)OC)cc2)nn1.C(=O)C1(c2ccc3ncccc3c2)CC1,c12ncc(-c3ccc(C(=O)OC)cc3)nn1c(C1(c3ccc4ncccc4c3)CC1)nn2
c1(Nc2ccc3cc(Br)ccc3n2)cccc2c1OC(C)(C)C2.Nc1cccc(C)n1,c1(Nc2ccc3cc(Nc4cccc(C)n4)ccc3n2)cccc2c1OC(C)(C)C2
c1cc(Oc2ccnc(Nc3nc(C)cs3)c2)ccc1OC,c1cc(Oc2ccnc(Nc3nc(C)cs3)c2)ccc1O
COc1cc(C(=O)N(C(C)C)C(C)C)ccc1OC(C)=O,COc1cc(C(=O)N(C(C)C)C(C)C)ccc1O
Oc1ccc(/C=C/c2cc(CCl)[nH]n2)cc1OC.Nc1cccc(C(=O)O)c1,Oc1ccc(/C=C/c2cc(CNc3cccc(C(=O)O)c3)[nH]n2)cc1OC
n1c(Cl)ccc2[nH]nc(I)c12.C(Br)C(=O)OC(C)(C)C,n1c(Cl)ccc2c1c(I)nn2CC(=O)OC(C)(C)C
c1cc(=O)n(C)cc1C(=O)CC(c1ccc(O)c(F)c1)c1ccc(Cl)cc1C.c1(B(O)O)ccc(Cl)c(C(=O)OCC)c1,c1cc(=O)n(C)cc1C(=O)CC(c1ccc(Oc2ccc(Cl)c(C(=O)OCC)c2)c(F)c1)c1ccc(Cl)cc1C
COc1cc2ncnc(Nc3ccc(F)c(Cl)c3)c2cc1OCCCN1CC2CCN(C(=O)OC(C)(C)C)CC2C1,COc1cc2ncnc(Nc3ccc(F)c(Cl)c3)c2cc1OCCCN1CC2CCNCC2C1
O(C)C(=O)[C@@H](N)[C@@H](C)O.C(=O)(O)c1ccc(C#CC#C[C@H](C)O)cc1,O(C)C(=O)[C@@H](NC(=O)c1ccc(C#CC#C[C@H](C)O)cc1)[C@@H](C)O
CN.C(Br)/C=C/COC[C@@H]1CC[C@@H](CN(C)S(=O)(=O)c2ccc(C(F)(F)F)cc2)CC1,CNC/C=C/COC[C@@H]1CC[C@@H](CN(C)S(=O)(=O)c2ccc(C(F)(F)F)cc2)CC1
n1c(C)c(C)nc(COc2ccc(/C=C/C(=O)OCC)cc2OC)c1C,n1c(C)c(C)nc(COc2ccc(/C=C/C(=O)O)cc2OC)c1C
C=CCn1cc(C)c2c3ccccc3nc(O[C@@H]3C[C@@H](C(=O)OC)N(C(=O)OC(C)(C)C)C3)c21,C=CCn1cc(C)c2c3ccccc3nc(O[C@H]3CN[C@H](C(=O)OC)C3)c21
c1(C(C)N)cccc(OC(F)(F)F)c1.C(=O)(O)C=Cc1ccccn1,c1(C(C)NC(=O)C=Cc2ccccn2)cccc(OC(F)(F)F)c1
N(C(=O)C(F)(F)F)c1nc2ccc(C(=O)c3ccccc3)cn2c1-c1ccc(F)cc1F,Nc1nc2ccc(C(=O)c3ccccc3)cn2c1-c1ccc(F)cc1F
c1(S(N)(=O)=O)cccc(N)c1.C(=O)(O)c1cnn2c(C(F)(F)F)cc(-c3ccc(C(F)(F)F)c(Cl)c3)nc12,c1(S(N)(=O)=O)cccc(NC(=O)c2cnn3c(C(F)(F)F)cc(-c4ccc(C(F)(F)F)c(Cl)c4)nc23)c1
C=CC(=O)Cl.N[C@H]1CCCC[C@H]1Nc1ncc2cc(-c3c(Cl)c(OC)cc(OC)c3Cl)ccc2n1,C=CC(=O)N[C@H]1CCCC[C@@H]1Nc1ncc2cc(-c3c(Cl)c(OC)cc(OC)c3Cl)ccc2n1
O(C)C(=O)c1cccc(C(=O)c2c(-c3cccnc3)nn3cc(OC)ccc23)n1,O(C)C(=O)c1cccc(C(O)c2c(-c3cccnc3)nn3cc(OC)ccc23)n1
n1c(-c2ccccc2)nc(C)c(C(=O)O)c1-c1cccc([N+](=O)[O-])c1.NCCN(C)C,n1c(-c2ccccc2)nc(C)c(C(=O)NCCN(C)C)c1-c1cccc([N+](=O)[O-])c1
c1cc2ccnc(OC)c2cc1C(=O)OC,c1cc2ccnc(OC)c2cc1C(=O)O
Brc1cc([N+](=O)[O-])cc([C@](C)(CO)NC(=O)CCl)c1,Brc1cc([N+](=O)[O-])cc([C@]2(C)COCC(=O)N2)c1
CCOC(=O)c1[nH]cnc1N.C(=O)N(C)C,CCOC(=O)c1[nH]cnc1/N=C/N(C)C
n1cccc(-c2cc(C(=O)NN)n3nc(NC(=O)NCC)nc3c2)c1.C(C)(=O)OC(C)=O,n1cccc(-c2cc(C(=O)NNC(C)=O)n3nc(NC(=O)NCC)nc3c2)c1
C[C@]12C[C@H](OC(C)=O)CC[C@@H]1CC[C@H]1[C@@H]3C[C@H](N4CCCCC4)[C@H](O)[C@@]3(C)CC[C@@H]12,C[C@]12C[C@H](O)CC[C@@H]1CC[C@H]1[C@@H]3C[C@H](N4CCCCC4)[C@H](O)[C@@]3(C)CC[C@@H]12
[nH]1cc(CCN2C(=O)c3ccccc3C2=O)c2cc(Br)ccc12.C=CC(C)(C)O,[nH]1cc(CCN2C(=O)c3ccccc3C2=O)c2cc(C=CC(C)(C)O)ccc12
c1(Nc2ncc(Cl)c(Nc3ccccc3NS(C)(=O)=O)n2)cccc(OCCC2CCCN2C(=O)OC(C)(C)C)c1,c1(Nc2ncc(Cl)c(Nc3ccccc3NS(C)(=O)=O)n2)cccc(OCCC2CCCN2)c1
S=C(NC(=O)c1ccccc1)NC1CCCc2cc(C)cnc21,S=C(N)NC1CCCc2cc(C)cnc21
S1c2ccc(Br)cc2C(C)(C)CC1(C)C.C#C[Si](C)(C)C,S1c2ccc(C#C[Si](C)(C)C)cc2C(C)(C)CC1(C)C
c1cc(NS(=O)(=O)c2ccc(OC)cc2CC(=O)OCC)cc2c1COB2O,c1cc(NS(=O)(=O)c2ccc(O)cc2CC(=O)OCC)cc2c1COB2O
CN(C)Cc1cnnn1-c1cccc(C(=O)CC(=O)OC(C)(C)C)c1.Nc1cc(C(F)(F)F)c(N2CCOCC2)cc1NC(=O)OC(C)(C)C,CN(C)Cc1cnnn1-c1cccc(C(=O)CC(=O)Nc2cc(C(F)(F)F)c(N3CCOCC3)cc2NC(=O)OC(C)(C)C)c1
c1(Cl)ccc2c(=O)c(C=CC(=O)OCC)c(OC)c(=O)[nH]c2c1,c1(Cl)ccc2c(=O)c(/C=C/C(=O)OCC)c(O)c(=O)[nH]c2c1
[C@@H](Cc1ccc(OC(=O)NC(C)C)cc1)(NC(=O)OC(C)(C)C)C(=O)OC,[C@H](N)(Cc1ccc(OC(=O)NC(C)C)cc1)C(=O)OC
Fc1ccc(/C=C/C(=O)O)c(C)c1,Fc1ccc(CCC(=O)O)c(C)c1
C(OC(=O)N1CC=CC(C)C1)c1ccccc1.OOC(=O)c1cccc(Cl)c1,C(OC(=O)N1CC(C)C2OC2C1)c1ccccc1
CC(C)(C)NC(=O)c1cn(COCC[Si](C)(C)C)c2ncc(Br)nc12.Nc1cccc(S(C)(=O)=O)c1,CC(C)(C)NC(=O)c1cn(COCC[Si](C)(C)C)c2ncc(Nc3cccc(S(C)(=O)=O)c3)nc12
C(c1ccccc1)[C@H](N)C(=O)OC.C(=O)(O)c1ccc(O)c(C=O)c1,C(c1ccccc1)[C@H](NC(=O)c1ccc(O)c(C=O)c1)C(=O)OC
COc1ccc2cc(C3(C(C)Br)OCC(C)(C)CO3)ccc2c1Br,COc1ccc2cc(C3(C(C)Br)OCC(C)(C)CO3)ccc2c1
C1=C(C)c2ccc(OC)cc2N(CC)C1(C)C,C1=C(C)c2ccc(O)cc2N(CC)C1(C)C
CN(C)Cc1c(-c2ccccc2)ccc2c(CCC3CCNCC3)noc12.C(=O)c1cccs1,CN(C)Cc1c(-c2ccccc2)ccc2c(CCC3CCN(Cc4cccs4)CC3)noc12
c1(Nc2c(-c3c(Cl)cc(O)cc3Cl)nc3cccc(F)n23)ccc2c(c1)OCCO2.OC,c1(Nc2c(-c3c(Cl)cc(O)cc3Cl)nc3cccc(OC)n23)ccc2c(c1)OCCO2
C(Oc1ccc(C(C)=O)c(O)c1CCC)c1cccc(N)c1.S(=O)(=O)(Cl)c1cccc(C#N)c1,C(Oc1ccc(C(C)=O)c(O)c1CCC)c1cccc(NS(=O)(=O)c2cccc(C#N)c2)c1
c1cc(OCCc2ccc(-c3ccc(OC)cc3)cc2)ccc1CC1(C(=O)OCC)CCC1,c1cc(OCCc2ccc(-c3ccc(OC)cc3)cc2)ccc1CC1(C(=O)O)CCC1
n1cc(Br)ccc1C(=O)O.N[C@@H](Cc1ccccc1C(F)(F)F)CN1C(=O)c2ccccc2C1=O,n1cc(Br)ccc1C(=O)N[C@@H](Cc1ccccc1C(F)(F)F)CN1C(=O)c2ccccc2C1=O
N(CCCC)c1nc(N)c2nc(OC)n(CCCCl)c2n1.N1CCN(CC(C)C)CC1,N(CCCC)c1nc(N)c2nc(OC)n(CCCN3CCN(CC(C)C)CC3)c2n1
c1(OCc2ccccc2)cc(C=O)cc(C(=O)OC)c1.C(OC)[P+](c1ccccc1)(c1ccccc1)c1ccccc1,c1(OCc2ccccc2)cc(C=COC)cc(C(=O)OC)c1
c1csc(-c2nc(C)c(CC)c(Nc3ccc(CC(=O)O)cc3)n2)c1.N,c1csc(-c2nc(C)c(CC)c(Nc3ccc(CC(N)=O)cc3)n2)c1
O(Cc1ccc(-c2cc(OC)ccc2F)c(C(O)C2(C)CC2)c1)[Si](C)(C)C(C)(C)C,OCc1ccc(-c2cc(OC)ccc2F)c(C(O)C2(C)CC2)c1
O(C)c1ccc(B(O)O)cc1.c1(OS(=O)(=O)C(F)(F)F)ccc2c(c1)C(C)(C)CC2=O,O(C)c1ccc(-c2ccc3c(c2)C(C)(C)CC3=O)cc1
COc1ccc(Cl)cc1-c1nn(C(C)C(=O)OC(C)(C)C)cc1NC(=O)c1n[nH]c2cncnc12,COc1ccc(Cl)cc1-c1nn(C(C)C(=O)O)cc1NC(=O)c1n[nH]c2cncnc12
N1(C(=O)Cc2csc(N)n2)CCN(CC(=O)N2CCCC2)CC1.C(=O)(O)c1ccc2c(c1)OCO2,N1(C(=O)Cc2csc(NC(=O)c3ccc4c(c3)OCO4)n2)CCN(CC(=O)N2CCCC2)CC1
c1(Cl)ccc(-c2cc(C)n3ncc(C(=O)O)c3n2)cc1.Nc1cccc(S(=O)(=O)NC(C)(C)CO)c1,c1(Cl)ccc(-c2cc(C)n3ncc(C(=O)Nc4cccc(S(=O)(=O)NC(C)(C)CO)c4)c3n2)cc1
O=C(O)c1cccc2c(Br)c(OC)ccc12,O=C(O)c1cccc2c(Br)c(O)ccc12
N#Cc1ccc(F)c(Br)c1.c1(B(O)O)ccc(O[C@@H](C)[C@H](O)CCc2cccnc2)cc1,N#Cc1ccc(F)c(-c2ccc(O[C@@H](C)[C@H](O)CCc3cccnc3)cc2)c1
C(C1CN2CCNCC2CN1)[Si](C)(C)C(C)(C)C.C(C)(=O)Cl,C(C1CN2CCN(C(C)=O)CC2CN1)[Si](C)(C)C(C)(C)C
n1[nH]c2c([N+](=O)[O-])c(Br)ccc2c1NC(=O)CCC,n1[nH]c2c(N)c(Br)ccc2c1NC(=O)CCC
O=C(Nc1ccc(C(=O)Cl)cn1)c1ccccc1-c1ccccc1.N1Cc2ccccc2Nc2ccccc21,O=C(Nc1ccc(C(=O)N2Cc3ccccc3Nc3ccccc32)cn1)c1ccccc1-c1ccccc1
O=C(/C=C/c1ccn(S(=O)(=O)Cc2ccccc2)c1)NOC1CCCCO1,O=C(C=Cc1ccn(S(=O)(=O)Cc2ccccc2)c1)NO
N1(Cc2ccc3ccc(COC)cc3c2)CCC(N)CC1.C(=O)(O)c1ccc(OC)c(F)c1,N1(Cc2ccc3ccc(COC)cc3c2)CCC(NC(=O)c2ccc(OC)c(F)c2)CC1
c1cc(Cl)c(OCC)cc1CC(N)CC.C(=O)O,c1cc(Cl)c(OCC)cc1CC(CC)NC=O
O=C(OC)c1cc(Br)cc(C(=O)OC)c1.c1([Sn](CCCC)(CCCC)CCCC)ccc(C)cn1,O=C(OC)c1cc(C(=O)OC)cc(-c2ccc(C)cn2)c1
c1nc(N)c2c(-c3cccc(OCC45CCC(CC4)O5)c3)cn(C3CCNCC3)c2n1.C1(=O)COC1,c1nc(N)c2c(-c3cccc(OCC45CCC(CC4)O5)c3)cn(C3CCN(C4COC4)CC3)c2n1
c1(-c2nc(-c3cccc(O)c3CC)no2)ccc(OC(C)C)c(C#N)c1.C(Br)C(=O)OCC,c1(-c2nc(-c3cccc(OCC(=O)OCC)c3CC)no2)ccc(OC(C)C)c(C#N)c1
COc1ccc(/C=C/c2nc(-c3ccc(Cl)cc3Cl)cn2CC(=O)O)cc1.NCc1ccc(C(C)(C)C)cc1,COc1ccc(/C=C/c2nc(-c3ccc(Cl)cc3Cl)cn2CC(=O)NCc2ccc(C(C)(C)C)cc2)cc1
O(C)C(=O)c1cc(O)c2cc([N+](=O)[O-])cc(OC)c2n1,O(C)C(=O)c1cc(O)c2cc(N)cc(OC)c2n1
O=C(c1cc(C)n(-c2ccccc2)c1-c1ccccc1)N1CCN(C(=O)OC(C)(C)C)C[C@H]1CO,O=C(c1cc(C)n(-c2ccccc2)c1-c1ccccc1)N1CCN(C(=O)OC(C)(C)C)C[C@H]1C=O
c1(OC)c(C(C)=O)cnc2c([N+](=O)[O-])cccc12,c1(OC)c(C(C)=O)cnc2c(N)cccc12
c1nc(Cl)ccc1NCC.C(=O)=NC,c1nc(Cl)ccc1N(CC)C(=O)NC
c12cc3c(Nc4ccc(F)c(Cl)c4)c(C#N)cnc3cc1OCCN2CCCCCl.N(C)C,c12cc3c(Nc4ccc(F)c(Cl)c4)c(C#N)cnc3cc1OCCN2CCCCN(C)C
n1oc(CCl)cc1-c1ccc(CN2CCN(C)CC2)cc1.[nH]1cc2nc(-c3cccc(F)c3F)nc-2cn1,n1oc(Cn2cc3nc(-c4cccc(F)c4F)nc-3cn2)cc1-c1ccc(CN2CCN(C)CC2)cc1
n1cc(C(=O)NS(=O)(=O)c2ccccc2S(N)(=O)=O)cc(OCCOCCOC)c1Cl.c1(B(O)O)cc2ccccc2o1,n1cc(C(=O)NS(=O)(=O)c2ccccc2S(N)(=O)=O)cc(OCCOCCOC)c1-c1cc2ccccc2o1
c1(Oc2ccc3ccccc3n2)ccc([N+](=O)[O-])cc1,c1(Oc2ccc3ccccc3n2)ccc(N)cc1
c1cccc(CN2C(=O)C(=C3Sc4ccccc4N3C)SC2=Nc2cccc(N)c2)c1.C(=O)(Cl)CN(C)C,c1cccc(CN2C(=O)C(=C3Sc4ccccc4N3C)SC2=Nc2cccc(NC(=O)CN(C)C)c2)c1
c1(COC(=O)CC(NC(=O)OC(C)(C)C)C(=O)O)ccccc1.N,c1(COC(=O)CC(NC(=O)OC(C)(C)C)C(N)=O)ccccc1
c1cc(Nc2ncc(Cl)c(-c3cnn4ccccc34)n2)c(OC)cc1N1CCNCC1.C(=O)(O)CO,c1cc(Nc2ncc(Cl)c(-c3cnn4ccccc34)n2)c(OC)cc1N1CCN(C(=O)CO)CC1
CCOC(=O)[C@@H]1CC(=O)C[C@H]1C(=O)N1CCOCC1,CCOC(=O)[C@@H]1C[C@H](O)C[C@H]1C(=O)N1CCOCC1
C(=O)(CC(C(C)=O)C(=O)OCC)C(C)(C)C.Nc1ccc(F)cc1,c1(C(C)(C)C)cc(C(=O)OCC)c(C)n1-c1ccc(F)cc1
C(=O)(NCC)Nc1ccc(B2OC(C)(C)C(C)(C)O2)cn1.c1(Cl)nc(C(=O)N(C)C)c(C(=O)OCC)s1,C(=O)(NCC)Nc1ccc(-c2nc(C(=O)N(C)C)c(C(=O)OCC)s2)cn1
c1(N)nnc(CCOC)o1.C(=O)(O)C(c1ccccc1)c1ccccc1,c1(NC(=O)C(c2ccccc2)c2ccccc2)nnc(CCOC)o1
c1(-c2cc(Cl)cc(Cl)c2)ncc[nH]1.c1(Cl)ncc2c(n1)N(C(C)C)[C@H](CC)C(=O)N2C,c1(-c2cc(Cl)cc(Cl)c2)nccn1-c1ncc2c(n1)N(C(C)C)[C@H](CC)C(=O)N2C
CON=C(CSC)C(=O)OCC,CON=C(CSC)C(=O)O
c1c(C(=O)O)cccc1S(C)(=O)=NC(=O)c1cncc(C#Cc2cccc(NC(=O)c3cc(C)nn3C)c2)c1.NCCN(CC)CC,c1c(C(=O)NCCN(CC)CC)cccc1S(C)(=O)=NC(=O)c1cncc(C#Cc2cccc(NC(=O)c3cc(C)nn3C)c2)c1
N#C[C@]1(c2cccc(Sc3ccc(-c4ccnn4C)cc3)c2F)CCO[C@@H](C)C1.OO,N#C[C@]1(c2cccc(S(=O)c3ccc(-c4ccnn4C)cc3)c2F)CCO[C@@H](C)C1
CCOC(=O)CC(=O)c1cc(F)c(O)nc1Nc1ccc(F)cc1F.S(=O)(=O)(Cl)c1c(C)cc(C)cc1C,CCOC(=O)CC(=O)c1cc(F)c(OS(=O)(=O)c2c(C)cc(C)cc2C)nc1Nc1ccc(F)cc1F
c1ccc2nc(C(=O)OCC)cn2c1C(=O)NCC12CC3CC(CC(C3)C1)C2,c1ccc2nc(C(=O)O)cn2c1C(=O)NCC12CC3CC(CC(C3)C1)C2
N#CC(C)(C)c1nnc(N)s1.C(=O)(O)C(C)(C)N(C)CC1CCOCC1,N#CC(C)(C)c1nnc(NC(=O)C(C)(C)N(C)CC2CCOCC2)s1
N#Cc1ccccc1OC.[N-]=[N+]=[N-],n1nn[nH]c1-c1ccccc1OC
Cc1cc(C)cc(C)c1B(O)O.c1(Br)cccc(Br)n1,Cc1cc(C)cc(C)c1-c1cccc(Br)n1
O(c1ccc(OC(F)(F)F)cc1)C1CCN(C(=O)OC(C)(C)C)CC1,O(c1ccc(OC(F)(F)F)cc1)C1CCNCC1
O=C1NC(=O)/C(=C/c2cccc(Br)n2)S1.N1CCCCC1,O=C1NC(=O)/C(=C/c2cccc(N3CCCCC3)n2)S1
C(CCOc1ccc(C=O)cc1)N(C)c1nc2ccccc2o1.C1SC(=O)NC1=O,C(CCOc1ccc(C=C2SC(=O)NC2=O)cc1)N(C)c1nc2ccccc2o1
c1cc(C=CC(=O)C2(Cl)CC2)ccc1Cl,c1cc(CCC(=O)C2(Cl)CC2)ccc1Cl
C(=COC)(Oc1cccc(OC(=COC)C(=O)OC)c1C(=O)OC(C)(C)C)C(=O)OC,C(=COC)(Oc1cccc(OC(=COC)C(=O)OC)c1C(=O)O)C(=O)OC
Cc1cc2c(cc1C)C(=O)OC2=O,Cc1cc2c(cc1C)C(O)OC2=O
C1CCCCC1(C(=O)OC)c1cc(Br)sc1Br.C#C[Si](C)(C)C,C1CCCCC1(C(=O)OC)c1cc(C#C[Si](C)(C)C)sc1Br
C(c1ncc(CCC(=O)OC)o1)[C@H]1O[C@H](c2cccc(OC)c2OC)c2cc(Cl)ccc2-n2c(C(F)F)nnc21,C(c1ncc(CCC(=O)O)o1)[C@H]1O[C@H](c2cccc(OC)c2OC)c2cc(Cl)ccc2-n2c(C(F)F)nnc21
n1ccc(-c2scnc2-c2cccc([N+](=O)[O-])c2)nc1Cl,n1ccc(-c2scnc2-c2cccc(N)c2)nc1Cl
N(CC(=O)OCC)c1ccc(/C(=C(/CCCl)c2ccccc2)c2ccccc2)cc1,N(CCO)c1ccc(/C(=C(/CCCl)c2ccccc2)c2ccccc2)cc1
c1cnccc1S.C(Br)CCCCl,c1cnccc1SCCCCCl
CCCSc1nc(Cl)c([N+](=O)[O-])c(N[C@H]2C=C[C@@H](O)C2)n1,CCCSc1nc(Cl)c(N)c(N[C@H]2C=C[C@@H](O)C2)n1
c12ccccc1C(CCO[Si](C)(C)C(C)(C)C)(C(=O)NCC(F)(F)F)c1ccccc1-2,c12ccccc1C(CCO)(C(=O)NCC(F)(F)F)c1ccccc1-2
c1nn2cc(-c3cnn(C)c3)cc(OC)c2c1C(=O)O.Nc1ccnc(C)c1C,c1nn2cc(-c3cnn(C)c3)cc(OC)c2c1C(=O)Nc1ccnc(C)c1C
O=C(Nc1cccc(B2OC(C)(C)C(C)(C)O2)c1C)c1ccc(C(C)(C)C)cc1.c1(Br)cn(C)c(=O)c(Nc2ccc(C(=O)OCC)cc2)n1,O=C(Nc1cccc(-c2cn(C)c(=O)c(Nc3ccc(C(=O)OCC)cc3)n2)c1C)c1ccc(C(C)(C)C)cc1
c1(OC)c(F)ccc2c(=O)c(C(=O)OCC)cn(CC)c12,c1(OC)c(F)ccc2c(=O)c(C(=O)O)cn(CC)c12
NCCc1ccccc1.C(=O)(Cl)CCl,N(CCc1ccccc1)C(=O)CCl
c12cnc(-c3ccc(OC)cc3)n1CNc1ccccc1-2.C(C)(=O)Cl,c12cnc(-c3ccc(OC)cc3)n1CN(C(C)=O)c1ccccc1-2
C(#N)c1ccc(Oc2ccccc2)cc1.[N-]=[N+]=N[Si](C)(C)C,c1(-c2ccc(Oc3ccccc3)cc2)nnn[nH]1
c1cncc(B(O)O)c1.c1(Cl)ccn2c(-c3cccc(-n4cccn4)c3)cnc2c1,c1cncc(-c2ccn3c(-c4cccc(-n5cccn5)c4)cnc3c2)c1
c1cc(OC)cc2c(C(CN)CO)cccc12.C(=O)=NCC,c1cc(OC)cc2c(C(CO)CNC(=O)NCC)cccc12
c1(Br)ccc2c(c1)SCC(=O)N2.c1(B(O)O)cccc([N+](=O)[O-])c1,c1(-c2cccc([N+](=O)[O-])c2)ccc2c(c1)SCC(=O)N2
C1CN(C(=O)c2ccccc2)CCC1C(=O)O.N[C@@H](C(=O)OC)[C@@H](C)c1c[nH]c2ccccc12,C1CN(C(=O)c2ccccc2)CCC1C(=O)N[C@@H](C(=O)OC)[C@@H](C)c1c[nH]c2ccccc12
C(F)CNC=C(C(=O)OCC)C(=O)c1cc(F)c(F)c(F)c1F,C(F)Cn1cc(C(=O)OCC)c(=O)c2cc(F)c(F)c(F)c21
C(C)(C)I.Oc1ccc(Cl)cc1C=O,C(C)(C)Oc1ccc(Cl)cc1C=O
C(=O)(CCBr)OCC.Oc1ccc2c(O)c(OCCCCCCCC)c(=O)oc2c1,C(=O)(CCOc1ccc2c(O)c(OCCCCCCCC)c(=O)oc2c1)OCC
C1Cc2cccc(N3CCN(CC[C@@H]4CC[C@@H](N)CC4)CC3)c2C1.C(=O)(Cl)N(C)C,C1Cc2cccc(N3CCN(CC[C@@H]4CC[C@@H](NC(=O)N(C)C)CC4)CC3)c2C1
N1(C(=O)C2CCCN2C(=O)OCc2ccccc2)CCC[C@]1(Cc1cccc(OC)c1)C(=O)O.N[C@H](C(N)=O)[C@@H](C)O,N1(C(=O)[C@@H]2CCCN2C(=O)OCc2ccccc2)CCCC1(Cc1cccc(OC)c1)C(=O)N[C@H](C(N)=O)[C@@H](C)O
c1(N)ncc(B2OC(C)(C)C(C)(C)O2)cn1.c1(Br)cn(-c2nc(C)cc(-c3ccc(Cl)cc3)n2)cn1,c1(N)ncc(-c2cn(-c3nc(C)cc(-c4ccc(Cl)cc4)n3)cn2)cn1
Cc1cccc(C2=NCCN2C)c1[N+](=O)[O-],Cc1cccc(C2=NCCN2C)c1N
c1ccnc(Oc2ccc(F)cc2)c1C(=O)OCC,c1ccnc(Oc2ccc(F)cc2)c1C(=O)O
COc1ccc(C(=O)Cl)cc1.Nc1nc(C(Cl)(Cl)Cl)ns1,COc1ccc(C(=O)Nc2nc(C(Cl)(Cl)Cl)ns2)cc1
[C@@H](CO)(Cc1ccccc1Cl)NC(=O)OC(C)(C)C.Oc1cncc(C(=O)OC)c1,[C@@H](COc1cncc(C(=O)OC)c1)(Cc1ccccc1Cl)NC(=O)OC(C)(C)C
c12ccc(-c3noc(-c4ccc(N5CC(F)C5)c(C#N)c4)n3)cc1CCN(C(=O)OC(C)(C)C)CC2,c12ccc(-c3noc(-c4ccc(N5CC(F)C5)c(C#N)c4)n3)cc1CCNCC2
C(#N)c1ccc(-c2ccn(C[C@H](C)N)n2)cc1Cl.C(=O)(O)c1nnc(C)o1,C(#N)c1ccc(-c2ccn(C[C@H](C)NC(=O)c3nnc(C)o3)n2)cc1Cl
c1ccc(-n2cnc([Sn](CCCC)(CCCC)CCCC)c2)cc1Cl.c1(Br)cnc2c(n1)c(C(=O)N[C@@H](C)C(C)(C)C)cn2COCC[Si](C)(C)C,c1ccc(-n2cnc(-c3cnc4c(n3)c(C(=O)N[C@@H](C)C(C)(C)C)cn4COCC[Si](C)(C)C)c2)cc1Cl
n1c(S)[nH]c2ccccc12.C(Cl)C(C)=O,[nH]1c(SCC(C)=O)nc2ccccc12
c1cnc(-c2cccc3cc([C@H](N)c4ccccc4Cl)sc23)cc1[C@@](C)(O)C(F)(F)F.S(=O)(=O)(Cl)c1ccc(OC)c(OC)c1,c1cnc(-c2cccc3cc([C@H](NS(=O)(=O)c4ccc(OC)c(OC)c4)c4ccccc4Cl)sc23)cc1[C@@](C)(O)C(F)(F)F
[O-][N+](=O)c1cc(C2=CCN(C(=O)OC(C)(C)C)CC2)cc(C(F)(F)F)c1,[O-][N+](=O)c1cc(C2=CCNCC2)cc(C(F)(F)F)c1
CC(c1ccc(-c2ccccc2)c(F)c1)c1csc(N)n1.C(=O)(Cl)OCC,CC(c1ccc(-c2ccccc2)c(F)c1)c1csc(NC(=O)OCC)n1
O(C)c1cc(Br)ccc1O.c1(F)ccccc1C=O,O(C)c1cc(Br)ccc1Oc1ccccc1C=O
n1cn(C)c2cc(Cl)nc(Cl)c12.NCc1ccc(OC)cc1OC,n1cn(C)c2cc(Cl)nc(NCc3ccc(OC)cc3OC)c12
CC(C)[S-].c1(F)ccc([N+](=O)[O-])c(N)c1F,CC(C)Sc1ccc([N+](=O)[O-])c(N)c1F
O=C(NN1CCCCC1)c1cccc2c1C(Cl)=Nc1ccccc1S2.c1([Zn+])ccc(F)cn1,O=C(NN1CCCCC1)c1cccc2c1C(c1ccc(F)cn1)=Nc1ccccc1S2
c1(C(=O)O)c[nH]c2ccccc12.NCc1cccc(Cl)c1,c1(C(=O)NCc2cccc(Cl)c2)c[nH]c2ccccc12
O=C(NC1=NC2(c3ccccc3F)CNCC2CS1)c1ccccc1.c1(Cl)ncc(F)cn1,O=C(NC1=NC2(c3ccccc3F)CN(c3ncc(F)cn3)CC2CS1)c1ccccc1
COC(=O)c1cc(OC)c(N)cc1F.C(=O)(O)[C@@H]1N[C@@H](CC(C)(C)C)[C@](C#N)(c2ccc(Cl)cc2F)[C@H]1c1cccc(Cl)c1F,COC(=O)c1cc(OC)c(NC(=O)[C@@H]2N[C@@H](CC(C)(C)C)[C@](C#N)(c3ccc(Cl)cc3F)[C@H]2c2cccc(Cl)c2F)cc1F
Cc1ccc(-c2noc3c(Cl)c(OCC(=O)OCC)ccc23)cc1,Cc1ccc(-c2noc3c(Cl)c(OCC(=O)O)ccc23)cc1
FC(F)OCCCS(=O)(=O)C1(c2cc(N3CCOC[C@@H]3C)nc(-c3ccc(N)cc3)n2)CC1.C(=O)(Cl)Oc1ccccc1,FC(F)OCCCS(=O)(=O)C1(c2cc(N3CCOC[C@@H]3C)nc(-c3ccc(NC(=O)Oc4ccccc4)cc3)n2)CC1
c1ccccc1COc1ccc(CC2NCCc3cc(OC)ccc32)cc1.C(=O)(Cl)c1ccc(F)cc1,c1ccccc1COc1ccc(CC2c3ccc(OC)cc3CCN2C(=O)c2ccc(F)cc2)cc1
CCC(CC)[C@H](NS(=O)(=O)c1ccc(Cl)s1)C(=O)O,CCC(CC)[C@@H](CO)NS(=O)(=O)c1ccc(Cl)s1
c1(Cl)ncc(Br)cc1C.N1C[C@H]2CN(C(=O)OCc3ccccc3)C[C@@H]12,c1(Cl)ncc(N2C[C@H]3CN(C(=O)OCc4ccccc4)C[C@H]32)cc1C
c12ccccc1nc(C)n2-c1nc(N2CCOCC2)c2nc(CBr)n(C)c2n1.N1CCC(C#N)CC1,c12ccccc1nc(C)n2-c1nc(N2CCOCC2)c2nc(CN3CCC(C#N)CC3)n(C)c2n1
O=C(Cn1c2c(sc1=NC(=O)c1cccc(C(F)(F)F)c1)CCCC2)OCC,O=C(O)Cn1c2c(sc1=NC(=O)c1cccc(C(F)(F)F)c1)CCCC2
c12cc(C3(C(=O)Nc4ccc(C(OS(C)(=O)=O)c5ccccc5OC)cn4)CC3)ccc1OCO2.N1CCN(CCO)CC1,c12cc(C3(C(=O)Nc4ccc(C(c5ccccc5OC)N5CCN(CCO)CC5)cn4)CC3)ccc1OCO2
CCC1(c2ccc(CCc3ccc(CO)c(CO)c3)s2)OCCO1,CCC(=O)c1ccc(CCc2ccc(CO)c(CO)c2)s1
C1CCCNC1.C(=O)(O)[C@H]1C[C@@H](NC(=O)OC(C)(C)C)C1(C)C,C1CCCN(C(=O)[C@H]2C[C@@H](NC(=O)OC(C)(C)C)C2(C)C)C1
Cc1c(N)cccc1Cl.c1(Cl)ncccc1C(=O)OCOC(=O)C(C)(C)C,Cc1c(Cl)cccc1Nc1ncccc1C(=O)OCOC(=O)C(C)(C)C
O=S(C)(=O)Nc1nn(C)c2c(B3OC(C)(C)C(C)(C)O3)ccc(Cl)c12.c1(Br)cc(N)cnc1[C@H](Cc1cc(F)cc(F)c1)NC(=O)OC(C)(C)C,O=S(C)(=O)Nc1nn(C)c2c(-c3cc(N)cnc3[C@H](Cc3cc(F)cc(F)c3)NC(=O)OC(C)(C)C)ccc(Cl)c12
NC(=S)C(C#N)=C(N)N1CCCC1,Nc1snc(N2CCCC2)c1C#N
c1cccc2c1NC(=O)N(C1CCN(C(=O)O[C@H](Cc3cc(C)c(O)c(C)c3)C(=O)O)CC1)CC2.N1CCN(C2CCOCC2)CC1,c1cccc2c1NC(=O)N(C1CCN(C(=O)O[C@H](Cc3cc(C)c(O)c(C)c3)C(=O)N3CCN(C4CCOCC4)CC3)CC1)CC2
c12ccc(C3CCCCC3)cc1C=C(C(=O)O)CC2.Nc1ccc(CP(=O)(OCC)OCC)cc1,c12ccc(C3CCCCC3)cc1C=C(C(=O)Nc1ccc(CP(=O)(OCC)OCC)cc1)CC2
O=S(=O)(c1ccc(OC)cc1)c1c(-c2ccccc2)oc2ccc(Cl)cc12,O=S(=O)(c1ccc(O)cc1)c1c(-c2ccccc2)oc2ccc(Cl)cc12
c1cccc(C(=O)CC(=O)OCC)c1.NCC1CC1,c1cccc(C(=O)CC(=O)NCC2CC2)c1
O=C(Cl)COC.Nc1cc(C(=O)OC)cnc1Cl,O=C(COC)Nc1cc(C(=O)OC)cnc1Cl
CC(=O)c1cccc(Br)c1.OCCO,CC1(c2cccc(Br)c2)OCCO1
COc1cc(C2CCNCC2)ccc1Nc1ncc(OCc2c(Cl)c(OC)cc(OC)c2Cl)cn1.CO,COc1cc(C2CCN(C)CC2)ccc1Nc1ncc(OCc2c(Cl)c(OC)cc(OC)c2Cl)cn1
O=C(O)C12CC3CC(CC(C3)C1)C2.Nc1ccc2nc(NC(=O)c3ccccc3)sc2c1,O=C(Nc1ccc2nc(NC(=O)c3ccccc3)sc2c1)C12CC3CC(CC(C3)C1)C2
c1cccc(-c2cccc(NC(=O)CCCCCNC(=O)COCc3ccc(C(=O)OC)cc3)c2)c1,c1cccc(-c2cccc(NC(=O)CCCCCNC(=O)COCc3ccc(CO)cc3)c2)c1
c1(Cl)ncc(Br)c(OCC2CN(C(=O)OC(C)(C)C)C2)n1.N[C@H]1CC[C@@H](C)CC1,c1(N[C@@H]2CC[C@H](C)CC2)ncc(Br)c(OCC2CN(C(=O)OC(C)(C)C)C2)n1
c1(C)cc(C=O)cc(C)c1OC[C@@H]1CCC(=O)N1.Nc1cc(OC)cc(OC)c1C(N)=O,c1(C)cc(-c2nc3cc(OC)cc(OC)c3c(=O)[nH]2)cc(C)c1OC[C@@H]1CCC(=O)N1
C[SiH](C)OC(c1ccc(CO)cc1)C(C)(C)C,C[SiH](C)OC(c1ccc(C=O)cc1)C(C)(C)C
c1c(C)cn2c(=O)cc(O)nc2c1Br.N1CCOCC1,c1c(C)cn2c(=O)cc(N3CCOCC3)nc2c1Br
c1(N)ncnc2c1c(-c1cccc(OCc3ccccc3)c1)c(CC)n2[C@H]1C[C@@H](C(=O)OC)C1,c1(N)ncnc2c1c(-c1cccc(OCc3ccccc3)c1)c(CC)n2[C@H]1C[C@@H](CO)C1
c1(NC(=O)c2ccc(C#N)cn2)cccc([C@]23CN(c4ncc(F)cn4)C[C@H]2CSC(NC(=O)c2ccccc2)=N3)c1,c1(NC(=O)c2ccc(C#N)cn2)cccc([C@]23CN(c4ncc(F)cn4)C[C@H]2CSC(N)=N3)c1
COc1ccc(Cl)cc1C(=O)NCCC1CCN(S(N)(=O)=O)CC1.C(=S)=NC1CC1,COc1ccc(Cl)cc1C(=O)NCCC1CCN(S(=O)(=O)NC(=S)NC2CC2)CC1
COC(=O)[C@@H](N)Cc1ccc(O)cc1.C(=O)(O)c1cc2ccccc2cn1,COC(=O)[C@H](Cc1ccc(O)cc1)NC(=O)c1cc2ccccc2cn1
Cc1cc2c(cc1C)C1(CO2)C(=O)N(C(c2ccccc2)c2ccccc2)c2ccccc21,Cc1cc2c(cc1C)C1(CO2)C(=O)Nc2ccccc21
c1c(-c2cccn3nc(N)nc23)cc(C(F)(F)F)cc1C(F)(F)F.C1(=O)CCN(C(=O)OC(C)(C)C)CC1F,c1c(-c2cccn3nc(NC4CCN(C(=O)OC(C)(C)C)CC4F)nc23)cc(C(F)(F)F)cc1C(F)(F)F
c1cc(CCOCC(=O)O)ccc1Cl,c1cc(CCOCCO)ccc1Cl
C(c1ccc(C(C)(C)C)cc1)C(C)CCl.N[C@@H]1CCCC[C@H]1N,C(c1ccc(C(C)(C)C)cc1)C(C)CN[C@@H]1CCCC[C@H]1N
C1CN(c2ccc(N)cc2OC)CCN1CCN(C(=O)C1CCCCC1)c1ccccn1.C(=O)O,C1CN(c2ccc(NC=O)cc2OC)CCN1CCN(C(=O)C1CCCCC1)c1ccccn1
CCCc1cnc(Cl)nc1.N1C[C@H](SC(c2ccccc2)(c2ccccc2)c2ccccc2)C[C@H]1COCc1cc(F)c(F)cc1F,CCCc1cnc(N2C[C@H](SC(c3ccccc3)(c3ccccc3)c3ccccc3)C[C@H]2COCc2cc(F)c(F)cc2F)nc1
C1CN(C)CCN1.c1(Cl)nc([C@H](C)Nc2ncnc3[nH]cnc23)cc2cccc(Cl)c12,C1CN(C)CCN1c1nc([C@H](C)Nc2ncnc3[nH]cnc23)cc2cccc(Cl)c12
CN1CCC2C1CCN2c1ccc([N+](=O)[O-])cc1,CN1CCC2C1CCN2c1ccc(N)cc1
N(Cc1ccc2c(c1)OCO2)c1nc(C=O)nc2ccc(Cl)cc12.NO,N(Cc1ccc2c(c1)OCO2)c1nc(C=NO)nc2ccc(Cl)cc12
c1(C2CCCN(CCC)C2)ccc([N+](=O)[O-])cc1,c1(C2CCCN(CCC)C2)ccc(N)cc1
N(C)(C)c1ccc([C@H]2CNCCO2)cc1.c1(Cl)nc(-c2ccncc2F)cc(=O)n1C,N(C)(C)c1ccc([C@H]2CN(c3nc(-c4ccncc4F)cc(=O)n3C)CCO2)cc1
s1ccc(CCC=C(C)C)c1,s1ccc(CCCC(C)C)c1
S(C)CCCNc1c([N+](=O)[O-])cnc2cc(-c3ccccc3)ccc12,S(C)CCCNc1c(N)cnc2cc(-c3ccccc3)ccc12
O(C(C)=O)c1c(Cl)cc(Cl)cc1C(=O)N[C@@H](Cc1ccccc1)C(=O)O,Oc1c(Cl)cc(Cl)cc1C(=O)N[C@@H](Cc1ccccc1)C(=O)O
c1cc(Cl)nnc1Nc1ncc2c3ccncc3n(C3CCCC3)c2n1.N1CCC2(CC1)CNC(=O)CO2,c1cc(N2CCC3(CC2)CNC(=O)CO3)nnc1Nc1ncc2c3ccncc3n(C3CCCC3)c2n1
CC(C)(C)OC(=O)N1CCN(C2CCNCC2)CC1.C(=O)(Cl)OCc1ccccc1,CC(C)(C)OC(=O)N1CCN(C2CCN(C(=O)OCc3ccccc3)CC2)CC1
c1c(Br)ccc(C=O)c1F.c1([Mg+])ccccc1C(F)(F)F,c1c(Br)ccc(C(O)c2ccccc2C(F)(F)F)c1F
N1(CCN(C(=O)C2CCCCC2)c2ccccc2N)CCN(c2ccccc2OC)CC1.S(C)(=O)(=O)Cl,N1(CCN(C(=O)C2CCCCC2)c2ccccc2NS(C)(=O)=O)CCN(c2ccccc2OC)CC1
CSc1cccc(O)c1.c1(Cl)ncc(F)cc1C(=O)N[C@@H]1CC[C@@H](O)CC1,CSc1cccc(Oc2ncc(F)cc2C(=O)N[C@@H]2CC[C@@H](O)CC2)c1
c1(F)ccc(O)cc1.C1(O)CCNC1,c1(F)ccc(O[C@@H]2CCNC2)cc1
c1c(O)ccc(C=O)c1C.N1CCCC1,c1c(O)ccc(CN2CCCC2)c1C
c1(B(O)O)cc(F)cc(F)c1.Oc1cc(OS(=O)(=O)c2ccc(C)cc2)cc(C(=O)OC)c1,c1(Oc2cc(OS(=O)(=O)c3ccc(C)cc3)cc(C(=O)OC)c2)cc(F)cc(F)c1
N1CCN(C(=O)CCc2c(-c3ccc(Cl)cc3)[nH]c3ccc(Cl)cc23)CC1.C(Br)c1cc(C(F)(F)F)cc(C(F)(F)F)c1,N1(Cc2cc(C(F)(F)F)cc(C(F)(F)F)c2)CCN(C(=O)CCc2c(-c3ccc(Cl)cc3)[nH]c3ccc(Cl)cc23)CC1
SCCC(=O)O.C(O)CCc1ccccc1,SCCC(=O)OCCCc1ccccc1
c1cc(-c2n[nH]c3c(C(F)(F)F)cccc23)ccc1OC.C(I)CC,c1cc(-c2nn(CCC)c3c(C(F)(F)F)cccc23)ccc1OC
c1nc(OCC(F)(F)F)c(-c2ccc(Cl)cc2)cc1C(=O)O.NN1CCN(C)C(=O)C1,c1nc(OCC(F)(F)F)c(-c2ccc(Cl)cc2)cc1C(=O)NN1CCN(C)C(=O)C1
c1cccc(COc2ccc(C(=O)O)cc2OS(C)(=O)=O)c1.[C@H](O)(Cc1c(Cl)c[n+]([O-])cc1Cl)c1ccc(OC(F)F)c(OCC2CC2)c1,c1cccc(COc2ccc(C(=O)O[C@@H](Cc3c(Cl)c[n+]([O-])cc3Cl)c3ccc(OC(F)F)c(OCC4CC4)c3)cc2OS(C)(=O)=O)c1
CSc1ccc(C(=O)O[C@@H](Cc2c(Cl)c[n+]([O-])cc2Cl)c2ccc(OC(F)F)c(OCC3CC3)c2)cc1NS(C)(=O)=O.C(Cl)CN1CCOCC1,CSc1ccc(C(=O)O[C@@H](Cc2c(Cl)c[n+]([O-])cc2Cl)c2ccc(OC(F)F)c(OCC3CC3)c2)cc1N(CCN1CCOCC1)S(C)(=O)=O
c1(F)cc(F)ccc1-n1cc(C(=O)O)c(=O)c2cc(F)c(N3CC(C)(NC(=O)C(F)(F)F)C3)c(F)c21,c1(F)cc(F)ccc1-n1cc(C(=O)O)c(=O)c2cc(F)c(N3CC(C)(N)C3)c(F)c21
[nH]1ccc(Cc2ccccc2)c1CO.OC(=O)C(c1cc2cc(F)ccc2s1)C(C)C,[nH]1ccc(Cc2ccccc2)c1COC(=O)C(c1cc2cc(F)ccc2s1)C(C)C
c1ccc2c(C=CC(=O)Nc3cccc(C(=O)O)c3)c[nH]c2c1.C(C)(C)Br,c1ccc2c(C=CC(=O)Nc3cccc(C(=O)OC(C)C)c3)c[nH]c2c1
CN1CCC(C2CCNCC2)CC1.C(=O)(O)C(CC(=O)N1CCC(N2Cc3ccccc3NC2=O)CC1)Cc1ccc2c(c1)CCCC2,CN1CCC(C2CCN(C(=O)C(CC(=O)N3CCC(N4Cc5ccccc5NC4=O)CC3)Cc3ccc4c(c3)CCCC4)CC2)CC1
C(#CC1(O)CCN(C(=O)OC(C)(C)C)CC1)[Si](C)(C)C,C#CC1(O)CCN(C(=O)OC(C)(C)C)CC1
O=C(Cl)C1(c2ccc3c(c2)OCO3)CC1.N(c1ccnc(C(F)(F)F)c1)c1ccccn1,O=C(N(c1ccnc(C(F)(F)F)c1)c1ccccn1)C1(c2ccc3c(c2)OCO3)CC1
c1(C(C)C)ccc(C)c(OCc2c(OC(C)C)cc(Cl)nc2C)c1.c1(B(O)O)cccc2[nH]nc(C(C)C)c12,c1(C(C)C)ccc(C)c(OCc2c(OC(C)C)cc(-c3cccc4[nH]nc(C(C)C)c34)nc2C)c1
Cc1cc2c(-c3ccccc3)c(CO)n(C)c(=O)c2cc1C,Cc1cc2c(-c3ccccc3)c(C=O)n(C)c(=O)c2cc1C
O=C(OCC(C)C)C(=O)CC.Nc1ccc(Cl)c(Cl)c1,O=C(OCC(C)C)C(CC)Nc1ccc(Cl)c(Cl)c1
Brc1csc(Br)c1.c1([Sn](CCCC)(CCCC)CCCC)ccccn1,Brc1csc(-c2ccccn2)c1
N1(C)C(=O)OCc2c(F)c([N+](=O)[O-])cc(F)c21,N1(C)C(=O)OCc2c(F)c(N)cc(F)c21
c1(C(=O)NC(Cc2ccccc2)C(O)C(=O)O)cccnc1-n1ccc(-c2ccccc2)n1.NC,c1(C(=O)NC(Cc2ccccc2)C(O)C(=O)NC)cccnc1-n1ccc(-c2ccccc2)n1
C1(=O)CCNc2cc(OC)ccc21,C1(=O)CCNc2cc(O)ccc21
COc1cc(NC(=O)c2ccc(OC(F)(F)F)cc2)ccc1-c1ccc2c(c1)C(=O)N([C@H](C(=O)OC)C(C)C)C2,COc1cc(NC(=O)c2ccc(OC(F)(F)F)cc2)ccc1-c1ccc2c(c1)C(=O)N([C@H](C(=O)O)C(C)C)C2
c12cccc(O)c1cc[nH]2.C(O)CN(C)C(=O)OC(C)(C)C,c12cccc(OCCN(C)C(=O)OC(C)(C)C)c1cc[nH]2
Nc1nc(C)nc2c1C(=O)N(c1ccc(C3CCC(CC(=O)OC)CC3)cc1)CC2,Nc1nc(C)nc2c1C(=O)N(c1ccc(C3CCC(CC(=O)O)CC3)cc1)CC2
[N+](=O)([O-])c1ccccc1NCc1ccccc1,Nc1ccccc1NCc1ccccc1
C1C(=O)N(Cc2ccc(OC)cc2)S(=O)(=O)N1c1cccc(C[C@H](NC(=O)OC(C)(C)C)C(=O)O)c1.NCCCCC,C1C(=O)N(Cc2ccc(OC)cc2)S(=O)(=O)N1c1cccc(C[C@H](NC(=O)OC(C)(C)C)C(=O)NCCCCC)c1
c1(CN)cc(N)nc(N)c1.C(=O)(O)C1CCCC1,c1(CNC(=O)C2CCCC2)cc(N)nc(N)c1
c1cc(C(C)C)cc2c1CCCC2C(=O)O.N(Cc1ccc(N(C)C)cc1)c1ccc(C(C)C)cc1,c1cc(C(C)C)cc2c1CCCC2C(=O)N(Cc1ccc(N(C)C)cc1)c1ccc(C(C)C)cc1
c1(=O)ccoc(CO)c1O.C(Br)c1ccccc1,c1(=O)ccoc(CO)c1OCc1ccccc1
Clc1ccc(-c2nc(Cl)oc2CCC(=O)OCC)cc1,Clc1ccc(-c2nc(Cl)oc2CCCO)cc1
S(N)(=O)(=O)C1=C(C)NC(=C(C(=O)OCC)C(=O)OCC)S1.Nc1ccc(-c2ccccn2)cc1,S(N)(=O)(=O)C1=C(C)NC(=C(C(=O)Nc2ccc(-c3ccccn3)cc2)C(=O)OCC)S1
O(C)C(=O)c1ccc2nc(-c3ccc(F)cc3)c(N3CCCC(COC)C3)nc2c1,OC(=O)c1ccc2nc(-c3ccc(F)cc3)c(N3CCCC(COC)C3)nc2c1
c1(Oc2cccc(N)c2)ccc2nc(NC(=O)C3CC3)nn2c1.C(=O)(O)c1nn(CC)cc1C,c1(Oc2cccc(NC(=O)c3nn(CC)cc3C)c2)ccc2nc(NC(=O)C3CC3)nn2c1
c1(N)cc(C(=O)OCC)ccc1[N+](=O)[O-],c1(N)cc(C(=O)OCC)ccc1N
CN(Cc1ccccc1)c1cc(Oc2cccc(C(F)(F)F)c2)nc(C(=O)NC(C)C)c1,CNc1cc(Oc2cccc(C(F)(F)F)c2)nc(C(=O)NC(C)C)c1
c1(Sc2ccc(-c3ccccc3)nn2)ccc(N)cc1.C(=S)=Nc1ccc(Cl)c(C(F)(F)F)c1,c1(Sc2ccc(-c3ccccc3)nn2)ccc(NC(=S)Nc2ccc(Cl)c(C(F)(F)F)c2)cc1
c1ccc(C(C(=O)NCCCCN)c2ccccc2)cc1.C(=O)(O)C=Cc1cccnc1,c1ccc(C(C(=O)NCCCCNC(=O)C=Cc2cccnc2)c2ccccc2)cc1
C(C)c1cn2c(CNCCCCCNS(=O)(=O)C(F)(F)F)cccc2n1.C=O,C(C)c1nc2cccc3n2c1CN(CCCCCNS(=O)(=O)C(F)(F)F)C3
C1(=O)CCCC1(CCc1ccc(C(C)(C)C)cc1C(C)(C)C)C(=O)OC,C1(=O)CCCC1CCc1ccc(C(C)(C)C)cc1C(C)(C)C
CC(C)N.C(Br)c1c(C(=O)OCC)noc1-c1ccc(C(F)(F)F)cc1,CC(C)NCc1c(C(=O)OCC)noc1-c1ccc(C(F)(F)F)cc1
C1c2ccccc2Sc2ccccc2N1C(=O)c1ccc(N)cc1.C(=O)(Cl)c1ccccc1Cl,C1c2ccccc2Sc2ccccc2N1C(=O)c1ccc(NC(=O)c2ccccc2Cl)cc1
O=C1Nc2ccc(C#C)cc2/C1=C/c1ccc[nH]1.c1(I)cccc([N+](=O)[O-])c1,O=C1Nc2ccc(C#Cc3cccc([N+](=O)[O-])c3)cc2/C1=C/c1ccc[nH]1
c1(OC)cncc(-c2cnc(N3CCOCC3)cc2N)c1.c1(Cl)c(C)c(-c2ccccn2)nc2cccc(F)c12,c1(OC)cncc(-c2cnc(N3CCOCC3)cc2Nc2c(C)c(-c3ccccn3)nc3cccc(F)c23)c1
n1c(N2CCN(CCCCc3nc4c(c(=O)n3N)CN(C(=O)OC(C)(C)C)CC4)CC2)ccc2ccccc12,n1c(N2CCN(CCCCc3nc4c(c(=O)n3N)CNCC4)CC2)ccc2ccccc12
CC(C)(CO)CBr.N1CCCCC1,CC(C)(CO)CN1CCCCC1
C1CC(Cn2c(C(C)(C)C)nc3cc(NC(C)=O)ccc32)CCO1,C1CC(Cn2c(C(C)(C)C)nc3cc(N)ccc32)CCO1
O=C(O)CC(CCSC)NC(=O)CCCCc1ccc(C=NN)cc1.OO,O=C(O)CC(CCS(C)=O)NC(=O)CCCCc1ccc(C=NN)cc1
C1(c2ccccc2)=CC(=O)N([C@@H](C)c2ccc(OC)cc2)C1C(=O)OCC,[C@H]1(c2ccccc2)CC(=O)N([C@@H](C)c2ccc(OC)cc2)[C@H]1C(=O)OCC
Cn1ncc2[nH]ccc2c1=O.C(Br)c1ccc(C(=O)c2ccc(Cl)cc2Cl)cc1,Cn1ncc2c(ccn2Cc2ccc(C(=O)c3ccc(Cl)cc3Cl)cc2)c1=O
c1(C=O)cccc(C(=O)N2CCN(C(C)C)CC2)c1.N1CCCCC1,c1(CN2CCCCC2)cccc(C(=O)N2CCN(C(C)C)CC2)c1
CSCC[C@H](NC(=O)c1cc(OC(Cc2cncn2C)c2nccs2)ccc1CCc1ccc(F)cc1)C(=O)OC(C)(C)C,CSCC[C@H](NC(=O)c1cc(OC(Cc2cncn2C)c2nccs2)ccc1CCc1ccc(F)cc1)C(=O)O
c1cc2cc(CO)c(C)c(Cc3ccc(S(=O)(=O)CC)cc3)c2cc1F.ClC(Cl)(Cl)Cl,c1cc2cc(CCl)c(C)c(Cc3ccc(S(=O)(=O)CC)cc3)c2cc1F
CCOC(=O)c1oc2ccc(CC)c(O)c2c1C.C(Br)c1ccccc1,CCOC(=O)c1oc2ccc(CC)c(OCc3ccccc3)c2c1C
Cc1ccc(S(=O)(=O)Cl)cc1.OCCCOc1ccc([N+](=O)[O-])c(CS(=O)(=O)c2cccc3ccccc23)c1,Cc1ccc(S(=O)(=O)OCCCOc2ccc([N+](=O)[O-])c(CS(=O)(=O)c3cccc4ccccc34)c2)cc1
c1c(Nc2cc(C)[nH]n2)nc(Cl)c2ccc(OC)cc12.Nc1ccc(Cl)cc1,c1c(Nc2cc(C)[nH]n2)nc(Nc2ccc(Cl)cc2)c2ccc(OC)cc12
c1cc(-c2ccccc2)ccc1S(=O)(=O)N1CCSC1C(=O)O.N[C@H](c1ccccc1)c1ccccn1,c1cc(-c2ccccc2)ccc1S(=O)(=O)N1CCSC1C(=O)N[C@H](c1ccccc1)c1ccccn1
C(C)(=O)Nc1cc(Br)c(C)cn1.[nH]1cc(C(=O)OCC)c(-c2ccccc2Cl)c1,C(C)(=O)Nc1cc(-n2cc(C(=O)OCC)c(-c3ccccc3Cl)c2)c(C)cn1
s1c(Br)cnc1NC(=O)Nc1ccc(CC(=O)OCC)cc1C(=O)C1CCCC1.Sc1ccccn1,s1c(Sc2ccccn2)cnc1NC(=O)Nc1ccc(CC(=O)OCC)cc1C(=O)C1CCCC1
c1cc([C@]2(C)N=C3SC(C(=O)N4CCC[C@H]4C(=O)O)=C(C(C)C)N3[C@@H]2c2ccc(Cl)cc2)ccc1Cl.N(C)CCN(C)C(C)=O,c1cc([C@]2(C)N=C3SC(C(=O)N4CCC[C@H]4C(=O)N(C)CCN(C)C(C)=O)=C(C(C)C)N3[C@@H]2c2ccc(Cl)cc2)ccc1Cl
Cc1c([N+](=O)[O-])cc(NC(=O)OC(C)(C)C)cc1[N+](=O)[O-],Cc1c([N+](=O)[O-])cc(N)cc1[N+](=O)[O-]
c1ccc2[nH]c(C(=O)O)cc2c1.c1(I)ccc(F)cc1,c1ccc2c(c1)cc(C(=O)O)n2-c1ccc(F)cc1
C(NC(=O)CN(CC(=O)NCc1ccc(C(=O)OCC#N)c(O)c1)C(=O)CCNC(=O)OC(C)(C)C)c1ccc(C(=O)OCC#N)c(O)c1,C(NC(=O)CN(CC(=O)NCc1ccc(C(=O)OCC#N)c(O)c1)C(=O)CCN)c1ccc(C(=O)OCC#N)c(O)c1
CC(C)(C)OC(=O)N1CCC(n2cc(B3OC(C)(C)C(C)(C)O3)cn2)CC1.c1(Cl)cc2cc[nH]c2nn1,CC(C)(C)OC(=O)N1CCC(n2cc(-c3cc4cc[nH]c4nn3)cn2)CC1
Cn1nc(C)c(OC)c(-n2nc(-c3ccc(C(F)(F)F)cc3)cc2C)c1=O,Cn1nc(C)c(O)c(-n2nc(-c3ccc(C(F)(F)F)cc3)cc2C)c1=O
Cc1ccc(I)cc1.c1(Br)ccccc1[N+](=O)[O-],Cc1ccc(-c2ccccc2[N+](=O)[O-])cc1
c1([N+](=O)[O-])ccc(CC(=O)OC)cc1Br.N(C)C,c1([N+](=O)[O-])ccc(CC(=O)OC)cc1N(C)C
FC(F)(F)c1cc(O)nc(S)n1.C(Br)c1scnc1C=C,FC(F)(F)c1cc(O)nc(SCc2scnc2C=C)n1
C[C@@H](O)[C@@H](Nc1ccc(C#N)c(Cl)c1C)C(=O)O.NNC(=O)c1cccc(O)c1,C[C@@H](O)[C@@H](Nc1ccc(C#N)c(Cl)c1C)C(=O)NNC(=O)c1cccc(O)c1
NC(N)=S.C1(Cl)CCCC1=O,n1c(N)sc2c1CCC2
Brc1ccc(C(=O)CCCC)cc1,Brc1ccc(CCCCC)cc1
O=[N+]([O-])c1ccc(Cl)nc1N.N1CCCC(c2nnc3n2CCC3)C1,O=[N+]([O-])c1ccc(N2CCCC(c3nnc4n3CCC4)C2)nc1N
CCOC(=O)c1nc2cc(C)ccn2c1-c1ccc(F)cc1.BrN1C(=O)CCC1=O,CCOC(=O)c1nc2cc(CBr)ccn2c1-c1ccc(F)cc1
c1(NC(N)=S)ccc(Cl)c(C(F)(F)F)c1.C(=O)(CCl)CC(=O)OCC,c1(Nc2nc(CC(=O)OCC)cs2)ccc(Cl)c(C(F)(F)F)c1
O=S(=O)(N=C=O)c1cccc(Cl)c1Cl.NC1CCCC1,O=S(=O)(NC(=O)NC1CCCC1)c1cccc(Cl)c1Cl
c1cc(F)cc2onc(C3CCNCC3)c12.C(Cl)Cc1sc2c(c1C(C)=O)CCN(C(C)=O)C2,c1cc(F)cc2onc(C3CCN(CCc4sc5c(c4C(C)=O)CCN(C(C)=O)C5)CC3)c12
[nH]1cc(CCC(C)=O)c2cc(F)ccc12.NC1COc2c(F)ccc(C(N)=O)c2C1,[nH]1cc(CCC(C)NC2COc3c(F)ccc(C(N)=O)c3C2)c2cc(F)ccc12
COc1cccc(-c2ccc3c(c2)NC(=O)C3)c1.C(=O)c1[nH]c(C)c(CCC(=O)O)c1C,COc1cccc(-c2ccc3c(c2)NC(=O)C3=Cc2[nH]c(C)c(CCC(=O)O)c2C)c1
c1(-c2nc(Nc3ccc(Cl)cc3)c3ccccc3n2)cccc(OC)n1,c1(-c2nc(Nc3ccc(Cl)cc3)c3ccccc3n2)cccc(O)n1
n1c(Cl)ccnc1Cl.Nc1ccccn1,n1c(Nc2ccccn2)ccnc1Cl
COC[C@H]1O[C@@H](n2cnc3c(NCC(c4ccccc4)c4ccccc4)nc(CCN)nc32)[C@H](O)[C@@H]1O.S(=O)(=O)(Cl)c1ccccc1,COC[C@H]1O[C@@H](n2cnc3c(NCC(c4ccccc4)c4ccccc4)nc(CCNS(=O)(=O)c4ccccc4)nc32)[C@H](O)[C@@H]1O
CC(C)(C)OC(=O)N1CCO[C@@H](Cn2c(=O)c(-c3ccc(Br)cc3Cl)cc3cnc(SC)nc32)C1.c1(Br)csc(C)n1,CC(C)(C)OC(=O)N1CCO[C@@H](Cn2c(=O)c(-c3ccc(-c4csc(C)n4)cc3Cl)cc3cnc(SC)nc32)C1
Nc1cc(-c2ccc(OC)cc2)ccc1C(=O)N[C@H](C(=O)OC)C(C)(C)C.C(=O)=Nc1c(Cl)cc(Cl)cc1Cl,N(C(=O)Nc1c(Cl)cc(Cl)cc1Cl)c1cc(-c2ccc(OC)cc2)ccc1C(=O)N[C@H](C(=O)OC)C(C)(C)C
o1c(NC2CCN(Cc3cc(OCC)c(F)c(OCC)c3)CC2)nc2cccc(N)c12.S(=O)(=O)(Cl)c1cn(C)cn1,o1c(NC2CCN(Cc3cc(OCC)c(F)c(OCC)c3)CC2)nc2cccc(NS(=O)(=O)c3cn(C)cn3)c12
c1ccccc1C(c1ccccc1)(c1ccccc1)n1cc(-c2ccccc2)nc1CN(c1ccc(C#N)cc1)c1cc(OCC)cc(O[Si](C)(C)C(C)(C)C)c1F,c1ccccc1C(c1ccccc1)(c1ccccc1)n1cc(-c2ccccc2)nc1CN(c1ccc(C#N)cc1)c1cc(OCC)cc(O)c1F
NC[C@@H]1[C@H]2C[C@H]2CN1C(=O)c1nc(C)sc1-c1cccc(C)c1.C(=O)(O)c1nccc2ccccc12,N(C[C@@H]1[C@H]2C[C@H]2CN1C(=O)c1nc(C)sc1-c1cccc(C)c1)C(=O)c1nccc2ccccc12
c1(C)ccc(B(O)O)cc1.c1(Cl)ccc([N+](=O)[O-])cn1,c1(C)ccc(-c2ccc([N+](=O)[O-])cn2)cc1
O=C(NCc1ccc(B2OC(C)(C)C(C)(C)O2)cc1)OCc1ccccc1.c1(Br)ncn(-c2ccc(OC(F)(F)F)cc2)n1,O=C(NCc1ccc(-c2ncn(-c3ccc(OC(F)(F)F)cc3)n2)cc1)OCc1ccccc1
O=S(=O)(c1ccc(F)cc1C(F)(F)F)[C@@H]1C[C@@H](C(=O)OC)N(C(=O)OC(C)(C)C)C1,O=S(=O)(c1ccc(F)cc1C(F)(F)F)[C@H]1CN[C@H](C(=O)OC)C1
O(C)c1cc(C(=O)N2CCN(Cc3ccccc3)C(CO)C2)cc(OC)c1OC.C(C)I,O(C)c1cc(C(=O)N2CCN(Cc3ccccc3)C(COCC)C2)cc(OC)c1OC
CCN(CC)CCCl.Oc1ccc(-n2ccnc2)cc1,CCN(CC)CCOc1ccc(-n2ccnc2)cc1
c1cc(-c2cnc3cnc(Br)cn23)ccc1C#N.c1(B(O)O)ccc(C(=O)O)cc1F,c1cc(-c2cnc3cnc(-c4ccc(C(=O)O)cc4F)cn23)ccc1C#N
c1cc(N)ccc1CN1N=C(c2ccc(OC)c(OC)c2)C(CC)SC1=O.C(=O)(Cl)C(F)(F)F,c1cc(NC(=O)C(F)(F)F)ccc1CN1N=C(c2ccc(OC)c(OC)c2)C(CC)SC1=O
O=C(Cn1ccc(OCc2ccccc2)cc1=O)c1ccc(CBr)c(F)c1.N1CCC(C)(O)CC1,O=C(Cn1ccc(OCc2ccccc2)cc1=O)c1ccc(CN2CCC(C)(O)CC2)c(F)c1
c1cc(OS(=O)(=O)C(F)(F)F)cc2cnc(C(=O)OC)cc12.c1(B2OC(C)(C)C(C)(C)O2)ccc(O)cc1,c1cc(-c2ccc(O)cc2)cc2cnc(C(=O)OC)cc12
C=C[Sn](CCCC)(CCCC)CCCC.c1(OS(=O)(=O)C(F)(F)F)ccc2ccc(OC)cc2c1,C=Cc1ccc2ccc(OC)cc2c1
COc1c(Br)cccc1[N+](=O)[O-].B1(B2OC(C)(C)C(C)(C)O2)OC(C)(C)C(C)(C)O1,COc1c(B2OC(C)(C)C(C)(C)O2)cccc1[N+](=O)[O-]
CCCn1c(C)c(-c2ccncc2)c2cc(OC(C)(C)C(=O)O)ccc21.NC1CCCCC1,CCCn1c(C)c(-c2ccncc2)c2cc(OC(C)(C)C(=O)NC3CCCCC3)ccc21
CC(=O)OC[C@H]1O[C@H](OC(C)=O)[C@H](N=[N+]=[N-])[C@@H](OC(C)=O)[C@@H]1OC(C)=O,CC(=O)OC[C@H]1O[C@H](OC(C)=O)[C@H](N)[C@@H](OC(C)=O)[C@@H]1OC(C)=O
c1(F)ccc(CN)cc1.c1(Cl)nc(-c2ccno2)nc2scc(C)c12,c1(F)ccc(CNc2nc(-c3ccno3)nc3scc(C)c23)cc1
CSc1c(Cl)c(-c2cc(S(=O)(=O)Cl)c(Cl)cc2Cl)nn1C,CSc1c(Cl)c(-c2cc(S)c(Cl)cc2Cl)nn1C
c1ccccc1CCC(C)=O.NNc1cc[nH]c(=O)c1,c1ccccc1CCC(C)=NNc1cc[nH]c(=O)c1
C1CCC[C@@H](Nc2ncc3cncc(-c4c[nH]c5cnccc45)c3n2)[C@H]1NC(=O)OC(C)(C)C,C1CCC[C@H](Nc2ncc3cncc(-c4c[nH]c5cnccc45)c3n2)[C@@H]1N
c1(B2OC(C)(C)C(C)(C)O2)ccc(NC(=O)Nc2cc(C(F)(F)F)ccc2F)cc1.c1(I)ccnc(NN(C(=O)OC(C)(C)C)C(=O)OC(C)(C)C)c1C#N,c1(-c2ccnc(NN(C(=O)OC(C)(C)C)C(=O)OC(C)(C)C)c2C#N)ccc(NC(=O)Nc2cc(C(F)(F)F)ccc2F)cc1
C(=O)(OC)c1sc([N+](=O)[O-])c(C)c1Cl,C(=O)(OC)c1sc(N)c(C)c1Cl
C(#N)C(C)(C)c1cccc(C(=O)Nc2ccc(CC)c(Oc3ccc4nc(N)sc4n3)c2)c1.C(=O)(Cl)CCl,C(#N)C(C)(C)c1cccc(C(=O)Nc2ccc(CC)c(Oc3ccc4nc(NC(=O)CCl)sc4n3)c2)c1
C1C[C@H](O[Si](C)(C)C(C)(C)C)C(=O)N1.C(Br)c1ccc(Cl)cc1,C1C[C@H](O[Si](C)(C)C(C)(C)C)C(=O)N1Cc1ccc(Cl)cc1
c1cnc(F)nc1N(C)c1ccnc(-c2ccccc2)n1.NCC(c1cccnc1)N(C)C,c1cnc(NCC(c2cccnc2)N(C)C)nc1N(C)c1ccnc(-c2ccccc2)n1
CC(C)C[C@@H](C(=O)NN(CC(C)C)C(=O)[C@@H](C)O)[C@H](C/C=C/c1ccccc1)C(=O)NOC1CCCCO1,CC(C)C[C@@H](C(=O)NN(CC(C)C)C(=O)[C@@H](C)O)[C@H](C/C=C/c1ccccc1)C(=O)NO
COC(=O)C1(C)COCCN1Cc1ccccc1,COC(=O)C1(C)COCCN1
C1(C(=O)Nc2ccc(CNC(=O)OC(C)(C)C)cc2)C(C)(C)C1(C)C,C1(C(=O)Nc2ccc(CN)cc2)C(C)(C)C1(C)C
C(CCNC(=O)OCc1ccccc1)[C@@H](CC(=O)O)NC(=O)OC(C)(C)C.NCCNC(=O)OC(C)(C)C,C(CCNC(=O)OCc1ccccc1)[C@@H](CC(=O)NCCNC(=O)OC(C)(C)C)NC(=O)OC(C)(C)C
Fc1cc(-c2ccc(OCc3cccc4c3cnn4CCC(=O)OCC)cc2)c(OC)cc1F,Fc1cc(-c2ccc(OCc3cccc4c3cnn4CCC(=O)O)cc2)c(OC)cc1F
c1ccnc(OCC)c1C1=NC(c2ccc(Cl)cc2)C(c2ccc(Cl)cc2)N1C(=O)Cl.N1CCNCC1=O,c1ccnc(OCC)c1C1=NC(c2ccc(Cl)cc2)C(c2ccc(Cl)cc2)N1C(=O)N1CCNCC1=O
C(C)Cn1c(-c2ccncc2)c(C)c2cc(OC(C)(C)C(=O)OCC)ccc21,C(C)Cn1c(-c2ccncc2)c(C)c2cc(OC(C)(C)C(=O)O)ccc21
O=C(O)CN(CCC(=O)OC(C)(C)C)C(=O)OC(C)(C)C.N1CCOc2cc(OCc3cc(-c4ccccc4)c(C(F)(F)F)s3)ccc21,O=C(CN(CCC(=O)OC(C)(C)C)C(=O)OC(C)(C)C)N1CCOc2cc(OCc3cc(-c4ccccc4)c(C(F)(F)F)s3)ccc21
Cc1cc(Br)cnc1C1=CCNCC1.C1(=O)CCOC1C,Cc1cc(Br)cnc1C1=CCN([C@@H]2CCO[C@H]2C)CC1
CCOC(=O)CCCCC(/C=C/c1ccccc1O)Cc1ccc(C#N)cc1.C(Br)c1ccc(C(C)(C)C)cc1,CCOC(=O)CCCCC(/C=C/c1ccccc1OCc1ccc(C(C)(C)C)cc1)Cc1ccc(C#N)cc1
c1(OC)cc2c(cc1OCC)[C@H]1CN(C)CC[C@H]1N=C2c1ccc(C(=O)Cl)cc1.N(C(C)C)[C@@H](C)COC(=O)c1ccc([N+](=O)[O-])cc1,c1(OC)cc2c(cc1OCC)[C@H]1CN(C)CC[C@H]1N=C2c1ccc(C(=O)N(C(C)C)[C@@H](C)COC(=O)c2ccc([N+](=O)[O-])cc2)cc1
c12cc([N+](=O)[O-])sc1nc(-c1ccno1)nc2Cl.NCCc1ccc2c(c1)OCO2,c12cc([N+](=O)[O-])sc1nc(-c1ccno1)nc2NCCc1ccc2c(c1)OCO2
O=C1CCC(=O)N1C=CC.Cl,O=C1CCC(=O)N1C(Cl)CC
Sc1cc(Cl)cc(OC)c1.C(C)(Br)C(=O)CC(=O)OC,S(c1cc(Cl)cc(OC)c1)C(C)C(=O)CC(=O)OC
N(CCN)C(=O)OC(C)(C)C.C(=O)(O)c1ccc2c(c1)C(CO)c1cc(C(=O)NCCOCCOCCOC)ccc1-2,N(CCNC(=O)c1ccc2c(c1)C(CO)c1cc(C(=O)NCCOCCOCCOC)ccc1-2)C(=O)OC(C)(C)C
O=C(OC)c1cn(-c2ccnc(NCCc3ccc(O)cc3)n2)nc1-c1ccccc1Cl,O=C(O)c1cn(-c2ccnc(NCCc3ccc(O)cc3)n2)nc1-c1ccccc1Cl
c12ncnc(Cl)c1cnn2C1CCN(C(=O)OC(C)(C)C)CC1.Oc1ccc(N2CCN(C(C)=O)CC2)cc1,c12ncnc(Oc3ccc(N4CCN(C(C)=O)CC4)cc3)c1cnn2C1CCN(C(=O)OC(C)(C)C)CC1
CC(C)(C)[Si](C)(C)Oc1ccc(-c2cnc(N)c(Br)n2)cc1.C(=C/c1ccccc1)\B(O)O,CC(C)(C)[Si](C)(C)Oc1ccc(-c2cnc(N)c(/C=C/c3ccccc3)n2)cc1
n1(Cc2ccccc2Cl)nnc2c(Cl)nc(C(C)(C)C)nc21.N1CCCC1,n1(Cc2ccccc2Cl)nnc2c(N3CCCC3)nc(C(C)(C)C)nc21
C1CCCC(N)C1.C(=O)(O)[C@@H]1C[C@H]2C[C@H]2N1C(=O)OC(C)(C)C,C1CCCC(NC(=O)[C@@H]2C[C@H]3C[C@H]3N2C(=O)OC(C)(C)C)C1
c12cc3c(cc1OCO2)C[C@@H](C)N(c1nc2ccccc2[nH]1)N=C3c1ccc([N+](=O)[O-])cc1,c12cc3c(cc1OCO2)C[C@@H](C)N(c1nc2ccccc2[nH]1)N=C3c1ccc(N)cc1
CSc1ccc(Br)cc1.N1CCN(c2c(C)c(C)c3c(c2C)CC(C)(C)O3)CC1,CSc1ccc(N2CCN(c3c(C)c(C)c4c(c3C)CC(C)(C)O4)CC2)cc1
c1(NC(=O)c2cnc3c(c2)N(S(=O)(=O)c2cc(Cl)ccc2OC)CCO3)ccc(C(=O)OC(C)(C)C)cc1,c1(NC(=O)c2cnc3c(c2)N(S(=O)(=O)c2cc(Cl)ccc2OC)CCO3)ccc(C(=O)O)cc1
c1(N[C@@H](C)c2ccc(F)cc2)nc(Cl)cc(Cl)n1.N1CCC(O)(CO)CC1,c1(N[C@@H](C)c2ccc(F)cc2)nc(Cl)cc(N2CCC(O)(CO)CC2)n1
c1(NC(=O)NCCCc2ccccc2)ccc(CCNC[C@H](O)c2ccc(OCc3ccccc3)c3[nH]c(=O)ccc23)cc1,c1(NC(=O)NCCCc2ccccc2)ccc(CCNC[C@H](O)c2ccc(O)c3[nH]c(=O)ccc23)cc1
C[C@]12CC[C@@H](O)C[C@@H]1CC[C@H]1[C@@H]3CC[C@H](C(C)=O)[C@@]3(C)CC[C@@H]12,C[C@]12CC[C@@H](O)C[C@@H]1CC[C@H]1[C@@H]3CC[C@H]([C@@H](C)O)[C@@]3(C)CC[C@@H]12
c1nc(O)c(O)c(C(=O)OC)n1.C(=O)(Cl)C(C)(C)C,c1nc(O)c(OC(=O)C(C)(C)C)c(C(=O)OC)n1
C=CCN.C1(=O)CCN(CCC(c2ccccc2)c2ccccc2)CC1,C=CCNC1CCN(CCC(c2ccccc2)c2ccccc2)CC1
C1(F)(F)CC[C@@H](N=[N+]=[N-])[C@H](O)C1,C1(F)(F)CC[C@@H](N)[C@H](O)C1
C(OCC)[C@H]1CCCN(C[C@H]2CCCC[C@@H]2N)C1.C(=O)(O)c1ccc(OCCOC)cc1,C(OCC)[C@H]1CCCN(C[C@H]2CCCC[C@@H]2NC(=O)c2ccc(OCCOC)cc2)C1
c12[nH]c(OCC)nc1c(Cl)nc1ccccc12.N,c12[nH]c(OCC)nc1c(N)nc1ccccc12
O=C1OC(=O)C2=C1CCCC2.Nc1ccc(Cl)cc1F,O=C1C2=C(CCCC2)C(=O)N1c1ccc(Cl)cc1F
CC(=O)Cl.Oc1cc[nH]c(=O)c1,CC(=O)Oc1cc[nH]c(=O)c1
[O-][N+](=O)c1ccc(OC(=O)Cl)cc1.OC1CCCCC1,[O-][N+](=O)c1ccc(OC(=O)OC2CCCCC2)cc1
C(=O)CCc1nc2cc3c(cc2[n+]([O-])n1)CCO3.N1CCOCC1,C(CCc1nc2cc3c(cc2[n+]([O-])n1)CCO3)N1CCOCC1
c12ccc(Nc3ncnn4ccc(CN5CCC(NC(=O)COC(C)=O)CC5)c34)cc1cnn2Cc1cccc(F)c1,c12ccc(Nc3ncnn4ccc(CN5CCC(NC(=O)CO)CC5)c34)cc1cnn2Cc1cccc(F)c1
Cc1c(Cc2ccc(O)cc2F)c(O[C@@]2(O)O[C@H](CO)[C@@H](O)[C@H](O)[C@H]2O)nn1C(C)C.C(C)(C)I,Cc1c(Cc2ccc(OC(C)C)cc2F)c(O[C@@]2(O)O[C@H](CO)[C@@H](O)[C@H](O)[C@H]2O)nn1C(C)C
n1c(COC)c(C=C)c(Oc2cc(O[C@@H](C)C(=O)OC)c(Cl)cc2Cl)n1C,n1c(COC)c(C=C)c(Oc2cc(O[C@@H](C)C(=O)O)c(Cl)cc2Cl)n1C
c1(Cl)ccc(Br)cc1S(=O)(=O)NC1CCCCC1.c1(B(O)O)cc2c(C)cccc2n1C(=O)OC(C)(C)C,c1(Cl)ccc(-c2cc3c(C)cccc3n2C(=O)OC(C)(C)C)cc1S(=O)(=O)NC1CCCCC1
CCCC(=O)Oc1cc2oc(=O)c(C(=O)NCC(=O)OCc3ccccc3)cc2cc1Cl,CCCC(=O)Oc1cc2oc(=O)c(C(=O)NCC(=O)O)cc2cc1Cl
C(CCCCCC)N(CC)C(=O)Cc1ccc([N+](=O)[O-])cc1,C(CCCCCC)N(CC)C(=O)Cc1ccc(N)cc1
c1nc(C(=O)OC)ccc1[N+](=O)[O-].N1CCCCC1,c1nc(C(=O)N2CCCCC2)ccc1[N+](=O)[O-]
O=C(Nc1cc2ccccc2cc1C(=O)NC1(C(=O)OC)CCOCC1)Nc1c(Cl)cccc1Cl,O=C(Nc1cc2ccccc2cc1C(=O)NC1(C(=O)O)CCOCC1)Nc1c(Cl)cccc1Cl
N(=C=O)c1cccc(C#N)c1.N1CCN(c2nc(-c3ccccc3)ns2)CC1,N(C(=O)N1CCN(c2nc(-c3ccccc3)ns2)CC1)c1cccc(C#N)c1
Oc1ccc2cc(Br)ccc2c1.c1(B(O)O)ccccc1,Oc1ccc2cc(-c3ccccc3)ccc2c1
CC(C)(C)OC(=O)N[C@@H]1C[C@H](C(=O)O)C1(C)C.N1CCCCC1,CC(C)(C)OC(=O)N[C@@H]1C[C@H](C(=O)N2CCCCC2)C1(C)C
c12cnc(Nc3ccc(C(=O)O)cc3C)nc1N(C1CCCC1)CC(F)(F)C(=O)N2C.NC,c12cnc(Nc3ccc(C(=O)NC)cc3C)nc1N(C1CCCC1)CC(F)(F)C(=O)N2C
[O-][N+](=O)c1ccc(Br)nc1.N(C)C1CCOCC1,[O-][N+](=O)c1ccc(N(C)C2CCOCC2)nc1
[N+](=O)([O-])c1cc(C(=O)O)cc(OCc2ccsc2)c1-c1ccccc1,Nc1cc(C(=O)O)cc(OCc2ccsc2)c1-c1ccccc1
N#Cc1cc(C(=O)OC)ccc1OS(=O)(=O)C(F)(F)F.B1(B2OC(C)(C)C(C)(C)O2)OC(C)(C)C(C)(C)O1,N#Cc1cc(C(=O)OC)ccc1B1OC(C)(C)C(C)(C)O1
O=[N+]([O-])c1ccc(Cl)cc1.NCCc1ccccc1,O=[N+]([O-])c1ccc(NCCc2ccccc2)cc1
C(C)N(CC)CCO.C(Br)c1cccc(COc2ccc(C(=O)Nc3cc(C(=O)NC4CC4)ccc3C)cc2)n1,C(C)N(CC)CCOCc1cccc(COc2ccc(C(=O)Nc3cc(C(=O)NC4CC4)ccc3C)cc2)n1
c1cccc(-c2noc(C)c2-c2nnc(-c3ccc(Cl)nc3)o2)c1.NCCO,c1cccc(-c2noc(C)c2-c2nnc(-c3ccc(NCCO)nc3)o2)c1
C(=O)(O)CCCOc1ccc(-c2ccc(C#N)cc2)cc1.N1C(=O)OC[C@@H]1Cc1ccccc1,C(=O)(CCCOc1ccc(-c2ccc(C#N)cc2)cc1)N1C(=O)OC[C@@H]1Cc1ccccc1
c1c(Nc2ncc(Cl)c(N(C)C3CCC4(CC3)CCN(C(=O)OC(C)(C)C)C4)n2)cnn1C,c1c(Nc2ncc(Cl)c(N(C)C3CCC4(CCNC4)CC3)n2)cnn1C
O[C@H]([C@@H](O)C=O)[C@H](O)[C@H](O)CO.NC1CCCCC1,O[C@H]([C@@H](O)CNC1CCCCC1)[C@H](O)[C@H](O)CO
c1(COc2ccc(Nc3ncnc4ccc(-c5ccc(C(=O)O)o5)cc34)cc2)ccccc1.NCCS(C)(=O)=O,c1(COc2ccc(Nc3ncnc4ccc(-c5ccc(C(=O)NCCS(C)(=O)=O)o5)cc34)cc2)ccccc1
COc1cc(C(Cn2ccnc2)Sc2ccc(C(=O)OC)cc2)cc(OC)c1OC,COc1cc(C(Cn2ccnc2)Sc2ccc(C(=O)O)cc2)cc(OC)c1OC
O(C(=O)c1ccc([N+](=O)[O-])cc1)[C@H]1CCN(C(=O)OC(C)(C)C)C1,O(C(=O)c1ccc([N+](=O)[O-])cc1)[C@H]1CCNC1
COc1cnc(-n2c(=S)[nH]c3cc(C(=O)OC)ccc3c2=O)c(OC)c1,COc1cnc(-n2c(=S)[nH]c3cc(C(=O)O)ccc3c2=O)c(OC)c1
s1c(C(=O)N(C)c2ccccc2Cl)cc2c1-c1ccc(CBr)cc1OCC2.NCCN(C)C,s1c(C(=O)N(C)c2ccccc2Cl)cc2c1-c1ccc(CNCCN(C)C)cc1OCC2
C[C@@H](CO[Si](C)(C)C(C)(C)C)Oc1cc(Oc2ccc3c(ccn3C)c2)cc(C(=O)Nc2ccn(C)n2)c1,C[C@@H](CO)Oc1cc(Oc2ccc3c(ccn3C)c2)cc(C(=O)Nc2ccn(C)n2)c1
CCC1(CNc2nc(OC)ccc2F)CCOCC1,CCC1(CNc2nc(O)ccc2F)CCOCC1
C1[C@H](OCC(=O)OC(C)(C)C)C=C[C@H]1N1C(=O)c2ccccc2C1=O,C1C(N)C=CC1OCC(=O)OC(C)(C)C
CC(C)(C)OC(=O)N1CCN(Cc2ccccc2)C[C@H]1C=O.C(C1CC1)[P+](c1ccccc1)(c1ccccc1)c1ccccc1,CC(C)(C)OC(=O)N1CCN(Cc2ccccc2)C[C@H]1/C=C/C1CC1
c1(COc2ccc(C(=O)Nc3cc(-c4ncc[nH]4)ccc3C)cc2)cc(Cl)ccn1.OCCN(C)C,c1(COc2ccc(C(=O)Nc3cc(-c4ncc[nH]4)ccc3C)cc2)cc(OCCN(C)C)ccn1
c1cc(F)cc(F)c1[N+](=O)[O-].NN(C)C,c1cc(F)cc(NN(C)C)c1[N+](=O)[O-]
n1c(Cl)ncc(Cl)c1NC1CC1.Nc1cccc(C2OCCCO2)c1,n1c(Nc2cccc(C3OCCCO3)c2)ncc(Cl)c1NC1CC1
O=C(O)C1CCN(c2ccccc2)CC1.NCC(=O)N1CCN(C(=O)c2ccccc2C(F)(F)F)CC1,O=C(NCC(=O)N1CCN(C(=O)c2ccccc2C(F)(F)F)CC1)C1CCN(c2ccccc2)CC1
C(=C(NC)SC)[N+](=O)[O-],C(C(NC)SC)[N+](=O)[O-]
O=C1C(C)=C(Cc2ccc(CC(=O)O)cc2)C(=O)C(OC)=C1OC.N1CCCCC1,O=C1C(C)=C(Cc2ccc(CC(=O)N3CCCCC3)cc2)C(=O)C(OC)=C1OC
c12scc(Br)c1sc(C(=O)OC)c2OCC(=O)OCC.c1(B(O)O)cccc(N)c1,c12scc(-c3cccc(N)c3)c1sc(C(=O)OC)c2OCC(=O)OCC
c1cccc(C2(c3ccccc3)CCC(=O)C3CN(C(=O)Cc4ccccc4N(C)C(=O)OC(C)(C)C)CC32)c1,c1cccc(C2(c3ccccc3)CCC(=O)C3CN(C(=O)Cc4ccccc4NC)CC32)c1
CCOC(=O)CC(=O)c1ccc(OC(C)=O)cc1,CCOC(=O)CC(O)c1ccc(OC(C)=O)cc1
COC(=O)c1ccc(Cl)nc1.Nc1ccc(C)nc1,COC(=O)c1ccc(Nc2ccc(C)nc2)nc1
CCOC(=O)CCNCC(=O)OCC.C(=O)(Cl)OCC,CCOC(=O)CCN(CC(=O)OCC)C(=O)OCC
O1C(=O)[C@H](C)[C@H]2C=CC[C@@H]12.O,O1C(=O)[C@H](C)[C@H]2C[C@@H](O)C[C@@H]12
C(#N)c1cccc(N)c1.C(=O)(O)c1ccc(-c2ccccc2)o1,C(#N)c1cccc(NC(=O)c2ccc(-c3ccccc3)o2)c1
C(c1ccc(C2(O)CC(C(=O)O)C2)cc1Cl)N1CCCC1.N(C)Cc1ncccc1C,C(c1ccc(C2(O)CC(C(=O)N(C)Cc3ncccc3C)C2)cc1Cl)N1CCCC1
Cn1cncc1C(CCCO)(NS(=O)C(C)(C)C)c1ccc(C#N)c(F)c1,Cn1cncc1C(CCC=O)(NS(=O)C(C)(C)C)c1ccc(C#N)c(F)c1
N[C@H](COC(F)F)C(=O)NCc1ccccc1.S(C)(=O)(=O)Cl,N([C@H](COC(F)F)C(=O)NCc1ccccc1)S(C)(=O)=O
Cc1ccc(C(N=[N+]=[N-])C2CCSCC2)o1,Cc1ccc(C(N)C2CCSCC2)o1
C1(CC(=O)OCC)CCCCN1Cc1cccnc1OC,C1(CC(=O)O)CCCCN1Cc1cccnc1OC
c1(N)cc(OC)cc(OC)c1.c1(Cl)nc(SC)nc(C)c1C(=O)OCC,c1(Nc2nc(SC)nc(C)c2C(=O)OCC)cc(OC)cc(OC)c1
COc1cc(Cl)ccc1N=c1scc(-c2ccc(F)cc2)n1CCCN(CC(=O)OCC)C(=O)OC(C)(C)C,COc1cc(Cl)ccc1N=c1scc(-c2ccc(F)cc2)n1CCCN(CC(=O)O)C(=O)OC(C)(C)C
C1CN(CCn2cccc(-c3ccc(C(=O)OCc4ccccc4)cc3)c2=O)CCC1C(=O)OCC,C1CN(CCn2cccc(-c3ccc(C(=O)O)cc3)c2=O)CCC1C(=O)OCC
c1c(C)noc1-c1cc2c(OC)cccc2o1,c1c(C)noc1-c1cc2c(O)cccc2o1
c1ccncc1NC(=O)c1ccccc1NC(=O)NCCCCCCC,C1CCNCC1NC(=O)c1ccccc1NC(=O)NCCCCCCC
C(OC(=O)c1ccccc1)[C@@H]1CC[C@@H](COCc2ccccc2)N1C(=O)OC(C)(C)C,C(O)[C@@H]1CC[C@@H](COCc2ccccc2)N1C(=O)OC(C)(C)C
NCCCN.c1(Cl)nc[nH]n1,NCCCNc1nc[nH]n1
O(c1cc(CCC(=O)OCC)n(Cc2ccccc2OC)n1)C(C)C,O(c1cc(CCCO)n(Cc2ccccc2OC)n1)C(C)C
[C@H]1(C)CN(c2ncc(B3OC(C)(C)C(C)(C)O3)cc2C=O)C[C@@H](C)O1.c1(Br)nccs1,[C@H]1(C)CN(c2ncc(-c3nccs3)cc2C=O)C[C@@H](C)O1
c1ccc(/C=C/C(=O)O)cc1O.CO,c1ccc(/C=C/C(=O)OC)cc1O
O=C1c2c([nH]c(C=O)c2C)CCCN1CCN1CCCC1.C1C(=O)Nc2c(Br)cc(F)cc21,O=C1c2c([nH]c(C=C3C(=O)Nc4c(Br)cc(F)cc43)c2C)CCCN1CCN1CCCC1
CCOC(=O)C(C)Br.Sc1nc2cc(Cl)ccc2s1,CCOC(=O)C(C)Sc1nc2cc(Cl)ccc2s1
CCSCC(O)(C(Nc1cccc2nc(C)ccc12)c1ccc(Cl)c(OC)c1F)C(F)(F)F,CCSCC(O)(C(Nc1cccc2nc(C)ccc12)c1ccc(Cl)c(O)c1F)C(F)(F)F
c1c(NC(=O)OC(C)(C)C)ccc2c1OCCCC2=O.CI,c1c(N(C)C(=O)OC(C)(C)C)ccc2c1OCCCC2=O
OC(=O)c1c(-c2ccccc2)c2cc(Br)ccc2c(=O)n1Cc1ccc2c(c1)OCO2.C(O)c1ccncc1,O(Cc1ccncc1)C(=O)c1c(-c2ccccc2)c2cc(Br)ccc2c(=O)n1Cc1ccc2c(c1)OCO2
c1cc(CC(O)C(=O)OCC)ccc1OCc1ccccc1.C(C)I,c1cc(CC(OCC)C(=O)OCC)ccc1OCc1ccccc1
c12c(C)ccc(O)c1CCC(=O)N2.C(Cl)CCN1CCN(Cc2ccc3ccccc3n2)CC1,c12c(C)ccc(OCCCN3CCN(Cc4ccc5ccccc5n4)CC3)c1CCC(=O)N2
CC1(C)CCC(C)(C)c2cc(C=O)cc(OCCOCC)c21.C(#C)[Mg+],CC1(C)CCC(C)(C)c2cc(C(O)C#C)cc(OCCOCC)c21
C(CC)CCCCCC#Cc1ccc(C=O)cc1.NCc1ccc(OCC(=O)OC)cc1,C(CC)CCCCCC#Cc1ccc(CNCc2ccc(OCC(=O)OC)cc2)cc1
O=C1NCCN(C2CCNCC2)C1c1ccccc1.C(=O)(OC(=O)OC(C)(C)C)OC(C)(C)C,O=C1NCCN(C2CCN(C(=O)OC(C)(C)C)CC2)C1c1ccccc1
c1c(S(C)(=O)=O)ccc(OC(C)C)c1C(=O)O.N1Cc2ccccc2C1,c1c(S(C)(=O)=O)ccc(OC(C)C)c1C(=O)N1Cc2ccccc2C1
O=[N+]([O-])c1ccc(F)c(Cl)c1.Oc1ccc(CCCn2ccnc2)cc1,O=[N+]([O-])c1ccc(Oc2ccc(CCCn3ccnc3)cc2)c(Cl)c1
c1cc(Cl)cc2nc(C3CNC3)[nH]c12.c1(Cl)cc(C2CCOCC2)ncn1,c1cc(Cl)cc2nc(C3CN(c4cc(C5CCOCC5)ncn4)C3)[nH]c12
C(C)(C)(NC(=O)c1cc(Cl)cc(Cl)c1)C(=O)COC(C)=O,C(C)(C)(NC(=O)c1cc(Cl)cc(Cl)c1)C(=O)CO
c1(Cn2c(C)nc(C)c(-c3ccc([N+](=O)[O-])cc3)c2=O)ccc([C@H](C)CC(=O)OC)cc1,c1(Cn2c(C)nc(C)c(-c3ccc(N)cc3)c2=O)ccc([C@H](C)CC(=O)OC)cc1
N.c1(Cl)cnc(-c2cccc(Cl)c2Cl)c(N)n1,Nc1cnc(-c2cccc(Cl)c2Cl)c(N)n1
O=C(O)c1cnc(Cl)c(Br)c1.OCC1CC1,O=C(O)c1cnc(OCC2CC2)c(Br)c1
c1cc(CN2C[C@H](C)N(c3nc(C)c(C(=O)O)s3)C2=O)ccc1F.NCc1ccccn1,c1cc(CN2C[C@H](C)N(c3nc(C)c(C(=O)NCc4ccccn4)s3)C2=O)ccc1F
c1nc(C)ncc1O.C(=O)(Cl)C1(C2CCCCC2)CCCCC1,c1nc(C)ncc1OC(=O)C1(C2CCCCC2)CCCCC1
c1cn(-c2ccc3nc(C4CC4)n(C)c3c2)c(=O)cc1OCc1ccccc1,c1cn(-c2ccc3nc(C4CC4)n(C)c3c2)c(=O)cc1O
O=C(OC(C)(C)C)N1CCC(C)(N2CCC(=O)CC2)CC1.N[C@H]1CCCC[C@@H]1N,O=C(OC(C)(C)C)N1CCC(C)(N2CCC(N[C@H]3CCCC[C@@H]3N)CC2)CC1
c1ccccc1O.c1(Cl)nc(Nc2cc[nH]n2)cc2ccccc12,c1ccccc1Oc1nc(Nc2cc[nH]n2)cc2ccccc12
Clc1ccc(C(=O)Nc2cc(OCCOC)ccc2/C=C/C(=O)OCC)c(Cl)c1,Clc1ccc(C(=O)Nc2cc(OCCOC)ccc2/C=C/C(=O)O)c(Cl)c1
c1c(-c2ccccc2Cl)[nH]c2ncc(Br)nc12.c1(B(O)O)ccc(S(=O)(=O)N(C)C)cc1C,c1c(-c2ccccc2Cl)[nH]c2ncc(-c3ccc(S(=O)(=O)N(C)C)cc3C)nc12
C#CC(=O)O.C(O)CC#N,C#CC(=O)OCCC#N
COC(=O)c1cccc([N+](=O)[O-])c1N.C(=O)(OC(=O)C(F)(F)F)C(F)(F)F,COC(=O)c1cccc([N+](=O)[O-])c1NC(=O)C(F)(F)F
c1(NC(C)=O)ccc(N)c(C(=O)c2ccccc2Cl)c1,c1(NC(C)=O)ccc(N)c(C(O)c2ccccc2Cl)c1
c1ccc(C2CCNCC2)cc1.C(=O)(O)CCCCC(=O)Nc1scc(-c2ccccc2)c1C(=O)OC(C)(C)C,c1ccc(C2CCN(C(=O)CCCCC(=O)Nc3scc(-c4ccccc4)c3C(=O)OC(C)(C)C)CC2)cc1
Fc1cc(F)cc(F)c1S(=O)(=O)Cl.N(Cc1ccc(OC)cc1OC)c1ccncn1,Fc1cc(F)cc(F)c1S(=O)(=O)N(Cc1ccc(OC)cc1OC)c1ccncn1
c1cc(C(F)(F)F)ccc1-c1ccccc1C(=O)O.Nc1ccc(CCc2cn(C(c3ccccc3)(c3ccccc3)c3ccccc3)cn2)cc1,c1cc(C(F)(F)F)ccc1-c1ccccc1C(=O)Nc1ccc(CCc2cn(C(c3ccccc3)(c3ccccc3)c3ccccc3)cn2)cc1
CCCn1c(C(=O)O)c(CN(Cc2cc(C(F)(F)F)cc(C(F)(F)F)c2)c2nnn(C)n2)c2ccccc21.N(CC1CC1)CC1CC1,CCCn1c(C(=O)N(CC2CC2)CC2CC2)c(CN(Cc2cc(C(F)(F)F)cc(C(F)(F)F)c2)c2nnn(C)n2)c2ccccc21
c1ccc2c(O)ccc3c2c1C(O[Si](C)(C)OC(C)(C)C)C3.CI,c1ccc2c(OC)ccc3c2c1C(O[Si](C)(C)OC(C)(C)C)C3
COC(=O)c1ccc(Br)c(C)c1.c1(B(O)O)ccccc1C(F)(F)F,COC(=O)c1ccc(-c2ccccc2C(F)(F)F)c(C)c1
c1(C(=O)Nc2ccc3cc(C(=O)O)cnc3c2)ccccc1-c1ccc(C(F)(F)F)cc1.NC1CC1,c1(C(=O)Nc2ccc3cc(C(=O)NC4CC4)cnc3c2)ccccc1-c1ccc(C(F)(F)F)cc1
c1cc(-c2ccc(C#N)cc2)ccc1OC(F)F,c1cc(-c2ccc(CN)cc2)ccc1OC(F)F
C1(Cl)=C(Cl)C(=O)c2ccccc2C1=O.N1CCN(C(=O)OCC)CC1,C1(N2CCN(C(=O)OCC)CC2)=C(Cl)C(=O)c2ccccc2C1=O
c1(C(=O)OC)cc(O)cc(C(=O)OC)c1.C(Br)c1ccccc1,c1(C(=O)OC)cc(OCc2ccccc2)cc(C(=O)OC)c1
c1(S(=O)(=O)Cl)cccc(C(F)(F)F)c1.[nH]1ccc2c(Br)cccc12,c1(S(=O)(=O)n2ccc3c(Br)cccc32)cccc(C(F)(F)F)c1
C(Oc1ccc(F)c(NCc2c(F)ccc(-c3cccc(F)c3)c2F)c1F)C(=O)OCC,C(Oc1ccc(F)c(NCc2c(F)ccc(-c3cccc(F)c3)c2F)c1F)C(=O)O
c1cocc1-c1cncc(C(=O)OC)c1,c1cocc1-c1cncc(C(=O)O)c1
C(N)c1ccc(N2CCC(C)(C)CC2)cc1.C(=O)(O)c1cc(NC(=O)c2ccccc2-c2ccc(C(F)(F)F)cc2)cn1C,C(NC(=O)c1cc(NC(=O)c2ccccc2-c2ccc(C(F)(F)F)cc2)cn1C)c1ccc(N2CCC(C)(C)CC2)cc1
C1CN(CCO)CCN1C(=O)OC(C)(C)C.S(C)(=O)(=O)Cl,C1CN(CCOS(C)(=O)=O)CCN1C(=O)OC(C)(C)C
OCC(O)CN1CCNCC1.c1(Cl)ccc(Cl)nn1,OCC(O)CN1CCN(c2ccc(Cl)nn2)CC1
c1(Cl)cc(Cl)ccc1-c1nc(C(=O)OCC)n(C)c1-c1ccc(Cl)cc1Cl.NC1CCCCC1,c1(Cl)cc(Cl)ccc1-c1nc(C(=O)NC2CCCCC2)n(C)c1-c1ccc(Cl)cc1Cl
c1ccc2c([nH]c3c(OCC)nc(Cl)nc32)c1Br.N1CCNCC1,c1ccc2c([nH]c3c(OCC)nc(N4CCNCC4)nc32)c1Br
[N+](=O)([O-])c1cc(F)c(N2CCCCC2)cc1N,Nc1cc(F)c(N2CCCCC2)cc1N
c1(-c2ccccc2)cnc(C2CCCCN2C(=O)OCc2ccccc2)o1,c1(-c2ccccc2)cnc(C2CCCCN2)o1
CC(C)(CC(=O)C(F)(F)F)c1cccc(C2(C)OCCO2)c1.C[S+](C)(C)=O,CC(C)(CC1(C(F)(F)F)CO1)c1cccc(C2(C)OCCO2)c1
C1CC1N.c1(Cl)ccc(C(=O)OCC)cn1,C1CC1Nc1ccc(C(=O)OCC)cn1
FC(F)(F)c1cc(F)ccc1S(=O)(=O)[C@@H]1C[C@@H](C(=O)OC)N(C(=O)OC(C)(C)C)C1,FC(F)(F)c1cc(F)ccc1S(=O)(=O)[C@H]1CN[C@H](C(=O)OC)C1
N(c1ccccc1)c1ccccc1.C(=O)(Br)CBr,N(C(=O)CBr)(c1ccccc1)c1ccccc1
c1cc(Cl)c(F)c(Nc2ncnc3cc(OC)c(C=O)cc23)c1.N(CCC#N)CC(=O)O,c1cc(Cl)c(F)c(Nc2ncnc3cc(OC)c(CN(CCC#N)CC(=O)O)cc23)c1
O=C(O)CNC.C(=O)(Cl)OCc1ccccc1,O=C(O)CN(C)C(=O)OCc1ccccc1
c1c(C(=O)N2CCC(CCN3CCC(C(=O)c4nc5ccccc5[nH]4)CC3)(c3ccccc3)C2)cc(OC)c(OC)c1OC.C(Cl)COCC,c1c(C(=O)N2CCC(CCN3CCC(C(=O)c4nc5ccccc5n4CCOCC)CC3)(c3ccccc3)C2)cc(OC)c(OC)c1OC
c1(C=O)cnc(OCC(F)(F)F)cn1.N[S@](=O)C(C)(C)C,c1(C=NS(=O)C(C)(C)C)cnc(OCC(F)(F)F)cn1
OCCCc1ccc(F)c(C(F)(F)F)c1,O=CCCc1ccc(F)c(C(F)(F)F)c1
CI.OCc1ncc(-c2cc(OCc3ccccn3)nc3c2CCCC3)s1,COCc1ncc(-c2cc(OCc3ccccn3)nc3c2CCCC3)s1
C(C)CC[Sn](Cl)(CCCC)CCCC.c1(Br)cnn(C)c1,C(C)CC[Sn](CCCC)(CCCC)c1cnn(C)c1
c1(Br)cc2c(cc1F)C1CC(C1)C2=NO,c1(Br)cc2c(cc1F)C1CC(C1)NC2=O
O=S(=O)(c1ccc(F)cc1Cl)C1CCC(C(=O)NC2(C#N)CC2)C1.N1CC2(C1)COC2,O=S(=O)(c1ccc(N2CC3(COC3)C2)cc1Cl)[C@@H]1CC[C@@H](C(=O)NC2(C#N)CC2)C1
COc1ccc(NC(=O)Cc2ccc(C(=O)OC)cc2)c(C(F)(F)F)c1,COc1ccc(NC(=O)Cc2ccc(C(=O)O)cc2)c(C(F)(F)F)c1
O=C(O)c1ccc(Cl)cc1Oc1cccc(C(F)(F)F)c1.CO,O=C(OC)c1ccc(Cl)cc1Oc1cccc(C(F)(F)F)c1
[Si](C)(C)(C)CCOC(=O)N1CCCCC1CCOc1c(-c2cc(C)cc(C)c2)c(=O)[nH]c2cc(Cl)c(N=C=O)cc12.N(CC(OC)OC)c1cnccn1,[Si](C)(C)(C)CCOC(=O)N1CCCCC1CCOc1c(-c2cc(C)cc(C)c2)c(=O)[nH]c2cc(Cl)c(NC(=O)N(CC(OC)OC)c3cnccn3)cc12
OC1CC(C(=O)N2CCC(Oc3ccc(Cl)c(Cl)c3)CC2)CC1O,OC1CC(CN2CCC(Oc3ccc(Cl)c(Cl)c3)CC2)CC1O
n1[nH]c(C)nc1Cc1ccccc1[N+](=O)[O-],n1[nH]c(C)nc1Cc1ccccc1N
c1cnc(NCCN(C)C)s1.C(=O)(Cl)N(C)C,c1cnc(N(CCN(C)C)C(=O)N(C)C)s1
O(C)c1ccccc1N=C=S.N1CCC(=O)C(C(c2ccccc2)c2ccccc2)C1,O(C)c1ccccc1NC(=S)N1CCC(=O)C(C(c2ccccc2)c2ccccc2)C1
O=c1c2cc(N)cnc2ncn1Cc1ccc(Cl)c(Cl)c1.C(=O)(Cl)OCc1ccccc1,O=c1c2cc(NC(=O)OCc3ccccc3)cnc2ncn1Cc1ccc(Cl)c(Cl)c1
C(=S)=Nc1cccc(C(F)(F)F)c1.NCc1c(C)cccc1N,C(=S)(NCc1c(C)cccc1N)Nc1cccc(C(F)(F)F)c1
CC(C)(C)OC(=O)N[C@@H]1CN(c2ccncc2N)CC[C@H]1O[Si](C)(C)C(C)(C)C.C(=O)(O)c1nc(-c2c(F)cccc2F)ccc1N,CC(C)(C)OC(=O)N[C@@H]1CN(c2ccncc2NC(=O)c2nc(-c3c(F)cccc3F)ccc2N)CC[C@H]1O[Si](C)(C)C(C)(C)C
CS(=O)(=O)Nc1ccccc1Nc1nc(Nc2cccc(OCCC3CCCN3C(=O)OC(C)(C)C)c2)ncc1Cl,CS(=O)(=O)Nc1ccccc1Nc1nc(Nc2cccc(OCCC3CCCN3)c2)ncc1Cl
c1cc(OCCCN2CCCCC2)ccc1C(=O)CCN(C)C,c1cc(OCCCN2CCCCC2)ccc1C(O)CCN(C)C
CC1CC(OS(=O)(=O)C(F)(F)F)=CCN1C(=O)Oc1ccccc1.c1(B(O)O)ccc2ccccc2c1,CC1CC(c2ccc3ccccc3c2)=CCN1C(=O)Oc1ccccc1
O=C(OCC)C1(NCc2cccc(C)c2O)Cc2ccccc2C1.C(C)(C)O,O=C(OCC)C1(NCc2cccc(C)c2OC(C)C)Cc2ccccc2C1
c1(O)cc(O)ccc1C(=O)OC.C(Br)(CC)CC,c1(O)cc(OC(CC)CC)ccc1C(=O)OC
O=C(Cl)c1ccccc1.[nH]1cc(I)cn1,O=C(c1ccccc1)n1cc(I)cn1
c1cccc(F)c1C(C)=O.Oc1ccc(C(=O)OC)cc1,c1cccc(Oc2ccc(C(=O)OC)cc2)c1C(C)=O
C1[C@@H](CN)CCN1C(=O)OC(C)(C)C.C(=O)(O)c1cc(Br)c(Br)s1,C1[C@@H](CNC(=O)c2cc(Br)c(Br)s2)CCN1C(=O)OC(C)(C)C
c1(C)nc(N)nc(NCCCCC)c1Cc1ccc(CC(=O)O)cc1.C(O)CCCN(C)C,c1(C)nc(N)nc(NCCCCC)c1Cc1ccc(CC(=O)OCCCCN(C)C)cc1
c1cc(Nc2ncnc3[nH]nc(OCCNC)c23)cc(Cl)c1OCc1cccc(F)c1.C(=O)(O)CO,c1cc(Nc2ncnc3[nH]nc(OCCN(C)C(=O)CO)c23)cc(Cl)c1OCc1cccc(F)c1
c1c(C(=O)OCC)ccc2cc(-c3ccc4c(c3)C(c3ccc(C)cc3)=CCC4(C)C)ccc12,c1c(C(=O)O)ccc2cc(-c3ccc4c(c3)C(c3ccc(C)cc3)=CCC4(C)C)ccc12
CCc1cc2c(c(Cl)c1OC)OC(C(F)(F)F)C(C(=O)OC)=C2,CCc1cc2c(c(Cl)c1OC)OC(C(F)(F)F)C(C(=O)O)=C2
O(C)C(=O)[C@H](CCCC)NC(=O)c1nc2ccccc2cc1NC(=O)Nc1c(C)cc(C)cc1C,OC(=O)[C@H](CCCC)NC(=O)c1nc2ccccc2cc1NC(=O)Nc1c(C)cc(C)cc1C
c1c[nH]nc1Nc1cc2cc(OC)ccc2c(Cl)n1.c1(B(O)O)ccncc1,c1c[nH]nc1Nc1cc2cc(OC)ccc2c(-c2ccncc2)n1
Cc1cc(F)ccc1[N+](=O)[O-].NC1(CO)CCCC1,Cc1cc(NC2(CO)CCCC2)ccc1[N+](=O)[O-]
c1(C(=O)c2c(Cl)[nH]c(Cl)c2Cl)cc(C(C)(C)C)c(O)c(C(C)(C)C)c1.CI,c1(C(=O)c2c(Cl)c(Cl)n(C)c2Cl)cc(C(C)(C)C)c(O)c(C(C)(C)C)c1
N1CCC(C(=O)OC)CC1.C(Br)CCCCn1c(OC)nc2c(N)nc(OCCCC)nc21,N1(CCCCCn2c(OC)nc3c(N)nc(OCCCC)nc32)CCC(C(=O)OC)CC1
c1ccc2c(C(=O)O)c(C)c(=O)[nH]c2c1.NNc1ccccc1,c1ccc2c(C(=O)NNc3ccccc3)c(C)c(=O)[nH]c2c1
c1cc(C(C)=O)oc1-c1ccc(C(=O)N2CCCN(C)CC2)cc1.C1C(=O)Nc2ccc(Cl)cc21,c1cc(C(C)=C2C(=O)Nc3ccc(Cl)cc32)oc1-c1ccc(C(=O)N2CCCN(C)CC2)cc1
c1(=O)cccc2c(O)c([N+](=O)[O-])ccc2n1,c1(=O)cccc2c(O)c(N)ccc2n1
n1nc2ccccc2n1-c1ccnc(N[C@@H]2CC[C@@H](CN3C(=O)c4ccccc4C3=O)CC2)n1,n1nc2ccccc2n1-c1ccnc(N[C@@H]2CC[C@@H](CN)CC2)n1
Clc1cc(C(C)=O)c(-c2cccc(F)c2)c(/N=N/N(CC)CC)c1C#C,Clc1cc(C(C)O)c(-c2cccc(F)c2)c(/N=N/N(CC)CC)c1C#C
c1cccc(C(O)(CCC(C)(c2ccc(O)cc2)c2ccc(O)cc2)c2ccccc2)c1,c1cccc(C(CCC(C)(c2ccc(O)cc2)c2ccc(O)cc2)c2ccccc2)c1
N1(C(=O)c2nc(C)sc2-c2cccc(C)c2)C[C@H]2C[C@H]2[C@H]1CN.C(=O)(O)c1cc2ccccc2n1C,N1(C(=O)c2nc(C)sc2-c2cccc(C)c2)C[C@H]2C[C@H]2[C@H]1CNC(=O)c1cc2ccccc2n1C
O=C1C(N2CCC(F)(F)CC2)CCN1Cc1c(Cl)cc(OS(=O)(=O)C(F)(F)F)cc1Cl.c1(B(O)O)ccc(-c2ccccc2)cc1,O=C1C(N2CCC(F)(F)CC2)CCN1Cc1c(Cl)cc(-c2ccc(-c3ccccc3)cc2)cc1Cl
c12nc3c(Br)cccc3c(N)c1C(=O)N(C1CCC1)C2.c1(B(O)O)cnccc1OC,c12nc3c(-c4cnccc4OC)cccc3c(N)c1C(=O)N(C1CCC1)C2
c1nn2cc(Br)nc2c(Cl)c1C(N)=O.N[C@@H]1CN(C(=O)OCc2ccccc2)C[C@@H]1CC,c1nn2cc(Br)nc2c(N[C@@H]2CN(C(=O)OCc3ccccc3)C[C@@H]2CC)c1C(N)=O
c12ccc(C(=O)OC)cc1c1c(n2C)CCNC1.C1(=O)CCOCC1,c12ccc(C(=O)OC)cc1c1c(n2C)CCN(C2CCOCC2)C1
C(=O)c1cccc(-c2[nH]c3cc(F)cc4c3c2CCNC4=O)c1.NC,C(NC)c1cccc(-c2[nH]c3cc(F)cc4c3c2CCNC4=O)c1
N(C(=O)OC(C)(C)C)[C@H]1CCCOCC=C[C@@H]2C[C@@]2(C(=O)NS(=O)(=O)C2CC2)NC(=O)[C@@H]2C[C@@H](OC(=O)N3Cc4cccc(Cl)c4C3)CN2C1=O,N[C@H]1CCCOCC=C[C@@H]2C[C@@]2(C(=O)NS(=O)(=O)C2CC2)NC(=O)[C@@H]2C[C@@H](OC(=O)N3Cc4cccc(Cl)c4C3)CN2C1=O
CCOc1ccc(N)cc1OCC.C(=O)(Cl)OC(C)C,CCOc1ccc(NC(=O)OC(C)C)cc1OCC
C(=O)(C[C@@H](N)c1ccc(NC(=O)Cc2ccc(NC(=O)Nc3ccccc3C)c(OC)c2)cc1)OC.S(=O)(=O)(Cl)c1cccc2c(N(C)C)cccc12,C(=O)(C[C@@H](NS(=O)(=O)c1cccc2c(N(C)C)cccc12)c1ccc(NC(=O)Cc2ccc(NC(=O)Nc3ccccc3C)c(OC)c2)cc1)OC
Cc1cc(CN(Cc2cccs2)c2sc(-c3ccc(C(F)(F)F)cc3)nc2C)ccc1OC(C)(C)C(=O)OCC,Cc1cc(CN(Cc2cccs2)c2sc(-c3ccc(C(F)(F)F)cc3)nc2C)ccc1OC(C)(C)C(=O)O
c1cc(CCn2c(COc3cccc(CC)c3)c(Cl)cc(Cl)c2=O)ccc1C(=O)O.NCC(=O)OCC,c1cc(CCn2c(COc3cccc(CC)c3)c(Cl)cc(Cl)c2=O)ccc1C(=O)NCC(=O)OCC
C1CN2CCN1CC2.C(Br)c1ccc(COc2ccc([C@@H]3[C@@H](CC[C@H](O)c4ccc(F)cc4)C(=O)N3c3ccc(F)cc3)cc2)cc1,C1CN2CC[N+]1(Cc1ccc(COc3ccc([C@@H]4[C@@H](CC[C@H](O)c5ccc(F)cc5)C(=O)N4c4ccc(F)cc4)cc3)cc1)CC2
O=C(O)Cc1ccc(N)cc1.c1(Cl)ncc(Br)c(Nc2ccccc2)n1,O=C(O)Cc1ccc(Nc2ncc(Br)c(Nc3ccccc3)n2)cc1
C=CC[C@H](NC)C(=O)OC.C(=O)(O)CCCC(F)(F)F,C=CC[C@@H](C(=O)OC)N(C)C(=O)CCCC(F)(F)F
S(=O)(=O)(c1ccccc1)N1CC2COCC(C1)N2Cc1ccccc1,S(=O)(=O)(c1ccccc1)N1CC2COCC(C1)N2
c1cc([N+](=O)[O-])ccc1CNS(=O)(=O)CC,c1cc(N)ccc1CNS(=O)(=O)CC
c1cccc(Cc2nc(C(=O)O)cs2)c1,c1cccc(Cc2nc(CO)cs2)c1
C(Oc1cc(-c2cnn(C)c2)cn2ncc(I)c12)c1cccnc1.C#CC1CC1,C(Oc1cc(-c2cnn(C)c2)cn2ncc(C#CC3CC3)c12)c1cccnc1
Nc1ccccc1N.C(Cl)C=Cc1ccc(Cl)cc1,Nc1ccccc1NCC=Cc1ccc(Cl)cc1
c1(NN)ncnc2c(C)csc12.C(=O)c1cccnc1,c1(NN=Cc2cccnc2)ncnc2c(C)csc12
Oc1nc(NC(=O)C(C)(C)C)nc2ncc(C#C)cc12.c1(I)nc(C(=O)N[C@@H](CCC(=O)OC)C(=O)OC)cn1C(c1ccccc1)(c1ccccc1)c1ccccc1,Oc1nc(NC(=O)C(C)(C)C)nc2ncc(C#Cc3nc(C(=O)N[C@@H](CCC(=O)OC)C(=O)OC)cn3C(c3ccccc3)(c3ccccc3)c3ccccc3)cc12
c1(C)cc(-c2nc(-c3ccc(OCC(C)C)c([N+](=O)[O-])c3)n[nH]2)ccn1.C(Cl)OC(=O)C(C)(C)C,c1(C)cc(-c2nc(-c3ccc(OCC(C)C)c([N+](=O)[O-])c3)nn2COC(=O)C(C)(C)C)ccn1
c1c(C)cc(C)c(N)c1Cl.C(=O)(Cl)CCCCCl,c1c(C)cc(C)c(NC(=O)CCCCCl)c1Cl
c1(Br)ccc(N[C@@H](C)CC(N)=O)cc1.C(=O)(Cl)OC(C)C,c1(Br)ccc(N[C@@H](C)CC(=O)NC(=O)OC(C)C)cc1
c1ccc2c(c1)C(=Cc1cccc(N)c1)c1ccccc1CC2.S(=O)(=O)(Cl)N(C)C,c1ccc2c(c1)C(=Cc1cccc(NS(=O)(=O)N(C)C)c1)c1ccccc1CC2
c1cc(Cl)ccc1COc1ncc(Cl)cc1C(=O)O.N[C@@H](C)c1ccc(C(=O)OC)cc1,c1cc(Cl)ccc1COc1ncc(Cl)cc1C(=O)N[C@@H](C)c1ccc(C(=O)OC)cc1
N1C[C@H]2OC(C)(C)O[C@@H]2C1.C(=O)(O)CCOc1ccc(CNC(=O)c2ccc(CNC(=O)OC(C)(C)C)cc2)cc1,N1(C(=O)CCOc2ccc(CNC(=O)c3ccc(CNC(=O)OC(C)(C)C)cc3)cc2)C[C@H]2OC(C)(C)O[C@@H]2C1
O=C(OCC)c1coc(Cl)n1.C#CC1CCN(C(=O)OC(C)(C)C)CC1,O=C(OCC)c1coc(C#CC2CCN(C(=O)OC(C)(C)C)CC2)n1
COc1ccccc1B(O)O.c1(Br)cccc(-c2nnn[nH]2)c1,COc1ccccc1-c1cccc(-c2nnn[nH]2)c1
c1nc(Cl)c2c(C)csc2n1.NC1Cc2ccccc2C1,c1nc(NC2Cc3ccccc3C2)c2c(C)csc2n1
CC(C)S(=O)(=O)c1ccccc1Nc1nc(Cl)ncc1Cl.N,CC(C)S(=O)(=O)c1ccccc1Nc1nc(N)ncc1Cl
CC(C)(C)OC(=O)NC1CCc2ccc(CN)cc2C1Cc1ccccc1.S(=O)(=O)(Cl)C1CCC1,CC(C)(C)OC(=O)NC1CCc2ccc(CNS(=O)(=O)C3CCC3)cc2C1Cc1ccccc1
O(c1c(OC)c(OC)cc2nc(Cl)nc(Cl)c12)C1CCC1.N,O(c1c(OC)c(OC)cc2nc(Cl)nc(N)c12)C1CCC1
C(=O)(Cl)C(C)(C)c1cc(Cl)cc(Cl)c1.N(C)[C@@H]1CN(Cc2ccccc2)C[C@H]1c1ccc(F)cc1,C(=O)(N(C)[C@@H]1CN(Cc2ccccc2)C[C@H]1c1ccc(F)cc1)C(C)(C)c1cc(Cl)cc(Cl)c1
C(=C)C(Cl)C(C)=O.NNC1=Nc2ccc(Cl)cc2C(c2ccccc2)=NC1,C(=C)C(Cl)C(C)=NNC1=Nc2ccc(Cl)cc2C(c2ccccc2)=NC1
N(c1ccccc1N)c1cc(C)n(C)c1C(=O)OCC,N1c2ccccc2NC(=O)c2c1cc(C)n2C
CCC(C)C(=O)c1ccc(C(=O)OCC)cc1,CCC(C)C(=O)c1ccc(C(=O)O)cc1
C1c2sc(Br)nc2CCN1C(=O)OC(C)(C)C,C1NCCc2nc(Br)sc21
C#Cc1ccc(OCc2ccccc2)cc1.[SnH](CCCC)(CCCC)CCCC,C=C(c1ccc(OCc2ccccc2)cc1)[Sn](CCCC)(CCCC)CCCC
C1[C@H](NC(=O)[C@@H](NC(=O)OC(C)(C)C)C(C)(C)C)CCN1Cc1ccccc1,C1[C@H](NC(=O)[C@@H](N)C(C)(C)C)CCN1Cc1ccccc1
c1(S(=O)(=O)CCNC(=O)OC(C)(C)C)ccc(C(=O)OC)cc1,c1(S(=O)(=O)CCN)ccc(C(=O)OC)cc1
COC(=O)CBr.[nH]1c2c(c3ccccc13)CCN(C(=O)OC(C)(C)C)C2,COC(=O)Cn1c2c(c3ccccc31)CCN(C(=O)OC(C)(C)C)C2
N(C(=O)OC1CCNCC1)c1ccccc1-c1ccccc1.C(Br)CC(=O)OC,N(C(=O)OC1CCN(CCC(=O)OC)CC1)c1ccccc1-c1ccccc1
Cc1cc(C)c(C(=O)CBr)c(C)c1.Sc1nccn1C,Cc1cc(C)c(C(=O)CSc2nccn2C)c(C)c1
O=S(=O)(NCC1CCC1)c1ccc(C(=O)OC)cc1.c1(Cl)ncc(C(F)(F)F)cc1Cl,O=S(=O)(c1ccc(C(=O)OC)cc1)N(CC1CCC1)c1ncc(C(F)(F)F)cc1Cl
CC(=O)C(=O)c1ccc(Cl)cc1.c1(B(O)O)cccc(S(C)(=O)=O)c1,CC(=O)C(=O)c1ccc(-c2cccc(S(C)(=O)=O)c2)cc1
C1CCN[C@H]2CCc3cccc(F)c3[C@@H]12.C(=O)(O)c1ccc2[nH]cnc2c1,C1CCN(C(=O)c2ccc3[nH]cnc3c2)[C@H]2CCc3cccc(F)c3[C@@H]12
Clc1ccc(CSc2nsc(Cl)n2)cc1.OCc1ccccc1,Clc1ccc(CSc2nsc(OCc3ccccc3)n2)cc1
Brc1ccc(Br)nc1.C(=O)(c1cc(Cl)cc(Cl)c1)N(C)OC,Brc1ccc(C(=O)c2cc(Cl)cc(Cl)c2)nc1
C(=O)(OC)c1cc(-c2nc(COc3ccc(CCl)cc3OC)c(C)o2)ccc1C.Oc1nn(-c2ccccc2)cc1C=O,C(=O)(OC)c1cc(-c2nc(COc3ccc(COc4nn(-c5ccccc5)cc4C=O)cc3OC)c(C)o2)ccc1C
c1c(C[C@@H](O)C(=O)O)ccc(O)c1Br.CO,c1c(C[C@@H](O)C(=O)OC)ccc(O)c1Br
c1ccc2c(NC(=O)NCCN3CCC(C(=O)O)CC3)cc(C)nc2c1.N(C)c1ccccc1,c1ccc2c(NC(=O)NCCN3CCC(C(=O)N(C)c4ccccc4)CC3)cc(C)nc2c1
c12cnc(N3CCN(C)CC3)cc1[nH]c(=O)c(C(=O)O)c2.Nc1cc(C(=O)OC)ccc1Cl,c12cnc(N3CCN(C)CC3)cc1[nH]c(=O)c(C(=O)Nc1cc(C(=O)OC)ccc1Cl)c2
c1cc2c(C3CCCCC3)c(-c3ccc(OC)cc3CO[Si](C(C)C)(C(C)C)C(C)C)n(CC#C)c2cc1C(=O)OC,c1cc2c(C3CCCCC3)c(-c3ccc(OC)cc3CO)n(CC#C)c2cc1C(=O)OC
c12cc(OC)c(OC)cc1ncnc2Oc1ccc(N)cc1.C(=S)=NC(=O)C(C)CCC,c12cc(OC)c(OC)cc1ncnc2Oc1ccc(NC(=S)NC(=O)C(C)CCC)cc1
C(F)(F)(F)c1cc(N(O)C(=O)Nc2ccc(-n3ccc4cc(N)ccc43)cc2)ccc1Cl.C(=O)(Cl)OCC,C(F)(F)(F)c1cc(N(O)C(=O)Nc2ccc(-n3ccc4cc(NC(=O)OCC)ccc43)cc2)ccc1Cl
CC1(C)C(=O)N(c2nn(C)cc2NC(=O)OC(C)(C)C)CC1C=O.N(C)C,CC1(C)C(=O)N(c2nn(C)cc2NC(=O)OC(C)(C)C)CC1CN(C)C
Oc1nc2c(ccc3sc(C(=O)OCC)cc32)nc1O,Oc1nc2c(ccc3sc(C(=O)O)cc32)nc1O
C(#C)C[Mg+].C(Br)/C=C(\C)CCCCCCCCC,C(#C)CC/C=C(\C)CCCCCCCCC
CC(C)CNC.C(=O)(O)c1nc2c(s1)CCOc1cc(-c3cn[nH]c3)ccc1-2,CC(C)CN(C)C(=O)c1nc2c(s1)CCOc1cc(-c3cn[nH]c3)ccc1-2
c1ccc(Br)nc1-c1ncc2c(n1)CCOC2.C([Zn+])c1ccccc1C,c1ccc(Cc2ccccc2C)nc1-c1ncc2c(n1)CCOC2
c1ccncc1/C(C)=C/C(=O)OCC,c1ccncc1C(C)CC(=O)OCC
O=C(CCCc1ccc(-c2ccccc2)cc1)OCC,O=C(O)CCCc1ccc(-c2ccccc2)cc1
O=C(/C=C/c1cnc(N[C@@H]2CCN(CCCC3CCCCC3)C2)cn1)NOC1CCCCO1,O=C(/C=C/c1cnc(N[C@@H]2CCN(CCCC3CCCCC3)C2)cn1)NO
C1CN(CC(=O)O)CCN1C(=O)OC(C)(C)C.Nc1nccs1,C1CN(CC(=O)Nc2nccs2)CCN1C(=O)OC(C)(C)C
C1C[C@H](C)N(c2cccc(Nc3cc(Cl)nn4ccnc34)n2)[C@H]1C.c1(B(O)O)ccccc1,C1C[C@H](C)N(c2cccc(Nc3cc(-c4ccccc4)nn4ccnc34)n2)[C@H]1C
CCOC(=O)C(Br)C(=O)c1cccc(C#N)c1.S=C(N)N,CCOC(=O)c1sc(N)nc1-c1cccc(C#N)c1
O=C(NC1CCN(CCCO)CC1)c1ccccc1.C(=O)(Cl)c1ccccc1,O=C(NC1CCN(CCCOC(=O)c2ccccc2)CC1)c1ccccc1
CC1(C)OB(c2cnn(C3CCNCC3)c2)OC1(C)C.S(C)(=O)(=O)Cl,CC1(C)OB(c2cnn(C3CCN(S(C)(=O)=O)CC3)c2)OC1(C)C
c1nn2c(NC3CC3)cc(NC3CCCC3)nc2c1C=O.C1NC(=O)NC1=O,c1nn2c(NC3CC3)cc(NC3CCCC3)nc2c1/C=C1\NC(=O)NC1=O
CC=CCC1Cc2ccc(O)cc2C1=O.C(Br)C(C)C,CC=CCC1Cc2ccc(OCC(C)C)cc2C1=O
c1c(C(=O)Nc2cc(C(=O)O)ccc2Cl)c(=O)[nH]c2nc(OC)ncc12.NCc1cccc(C(F)(F)F)c1,c1c(C(=O)Nc2cc(C(=O)NCc3cccc(C(F)(F)F)c3)ccc2Cl)c(=O)[nH]c2nc(OC)ncc12
O=C(Cl)Cc1c(F)cc2ncccc2c1F.NNc1ccc(Cl)nn1,O=C(Cc1c(F)cc2ncccc2c1F)NNc1ccc(Cl)nn1
C1CC1c1nc(-c2cc(Cl)cc(NS(C)(=O)=O)c2F)c(-c2ccnc(SC)n2)s1.OOC(=O)c1cccc(Cl)c1,C1CC1c1nc(-c2cc(Cl)cc(NS(C)(=O)=O)c2F)c(-c2ccnc(S(C)=O)n2)s1
COc1nc(Cl)cc(NCCc2ccc(Cl)cc2Cl)n1.c1(B2OC(C)(C)C(C)(C)O2)ccc2c(c1)CC(C(=O)O)O2,COc1nc(NCCc2ccc(Cl)cc2Cl)cc(-c2ccc3c(c2)CC(C(=O)O)O3)n1
c1cc(N2C[C@@]3(CN4CCC3CC4)OC2=O)oc1Br.c1([Sn](CCCC)(CCCC)CCCC)cncs1,c1cc(N2C[C@@]3(CN4CCC3CC4)OC2=O)oc1-c1cncs1
O=C=Nc1ccccc1OC.Nc1ccc2c(c1)Cc1c-2[nH]c(=O)c2nccn12,O=C(Nc1ccc2c(c1)Cc1c-2[nH]c(=O)c2nccn12)Nc1ccccc1OC
c1c(F)cncc1F.[nH]1cc(C#Cc2cccc(C#N)c2)nc1C,c1c(F)cncc1-n1cc(C#Cc2cccc(C#N)c2)nc1C
COC(=O)c1ccc([N+](=O)[O-])c(C(F)(F)F)c1,COC(=O)c1ccc(N)c(C(F)(F)F)c1
c1cc(-c2ccc(N)cc2)ccc1S(=O)(=O)N[C@H](C(=O)OC)C(C)C.C(=O)(O)c1oc2cccc(-c3ccoc3)c2c1C,c1cc(-c2ccc(NC(=O)c3oc4cccc(-c5ccoc5)c4c3C)cc2)ccc1S(=O)(=O)N[C@H](C(=O)OC)C(C)C
N(C(=O)OC(C)(C)C)[C@H]1CCN([C@H](c2ccc(NN)nc2)C(F)(F)F)C1.C(=O)c1ccc2cc(F)c(OC(C)C)cc2n1,N(C(=O)OC(C)(C)C)[C@H]1CCN([C@H](c2ccc(N/N=C/c3ccc4cc(F)c(OC(C)C)cc4n3)nc2)C(F)(F)F)C1
O=C(Cl)C1CCCC1.N1CCC2(CCN(C(=O)N3CCC[C@H](NC(=O)C45CC6CC(C4)C(O)C(C6)C5)C3)CC2)C1,O=C(C1CCCC1)N1CCC2(CCN(C(=O)N3CCC[C@H](NC(=O)C45CC6CC(C4)C(O)C(C6)C5)C3)CC2)C1
C(N)CCCC.C(=O)(O)[C@@H]1CCCN1C(=O)OCc1ccccc1,C(CCCC)NC(=O)[C@@H]1CCCN1C(=O)OCc1ccccc1
c1(OCC(=O)OC)cccc(OC2CCc3ccc(-c4cccc(F)c4)cc32)c1,c1(OCC(=O)O)cccc(OC2CCc3ccc(-c4cccc(F)c4)cc32)c1
Nc1c(OC)cc(OC)cc1OC.C(=O)(O)CC(C#N)c1ccccc1,N(C(=O)CC(C#N)c1ccccc1)c1c(OC)cc(OC)cc1OC
CCOC(=O)Cl.Nc1cc(NS(=O)(=O)CC)c(Br)cc1F,CCOC(=O)Nc1cc(NS(=O)(=O)CC)c(Br)cc1F
O(CC)P(OCC)OCC.C(Br)C(=C)c1ccccc1,O(CC)P(=O)(CC(=C)c1ccccc1)OCC
C[C@H](Nc1cc(C(N)=O)nc(Cl)n1)C(N)=O.c1(B(O)O)ccc(O)cc1,C[C@H](Nc1cc(C(N)=O)nc(-c2ccc(O)cc2)n1)C(N)=O
O=C1NC(=O)CN1C1CCNCC1.C(=O)(O)c1nc2c(C(F)(F)F)cc(-c3cn[nH]c3)cn2c1Cl,O=C1NC(=O)CN1C1CCN(C(=O)c2nc3c(C(F)(F)F)cc(-c4cn[nH]c4)cn3c2Cl)CC1
s1c(-c2cccc(C(F)(F)F)c2)ccc1C(O)CCc1ccc(OC(C)(C)C(=O)OCC)c(Cl)c1Cl.CI,s1c(-c2cccc(C(F)(F)F)c2)ccc1C(CCc1ccc(OC(C)(C)C(=O)OCC)c(Cl)c1Cl)OC
Cc1ccc(S(=O)(=O)n2cc(B3OC(C)(C)C(C)(C)O3)c3cc(Cl)cnc32)cc1.c1(Cl)cnc2ccn(CC(=O)NCC(F)(F)F)c2n1,Cc1ccc(S(=O)(=O)n2cc(-c3cnc4ccn(CC(=O)NCC(F)(F)F)c4n3)c3cc(Cl)cnc32)cc1
O=c1n(C)nc(-c2ccc(Br)cc2)n1C[C@@H]1CCN(C(=O)C2CC2)C1.c1(B(O)O)ccc(OC)cc1Cl,O=c1n(C)nc(-c2ccc(-c3ccc(OC)cc3Cl)cc2)n1C[C@@H]1CCN(C(=O)C2CC2)C1
C1COCCN1CCCl.N(c1cc(C(=O)O[C@@H](Cc2c(Cl)c[n+]([O-])cc2Cl)c2ccc(OC(F)F)c(OCC3CC3)c2)ccc1SC)S(C)(=O)=O,C1COCCN1CCN(c1cc(C(=O)O[C@@H](Cc2c(Cl)c[n+]([O-])cc2Cl)c2ccc(OC(F)F)c(OCC3CC3)c2)ccc1SC)S(C)(=O)=O
CCOC(=O)C1=C[C@@H](OC(CC)CC)[C@H](NC(=O)C(F)F)[C@@H](NC(=O)OC(C)(C)C)C1,CCOC(=O)C1=C[C@@H](OC(CC)CC)[C@H](NC(=O)C(F)F)[C@@H](N)C1
n1cc(S(=O)(=O)C(C)(C)C(=O)OCC)ccc1Cl,n1cc(S(=O)(=O)C(C)(C)C(=O)O)ccc1Cl
c1cc(CS(=O)(=O)Cl)cc([N+](=O)[O-])c1.NCCCOC,c1cc(CS(=O)(=O)NCCCOC)cc([N+](=O)[O-])c1
c1(N2CCNCC2)cc(C)cc(C)c1.C(=O)(Nc1nc2ccc(Cl)cc2nc1OC)OCC,c1(N2CCN(C(=O)Nc3nc4ccc(Cl)cc4nc3OC)CC2)cc(C)cc(C)c1
CN1CC[C@@H](N)C1.C(=O)(Cl)c1ccc([N+](=O)[O-])c(OC)c1,CN1CC[C@@H](NC(=O)c2ccc([N+](=O)[O-])c(OC)c2)C1
CCOC(=O)CN.C(=O)(O)c1ccc(S(=O)(=O)Nc2ccccc2Oc2ccc(Br)cc2Cl)cc1,CCOC(=O)CNC(=O)c1ccc(S(=O)(=O)Nc2ccccc2Oc2ccc(Br)cc2Cl)cc1
c1(O)ccc(CC(C)(C)N)cc1.c1(Cl)ccc(C(N)=O)cn1,c1(Oc2ccc(C(N)=O)cn2)ccc(CC(C)(C)N)cc1
O=C=Nc1ccc(S)cc1.NCc1cccnc1,O=C(NCc1cccnc1)Nc1ccc(S)cc1
c1(Cl)ccc(-c2ccn3ncc(C#C)c3n2)cc1.c1(Br)ccc(S(N)(=O)=O)s1,c1(Cl)ccc(-c2ccn3ncc(C#Cc4ccc(S(N)(=O)=O)s4)c3n2)cc1
C(C#N)Cc1ccc(O)cc1.C(Br)C#N,C(C#N)Cc1ccc(OCC#N)cc1
CCOc1ccc(C(=O)Cl)cc1.Nc1ccccc1NC(=O)c1cccc(C#N)c1,CCOc1ccc(C(=O)Nc2ccccc2NC(=O)c2cccc(C#N)c2)cc1
S(C(=O)c1ccccc1)[C@H]1CCN(C(=O)OC(C)(C)C)C1,S(C(=O)c1ccccc1)[C@H]1CCNC1
Clc1ccc(C=O)cn1.N1CCN(C(=O)c2nnc(CN(C)S(=O)(=O)c3c(C)cc(OC)cc3C)o2)CC1,Clc1ccc(CN2CCN(C(=O)c3nnc(CN(C)S(=O)(=O)c4c(C)cc(OC)cc4C)o3)CC2)cn1
C=CCC1C(=O)C=CC1(C)O.C(C)(=O)Cl,C=CCC1C(=O)C=CC1(C)OC(C)=O
C(=O)(OC(C)(C)C)N1CCN(CC#Cc2c(OC)ccc3c2OCC3=O)CC1,C(=O)(OC(C)(C)C)N1CCN(CCCc2c(OC)ccc3c2OCC3=O)CC1
CC(C)(C=O)CC(=O)OC.OCCO,CC(C)(CC(=O)OC)C1OCCO1
c1cc(N)cc(O)c1C(=O)O.CO,c1cc(N)cc(O)c1C(=O)OC
c1cc(OC)ccc1-c1cccnc1,c1cc(O)ccc1-c1cccnc1
Cc1c(C(=O)NN2CCCCC2)nc(-c2ccc(Cl)cc2Cl)n1-c1ccc(O)cc1.S(=O)(=O)(Cl)CCC(C)C,Cc1c(C(=O)NN2CCCCC2)nc(-c2ccc(Cl)cc2Cl)n1-c1ccc(OS(=O)(=O)CCC(C)C)cc1
C1CNCCO1.c1(Cl)nc(N)c2cc(OC)c(OC)cc2n1,C1CN(c2nc(N)c3cc(OC)c(OC)cc3n2)CCO1
c12[nH]ccc1cc(Cl)cc2C(=O)O.N(CCc1ccc(Cl)c(C(F)(F)F)c1)Cc1ccc(C(C)(C)C)cc1,c12[nH]ccc1cc(Cl)cc2C(=O)N(CCc1ccc(Cl)c(C(F)(F)F)c1)Cc1ccc(C(C)(C)C)cc1
N1CC[C@@H](NC(=O)OC(C)(C)C)C1.C(=O)c1ccc2ccccc2c1,N1(Cc2ccc3ccccc3c2)CC[C@@H](NC(=O)OC(C)(C)C)C1
c1(OC)cnc2ccc(Cl)c(C(O)CN3C4CCC3CC(NC(=O)OC(C)(C)C)C4)c2n1,c1(OC)cnc2ccc(Cl)c(C(O)CN3C4CCC3CC(N)C4)c2n1
OOC(=O)c1cccc(Cl)c1.C=C(C)COc1ccc(OCc2ccccc2)cc1,O1CC1(C)COc1ccc(OCc2ccccc2)cc1
CN=C=S.NCCCSc1nnnn1C,CNC(=S)NCCCSc1nnnn1C
c1(F)ccc(-c2cnc3c(F)c(C(C)(C)O)ccn23)cc1Cl.c1(B(O)O)cc2ccccc2o1,c1(F)ccc(-c2cnc3c(F)c(C(C)(C)O)ccn23)cc1-c1cc2ccccc2o1
C1C[C@H](Nc2nccc(N3CCCCCC3)n2)[C@@H](CNS(=O)(=O)CCN2C(=O)c3ccccc3C2=O)N1C1CCCCC1,C1C[C@H](Nc2nccc(N3CCCCCC3)n2)[C@@H](CNS(=O)(=O)CCN)N1C1CCCCC1
COc1ccc([N+](=O)[O-])cc1NCC(N)=O,COc1ccc(N)cc1NCC(N)=O
c1ccc2c(O[C@@H]3C[C@H]4C(=O)N[C@]5(C(=O)OCC)C[C@H]5C=CCCCCC[C@H](NC(=O)c5cc(C)on5)C(=O)N4C3)nc3ccccc3c2c1,c1ccc2c(O[C@@H]3C[C@H]4C(=O)N[C@]5(C(=O)O)C[C@H]5C=CCCCCC[C@H](NC(=O)c5cc(C)on5)C(=O)N4C3)nc3ccccc3c2c1
