src,tgt
[K+].[O-]C(C)=S.C(Br)CC=C(F)F.[Br-].C(C)CC[N+](CCCC)(CCCC)CCCC,C(CC=C(F)F)OC(C)=S
[Cu+2].n1ccccc1.C(C)N(CC)CC.OB(O)c1ccccc1.CCOC(C)=O.O=C(C)[O-].C(Cl)Cl.O=C(C)[O-].c1ccc(C#N)c(-c2ccc(Cc3c(CCC)nc(C)[nH]c3=O)cc2)c1,c1ccc(C#N)c(-c2ccc(Cc3c(CCC)nc(C)n(-c4ccccc4)c3=O)cc2)c1
[H-].[H-].[H-].[Na+].O.[H-].[Al+3].[Li+].OC(=O)C(N)Cc1ccccc1.[H][H].[OH-],OCC(N)Cc1ccccc1
N(C)=C=S.O1CCCC1.[K+].c1cccc2ncc(C3CCCCC3=O)cc12.CC(C)(C)[O-],c1cccc2ncc(C3(C(=S)NC)CCCCC3=O)cc12
O=c1ccccn1C(=S)n1ccccc1=O.ClCCl.COC(=O)c1ccc(N)cc1[N+](=O)[O-],C(=S)=Nc1ccc(C(=O)OC)c([N+](=O)[O-])c1
OC.C(#N)[Na].c1c(SC#N)ccc(N)c1C(F)(F)F,c1c(SC)ccc(N)c1C(F)(F)F
CC(C)N(CC)C(C)C.C1(O)CNCCC1N=[N+]=[N-].C(O)CBr.N1(CCO)CCC(NC(=O)OCc2ccccc2)C(C(=O)OC)C1,C1(O)CN(CCO)CCC1N=[N+]=[N-]
c1cccc(C)c1.C=COC(C)=O.O=C([O-])CC=C.Clc1cccc(-n2nnc(C(C)O)n2)c1,Clc1cccc(-n2nnc(C(C)OC(C)=O)n2)c1
C1CCCO1.CCN(CC)CC.n1(-c2cc(OC)cc(CO)c2O)nc2ccc(F)cc2n1.CC(=C)C(=O)Cl,n1(-c2cc(OC)cc(COC(=O)C(=C)C)c2O)nc2ccc(F)cc2n1
CO.Cl.O=C([O-])O.[Na+].c1(OC)cc(C)c(NC(C)=O)cc1Br,c1(OC)cc(C)c(N)cc1Br
C#CCN(C)C.c1ccc([P](c2ccccc2)(c2ccccc2)[Pd]([P](c2ccccc2)(c2ccccc2)c2ccccc2)([P](c2ccccc2)(c2ccccc2)c2ccccc2)[P](c2ccccc2)(c2ccccc2)c2ccccc2)cc1.CCN(CC)CC.C1CCOC1.[Cu]I.COC(=O)COc1ccc(OCC=C(c2ccc(I)cc2)c2cccc(C(F)(F)F)c2)cc1C,COC(=O)COc1ccc(OCC=C(c2ccc(C#CCN(C)C)cc2)c2cccc(C(F)(F)F)c2)cc1C
Br.c1c(N2CCOCC2)oc2c(C(C)Br)cc(C(=O)N(C)C)cc2c1=O.COc1c(N)cccc1F,c1c(N2CCOCC2)oc2c(C(C)Nc3cccc(F)c3OC)cc(C(=O)N(C)C)cc2c1=O
O(C)CCO.c1c(Nc2nccc(-c3sc(C)nc3C)n2)cccc1[N+](=O)[O-].CC(=O)O.[Pd],c1c(N)cccc1Nc1nccc(-c2sc(C)nc2C)n1
C(C)(C)N(CC)C(C)C.n1nc2cccnc2n1OC(N(C)C)=[N+](C)C.F[P-](F)(F)(F)(F)F.O=c1c(C(=O)O)cccn1-c1ccc(F)cc1.C1(C(=O)Nc2cn3cc(Oc4ccc(N)cc4)ccc3n2)CC1.N(C)(C)C(C)=O,C1(C(=O)Nc2cn3cc(Oc4ccc(NC(=O)c5cccn(-c6ccc(F)cc6)c5=O)cc4)ccc3n2)CC1
[K+].O=C([O-])[O-].N#CC1CC(F)CN1C(=O)CCl.ClCCl.CN(C)C=O.[K+].CN(C)C(=O)N1CC2CC(C)(N)CC2C1,CN(C)C(=O)N1CC2CC(C)(NCC(=O)N3CC(F)CC3C#N)CC2C1
CCN(C(C)C)C(C)C.CC(C)(CCC#N)CNCC(O)C(Cc1ccccc1)NC(=O)OC(C)(C)C.ClCCl.O=C(Cl)OCc1ccccc1,CC(C)(CCC#N)CN(CC(O)C(Cc1ccccc1)NC(=O)OC(C)(C)C)C(=O)OCc1ccccc1
Cc1ccc(NC(=O)c2ccoc2)cc1-c1ccc(C(=O)O)cc1.CCOC(C)=O.On1nnc2ccccc21.NCCCn1ccnc1.CCN(C(C)C)C(C)C.CN(C)C(On1nnc2cccnc21)=[N+](C)C.CN(C)C=O.F[P-](F)(F)(F)(F)F,Cc1ccc(NC(=O)c2ccoc2)cc1-c1ccc(C(=O)NCCCn2ccnc2)cc1
O(CC)C(=O)N1CCC(c2c[nH]c3ccc(OC)cc23)CC1.c1cc(Cl)sc1CCl,O(CC)C(=O)N1CCC(c2cn(Cc3ccc(Cl)s3)c3ccc(OC)cc23)CC1
O=C(C)OC(C)=O.n1ccccc1.c1cc(OC2c3cc(N)ccc3OC(C)(C)C2O)cc(O)n1,c1cc(OC2c3cc(NC(C)=O)ccc3OC(C)(C)C2O)cc(O)n1
Nc1cccc(-c2nnn[nH]2)c1.N#Cc1ccc(-c2cnc(Cl)o2)cc1.CC(C)O,N#Cc1ccc(-c2cnc(Nc3cccc(-c4nnn[nH]4)c3)o2)cc1
[H][H].Cc1cccc(-c2c(F)cccc2C(OCCN=[N+]=[N-])C2CN(C(=O)OC(C)(C)C)CCO2)c1.CCOC(C)=O,Cc1cccc(-c2c(F)cccc2C(OCCN)C2CN(C(=O)OC(C)(C)C)CCO2)c1
CN(C)C=O.C(Br)CCN(CC)CC.Br.[K+].O.C(Cl)(Cl)Cl.n1[nH]c2ccccc2c1N.[O-]C(=O)[O-].[K+],n1[nH]c2ccccc2c1NCCCN(CC)CC
O1CCCC1.[Li]CCCC.O=C(O)c1ccc2c(c1)C(c1ccccn1)CC(C)(C)O2.CCCCCC.CC(C)NC(C)C.Oc1ccc(C#N)cc1C(C=C(C)C)c1ccnc[n+]1[O-].c1nccc(C)n1.CC(C)(Oc1ccc(C#N)cc1)C(=O)OCC,CC(C)(Oc1ccc(C#N)cc1)C(O)=Cc1ccncn1
CN(C)C=O.CNc1cc(-n2cc(-c3ccc(OC)cc3)c3ccc(-c4cccc([N+](=O)[O-])c4)cc32)ncn1.CO,CNc1cc(-n2cc(-c3ccc(OC)cc3)c3ccc(-c4cccc(N)c4)cc32)ncn1
[Na+].[Na+].B1(C)OB(C)OB(C)O1.[OH-].O(C)CCOC.n12c(cc3ccc(Br)nc31)CN(C(=O)OC(C)(C)C)CC2C.C1CCCO1.[Na+].O=C([O-])[O-].c1([P](c2ccccc2)(c2ccccc2)[Pd]([P](c2ccccc2)(c2ccccc2)c2ccccc2)([P](c2ccccc2)(c2ccccc2)c2ccccc2)[P](c2ccccc2)(c2ccccc2)c2ccccc2)ccccc1,n12c(cc3ccc(C)nc31)CN(C(=O)OC(C)(C)C)CC2C
[K+].[K+].COC(=O)CC(C(OC)OC)C(C(C)=O)C(=O)OC(C)(C)C.O=C([O-])[O-].CC(C)=O.[I-].CCCC#CBr.[K+],COC(=O)CC(C(OC)OC)C(CC#CCC)(C(C)=O)C(=O)OC(C)(C)C
O.FC(F)(F)c1cccc(OC2CNC2)c1.O=C(O)C(=O)O.CCN(CC)CC.O=C=NC1CCCCC1.C1CCOC1,FC(F)(F)c1cccc(OC2CN(C(=O)NC3CCCCC3)C2)c1
c1(OC(F)(F)F)cccc(C(CN)(Cc2ccccc2)c2cccc(OC(F)(F)F)c2)c1.[K+].[O-][N+](=O)c1ccc(OC(=O)Cl)cc1.O=C([O-])[O-].[K+].ClCCl,c1(OC(F)(F)F)cccc(C(CNC(=O)Oc2ccc([N+](=O)[O-])cc2)(Cc2ccccc2)c2cccc(OC(F)(F)F)c2)c1
C(C)(O)C(=O)OC.c1cc(O)cc(C)c1Cl.c1ccccc1P(c1ccccc1)c1ccccc1.CCOC(=O)N=NC(=O)OCC.C(Cl)Cl,c1cc(OC(C)C(=O)OC)cc(C)c1Cl
N(C)(C)C=O.CCOC(C)=O.C1(O)CCN(CCCCl)CC1.Oc1ccc(C2(CN(C)C)CCOCC2)cc1.[K+].[K+].[O-]C(=O)[O-],O(CCCN1CCC(O)CC1)c1ccc(C2(CN(C)C)CCOCC2)cc1
NCC(C)(C)c1ccc(OC)c(OC)c1.C(C)N(CC)CC.O1CCOCC1.o1c(C(=O)Cl)cc2ccccc12,N(CC(C)(C)c1ccc(OC)c(OC)c1)C(=O)c1cc2ccccc2o1
[Na+].[Na].[OH-].CCO.c1(-c2ccco2)noc2c(Cl)c(OC(CC)C(=O)[O-])ccc12,c1(-c2ccco2)noc2c(Cl)c(OCC(=O)O)ccc12
N1CCC2(CC1)OCc1ccccc12.F[B-](F)(F)F.CC(C)N(CC)C(C)C.n1nc2ccccc2n1OC(N(C)C)=[N+](C)C.C(=O)(O)c1c(C)[nH]c2cc(Cl)ccc12.O=CN(C)C,N1(C(=O)c2c(C)[nH]c3cc(Cl)ccc23)CCC2(CC1)OCc1ccccc12
CC(C)N(CC)C(C)C.C(=O)(OCC)C1(N)CC1.O(C(=O)N(CCCl)CCCl)C(C)(C)C,O(C(=O)N1CCN(C2(C(=O)OCC)CC2)CC1)C(C)(C)C
C(=O)N(C)C.c1cccc(C(=O)Cl)c1.O.C(N)CCC1NC(=O)C(Cc2cn(C)c3ccccc23)NC1=O,C(CCC1NC(=O)C(Cc2cn(C)c3ccccc23)NC1=O)NC(=O)c1ccccc1
Cl[Sn]Cl.[K+].N#Cc1c(COc2ccccc2Cl)cccc1[N+](=O)[O-].[OH-].Cl,N#Cc1c(N)cccc1COc1ccccc1Cl
O=C([O-])[O-].C(C)(=O)OCC.N(C)(C)C=O.CC(C)(C)OC(=O)CBr.[K+].O=C(OC)c1scc(Br)c1O.[K+],O=C(OC)c1scc(Br)c1OCC(=O)OC(C)(C)C
C(Cl)(Cl)Cl.CCN(CC)C(=O)Cl.c1ccncc1.C1CCCc2oc3ccc(N)cc3c21,C1CCCc2oc3ccc(NC(=O)N(CC)CC)cc3c21
CC(=O)OCC.N1(C(=O)C(NC(=O)OC(C)(C)C)C(CC=C)C(=O)OC)CCCC1,N1(C(=O)C(NC(=O)OC(C)(C)C)C(CCC)C(=O)OC)CCCC1
O1CCCC1.C(CC)CN=C=O.C1CCCCC1N,C(CC)CNC(=O)NC1CCCCC1
c1(C(F)(F)F)cc(Oc2cc(C)c([N+](=O)[O-])cn2)ccc1Cl.[Fe].CCO.O.Cl,c1(C(F)(F)F)cc(Oc2cc(C)c(N)cn2)ccc1Cl
BrB(Br)Br.c1cc2c(NCC(O)(CC(C)(C)c3cc(F)ccc3OC)C(F)(F)F)cccc2nc1CN1CCOCC1.C(Cl)Cl,c1cc2c(NCC(O)(CC(C)(C)c3cc(F)ccc3O)C(F)(F)F)cccc2nc1CN1CCOCC1
CC(=O)O.O.s1c2c(c(C(=O)OCC)c1NC(C)=O)CCC(Cc1ccccc1)C2,s1c(NC(C)=O)c(C(=O)OCC)c2c1C(=O)C(Cc1ccccc1)CC2
ClCCl.c1cc(Nc2ccc3c(ccn3C)c2)ccn1.ClC(=O)OC.C(C)N(CC)CC,c1cc(N(C(=O)OC)c2ccc3c(ccn3C)c2)ccn1
O=Cc1ccc(C#N)cc1OCc1ccccc1.C(Oc1cc(C#N)ccc1C=CCc1ccc(C(=O)O)cc1)c1ccccc1.c1cc(C(=O)O)ccc1C=CCc1ccc(C#N)cc1OCc1ccccc1.c1(O)cc(C#N)ccc1CCCc1ccc(C(=O)O)cc1.C(Cc1ccc(C(=O)O)cc1)[P+](c1ccccc1)(c1ccccc1)c1ccccc1.[Br-],C(Oc1cc(C#N)ccc1CCCc1ccc(C(=O)O)cc1)c1ccccc1
CO.CC(=O)O.c1c(C=O)c2c(C(=O)OC)ccnc2n1C(=O)OC(C)(C)C.[Na+].C([BH3-])#N.C1CN(C(=O)OC(C)(C)C)CCC1(N)CC,c1c(CNC2(CC)CCN(C(=O)OC(C)(C)C)CC2)c2c(C(=O)OC)ccnc2n1C(=O)OC(C)(C)C
CC1C(NC(=O)OC(C)(C)C)C(=O)N1OC.N.C1CCCO1.[Na],CC1NC(=O)C1NC(=O)OC(C)(C)C
C1CN(C2CCC2)CCN1.[K+].c1cc(OC(=O)Cl)ccc1[N+](=O)[O-].N#CC.[K+].C1CC2(CCN1)C(=O)N(Cc1ccccc1)c1ccccc12.[O-]C(=O)[O-],C1CC2(CCN1C(=O)N1CCN(C3CCC3)CC1)C(=O)N(Cc1ccccc1)c1ccccc12
N(C)C.Fc1cc(F)c(F)cc1[N+](=O)[O-].C(C)O,Fc1cc(N(C)C)c(F)cc1[N+](=O)[O-]
O=C(C)Cl.N(C(=O)c1cc(Cl)ccc1O)c1cc(C(F)(F)F)ccc1Cl,N(C(=O)c1cc(Cl)ccc1OC(C)=O)c1cc(C(F)(F)F)ccc1Cl
C1CCCCN1.c1(Cl)ccnc(COC)n1.ClCCl,c1(N2CCCCC2)ccnc(COC)n1
ICCC(=O)O.Cl.O=C(C)OC1C(S)OC(C)C(OC(C)=O)C1OC(C)=O.C(C)N(CC)CC.ClCCl,O=C(C)OC1C(SCCC(=O)O)OC(C)C(OC(C)=O)C1OC(C)=O
NN.n1cnc(Cl)c2ccn(C3OC(COCc4ccccc4)C(OCc4ccccc4)C3OCc3ccccc3)c12,n1cnc(NN)c2ccn(C3OC(COCc4ccccc4)C(OCc4ccccc4)C3OCc3ccccc3)c12
CCOC(=O)c1ccc(Br)c(CN(Cc2ccccc2)C(=O)C2CC2)c1.O.[OH-].[Li+].C1CCOC1.CO.Cl,O=C(O)c1ccc(Br)c(CN(Cc2ccccc2)C(=O)C2CC2)c1
C(C)(=O)[O-].[Na+].C(C)O.N(C)O.Cl.c1cn(CC(=O)c2cccs2)cn1,c1cn(CC(c2cccs2)=[N+](C)[O-])cn1
C(C)(C)N(CC)C(C)C.CN(C)C=O.c1(C(=O)O)cc(Cl)nnc1Cl.O=C(NC1CNCC(NC(=O)OC(C)(C)C)C1)OC(C)(C)C,O=C(NC1CC(NC(=O)OC(C)(C)C)CN(c2cc(C(=O)O)c(Cl)nn2)C1)OC(C)(C)C
[Na+].O.Cl.[OH-].OCC.O1CCCC1.c1cc(C(=O)OC)ccc1C#Cc1ccc2c(c1)OCCCC2(C)COC,c1cc(C(=O)O)ccc1C#Cc1ccc2c(c1)OCCCC2(C)COC
C(F)(F)(F)S(=O)(=O)c1cc(-c2ccc(OC)cc2)c(-c2ccncc2)n(C)c1=O.C(COC)OC.OB(O)c1ccccc1.O=C([O-])[O-].[Na+].[Na+],c1(-c2ccccc2)cc(-c2ccc(OC)cc2)c(-c2ccncc2)n(C)c1=O
C(C)N1CCNCC1.N(C(=O)c1cc(F)cc(N2CCOCC2)c1)c1ccc(Oc2ccnc(S(C)(=O)=O)n2)c2ccccc12,N(C(=O)c1cc(F)cc(N2CCOCC2)c1)c1ccc(Oc2ccnc(N3CCN(CC)CC3)n2)c2ccccc12
[Na+].Cl.CO.C1C=C(C(=O)OC)c2ccccc2C12CCN(C(=O)OC(C)(C)C)CC2.[OH-],C1C=C(C(=O)O)c2ccccc2C12CCN(C(=O)OC(C)(C)C)CC2
N#C[S-].O=C(O)C(Cl)CCc1ccc(-c2ccccc2Cl)cc1.CCO.[Na+],O=C(O)C(CCc1ccc(-c2ccccc2Cl)cc1)SC#N
C(C)O.C1CCCC=C1c1cc(C(F)F)nn1-c1ccc(S(N)(=O)=O)cc1,C1CCCCC1c1cc(C(F)F)nn1-c1ccc(S(N)(=O)=O)cc1
CN1CCNCC1.C(=O)c1[nH]cc(C(=O)O)c1C,C(=O)c1[nH]cc(C(=O)N2CCN(C)CC2)c1C
c1(C[Zn+])ccc(C#N)cc1.c1cccc(P(c2ccccc2)c2ccccc2)c1.c1ccc(P(c2ccccc2)c2ccccc2)cc1.[Br-].c1(-c2ccc(Br)o2)ccc(C#N)cn1.c1ccccc1P(c1ccccc1)c1ccccc1.C(Cl)Cl.[Pd].c1cccc(P(c2ccccc2)c2ccccc2)c1.O1CCCC1,c1(-c2ccc(Cc3ccc(C#N)cc3)o2)ccc(C#N)cn1
C1(C(=O)OC)CC2c3cccc4[nH]c(C=O)c(c34)CC2N(C#N)C1.[Na+].CC#N.[BH4-],C1(C(=O)OC)CC2c3cccc4[nH]c(CO)c(c34)CC2N(C#N)C1
[N-]=[N+]=[N-].O=C(c1ccc(F)c(F)c1Nc1ccc(I)cc1F)N1CC2(C1)OC2CC1OCCO1.CN(C)C=O.CCOC(C)=O.[Na+],O=C(c1ccc(F)c(F)c1Nc1ccc(I)cc1F)N1CC(O)(C(CC2OCCO2)N=[N+]=[N-])C1
OC(C)=O.OO.n1c[nH]c2ncccc12,[n+]1([O-])c[nH]c2ncccc21
CC(Oc1ccc(Cl)cn1)C1CCN(Cc2ccccc2)CC1c1ccc(Cl)cc1.Cl.Clc1ccc(C2CNCCC2COc2ccc(Cl)cn2)cc1,CC(Oc1ccc(Cl)cn1)C1CCNCC1c1ccc(Cl)cc1
c1(F)cc(N)ccc1Oc1ccnc(C(N)=O)c1.C(=O)(NCc1ccccc1)C(=O)O,c1(F)cc(NC(=O)C(=O)NCc2ccccc2)ccc1Oc1ccnc(C(N)=O)c1
c1cc(C)ccc1N.CCO.[N+](=O)([O-])c1ccccc1C=O,[N+](=O)([O-])c1ccccc1C=Nc1ccc(C)cc1
[nH]1cc(CC(N)c2nc(-c3ccccc3)c[nH]2)c2ccccc12.c1(C(=O)c2ncc[nH]2)ncc[nH]1.c1(C(=O)O)ccco1,[nH]1cc(CC(NC(=O)c2ccco2)c2nc(-c3ccccc3)c[nH]2)c2ccccc12
c1cccc2[nH]c3cccc(OCC(O)CN(CCOc4ccccc4OC)Cc4ccccc4)c3c12.OC,c1cccc2[nH]c3cccc(OCC(O)CNCCOc4ccccc4OC)c3c12
O.[K+].[K+].O=C([O-])[O-].CC#CCn1c(=O)[nH]c2nc(Cl)nc(Cl)c21.CI.CN(C)C=O,CC#CCn1c(=O)n(C)c2nc(Cl)nc(Cl)c21
O.COC(=O)C1=CCC(C#N)(c2ccc(OC)c(OC3CCCC3)c2)CC1.CO.[K+].[OH-].C1CCOC1,OC(=O)C1=CCC(C#N)(c2ccc(OC)c(OC3CCCC3)c2)CC1
OC(C)C.[NH4+].Clc1cc(OC)c(OCc2c(OC)ccc(F)c2F)cc1-n1c(=O)[nH]c2c(OC)nc(CCl)nc21.[Cl-].N(C)C.[I-].[Na+],Clc1cc(OC)c(OCc2c(OC)ccc(F)c2F)cc1-n1c(=O)[nH]c2c(OC)nc(CN(C)C)nc21
OC(=O)[O-].C1CCCO1.[Na+].c1(O)ccc(C2(C)OCCO2)cc1N(C)C.Cl,c1(O)ccc(C(C)=O)cc1N(C)C
CC(C)(C)OC(=O)NC1CCCC1N.BrCCCCBr,CC(C)(C)OC(=O)NC1CCCC1N1CCCC1
C(CN(CCOC)S(F)(F)F)OC.ClCCl.O=C(OC(C)(C)C)N1CCC(CN=[N+]=[N-])C(O)C1,O=C(OC(C)(C)C)N1CC=C(CN=[N+]=[N-])CC1
c1(CN2CCCC2)cc([N+](=O)[O-])ccc1F.C(C)(=O)OCC,c1(CN2CCCC2)cc(N)ccc1F
C1CC(CI)(C(=O)OCC)CN1C(=O)c1ccccc1OC.Fc1cnc(-c2ccc(O)cc2)nc1,C1CC(COc2ccc(-c3ncc(F)cn3)cc2)(C(=O)OCC)CN1C(=O)c1ccccc1OC
Br.C1(NCC)CCc2nc(N)sc2C1.Br.C1Cc2ncsc2CC1NCCC,C1(NCC)CCc2ncsc2C1
C(C)(C)[Si](S)(C(C)C)C(C)C.[H-].c1cc(OS(=O)(=O)C(F)(F)F)cc2c1CCC(C(=O)OCC)O2.c1ccccc1P(c1ccccc1)c1ccccc1.c1cccc(P(c2ccccc2)c2ccccc2)c1.c1ccccc1C.c1ccccc1P(c1ccccc1)c1ccccc1.O1CCCC1.[Pd].c1(P(c2ccccc2)c2ccccc2)ccccc1.[Na+],c1cc(S[Si](C(C)C)(C(C)C)C(C)C)cc2c1CCC(C(=O)OCC)O2
n1ccc(N(C)C)cc1.C(C)N(CC)CC.C(Cl)Cl.c1cc(S(=O)(=O)Cl)ccc1C.CCOCC.C1=C(CO)C(CC(=O)O)C(O)C1,C1=C(CCl)C(CC(=O)O)C(O)C1
S(=O)(Cl)Cl.c1ccccn1.C(C)OC(C)=O.Cl.OCC.c1ccc(C(=O)c2ccc(OC)c(CCC(=O)OCC)c2)c(CC(=O)OCC)c1.S(=O)(=O)(O)O,c1ccc(C(=O)c2ccc(O)c(CCC(=O)OCC)c2)c(CC(=O)OCC)c1
CCN(CC)CC.C(=O)=Nc1ccc(Cl)cc1.c12cccc(CN)c1c(=O)n(C1CCC(=O)NC1=O)c(C)n2.Cl.C1CCCO1,c12cccc(CNC(=O)Nc3ccc(Cl)cc3)c1c(=O)n(C1CCC(=O)NC1=O)c(C)n2
C=[N+]=[N-].Clc1ccc(C(=O)O)cc1,Clc1ccc(C(=O)OC)cc1
C[Si](C)(Oc1ccc2[nH]c(Sc3ccc(C4C5=C(CCCC5=O)Nc5c4c[nH]c5C(=O)OCC)o3)nc2c1)C(C)(C)C.C1CCOC1,Oc1ccc2[nH]c(Sc3ccc(C4C5=C(CCCC5=O)Nc5c4c[nH]c5C(=O)OCC)o3)nc2c1
Fc1cnc(Cl)nc1Nc1ccc(Cl)c(Cl)c1.COC(=O)c1cc2cc(N)ccc2o1,Fc1cnc(Nc2ccc3oc(C(=O)OC)cc3c2)nc1Nc1ccc(Cl)c(Cl)c1
c1cc(CCN)ccc1-c1ccc(C(C)CNS(=O)(=O)C(C)C)cc1.C(C)(C)C(=O)Cl,c1cc(CCNC(=O)C(C)C)ccc1-c1ccc(C(C)CNS(=O)(=O)C(C)C)cc1
O=C(Cl)C1CC1.c1ccncc1.Nc1nc2ccc(Oc3ccc(Cl)c(NC(=O)C(F)(F)F)c3)nc2s1.CCOC(C)=O.[Na+].O=C([O-])O,N(C(=O)C1CC1)c1nc2ccc(Oc3ccc(Cl)c(NC(=O)C(F)(F)F)c3)nc2s1
n1cc(F)ccc1C(N)CC.[O-][N+](=O)c1ccc(Cl)nc1Nc1cc(OCC)[nH]n1,[O-][N+](=O)c1ccc(NC(CC)c2ccc(F)cn2)nc1Nc1cc(OCC)[nH]n1
CCOC(=O)c1c(NC(=O)C2C(C)(C)C2(C)C)sc2c1CCOC2.CCN,O=C(NCC)c1c(NC(=O)C2C(C)(C)C2(C)C)sc2c1CCOC2
O=C1CCC(=O)N1Br.c1ccccc1COC1CC=CC1,c1ccccc1COC1CC=CC1Br
O(C)c1cccc(C(C)(C)CC)c1.BrB(Br)Br.ClCCl,Oc1cccc(C(C)(C)CC)c1
n1ccc2c(c1Nc1ccc(C(F)(F)F)cc1)CCN(Cc1ccccc1)C2.[OH-].CO.[Pd+2].[OH-],n1ccc2c(c1Nc1ccc(C(F)(F)F)cc1)CCNC2
[H-].[Na+].c12ccc(Br)cc1[nH]c(=O)oc2=O.N(C)(C)C=O.CI.O,c12ccc(Br)cc1n(C)c(=O)oc2=O
O.c1ccccn1.Nc1ccc2c(c1)cc(C(=O)OCC)n2C.c1ccc(C(=O)Cl)cc1,N(C(=O)c1ccccc1)c1ccc2c(c1)cc(C(=O)OCC)n2C
COc1cc(Cl)cc(C=O)c1.ClCCl.BrB(Br)Br.O,Oc1cc(Cl)cc(C=O)c1
c1cccc(P(c2ccccc2)c2ccccc2)c1.c1c(O)ccc(-c2cccc(COc3ccc(CCC(=O)OC)cc3)c2)c1C.c1(CCCO)ccccn1.C(=O)(N=NC(=O)OCC)OCC.C1CCCO1,c1c(OCCCc2ccccn2)ccc(-c2cccc(COc3ccc(CCC(=O)OC)cc3)c2)c1C
CN(C)C=O.COc1ccc2nc(C)cc(O)c2c1.[Na+].[H-].FC(F)(F)c1ccc(-c2cc(Cl)ncn2)cc1,FC(F)(F)c1ccc(-c2cc(Oc3cc(C)nc4ccc(OC)cc34)ncn2)cc1
ClCCl.[Cs+].[Na+].Cl.CN(C)CCCl.COC(=O)C(Cc1cccc(O)c1)C(C)=O.[I-].CC#N.O=C([O-])[O-].[Cs+],COC(=O)C(Cc1cccc(OCCN(C)C)c1)C(C)=O
COC(=O)C(=O)c1ccc(O)cc1.c1cc(S(=O)(=O)[O-])ccc1C.[Na+].[H-].S(N)(=O)(=O)c1ccc(OCCO)cc1.CN(C)C=O,S(N)(=O)(=O)c1ccc(OCCOc2ccc(C(=O)C(=O)OC)cc2)cc1
NC.C(C)O.c1cc(Br)ccc1C(Cl)CN1CCOCC1,c1cc(Br)ccc1C(CN1CCOCC1)NC
O=C([O-])[O-].OC.[Na+].[Na+].c1c(NC(C)=O)ccc(C)c1NC(=O)C(F)(F)F.O,c1c(NC(C)=O)ccc(C)c1N
c1c(I)ccc(C(=O)O)c1F.Cl.CONC,c1c(I)ccc(C(=O)N(C)OC)c1F
CCN(C(C)C)C(C)C.COc1ccc(I)c(NC(=O)C(F)(F)F)c1OC(C)C.CN(C)C=O.C#CC.[Cu]I,COc1ccc(C#CC)c(NC(=O)C(F)(F)F)c1OC(C)C
OC(C)=O.[O-]C(C)=O.O=C(C)[O-].[Pb+4].O=C(C)[O-].c1(Cl)cc(Cl)cc(Sc2c(C(C)C)cc(C)n2Cc2ccncc2)c1.C(C)(=O)[O-],c1(Cl)cc(Cl)cc(Sc2c(C(C)C)cc(C=O)n2Cc2ccncc2)c1
[Na+].O=S(C)(=O)OCCN1CCC(NC(=O)OC(C)(C)C)CC1.c1cc(C(=O)OC)cc2c1OCC(=O)N2.CC(C)(C)OC(=O)NC1CCN(CCn2c(=O)ccc3ccc(OC)cc32)CC1.ClCCl.[H-].OC,C(CN1CCC(NC(=O)OC(C)(C)C)CC1)N1C(=O)COc2ccc(C(=O)OC)cc21
[Pd].c1ccncc1Br.FC(F)(F)c1csc(NC(=O)c2nc(C)ccc2N)n1,FC(F)(F)c1csc(NC(=O)c2nc(C)ccc2Nc2cccnc2)n1
C1CCOC1.c1ccccc1C(=Nc1cncc(OC)c1C)c1ccccc1.Cl.[OH-].[Na+],Nc1cncc(OC)c1C
c1cc(C(=O)NC2CN(CC(=O)Nc3ccc(-n4ccccc4=O)cc3F)CC2OCC(=O)O)sc1Cl.C1CC1N,c1cc(C(=O)NC2CN(CC(=O)Nc3ccc(-n4ccccc4=O)cc3F)CC2OCC(=O)NC2CC2)sc1Cl
O.N(C(C)C)C(C)C.C1CCOC1.[Li]CCCC.Clc1nc(SC)nc(N(CCC(=O)OCC)Cc2ccccc2)c1C(=O)OCC,Clc1nc(SC)nc2c1C(=O)C(C(=O)OCC)CN2Cc1ccccc1
CC(=O)O.[H][H].C(CCCCCCCCCC[N+](C)(C)C)CCCOP(=O)([O-])OCC(COCCCCCCCCCCCCCCCCCC)OCc1ccccc1,C(CCCCCCCCCC[N+](C)(C)C)CCCOP(=O)([O-])OCC(O)COCCCCCCCCCCCCCCCCCC
c1cccnc1.CC(=O)OC(C)=O.C1COCC(C)N1c1nc(N2CCOCC2C)nc2nc(-c3ccnc(N)c3)ccc12,C1COCC(C)N1c1nc(N2CCOCC2C)nc2nc(-c3ccnc(NC(C)=O)c3)ccc12
C([AlH]CC(C)C)C(C)C.c1cccc(C)c1.C1CCCO1.O(C)c1cccc(C(=O)N(C)OC)c1F,O(C)c1cccc(C=O)c1F
C(C)N(CC)CC.c1cc(Cl)c([N+](=O)[O-])cc1S(N)(=O)=O.CC#N.NC1CCCCC1,c1cc(NC2CCCCC2)c([N+](=O)[O-])cc1S(N)(=O)=O
c1ncccc1C1CCC(N2C(=O)c3ccccc3C2=O)C1.OCC,c1ncccc1C1CCC(N)C1
CO.[OH-].[Na+].CCOC(=O)c1ccc(N2CCC(N(C)C(=O)c3ccc(Cl)cc3)C(c3ccc(Cl)c(Cl)c3)C2)nc1,OC(=O)c1ccc(N2CCC(N(C)C(=O)c3ccc(Cl)cc3)C(c3ccc(Cl)c(Cl)c3)C2)nc1
C(#C)CC(C)C.CC(=O)OCC.Cl[Pd]Cl.[Cu]I.N(CC)(CC)CC.c1cccc(P(c2ccccc2)c2ccccc2)c1.c12cnn(C3CCCCO3)c1ccc(Br)c2.c1cccc(P(c2ccccc2)c2ccccc2)c1,c12cnn(C3CCCCO3)c1ccc(C#CCC(C)C)c2
CCOC(=O)N1CCc2nc3ccccc3c(OC)c2CC1.Cl,N1CCc2nc3ccccc3c(OC)c2CC1
C(CCBr)C(=O)OC.c1cc2c(cc1C)nc(N)c1ncc(CCc3ccc(O)cc3)cc12,c1cc2c(cc1C)nc(N)c1ncc(CCc3ccc(OCCCC(=O)OC)cc3)cc12
N(Cc1ccccc1)C(=O)c1sc(N)nc1C.N#Cc1ccc(C(=O)Cl)cc1,N(Cc1ccccc1)C(=O)c1sc(NC(=O)c2ccc(C#N)cc2)nc1C
CN(C)CCCN=C=NCC.n1n[nH]c2cccc(O)c12.O.C(CC)CCCCNCCc1csc(SC(C)(C)C(=O)OC(C)(C)C)n1.CN(C)C=O.[nH]1c(C(=O)O)cc2cc(Cl)ccc12,C(CC)CCCCN(CCc1csc(SC(C)(C)C(=O)OC(C)(C)C)n1)C(=O)c1cc2cc(Cl)ccc2[nH]1
C[S-].S(C)(C)=O.O.c1(F)ccc(-c2cc(C(C)C)nc(N)n2)c2ccccc12.[Na+].C[S-],c1(SC)ccc(-c2cc(C(C)C)nc(N)n2)c2ccccc12
O=C(O)C(F)(F)F.CCn1c(=O)c(-c2cc(NC(=O)Nc3ccccc3)c(F)cc2Br)cc2cnc(NCc3ccc(OC)cc3)cc21,CCn1c(=O)c(-c2cc(NC(=O)Nc3ccccc3)c(F)cc2Br)cc2cnc(N)cc21
CN(C)C=O.C(=O)(Nc1ncn(-c2ncc(OC)c3c(C(=O)C(=O)O)c[nH]c23)n1)C(C)(C)C.C1CN(c2nnnn2-c2ccccn2)CC[NH2+]1.CC(C)N(CC)C(C)C.n1nc2ccccc2n1OC(N(C)C)=[N+](C)C.[Cl-].[B-](F)(F)(F)F,C(=O)(Nc1ncn(-c2ncc(OC)c3c(C(=O)C(=O)N4CCN(c5nnnn5-c5ccccn5)CC4)c[nH]c23)n1)C(C)(C)C
C1CCCO1.N#N.N(CC)(CC)CC.C(CCCCCCCCCCC)OC(=O)NS(=O)(=O)Cl.CC(C)c1cccc(C(C)C)c1O,C(CCCCCCCCCCC)OC(=O)NS(=O)(=O)Oc1c(C(C)C)cccc1C(C)C
c1cc2c(cc1C(O)c1cc(OC)cc(OC)c1)OCCO2.C1COc2ccc(Br)cc2O1.C([Li])CCC.c1c(C=O)ccc2c1OCCO2,c1c(C(O)c2ccc3c(c2)OCCO3)ccc2c1OCCO2
CCCC(=O)Cl.C1CCOC1.C=CCN,CCCC(=O)NCC=C
N(C)(C)C=O.O=C(OC(C)(C)C)N1C2CCC1CC(=CCO)C2.C1CC1CBr.[H-].[Na+],O=C(OC(C)(C)C)N1C2CCC1CC(=CCOCC1CC1)C2
CCOC(=O)NC1CCC=C(C#Cc2ccccc2)C1.[H-].CI.[Na+].CN(C)C=O.C1CCOC1,CCOC(=O)N(C)C1CCC=C(C#Cc2ccccc2)C1
Sc1[nH]c(=O)n(Cc2ccccc2)c(=O)c1C.CN(C)C=O.c1ccccc1-c1cccc(CBr)c1,S(Cc1cccc(-c2ccccc2)c1)c1[nH]c(=O)n(Cc2ccccc2)c(=O)c1C
O.c1cccc(CN2CCC(Br)C2)c1.c1(S)ccccc1.CS(C)=O,c1cccc(CN2CCC(Sc3ccccc3)C2)c1
CN(C)C=O.[Na+].[OH-].O.c1cccc2c1C=Cn1c(n[nH]c1=O)C2.CI,c1cccc2c1C=Cn1c(nn(C)c1=O)C2
C(C)N(CC)CC.ClCCl.c12cc(Br)cnc1c(Cl)c([N+](=O)[O-])cn2.OC(C)(C)CN,c12cc(Br)cnc1c(NCC(C)(C)O)c([N+](=O)[O-])cn2
C1COCCO1.C(c1ccnc(Cl)c1)N1C(=O)N(c2ccc3c(c2)N(C(C)=O)CC3(C)C)C(=O)C1(C)C.Cl,C(c1ccnc(Cl)c1)N1C(=O)N(c2ccc3c(c2)NCC3(C)C)C(=O)C1(C)C
O.Cl.C1(CS)CCC2CC1C2(C)C.[OH-].O=C(O)C(C)Cl.[K+],C1(CSC(C)C(=O)O)CCC2CC1C2(C)C
CC(O)c1ccccn1.CC(NCc1ccc(Cl)c(O)c1)c1cccc(Cl)c1.c1ccc(P(c2ccccc2)c2ccccc2)cc1.C1CCOC1.CC(C)OC(=O)N=NC(=O)OC(C)C,CC(NCc1ccc(Cl)c(OC(C)c2ccccn2)c1)c1cccc(Cl)c1
CCO.Cl.[Na+].C1CCOC1.CCOC(=O)C1(CC(=O)OC(C)(C)C)Cc2ccccc2C1.[OH-].O,OC(=O)C1(CC(=O)OC(C)(C)C)Cc2ccccc2C1
O.OCC.C1(CCN2C(=O)c3ccccc3C2=O)CCN(Cc2ccc(F)cc2)CC1.NN,C1(CCN)CCN(Cc2ccc(F)cc2)CC1
C(C)N(CC)CC.c1(SC=CC(=O)Cl)ccccc1.c1(C)cccc(N)c1.C1CCOC1,c1(SC=CC(=O)Nc2cccc(C)c2)ccccc1
C(C)(C)=O.c1(NC(C)=O)cccc(C2OCCO2)c1.c1cc(C)ccc1S(=O)(=O)O,c1(NC(C)=O)cccc(C=O)c1
OC.n1nc(S)n(CC(=O)O)n1,n1nc(S)n(CC(=O)OC)n1
[K+].N(C)(C)C=O.O=Cc1cccc(OC)c1OC(C(=O)OC)C(C)C.CC(C)(C)[O-].CC(=O)O,O=C1c2cccc(OC)c2OC1(C(=O)OC)C(C)C
N(C)(C)c1ccncc1.ClCCl.O=S(N)(=O)C(F)(F)F.O=C(C)OCC.c1c(Cl)cccc1C(OCc1ccc(Cl)cc1)n1nc(CCC(=O)F)cc1C,c1c(Cl)cccc1C(OCc1ccc(Cl)cc1)n1nc(CCC(=O)NS(=O)(=O)C(F)(F)F)cc1C
Clc1ccc2c(c1)S(=O)(=O)NC2=O.Cl.CC(C)O,Clc1ccc(C(=O)OC(C)C)c(S(N)(=O)=O)c1
O.Clc1ccc(-c2nc(C)n(C(C)=O)n2)cc1,Clc1ccc(-c2n[nH]c(C)n2)cc1
Cl.O(CC)CC.C(=O)c1cc(C)cc(OCC(=O)OCC)c1.OC.[Na+].[OH-].C(C)(=O)OCC,C(=O)c1cc(C)cc(OCC(=O)O)c1
C(C)(=O)[O-].c1(C(=N)c2ccccc2)ccccc1.O=C(C)OCC.CC(=O)[O-].[Pd+2].c1ccc(C)cc1.C(CC)N(CCC)c1ccnc(Cl)c1.C(C)(C)(C)[O-].[Na+],c1(C(=Nc2cc(N(CCC)CCC)ccn2)c2ccccc2)ccccc1
c1(CC(Br)CC)cccc(OC)c1.CCCC[Li].N(C)(C)P(=O)(N(C)C)N(C)C.c1(CC(=O)O)ccccc1.O1CCCC1,c1(CC(CC)C(C(=O)O)c2ccccc2)cccc(OC)c1
CCOCCn1cc(C2CCN(C(=O)OCC)CC2)c2ccccc21.[OH-].[K+].CC(C)O,CCOCCn1cc(C2CCNCC2)c2ccccc21
Cl.c12cc(F)c(C=C)cc1n(CC)cc(C(=O)OCC)c2=O.C1CCCO1,c12cc(F)c(C=C)cc1n(CC)cc(C(=O)O)c2=O
[Br-].O(CC)CC.[K+].[F-].c1ccc([P+](c2ccccc2)(c2ccccc2)c2ccccc2)cc1.n1c(Cl)cnc(C=O)c1OC(C)(C)C.N#CC.O1CCOCCOCCOCCOCCOCC1,n1c(F)cnc(C=O)c1OC(C)(C)C
CC1CCC(C(=O)NCCc2ccccc2)CC1.O,CC1CCC(C2NCCc3ccccc32)CC1
ClC(C)=O.c1([Si](C)(OCC)OCC)cccc(C(F)(F)C(F)(F)OC(F)(F)F)c1.[Cl-],c1([Si](C)(Cl)Cl)cccc(C(F)(F)C(F)(F)OC(F)(F)F)c1
O.c1(C(=O)N=c2cc(C(C)(C)C)n(C)n2CC2CCCO2)cc(C(F)(F)F)ccc1F.CC(C)(C)[O-].O1CCCC1.[Na+].OCC(F)F,c1(C(=O)N=c2cc(C(C)(C)C)n(C)n2CC2CCCO2)cc(C(F)(F)F)ccc1OCC(F)F
Cc1ccc(S(=O)(=O)Cl)cc1.[Li].O(C)c1ccc2c(c1)C(=O)CCC2.C1CCCO1.CC(C)NC(C)C,O(C)c1ccc2c(c1)C(=O)C(Cl)CC2
Brc1ccc(OCc2ccccc2)nc1.[Cl-].[Li]CCCC.C1CCOC1.CCCCCC.CCC=O.[NH4+],c1(C(O)CC)ccc(OCc2ccccc2)nc1
C1CN(c2ccc(N)cc2)CCN1C.N1C(=O)C(=COC)c2cc(Br)ccc2C1=O.N(C)(C)C=O,N1C(=O)C(=CNc2ccc(N3CCN(C)CC3)cc2)c2cc(Br)ccc2C1=O
c1ccncc1.CC1CC(C(=O)O)c2ccccc2N1C(=O)c1ccc(C(F)(F)F)cc1.CCN=C=NCCCN(C)C.CCNc1ccc(Cl)cc1,CC1CC(C(=O)N(CC)c2ccc(Cl)cc2)c2ccccc2N1C(=O)c1ccc(C(F)(F)F)cc1
O.O=C(OC(C)(C)C)N1CCC(N)CC1.C(C)(C)N(CC)C(C)C.O=S(C)C.Fc1ccc(-c2nc3sccn3c2-c2ccnc(S(C)(=O)=O)n2)cc1,Fc1ccc(-c2nc3sccn3c2-c2ccnc(NC3CCN(C(=O)OC(C)(C)C)CC3)n2)cc1
CC(C)(C)OC(=O)NC(C)C=O.[Pd].CC(O)CN.OC,CC(C)(C)OC(=O)NC(C)CNCC(C)O
[C].c12c(cccc1[N+](=O)[O-])C(C(=O)Oc1ccc(C(=O)OCC)cc1)CCC2.[Pd].O(CC)C(C)=O,c12c(N)cccc1C(C(=O)Oc1ccc(C(=O)OCC)cc1)CCC2
C(Oc1ccn(CCc2ccc(CO)cc2)c(=O)c1)c1ccco1.C(Cl)Cl.BrP(Br)Br,C(Oc1ccn(CCc2ccc(CBr)cc2)c(=O)c1)c1ccco1
COc1c(C(C)C)cc(C=O)cc1C(C)C.Cc1c(Cl)ccc2c1CC(=O)N2,COc1c(C(C)C)cc(C=C2C(=O)Nc3ccc(Cl)c(C)c32)cc1C(C)C
C1CCCN1CCCl.S(C)(C)=O.[Cs+].O.[O-]C(=O)[O-].Cl.c12ccc(Br)cc1c(C)n[nH]2.[Cs+],c12ccc(Br)cc1c(C)nn2CCN1CCCC1
[Cl-].[Na+].C1CCOC1.c1cccc(F)c1C(C)c1cc(Cl)ncn1.[NH4+].C(#CC)CO.[H-],c1cccc(F)c1C(C)c1cc(OCC#CC)ncn1
F[B-](F)(F)F.O1CCOCC1.n1c(-c2ccc(F)cc2)c(-c2ccnc(SC)n2)n2cc(Cl)ncc12.[O-]C(=O)[O-].O.CC(C)(C)P(C(C)(C)C)C(C)(C)C.[Na+].[Na+],n1c(-c2ccc(F)cc2)c(-c2ccnc(SC)n2)n2cc(CC)ncc12
C(C)CCC=O.[Na+].OC.N#C[BH3-].c1(C#N)[nH]cnc1N,c1(C#N)[nH]cnc1NCCCCC
[Cl-].Cl.o1c(CC)cc2ccccc12.[Cl-].[Al+3].ClCC(Cl)(Cl)Cl.[Cl-].C1(=O)OC(=O)CC1=C,o1c(CC)c(C(=O)CC(=C)C(=O)O)c2ccccc12
c1cc(OCC(F)(F)F)ccc1[N+](=O)[O-].[H][H].C(Cl)Cl,c1cc(OCC(F)(F)F)ccc1N
C1CNCCO1.N#[C-].[K+].c1(C)cccc(C=O)c1.c1cc(S(=O)(=O)O)ccc1C,c1(C)cccc(C(C#N)N2CCOCC2)c1
[Br-].CC(=O)OCC.C1CC(n2c(=O)c(Cc3ccc(-c4ccccc4C#N)cc3)c(CCC)n3nccc23)CCC1OCC(=O)N(C)OC.CC(C)[Mg+].C1CCCO1,C1CC(n2c(=O)c(Cc3ccc(-c4ccccc4C#N)cc3)c(CCC)n3nccc23)CCC1OCC(O)C(C)C
N#CC.c1(C#N)cc(F)c(Cl)nc1Cl.C(C)N(CC)CC.N(OC)C(=O)c1ccc(C)c(N)c1,N(OC)C(=O)c1ccc(C)c(Nc2nc(Cl)c(F)cc2C#N)c1
[H-].[Na+].C(I)C(C)C.c1ccc2c(-c3ccc(OC)cc3OC)n[nH]c2c1F,c1ccc2c(-c3ccc(OC)cc3OC)n(CC(C)C)nc2c1F
C1(C2CCCN2c2nc3cc(F)c(F)cc3cc2CO)CCC(COCc2ccccc2)CC1.S(C)(=O)(=O)Cl.C(C)(=O)OCC.O.Cc1ccccc1.CC(C)N(CC)C(C)C,C1(C2CCCN2c2nc3cc(F)c(F)cc3cc2CCl)CCC(COCc2ccccc2)CC1
OB(O)c1cncnc1.COc1c(C)cc(C2(c3cccc(Br)c3)N=C(N)c3c(F)cccc32)cc1C#N,COc1c(C)cc(C2(c3cccc(-c4cncnc4)c3)N=C(N)c3c(F)cccc32)cc1C#N
Clc1nnnn1C.[Na+].[OH-].c1cccc(C(=O)CCCCl)c1.OCC.C(N)(N)=S,c1cccc(C(=O)CCCSc2nnnn2C)c1
c1ccccc1N(C)C=O.c1ccnc(N)c1,c1ccccc1N(C)C=Nc1ccccn1
[Cs+].[Cs+].O=C(CCS)OC.[Cl-].c1ccccc1.O.[O-]C(=O)[O-].CCCCCCCC[N+](C)(CCCCCCCC)CCCCCCCC.CC(=O)OC1C(OCCBr)OC(COC(C)=O)C(OC2OC(COC(C)=O)C(OC(C)=O)C(OC(C)=O)C2OC(C)=O)C1OC(C)=O,CC(=O)OC1C(OCCSCCC(=O)OC)OC(COC(C)=O)C(OC2OC(COC(C)=O)C(OC(C)=O)C(OC(C)=O)C2OC(C)=O)C1OC(C)=O
[H-].[Na+].C1CCOC1.BrCc1ccccc1.CN(CC(O)CN(C)C(=O)OC(C)(C)C)C(=O)OC(C)(C)C,CN(CC(CN(C)C(=O)OC(C)(C)C)OCc1ccccc1)C(=O)OC(C)(C)C
[Na+].O.[O-]N=O.Nc1cc(=O)n(C)c(=O)n1CC(=C)C.Cl,Nc1c(N=O)c(=O)n(C)c(=O)n1CC(=C)C
C(C)O.P(Cl)(Cl)Cl.c1(C(Cl)S(=O)(=O)c2cccc[n+]2[O-])cc(C)ccc1C.C(Cl)(Cl)Cl,c1(C(Cl)S(=O)(=O)c2ccccn2)cc(C)ccc1C
C1CCCO1.c1(N)c(C(=O)c2ccccc2)cccc1C(SC)C(=O)N1CCOCC1,c1(N)c(CC(=O)N2CCOCC2)cccc1C(=O)c1ccccc1
c1cccc(-c2cccc(CN)c2)c1.Br.c1(-c2ccc(C=O)cc2)nc(CCCCCCCC)no1,c1(-c2ccc(CNCc3cccc(-c4ccccc4)c3)cc2)nc(CCCCCCCC)no1
C1CCCO1.Cl.O.BrCc1ccccc1.n1oc(C)c(C(=O)O)c1-c1ccccc1.C(CC)CCC,n1oc(CCc2ccccc2)c(C(=O)O)c1-c1ccccc1
[Na+].CO.[OH-].CC1(C)C2CC(Nc3cnn(CC(=O)NCc4ccncc4OCCOC(=O)c4ccccc4)c(=O)c3Cl)C(C)C1C2,CC1(C)C2CC(Nc3cnn(CC(=O)NCc4ccncc4OCCO)c(=O)c3Cl)C(C)C1C2
[OH-].C(C)O.[OH-].[Pd+2].C(NC(C)C)c1coc(C(CCCC2CCCCC2)CC(=O)NOCc2ccccc2)n1,C(NC(C)C)c1coc(C(CCCC2CCCCC2)CC(=O)NO)n1
C(=O)(OC(C)(C)C)C(C(C)C(NC(=O)Nc1ccccc1)C(=O)OC(C)(C)C)[N+](=O)[O-].O=C(C)OCC,C(=O)(OC(C)(C)C)C(N)C(C)C(NC(=O)Nc1ccccc1)C(=O)OC(C)(C)C
[K+].[Cu]I.c1c(Br)ccc(Cl)c1C(=O)NCCc1ccccc1Cl.[O-]C(=O)[O-].N1CCCCC1=O.C1COCCO1.[K+],c1c(N2CCCCC2=O)ccc(Cl)c1C(=O)NCCc1ccccc1Cl
[K+].[K+].C(=O)(O)c1ccc(S(=O)(=O)Cl)cc1.O=C([O-])[O-].C(Cl)Cl.O=C(OC)c1ccccc1N,C(=O)(O)c1ccc(S(=O)(=O)Nc2ccccc2C(=O)OC)cc1
C1(S(=O)(=O)NC(=O)C2([NH3+])CC2C=C)CC1.F[P-](F)(F)(F)(F)F.n1(OC(N(C)C)=[N+](C)C)nnc2cccnc21.[Cl-].CC(C)N(CC)C(C)C.N(C)(C)C=O.c12cccc(c1)COC1CC(C(=O)O)N(C1)C(=O)C(C1CCCCC1)NCCCCC=Cc1cccc-2c1,c12cccc(c1)COC1CC(C(=O)NC3(C(=O)NS(=O)(=O)C4CC4)CC3C=C)N(C1)C(=O)C(C1CCCCC1)NCCCCC=Cc1cccc-2c1
CCO.Cc1noc(C)c1Cn1cc(N2C(=O)CN(Cc3cccc(C=O)c3)C2=O)cn1,Cc1noc(C)c1Cn1cc(N2C(=O)CN(Cc3cccc(CO)c3)C2=O)cn1
O.N(C)(C)CC1C2CCC(C2)C1c1ccc2cc(OC)ccc2c1.N(C)(C)C=O,N(C)(C)CC1C2CCC(C2)C1c1ccc2cc(O)ccc2c1
c1c(C2CC2)ccc(N2CCNCC2)c1C.c1cc(C(=O)O)cnc1Br.O.CO,c1c(C2CC2)ccc(N2CCN(C(=O)c3ccc(Br)nc3)CC2)c1C
ClCCl.CC(C)N(C(=N)OC(C)(C)C)C(C)C.[Cu]Cl.O1C(CC(=O)O)CC(c2ccc(C#N)cc2)N1C,O1C(CC(=O)OC(C)(C)C)CC(c2ccc(C#N)cc2)N1C
Clc1ccc2c(Cl)ccnc2c1.N.CCN1CCCC(NS(=O)(=O)c2ccc(N)cc2)C1.Cl,CCN1CCCC(NS(=O)(=O)c2ccc(Nc3ccnc4cc(Cl)ccc34)cc2)C1
C(N)CO.c1ccccc1C.CC1(C)CC(NC(=O)C(=O)OC)CC(C)(C)N1OC1CCCCC1,CC1(C)CC(NC(=O)C(=O)NCCO)CC(C)(C)N1OC1CCCCC1
N#CCc1c2ccccc2cc2ccccc12.[OH-].[NH4+].N.CCO,NCCc1c2ccccc2cc2ccccc12
COc1cc(F)c(F)cc1-c1ccc(OCc2ccc3ccn(CC(=O)OCC)c3c2)cc1.C(Oc1ccc(-c2cc(F)c(F)cc2OC)cc1)c1ccc2ccn(CCC(=O)O)c2c1,COc1cc(F)c(F)cc1-c1ccc(OCc2ccc3ccn(CC(=O)O)c3c2)cc1
O.O=C1CCC(=O)N1OC(=O)CCCCCCCCCCCCCCCCC.Cl.CCN(CC)CC.CC(C)=O.C(CCCN)C(N)C(=O)O,C(=O)(CCCCCCCCCCCCCCCCC)NCCCCC(N)C(=O)O
[Na+].C(=O)(O)C(N)CCCc1ccccc1.OC(=O)c1cccc(C)c1.[OH-].[Cl-].O,C(=O)(O)C(CCCc1ccccc1)NC(=O)c1cccc(C)c1
C(C)OC(C)=O.c1(Br)cnc2c(c1)C(Oc1cccc(Cl)c1)CCN2.C(CC)CCC.C1(C)(C)OB(c2ccnc(N3CCN(C)CC3)c2)OC1(C)C,c1(-c2cnc3c(c2)C(Oc2cccc(Cl)c2)CCN3)ccnc(N2CCN(C)CC2)c1
Cl.c1cc(OCC#CC)ccc1S(=O)(=O)CC(=O)OCC.CC(C)N(CCCl)CCCl,c1cc(OCC#CC)ccc1S(=O)(=O)C1(C(=O)OCC)CCN(C(C)C)CC1
O=S(=O)(O)O.Cc1ccc2nc(-c3ccccc3)n(-c3ccccc3)c2c1.[NH4+].[Ce].O=C([O-])O.O=[N+]([O-])[O-].[Na+],C(=O)c1ccc2nc(-c3ccccc3)n(-c3ccccc3)c2c1
CO.C1CCCO1.[Fe].[NH4+].[Cl-].O=C(C)Nc1ccc(Sc2cc(O)c(C)cc2[N+](=O)[O-])cc1.O,O=C(C)Nc1ccc(Sc2cc(O)c(C)cc2N)cc1
C1CCOC1.C(#N)C=C.O.C1(CCN2CCC(Nc3nc4ccccc4[nH]3)CC2)(c2ccc(F)c(F)c2)CCN(C(=O)c2cc(OC)c(OC)c(OC)c2)C1.C(C)C([Li])C,C1(CCN2CCC(Nc3nc4ccccc4n3CCC#N)CC2)(c2ccc(F)c(F)c2)CCN(C(=O)c2cc(OC)c(OC)c(OC)c2)C1
[Na+].[Na+].O=S([O-])([O-])=S.O(C)c1cccc(CO)c1.[Na+].O(CC)CC.S(=O)([O-])O.[Na+].[Br+2]([O-])([O-])[O-],O(C)c1cc(CO)ccc1Br
O(Cc1cc2cc(OCc3ccccc3)ccc2[nH]1)C(C)=O.C(C)(C)(C)c1ccc(CBr)cc1,O(Cc1cc2cc(OCc3ccccc3)ccc2n1Cc1ccc(C(C)(C)C)cc1)C(C)=O
c1cccc(C(O)c2c(Cl)nc(Cl)nc2Nc2ccccc2S(=O)(=O)C(C)C)c1.c1cccc[nH+]1.[nH+]1ccccc1.ClCCl.[Cr](=O)(=O)([O-])O[Cr](=O)(=O)[O-],c1cccc(C(=O)c2c(Cl)nc(Cl)nc2Nc2ccccc2S(=O)(=O)C(C)C)c1
[Na+].[OH-].FC(F)(F)c1ccc(CC(C(=O)OCC)C(O)c2ccc(F)c(F)c2)cc1.Cl.CO,FC(F)(F)c1ccc(CC(C(=O)O)C(O)c2ccc(F)c(F)c2)cc1
CC1CCN(C2(OCC)OCCO2)CC1=O.Cl.C1CCOC1,CC1CCN(C(=O)OCC)CC1=O
n1c(OC)ccc2nc(CCl)sc12.c1(Cl)ccccc1N1CCNCC1,n1c(OC)ccc2nc(CN3CCN(c4ccccc4Cl)CC3)sc12
Cl.C(C)O.[O-]C(C)=O.c1cc(Cl)ccc1ON.[Na+].FC(F)(F)S(=O)(=O)Nc1ccc(Cl)cc1C(=O)C(C)C,FC(F)(F)S(=O)(=O)Nc1ccc(Cl)cc1C(=NOc1ccc(Cl)cc1)C(C)C
[O-]C(=O)[O-].[K+].NCC(C)N.Clc1ccc(-c2c(C=O)sc(N3CCOCC3)c2C#N)c(Cl)c1.[I].[K+],Clc1ccc(-c2c(C3=NC(C)CN3)sc(N3CCOCC3)c2C#N)c(Cl)c1
C(#N)N1c2ccccc2CCc2ccccc21.C1(=O)CCC(=O)N1Br.c1ccccc1C(=O)OOC(=O)c1ccccc1.O.c1ccc(Cl)cc1,C(#N)N1c2ccccc2CC(O)c2ccccc21
O=C(C)CC(C)C.c1ccccc1COc1cccc(CC2=CC(O)CC2=O)c1.C(=C)OC(C)=O,c1ccccc1COc1cccc(CC2=CC(OC(C)=O)CC2=O)c1
O.CO.c12nc(CC)c(CNC(=O)c3cccc(C(=O)OC)c3)c(NC3CCOCC3)c1cnn2CC,c12nc(CC)c(CNC(=O)c3cccc(C(=O)O)c3)c(NC3CCOCC3)c1cnn2CC
C(c1ccccc1)n1cc(C(=O)NCc2ccc(C(=N)N)cc2)cn1.O=C(C)O.O.[K+].[K+].O(CC)C(=O)Cl.O=C(C)O.C(=O)([O-])[O-].C1CCCO1,C(c1ccccc1)n1cc(C(=O)NCc2ccc(C(N)=NC(=O)OCC)cc2)cn1
c1(C)cccc(C)c1N1CC(CC)(C(=O)OC)CC1=O.C[Si](C)(C)[N-][Si](C)(C)C.[NH4+].[Cl-].[Li+].C1CCCO1,c1(C)cccc(C)c1N1CC(CC)(C(=O)OC)C(O)C1=O
O=C[O-].[NH4+].c1ccccc1CN1CC2CN(C(=O)OC(C)(C)C)CC2C1.OCC,N1CC2CN(C(=O)OC(C)(C)C)CC2C1
c1(C(C)C)cccc(C(C)C)c1N=C=O.c1ccc(NC2(C(N)=O)CCCCC2)cn1.c1ccccc1C,c1ccc(N2C(=O)NC(=O)C23CCCCC3)cn1
c1ccccc1.O=S(=O)([O-])[O-].CCOC(C)=O.CCCC[N+](CCCC)(CCCC)CCCC.[OH-].CCCC[N+](CCCC)(CCCC)CCCC.[Na+].O=[N+]([O-])c1cccc(CBr)c1.Cc1cccc(OCC(CO)NC(=O)OC(C)(C)C)c1,Cc1cccc(OCC(COCc2cccc([N+](=O)[O-])c2)NC(=O)OC(C)(C)C)c1
c1(CN)c(-c2ccccc2Cl)c2cc(Cl)ccc2n1C.Cl.OC(=O)CNC(c1ccccc1)(c1ccccc1)c1ccccc1,C(=O)(CNC(c1ccccc1)(c1ccccc1)c1ccccc1)NCc1c(-c2ccccc2Cl)c2cc(Cl)ccc2n1C
ClCCl.C(=O)(O)C(F)(F)F.c1ccc(-c2ccc(NC(=O)OCc3ccccc3)c(=O)n2CC(=O)NC(C(=O)C(F)(F)F)C(C)C)cc1OC(C)(C)C,c1ccc(-c2ccc(NC(=O)OCc3ccccc3)c(=O)n2CC(=O)NC(C(=O)C(F)(F)F)C(C)C)cc1O
O.O(C)c1cc(F)c(F)cc1-c1ccc(OCc2ccc3cnn(CC(=O)OCC)c3c2)cc1.[OH-].O.C(C)(=O)OCC.Cl.[Li+],O(C)c1cc(F)c(F)cc1-c1ccc(OCc2ccc3cnn(CC(=O)O)c3c2)cc1
O.[Cs+].CCO.C(C)(=O)OCC.OB(O)c1cncnc1.O(C)CCOC.[O-]C(=O)[O-].C1(N)=NC(c2cccc(Br)c2)(c2ccnc(C3CC3)c2)c2cccc(F)c21.[Cs+],C1(N)=NC(c2cccc(-c3cncnc3)c2)(c2ccnc(C3CC3)c2)c2cccc(F)c21
[Cs+].CN(C)C=O.[Cs+].O.C(=O)([O-])[O-].C(C)(=O)OCC.c1(O)ccc2nc(N)c3nc4n(c3c2c1)C(C)COC4.C(#C)CBr,c1(OCC#C)ccc2nc(N)c3nc4n(c3c2c1)C(C)COC4
O=S(=O)(O)O.c1(C(=O)CCC(=O)O)ccc(F)c(N)c1.[Na+].N(=O)[O-],c1(C(=O)CCC(=O)O)ccc(F)c(O)c1
c1ccccc1CC(N)c1cccs1.C1CC(C(=O)O)C2(C)CCC3C(CC=C4NC(=O)CCC43C)C12,C1CC(C(=O)NC(Cc2ccccc2)c2cccs2)C2(C)CCC3C(CC=C4NC(=O)CCC43C)C12
[I].O=C(Cl)c1cccc(C#N)c1.C1CCCO1.Cl.[Mg].COc1ccccc1Br,O=C(c1cccc(C#N)c1)c1ccccc1OC
C(Cl)(Cl)Cl.CCN(C(C)C)C(C)C.c1(N)coc2ccccc2c1=O.C(Br)C(=O)Cl.c1ccc(C)cc1,c1(NC(=O)CBr)coc2ccccc2c1=O
[OH-].[Na+].CCN(CC)CC.CC(C)C(N)C(O)(c1ccccc1)c1ccccc1.O=C(Cl)OC(Cl)(Cl)Cl.ClCCl,CC(C)C1NC(=O)OC1(c1ccccc1)c1ccccc1
N(C(=O)CBr)c1c(C)cccc1C.C1(c2ccc(Oc3ccccc3)cc2)CCNCC1,C1(c2ccc(Oc3ccccc3)cc2)CCN(CC(=O)Nc2c(C)cccc2C)CC1
O=C(Cl)c1c(I)ccnc1O.CO,O=C(OC)c1c(I)ccnc1O
O=C(C)OC(C)=O.N1CCCC(n2c(O)c(C(=O)NCC(=O)O)c(=O)n(C3CCCCC3)c2=O)C1.OC(C)=O.CCOC(C)=O,N1(C(C)=O)CCCC(n2c(O)c(C(=O)NCC(=O)O)c(=O)n(C3CCCCC3)c2=O)C1
CCOC(=O)C(=O)Cl.COc1cccc(C(Oc2ccc3c(cnn3-c3ccc(F)cc3)c2)C(C)N)c1,COc1cccc(C(Oc2ccc3c(cnn3-c3ccc(F)cc3)c2)C(C)NC(=O)C(=O)OCC)c1
c1(C(c2ccc(F)cc2)N2CCNCC2)ccc(F)cc1.CC(C)N(CC)C(C)C.c1(-c2cccs2)cc(CCC=O)nn1C(C)(C)C,c1(C(c2ccc(F)cc2)N2CCN(CCCc3cc(-c4cccs4)n(C(C)(C)C)n3)CC2)ccc(F)cc1
c1ccc(CCO)cc1.O(CC)C(C)=O.c1cc(F)ccc1NC(=O)c1ccc(OCC(=O)OC)nc1.c1cccc(C)c1.OS(=O)(=O)O,c1cc(F)ccc1NC(=O)c1ccc(OCC(=O)OCCc2ccccc2)nc1
COCCOC.c1[nH]c(=O)ccc1C(F)(F)F.c1cc(N(CCO)CC(C)(C)C)cc(C(F)(F)F)c1C#N,c1cc(N(CCOc2ccc(C(F)(F)F)cn2)CC(C)(C)C)cc(C(F)(F)F)c1C#N
[OH-].OCC.[Na+].C(c1cc(C(F)(F)F)cc(C(F)(F)F)c1)n1cnc(C(=O)OC)c1-c1ccccc1,C(c1cc(C(F)(F)F)cc(C(F)(F)F)c1)n1cnc(C(=O)O)c1-c1ccccc1
C(O)(C[Si](C)(C)C)c1ccn(C2=CC(C)(C)Oc3ccc(C#N)cc32)c(=O)c1.C1CCOC1.[O-]P(=O)([O-])[O-].[Na+].[H-],C(=C)c1ccn(C2=CC(C)(C)Oc3ccc(C#N)cc32)c(=O)c1
C(C)(=O)OCC.[Li+].CC(C)[N-]C(C)C.C1CCCO1.N(C)(OC)C(=O)CC.c1ccc(C)nc1-c1cc(C)c(-c2c(C)nc3ccc(C)nn23)s1,c1ccc(C)nc1-c1cc(C)c(-c2c(C)nc3c(C(=O)CC)cc(C)nn23)s1
[Na+].[Na+].c1cc(Cl)sc1C=O.C(C)OC(C)=O.c1ccccc1[P](c1ccccc1)(c1ccccc1)[Pd]([P](c1ccccc1)(c1ccccc1)c1ccccc1)([P](c1ccccc1)(c1ccccc1)c1ccccc1)[P](c1ccccc1)(c1ccccc1)c1ccccc1.Cc1ccccc1.O1CCCC1.O=C([O-])[O-].c1c(B(O)O)cc(OC)c(OC)c1OC,c1c(-c2ccc(C=O)s2)cc(OC)c(OC)c1OC
c1cc(O)ccc1S(C)(=O)=O.[Cl-].C(=O)N(C)C.[H-].[NH4+].[Na+].n1cc2c(Cl)ncnc2n1C1CCN(C(=O)OC(C)(C)C)CC1,n1cc2c(Oc3ccc(S(C)(=O)=O)cc3)ncnc2n1C1CCN(C(=O)OC(C)(C)C)CC1
ClCCl.P(=O)(Cl)(Cl)Cl.[OH-].O.c1cccc2c1OCC=C2c1ccccc1.[Na+].N(C)(C)C=O.C1CCCCC1,c1cccc2c1OCC(C=O)=C2c1ccccc1
c1cc(C2(C(=O)N3CCCC(COc4ccc(F)cc4)C3)CCC2)ccc1Cl.[H-].[Al+3].[H-].[H-].[H-].[Li+],c1cc(C2(CN3CCCC(COc4ccc(F)cc4)C3)CCC2)ccc1Cl
[K+].CC(C)(C)c1ccc(CCN)cc1.CC(=O)c1cccc(CBr)c1.[Na+].O=C([O-])O.O=C([O-])[O-].CN(C)C=O.[K+],CC(C)(C)c1ccc(CN(C)Cc2cccc(C(C)=O)c2)cc1
OC(C)(C)Cn1cc(C(C)(C)C)sc1=N.O=S(Cl)Cl.CCN(CC)CC.O1CCCC1.COc1ccc(Cl)cc1C(=O)O,OC(C)(C)Cn1cc(C(C)(C)C)sc1=NC(=O)c1cc(Cl)ccc1OC
O=S(Cl)Cl.CCOC(C)=O.CN(C)c1ccc(C(=O)O)cc1,CN(C)c1ccc(C(=O)Cl)cc1
N1(CCCOC)C(=O)CCc2ccc(COC3CN(C(=O)OC(C)(C)C)CCC3c3ccc(O)cc3)cc21.O(CCCCBr)c1ccccc1CC,N1(CCCOC)C(=O)CCc2ccc(COC3CN(C(=O)OC(C)(C)C)CCC3c3ccc(OCCCCOc4ccccc4CC)cc3)cc21
CO.CCOC(=O)c1cc(-c2cc(C(C)C)c(OCc3ccccc3)cc2OCc2ccccc2)on1.CCN,C(=O)(NCC)c1cc(-c2cc(C(C)C)c(OCc3ccccc3)cc2OCc2ccccc2)on1
c1cccc2cc(COc3cc(C(=O)OC)cc([N+](=O)[O-])c3)ccc12.NN.OC.O,c1cccc2cc(COc3cc(C(=O)NN)cc([N+](=O)[O-])c3)ccc12
n1cnc(-c2cn[nH]c2)c2ccn(COCC[Si](C)(C)C)c12.C1CCCCN2CCCN=C12.C(C)#N.N#CC=C1CC(C(=O)OC)C1,n1cnc(-c2cnn(C3(CC#N)CC(C(=O)OC)C3)c2)c2ccn(COCC[Si](C)(C)C)c12
O1CCCC1.CN(C)P(=O)(N(C)C)N(C)C.C1CCCC(OCCCCCCBr)O1.CCCC[Li].C(#C)c1ccccc1,C1CCCC(OCCCCCCC#Cc2ccccc2)O1
O.CS(C)=O.CCN(CC)CC.Cc1ccc2c(CO)c3ccccc3c(C=O)c2c1.c1ccncc1.O=S(=O)=O,Cc1ccc2c(C=O)c3ccccc3c(C=O)c2c1
C(=O)([O-])[O-].C1CSC(c2ccccc2)CN1.c1(Cl)ncnc2cc(OC)c(OC)cc12.CC(C)O.[K+].[K+].c1cccc(C)c1,c1(N2CCSC(c3ccccc3)C2)ncnc2cc(OC)c(OC)cc12
c1(C=O)cccc(O)c1.[NH4+].C(C)(=O)[O-].[O-][N+](=O)CC.O.CC(=O)O,c1(C=C(C)[N+](=O)[O-])cccc(O)c1
O1CCCCC1ON.CN(C)C=O.N(C(=O)OC(C)(C)C)(c1ccc(C=CC(=O)O)cn1)C1CCN(CC2CCCC2)C1.c12ccccc1nnn2O.C(=NCC)=NCCCN(C)C,N(C(=O)OC(C)(C)C)(c1ccc(C=CC(=O)NOC2CCCCO2)cn1)C1CCN(CC2CCCC2)C1
Fc1c(F)ccc2ncc(=O)n(CCN3CCC(N)CC3)c12.C(C)(=O)O[BH-](OC(C)=O)OC(C)=O.[Na+].O=Cc1ccc2c(n1)NC(=O)CO2,Fc1c(F)ccc2ncc(=O)n(CCN3CCC(NCc4ccc5c(n4)NC(=O)CO5)CC3)c12
o1c(-c2ccc3cc(OC)ccc3c2)c(C(O)CCCC)c2ccccc12.C(=O)(O)C(F)(F)F.CC[SiH](CC)CC.C(Cl)Cl,o1c(-c2ccc3cc(OC)ccc3c2)c(CCCCC)c2ccccc12
O.[OH-].c1cccc(-n2ncc(C(=O)NCc3ccc(-c4ccc(OC(C)C(=O)[O-])cc4)cc3)c2C(F)(F)F)c1.[Na+].Cl.C1CCOC1,c1cccc(-n2ncc(C(=O)NCc3ccc(-c4ccc(OCC(=O)O)cc4)cc3)c2C(F)(F)F)c1
C(CCBr)CCCC(=O)OC(C)(C)C.ClCCl.OC.O.c1cccc(C)c1,C(CCBr)CCCC=O
CO.[Na+].c1ccccc1C(CNc1nc(C#N)nc2[nH]cnc12)c1ccccc1.[O-]C,c1ccccc1C(CNc1nc(C(=O)OC)nc2[nH]cnc12)c1ccccc1
c1cccc(C)c1.BrP(Br)Br.C1(=O)OC(=O)c2ccccc21.c12cccc(CCCCCO)c1C(=O)NC2=O.O.C(CCN)CCO,c12cccc(CCCCCBr)c1C(=O)NC2=O
CC(C)(C)OC(=O)N1CCC(n2ncc3c(Cl)ncnc32)CC1.Nc1cc(F)c(F)cc1F,CC(C)(C)OC(=O)N1CCC(n2ncc3c(Nc4cc(F)c(F)cc4F)ncnc32)CC1
[I-].S(C)(=O)(=O)OCCc1ccc(Cl)cc1.c1cccc2c1OCc1ccccc1N2CCNC.O=C([O-])[O-].[Na+].CC#N.[Na+].[Na+],c1cccc2c1OCc1ccccc1N2CCN(C)CCc1ccc(Cl)cc1
C1(c2ccccc2Cl)=NCc2nnc(C)n2-c2ccc(I)cc21.CC(=O)OCC.c1ccc(OCC#C)cc1,C1(c2ccccc2Cl)=NCc2nnc(C)n2-c2ccc(C#CCOc3ccccc3)cc21
CCOC(C)=O.[Cs+].O=C([O-])[O-].[Cs+].CN(C)C=O.CI.Oc1cccnc1I.O,O(C)c1cccnc1I
[Cs+].C(=O)([O-])[O-].[Cs+].CN(C)CCCl.CN(C)C=O.c1c(O)cccc1C#C,c1c(C#C)cccc1OCCN(C)C
CC(C)(C)[Si](C)(C)OCCBr.CS(C)=O.C(CNCc1ccc(C=CC(=O)OC)cc1)c1c[nH]c2ccccc12,C(CN(CCO[Si](C)(C)C(C)(C)C)Cc1ccc(C=CC(=O)OC)cc1)c1c[nH]c2ccccc12
CS(C)=O.O.N#C[Na].CC(C)(CCCCl)C1OCCO1,CC(C)(CCC#N)C1OCCO1
[Na+].[Cl-].[H-].[NH4+].C1CCOC1.Clc1cc(C(C)c2ccccc2F)ncn1.CC#CCO,c1(OCC#CC)cc(C(C)c2ccccc2F)ncn1
[K+].O=C(Cl)Cl.[K+].O=C([O-])[O-].FC(F)(F)c1cccc(OC2CN(C(c3ccccc3)c3ccccc3)C2)c1.ClCCl,FC(F)(F)c1cccc(OC2CN(C(=O)Cl)C2)c1
CC(C)(C)OC(=O)N1CCC1COS(C)(=O)=O.CCCC[N+](CCCC)(CCCC)CCCC.[F-],CC(C)(C)OC(=O)N1CCC1CF
C1COCCO1.[OH-].[K+].CS(=O)(=O)c1ccc(N(S(=O)(=O)c2ccccc2)S(=O)(=O)c2ccccc2)c(I)c1,CS(=O)(=O)c1ccc(NS(=O)(=O)c2ccccc2)c(I)c1
FC(F)(F)c1ccc(C(O)C=C)cc1.[Na+].[O-]S(=O)([O-])=S.C(Cl)Cl.C(=O)([O-])O.[Na+].[Na+],FC(F)(F)c1ccc(C(=O)C=C)cc1
C([Li])CCC.C1CCOC1.[Cl-].O.Brc1ccnc2cc(F)c(F)cc12.C(C)(C)NC(C)C.CC(=O)OCC.[Si](C)(C)(C)Cl.[NH4+],Brc1ccnc2c([Si](C)(C)C)c(F)c(F)cc12
CC(C1OCC(C)(C)CO1)C1CCC2C3C=CC4=CC(=O)C=CC4(C)C3CCC12C.Cc1ccc(S(=O)(=O)O)cc1.CCCCCC.CCOC(C)=O.CC(C)=O,CC(C=O)C1CCC2C3C=CC4=CC(=O)C=CC4(C)C3CCC12C
c1cccc(C(c2ccccc2)(c2ccccc2)n2cc(CC(C)(C)CC)nc2CC(=O)c2ccc(-c3ccc(F)cn3)cc2)c1.[Li+].CO.[BH4-],c1cccc(C(c2ccccc2)(c2ccccc2)n2cc(CC(C)(C)CC)nc2CC(O)c2ccc(-c3ccc(F)cn3)cc2)c1
C(F)(F)(F)c1cc(F)ccc1CBr.c1(N2CCNCC2)nn(C)c(=O)n(C)c1=O.c1(C)ccccc1.O,c1(N2CCN(Cc3ccc(F)cc3C(F)(F)F)CC2)nn(C)c(=O)n(C)c1=O
[NH4+].COc1ccc(C2OCC(C)(C)CO2)cc1Br.[Na+].O=C1Nc2ccc(Cl)cc2C1=O.[Cl-].[I].[H-].O=C1Nc2ccc(Cl)cc2C1=O.[Mg].C1CCOC1.[Na],COc1ccc(C2OCC(C)(C)CO2)cc1C1(O)C(=O)Nc2ccc(Cl)cc21
Cl.[OH-].CCO.c1ccccc1C(c1ccccc1)(c1ccccc1)n1cc(-c2ccc3ncc(-c4nccs4)n3c2)c(-c2ccc(C(=O)OC)s2)n1.O.[Li+],c1ccccc1C(c1ccccc1)(c1ccccc1)n1cc(-c2ccc3ncc(-c4nccs4)n3c2)c(-c2ccc(C(=O)O)s2)n1
[H-].[H-].CCOCC.CCOC(C)=O.O=S(=O)([O-])[O-].[OH-].[Na+].[H-].[Mg+2].[Li+].[Al+3].[H-].O(C)C(=O)C1CCCC(OCOC)C1,C(O)C1CCCC(OCOC)C1
[K+].COC(=O)C(Cc1ccc2ccccc2c1)N1CCN(S(=O)(=O)c2ccccc2[N+](=O)[O-])C(CC2CC2)C1=O.[K+].O=C([O-])[O-].Oc1ccc(S)cc1.CC#N,COC(=O)C(Cc1ccc2ccccc2c1)N1CCNC(CC2CC2)C1=O
Cc1ccccc1.COC(=O)C(Cc1ccc(Oc2ccc(Cl)cc2)cc1)NC(=O)OC(C)(C)C.CC(C)C[AlH]CC(C)C.CC(=O)O,O=CC(Cc1ccc(Oc2ccc(Cl)cc2)cc1)NC(=O)OC(C)(C)C
CC(C)=CCCC(C)=CCCC(C)=CCO.c1cc[n+](C)c(Cl)c1.c1cccc(C)c1.CCN(CC)CC.[I-].O=C(O)CC=C(C)CCC=C(C)CCC=C(C)C,O=C(CC=C(C)CCC=C(C)CCC=C(C)C)OCC=C(C)CCC=C(C)CCC=C(C)C
c1(I)cccc(N2C(=O)CNC2=O)c1.CN(C)C=O.[H-].[Na+].Cl.ClCc1ccccc1,c1(I)cccc(N2C(=O)CN(Cc3ccccc3)C2=O)c1
S(C)(=O)(=O)c1ccc(Oc2ncnc(OC3CCNCC3)c2C)c(F)c1.F[P-](F)(F)(F)(F)F.C1CCOC1C(=O)O.c1ccc2nnn(OC(N(C)C)=[N+](C)C)c2n1.C1CCCO1,S(C)(=O)(=O)c1ccc(Oc2ncnc(OC3CCN(C(=O)C4CCCO4)CC3)c2C)c(F)c1
[OH-].[K+].c1cc(-c2cccc3cc(C(=O)OC)sc23)ccc1N1CCOCC1.OC,c1cc(-c2cccc3cc(C(=O)O)sc23)ccc1N1CCOCC1
c1cc(N)ccc1-c1ccccc1CN(C)C.c1(Cl)ccc(NC(=O)NC(C(=O)O)c2ccccc2C)cc1,c1(Cl)ccc(NC(=O)NC(C(=O)Nc2ccc(-c3ccccc3CN(C)C)cc2)c2ccccc2C)cc1
O=CN(C)C.O.C(=O)(O)c1ccc(OC)c(OC(C)=O)c1.C1CCCCC(N)(C(=O)OC)C1.Cl,C(=O)(NC1(C(=O)OC)CCCCCC1)c1ccc(OC)c(OC(C)=O)c1
CCOC(=O)c1cc(NCc2ccccc2)c(Oc2ccccc2)c(S(=O)(=O)N(C)C)c1.[OH-].[Na+],OC(=O)c1cc(NCc2ccccc2)c(Oc2ccccc2)c(S(=O)(=O)N(C)C)c1
O1CCCC1.O(C=O)CC.c1c(NC(=O)OC(C)(C)C)ccc2c1Cc1cc(NC(=O)OC(C)(C)C)ccc1-2.CCOC(N)=O,c1c(NC(=O)OC(C)(C)C)ccc2c1C(C=O)c1cc(NC(=O)OC(C)(C)C)ccc1-2
C(=[N+]=[N-])[Si](C)(C)C.O=C(O)C1(C)CCCN1C(=O)OC(C)(C)C.CO,O=C(OC)C1(C)CCCN1C(=O)OC(C)(C)C
n1c(C)n(-c2nc(N3CCOCC3)c3nc(C=O)n(C)c3n2)c2ccccc12.[Na+].C1CNCCN1CCS(C)(=O)=O.C(C)(=O)O[BH-](OC(C)=O)OC(C)=O,n1c(C)n(-c2nc(N3CCOCC3)c3nc(CN4CCN(CCS(C)(=O)=O)CC4)n(C)c3n2)c2ccccc12
OC.c1cccc(Nc2ccc(Nc3ccccc3)cc2)c1.CC(=C)C(=O)O.[Cl-].c1cc(N(C)C)cc[n+]1CC(CC)CCCC.C(CCl)C[Si](OC)(OC)OC,C(COC(=O)C(=C)C)C[Si](OC)(OC)OC
C(Cl)Cl.C(F)(F)(F)C(=O)O.C(=O)(OC(C)(C)C)C12CC(=C)CC1C(=O)N(C(C)c1ccccc1)C2,C(=O)(O)C12CC(=C)CC1C(=O)N(C(C)c1ccccc1)C2
NCCCC.C(C(=O)c1cccc(OC)c1O)S(C)=O,C(C(=NCCCC)c1cccc(OC)c1O)S(C)=O
CC#N.C(F)(F)(F)S(=O)(=O)O[Si](C)(C)C.N(C(=O)c1ccccc1)c1ncnc2nc[nH]c12.CC(C)(C)[SiH2]OC(c1ccccc1)(c1ccccc1)C1(C=C)OC(OC(C)=O)C(OC(C)=O)C1OCc1ccccc1,CC(C)(C)[SiH2]OC(c1ccccc1)(c1ccccc1)C1(C=C)OC(n2cnc3c(NC(=O)c4ccccc4)ncnc32)C(OC(C)=O)C1OCc1ccccc1
c1(C(C)=C(C)CO)ccc(Br)cc1.C(C)OC(=O)C(Cc1ccc(O)cc1)OCC,C(C)OC(=O)C(Cc1ccc(OCC(C)=C(C)c2ccc(Br)cc2)cc1)OCC
c1(O)cc(C(C)=O)ccc1OC.Cl.c1cc(F)cc(CON)c1,c1(O)cc(C(C)=NOCc2cccc(F)c2)ccc1OC
O=[Mn]=O.C1CCCO1.[H-].[H-].[Li+].[Al+3].[H-].[NH4+].[H-].[Cl-].c12cc(OC)ccc1c(C(=O)O)n[nH]2.ClCCl,c12cc(OC)ccc1c(C=O)n[nH]2
C1CCCN1.NNC(N)=O.Cl.c1ccc(C)c(C)c1[N+](=O)[O-].N(C)(C)C(OC)OC.O.Cl,c1ccc(C)c(CC=NNC(N)=O)c1[N+](=O)[O-]
c1ccc(C)cc1.Oc1ccc(C=O)c(OC)c1.C1CCOC1.Clc1ccc(CO)cc1Cl.c1(P(c2ccccc2)c2ccccc2)ccccc1.N(=NC(=O)OCC)C(=O)OCC,O(Cc1ccc(Cl)c(Cl)c1)c1ccc(C=O)c(OC)c1
[Cu+2].CC(=O)N(C)C.C(C)(=O)[O-].C(C)(=O)[O-].Cc1n[nH]cc1C(=O)OC.n1ccccc1.OB(O)c1ccccc1Cl,Cc1nn(-c2ccccc2Cl)cc1C(=O)OC
[OH-].[Na+].NN.C(COCCO)OCCO.O.C(C)(=O)c1ccc(F)c(N)c1,C(C)c1ccc(F)c(N)c1
[K+].[K+].O1CCN(CCCl)CC1.Cl.c1(C23CC4CC(CC(C4)C2)C3)cc(-c2ccc(C=CC(=O)OC)cc2)ccc1O.C(=O)([O-])[O-].O=CN(C)C,c1(C23CC4CC(CC(C4)C2)C3)cc(-c2ccc(C=CC(=O)OC)cc2)ccc1OCCN1CCOCC1
[Pd].C1CCOC1.[H][H].Cn1c(=O)n(-c2cn(C)nc2C)c2c3cc(-c4cnc(OC)c([N+](=O)[O-])c4)ccc3ncc21.CO,Cn1c(=O)n(-c2cn(C)nc2C)c2c3cc(-c4cnc(OC)c(N)c4)ccc3ncc21
CC(=O)OCC.[Na+].O.OC(=O)C(N)C(c1ccccc1)c1ccccc1.[Na+].CN(C)C=O.Clc1nc(C)cc(C)n1.[O-]C(=O)[O-],OC(=O)C(Nc1nc(C)cc(C)n1)C(c1ccccc1)c1ccccc1
NCC(N)=O.Cc1ccc(C(=O)NCC(N)=O)cc1-n1cnc(OCc2ccc(F)cc2F)c(Cl)c1=O,Cc1ccc(C(=O)NCCO)cc1-n1cnc(OCc2ccc(F)cc2F)c(Cl)c1=O
O=C1CCC(=O)N1Br.ClCCl.c1ccc(P(c2ccccc2)c2ccccc2)cc1.CS(=O)(=O)c1ccc(C(CC2CCCC2)C(=O)O)cc1Br.Nc1nccs1,CS(=O)(=O)c1ccc(C(CC2CCCC2)C(=O)Nc2nccs2)cc1Br
C1CC(=O)N(Br)C1=O.c1(Cl)cc(C)c(Br)cc1F.ClC(Cl)(Cl)Cl.O=C(OOC(=O)c1ccccc1)c1ccccc1,c1(Cl)cc(CBr)c(Br)cc1F
O.O=CNc1cc(Cl)ccc1CNC1CCC(=O)NC1=O,C1=Nc2cc(Cl)ccc2CN1C1CCC(=O)NC1=O
OC(=O)c1cc(Cl)cnc1Cl.CN.O1CCOCC1,OC(=O)c1cc(Cl)cnc1NC
[O-]C(=O)[O-].[Na+].[Na+].OO.C1(Nc2cccc3nc(Nc4ccc(C(N)=O)cc4)nn23)CCC(NC(=O)OC(C)(C)C)CC1.C1CC(Nc2cccc3nc(Nc4ccc(C#N)cc4)nn23)CCC1NC(=O)OC(C)(C)C.C(C)O,C1(Nc2cccc3nc(Nc4ccc(C(N)=O)cc4)nn23)CCC(N)CC1
C(Cl)Cl.[Na+].C(Br)c1cccc([N+](=O)[O-])c1C(=O)OC.CCN(CC)CC.c1cc(S)cc(OC)c1.[O-]C(=O)O,C(Sc1cccc(OC)c1)c1cccc([N+](=O)[O-])c1C(=O)OC
CCOC(=O)c1nc[nH]c1C(=O)OCC.[K+].CN(C)C=O.ClCc1ccc(Cl)c(Cl)c1.CC(C)(C)[O-],CCOC(=O)c1ncn(Cc2ccc(Cl)c(Cl)c2)c1C(=O)OCC
c1cc(CC=C)c(S(N)(=O)=O)cc1C(F)(F)F.[K+].C(=O)([O-])[O-].[I].[K+],c1cc2c(cc1C(F)(F)F)S(=O)(=O)N1CC1C2
N#Cc1ccc(NC(C(=O)O)C(C)O)c(Cl)c1Cl.c1cccc(C(=O)NNC(=O)C(Nc2ccc(C#N)c(Cl)c2CC)C(C)O)c1.c1(C(=O)NN)ccc(Cl)cc1,N#Cc1ccc(NC(C(=O)NNC(=O)c2ccc(Cl)cc2)C(C)O)c(Cl)c1Cl
c1(C)ccccc1.n1cc(C=O)ccc1Br.OCCO,n1cc(C2OCCO2)ccc1Br
Cl.CO.c1c(C(=O)OC)cc(N(C)S(C)(=O)=O)nc1Cl.[OH-].[Na+],c1c(C(=O)O)cc(N(C)S(C)(=O)=O)nc1Cl
ClCCl.[N+](=O)([O-])c1ccc(OC(=O)Cl)cc1.CC(C)N(CC)C(C)C.c1cc(CN)ccc1-c1ccccc1.C(O)C(F)(F)F,c1cc(CNC(=O)OCC(F)(F)F)ccc1-c1ccccc1
O1CCC(C)(C)c2cc(C(C)=O)ccc21.C1CCOC1.CC(C)NC(C)C.CCCCCC.[Li]CCCC.O(CC)P(=O)(Cl)OCC,O1CCC(C)(C)c2cc(C#C)ccc21
C(Cl)(Cl)(Cl)Cl.c1(C(=O)OOC(=O)c2ccccc2)ccccc1.c1ccc(-c2ccco2)cc1C.C1CC(=O)N(Br)C1=O,c1ccc(-c2ccc(Br)o2)cc1C
c1ccc(C(c2ccccc2)(c2ccccc2)n2cnc(C(O)(c3cccc(-c4cccc(NC(C)=O)c4)c3)C(C)C)c2)cc1.Cl.c1ccccn1,[nH]1cnc(C(O)(c2cccc(-c3cccc(NC(C)=O)c3)c2)C(C)C)c1
[K+].c1cc(NC(=O)C(Br)COC)ncc1C.[O-]C(C)=O,c1cc(NC(=O)C(COC)OC(C)=O)ncc1C
c1ccccc1.O=C([O-])[O-].[Na+].[Na+].O.O1CCOC1CNCC=C.C(Cl)C(=O)Cl,O1CCOC1CN(CC=C)C(=O)CCl
C(CCCN)N1Cc2cccc3cccc(c23)C1.c1ccncc1C=CC(=O)O.O=C(Cl)C(=O)Cl,C(CCCNC(=O)C=Cc1cccnc1)N1Cc2cccc3cccc(c23)C1
CC(=O)[O-].c1ccccc1C(=NN)c1ccccc1.CC(=O)[O-].O=C(C)[O-].c1(C)ccccc1.[Pd+2].[Cs+].c1(Br)cc(F)c(F)c(F)c1,c1ccccc1C(=NNc1cc(F)c(F)c(F)c1)c1ccccc1
[Na+].c1cc(O)c(F)cc1[N+](=O)[O-].[K+].N(C)(C)C=O.[O-]C(=O)[O-].C(=O)([O-])O.Clc1nccc(Cl)n1.[K+].c1cc(Oc2ccccc2)ncn1,c1cc(Oc2ccnc(Cl)n2)c(F)cc1[N+](=O)[O-]
C(C)(=O)OCC.O[I+3]([O-])([O-])[O-].C(C)#N.O=S(C)(=O)c1ccc(Oc2cc(C(=O)OCC)cc3oc(C=O)cc23)cc1,O=S(C)(=O)c1ccc(Oc2cc(C(=O)OCC)cc3oc(C(=O)O)cc23)cc1
c1([N+](=O)[O-])cc([N+](=O)[O-])cc(C(=O)NCC2COC(C)(C)O2)c1N(CCOS(C)(=O)=O)CCOS(C)(=O)=O.OC.OS(=O)(=O)c1ccc(C)cc1,c1([N+](=O)[O-])cc([N+](=O)[O-])cc(C(=O)NCC(O)CO)c1N(CCOS(C)(=O)=O)CCOS(C)(=O)=O
CCOCC.C(=O)(Cl)C(C)(C)CCC.c1(F)ccc(CNCCCCCC)c(F)c1.C(C)N(CC)CC.Cl,c1(F)ccc(CN(CCCCCC)C(=O)C(C)(C)CCC)c(F)c1
CC(C)C1CC2COC(c3ccccc3)N2C1=O.ClCCl.O=C(O)C(F)(F)F,CC(C)C1CC(CO)NC1=O
ClC(=O)OCC.[Na+].CC(C)N(CC)C(C)C.[BH4-].C1CCCO1.O.n1(-c2cccc(NC(C)=O)c2)nc(C(=O)O)c(=O)n(Cc2ccc(Cl)cc2)c1=O,n1(-c2cccc(NC(C)=O)c2)nc(CO)c(=O)n(Cc2ccc(Cl)cc2)c1=O
c1(OCCN(C)C)ccc(N)cc1.c1ccc(B(O)O)c(F)c1.c1cnc2c(-c3ccccc3F)ccc(C(=O)O)c2n1,c1cnc2c(-c3ccccc3F)ccc(C(=O)Nc3ccc(OCCN(C)C)cc3)c2n1
O=C(Cl)Oc1ccccc1.COc1ccc(C2COCCOC2)c2sc(N)nc12.OCC1CCNCC1,COc1ccc(C2COCCOC2)c2sc(NC(=O)N3CCC(CO)CC3)nc12
c1c(C(=O)c2ccc(Cl)cc2)ccc2c1c(-c1cccc(I)c1)cc(=O)n2C.c1cccc(C)c1.C(CCC)[Sn](C=C)(CCCC)CCCC.N#N,c1c(C(=O)c2ccc(Cl)cc2)ccc2c1c(-c1cccc(C=C)c1)cc(=O)n2C
[Zn+2].ClCCl.O.[I-].CC(O)c1cccc2nc(-c3ccc(C(F)(F)F)cc3)oc12.CCOC(=O)COc1ccc(S)cc1C.[I-],CC(Sc1ccc(OCC(=O)OCC)c(C)c1)c1cccc2nc(-c3ccc(C(F)(F)F)cc3)oc12
C(CCl)CN1CCCN(C(=O)OC(C)(C)C)CC1.n1nc(-c2ccc(O)cc2)oc1CSCCOc1ccccc1,n1nc(-c2ccc(OCCCN3CCCN(C(=O)OC(C)(C)C)CC3)cc2)oc1CSCCOc1ccccc1
ClC(Cl)Cl.c1(C#N)ccccc1-c1ccc(Cn2c(=O)n(CCc3ccccc3)c(=O)c3ccsc32)cc1.CN(C)C=O.O=P(Cl)(Cl)Cl,c1(C#N)ccccc1-c1ccc(Cn2c(=O)n(CCc3ccccc3)c(=O)c3cc(C=O)sc32)cc1
C1CCCCN1.COC(C)[Si](C)(C)C.O=C1Nc2cc(Cl)ccc2C12C(c1cccc(Cl)c1)CC(=O)N(CCCCl)C2C(=C)C.FC(F)(F)C(=O)O,O=C1Nc2cc(Cl)ccc2C12C(c1cccc(Cl)c1)CC(=O)N(CCCN1CCCCC1)C2C(=C)C
c1ccccn1.N#CC(N)c1cccs1.n1ccc(C(=O)Cl)cc1Cl.c1ccccc1C,n1ccc(C(=O)NC(C#N)c2cccs2)cc1Cl
O=C(Cl)c1ccncc1.C1CCCC1CC(C(=O)Nc1nccs1)c1ccc(N)cc1.C1CCCO1.C(C)(C)N(CC)C(C)C,C1CCCC1CC(C(=O)Nc1nccs1)c1ccc(NC(=O)c2ccncc2)cc1
[Cs+].C1COCCO1.[O-]C(=O)[O-].c1(C)ccccc1Br.[Cs+].C(F)(F)(F)c1ccc(Nc2ncnc3c2CCNC3)cc1,C(F)(F)(F)c1ccc(Nc2ncnc3c2CCN(c2ccccc2C)C3)cc1
O.CN(C)C=O.O=C([O-])[O-].[Cs+].[Cs+].c1ccc(CB2C3CCCC2CCC3)cc1.Cc1csc(Nc2cc(Oc3cccc4ncccc34)c(Br)cn2)n1,Cc1csc(Nc2cc(Oc3cccc4ncccc34)c(Cc3ccccc3)cn2)n1
CNC.ClCCl.C(Cl)Cl.c1cc(F)c(Cl)cc1Nc1ncnc2sc3c(c12)CCN(C(=O)C=CCBr)C3.OC,c1cc(F)c(Cl)cc1Nc1ncnc2sc3c(c12)CCN(C(=O)C=CCN(C)C)C3
C1(C)(C)NN(C2C3CC4CC(C3)CC2C4)C1=O.c1(Cl)cccc(F)c1CBr,C1(C)(C)C(=O)N(C2C3CC4CC(C3)CC2C4)N1Cc1c(F)cccc1Cl
CCc1cc(C(=O)OC)c(NC(=O)OC(C)C)cc1C(F)(F)F.CN(C)C=O.COC(=O)CCCBr.[Cs+].[Cs+].O=C([O-])[O-],CCc1cc(C(=O)OC)c(N(CCCC(=O)OC)C(=O)OC(C)C)cc1C(F)(F)F
C(C)Cc1c(O)ccc(C(C)=O)c1O.C(#N)c1ccnc(Sc2cccc(CO)c2)c1,C(#N)c1ccnc(Sc2cccc(COc3ccc(C(C)=O)c(O)c3CCC)c2)c1
[NH4+].OC.O=C[O-].[Pd].[C].c1cccc(COc2cccc3c2CCCC3C(=O)N(Cc2ccc(N(C)C)cc2)c2ccc(C(C)C)cc2)c1,Oc1cccc2c1CCCC2C(=O)N(Cc1ccc(N(C)C)cc1)c1ccc(C(C)C)cc1
c1c(N)ccc2[nH]nc(Cl)c12.O=C(C)OCC.Cl.c1(OC)cc(C2CC(=O)NC(C)=C2C(=O)O)ccc1Cl.CCN(CC)CC.ClCCCl.N(C)(C)C=O,c1(OC)cc(C2CC(=O)NC(C)=C2C(=O)Nc2ccc3[nH]nc(Cl)c3c2)ccc1Cl
c12cc(Cl)ccc1onc2C(Br)C(=O)O.c1ccc(C)cc1,c12cc(Cl)ccc1onc2CBr
[Pd+2].C1CN(c2ccccc2C)CCN1.[Cs+].[Cs+].c1ccccc1C.Cl.Brc1cccc(C2Nc3c(cc(F)cc3C(=O)OC)CC2(C)C)c1.CC(=O)[O-].[O-]C(=O)[O-].C(C)(=O)[O-],c1(N2CCN(c3ccccc3C)CC2)cccc(C2Nc3c(cc(F)cc3C(=O)OC)CC2(C)C)c1
CCOP(=O)(OCC)C1CCc2cc(C(F)(F)F)ccc2N1C(=O)OCC(Cl)(Cl)Cl.CO.[Zn],CCOP(=O)(OCC)C1CCc2cc(C(F)(F)F)ccc2N1
NCC1CC1.[I-].CO.c12cc(C(F)(F)F)ccc1-n1c(CCl)nnc1CN=C2c1ccccc1Cl.[OH-].Cl.[K+].C1CCOC1.[K+],c12cc(C(F)(F)F)ccc1-n1c(nnc1CNCC1CC1)CN=C2c1ccccc1Cl
c12nc(N)nc(C)c1C(=O)CC(c1ccc(F)cc1Br)C2.[K+].[O-]C(=O)[O-].n1cccc(B(O)O)c1F.C(COC)OC.[K+],c12nc(N)nc(C)c1C(=O)CC(c1ccc(F)cc1-c1cccnc1F)C2
O=C([O-])[O-].[K+].OC(C)(C)COc1ccc(-n2cnc(Cl)cc2=O)cc1OC.C1CCOC1.[K+].ClCCl.c1cc(CS)ccc1F,OC(C)(C)COc1ccc(-n2cnc(SCc3ccc(F)cc3)cc2=O)cc1OC
c1(N)cc(NCc2ccccc2)ccc1Sc1ccc(O)cc1.c1cc(Cl)c2ccc(C)nc2n1,c1(Nc2ccnc3nc(C)ccc23)cc(NCc2ccccc2)ccc1Sc1ccc(O)cc1
C(CN)c1csc2ccccc12.Cl.OC,C1CNCc2sc3ccccc3c21
c1cc(C(=O)CBr)cc([N+](=O)[O-])c1.c1cc(CNC)c(Cl)cc1Cl.O1CCOCC1.C(C)N(CC)CC,c1cc(C(=O)CN(C)Cc2ccc(Cl)cc2Cl)cc([N+](=O)[O-])c1
[O-]C(=O)[O-].O.c1c(C(C)N)ccc(OC)c1OC.[Na+].c12ccccc1C(=O)N(C(=O)OCC)C2=O.N#CC.[Na+],c12ccccc1C(=O)N(C(C)c1ccc(OC)c(OC)c1)C2=O
c1cc(=O)[nH]c(C(=O)c2ccccc2)c1C(=O)OC.[Ag+2].c1cccc(C)c1.c1cccc(CBr)c1.[O-]C(=O)[O-],c1cc(OCc2ccccc2)nc(C(=O)c2ccccc2)c1C(=O)OC
c1cc[nH]c1.FC(F)(F)c1cc(-c2ccc(Cl)cc2)nc(Cl)n1,FC(F)(F)c1cc(-c2ccc(Cl)cc2)nc(-n2cccc2)n1
O.c1cccc(B(O)O)c1.O(C)CCOC.[K+].[O-]P(=O)([O-])[O-].[K+].c1([P](c2ccccc2)(c2ccccc2)[Pd]([P](c2ccccc2)(c2ccccc2)c2ccccc2)([P](c2ccccc2)(c2ccccc2)c2ccccc2)[P](c2ccccc2)(c2ccccc2)c2ccccc2)ccccc1.[K+].c1c(N2CCC(O)CC2)ccc(C(=O)OC)c1Br,c1c(N2CCC(O)CC2)ccc(C(=O)OC)c1-c1ccccc1
C1Cc2ccccc2CC1NCC(O)COc1cccc2c1CCC2.CCO.Cl.c1ccc2c(c1OCC1CO1)CCC2,C1Cc2ccccc2CC1N
[Na+].[OH-].CN(C)C=O.[P+5].Fc1ccc(S(=O)(=O)c2cnc3cc([N+](=O)[O-])ccc3c2O)cc1F.BrOBr.O,Fc1ccc(S(=O)(=O)c2cnc3cc([N+](=O)[O-])ccc3c2Br)cc1F
C(CN1CCC(OC)CC1)Oc1ccc([N+](=O)[O-])cc1OC.OC.ClCCl,C(CN1CCC(OC)CC1)Oc1ccc(N)cc1OC
C(c1ccc(-c2ccccc2C(=O)OC(C)(C)C)cc1)n1c(O)nc2ccccc21.CCOCC.ClCCl.OC(=O)C(F)(F)F,C(c1ccc(-c2ccccc2C(=O)O)cc1)n1c(O)nc2ccccc21
N(CC)(CC)CC.c1ccccc1-c1cnc(NC(=O)Oc2ccccc2)cn1.CCOC(C)=O.Cl.C1CNCCC12CN(S(C)(=O)=O)c1ccccc12.ClC(Cl)Cl,c1ccccc1-c1cnc(NC(=O)N2CCC3(CC2)CN(S(C)(=O)=O)c2ccccc23)cn1
ClC(Cl)Cl.CS(=O)(=O)OS(C)(=O)=O.CCN(C(C)C)C(C)C.CC(C)N.C1CCOC1.O=C(CC(NS(=O)(=O)c1ccc2ccccc2c1)c1ccccc1)NC1CCOc2cc(CO)ccc21,O=C(CC(NS(=O)(=O)c1ccc2ccccc2c1)c1ccccc1)NC1CCOc2cc(CNC(C)C)ccc21
CCCC[SnH](CCCC)CCCC.c1ccccc1.c1cccc(COc2ccc(Br)c(OCC(=C)C)c2)c1.c1(C(=O)OOC(=O)c2ccccc2)ccccc1,c1cccc(COc2ccc3c(c2)OCC3(C)C)c1
C12CC(CN1C(=O)OC(C)(C)C)N(c1nc(C)no1)C2.C(=O)(O)C(F)(F)F,C12CC(CN1)N(c1nc(C)no1)C2
C1CN(c2nc(C)nc(NNC(=O)C(CC3CCCC3)CN(C=O)OCc3ccccc3)c2F)C(C)CN1C.CO,C1CN(c2nc(C)nc(NNC(=O)C(CC3CCCC3)CN(O)C=O)c2F)C(C)CN1C
NC(N)=[NH2+].Cc1cc(S(C)(=O)=O)c(S(C)(=O)=O)cc1C(=O)Cl.[Cl-],Cc1cc(S(C)(=O)=O)c(S(C)(=O)=O)cc1C(=O)N=C(N)N
O(C(=O)CC)C(=O)CC.C1c2ccc(O)cc2CCC1c1ccc(OC)cc1N,C1c2ccc(O)cc2CCC1c1ccc(OC)cc1NCCC
CCO.CC(=O)NCC1CN(c2ccc3c(c2)CCNCC3)C(=O)O1.O=C(O)c1cn(C2CC2)c2nc(F)c(F)cc2c1=O,CC(=O)NCC1CN(c2ccc3c(c2)CCN(c2nc4c(cc2F)c(=O)c(C(=O)O)cn4C2CC2)CC3)C(=O)O1
C1C(COS(C)(=O)=O)C(c2ccc(OCCCOCc3ccccc3)cc2)C(OCc2ccc3ccccc3c2)CN1C(=O)OC(C)(C)C.N1CCNC1=O,C1C(CN2CCNC2=O)C(c2ccc(OCCCOCc3ccccc3)cc2)C(OCc2ccc3ccccc3c2)CN1C(=O)OC(C)(C)C
[K+].Cl.[K+].O=C([O-])[O-].C1CNC2Cc3ccc(OCCCCl)cc3C13CCCCC23.c1ccccc1CBr.CN(C)C=O,C1CN(Cc2ccccc2)C2Cc3ccc(OCCCCl)cc3C13CCCCC23
[N+](=O)([O-])c1ccc(F)cc1.CCN1CC(O)C1,[N+](=O)([O-])c1ccc(OC2CN(CC)C2)cc1
Cl.ClC(Cl)Cl.c1cccc(CC=O)c1.CC(C)(C)NO,c1cccc(CC=[N+]([O-])C(C)(C)C)c1
c1ccccc1CC(CNC(C)C(=O)NC(C(=O)NCC(C)C)C(C)C)NC(=O)OC(C)(C)C.C(F)(F)(F)C(=O)O.OCC.ClCCl,c1ccccc1CC(N)CNC(C)C(=O)NC(C(=O)NCC(C)C)C(C)C
CC1=C(C)C(=O)C(C(CCCCCC(=O)Oc2ccc([N+](=O)[O-])cc2)c2ccccc2)=C(C)C1=O.ClCCl.c1ccc(CCN2CCNCC2)cc1,CC1=C(C)C(=O)C(C(CCCCCC(=O)N2CCN(CCc3ccccc3)CC2)c2ccccc2)=C(C)C1=O
CCC(=O)Cl.C1CCOC1.NCCN(Cc1ccccc1)Cc1ccccc1.CCN(CC)CC,N(CCN(Cc1ccccc1)Cc1ccccc1)C(=O)CC
O.O.O1CCOCC1.Cl.[Li+].[OH-].O(C)c1ccc(-c2csc(CCCCC(=O)OC)n2)c(O)c1,O(C)c1ccc(-c2csc(CCCCC(=O)O)n2)c(O)c1
c1cc2c(cc1C=CC(=O)OC)C(=O)CC1(CCN(C(=O)OC(C)(C)C)CC1)O2.[O-]C(=O)[O-].[Na+].c1cc2ccccc2nc1C=O.[Na+],c1cc2c(cc1C=CC(=O)OC)C(=O)CC1(CCN(Cc3ccc4ccccc4n3)CC1)O2
[H][H].OCC.c1cc(OCc2ccccc2)c2[nH]c(=O)ccc2c1C(CNC(C)(C)Cc1cccc(CO)c1)O[Si](C)(C)C(C)(C)C,c1cc(O)c2[nH]c(=O)ccc2c1C(CNC(C)(C)Cc1cccc(CO)c1)O[Si](C)(C)C(C)(C)C
OC.NN.c12ccc(C(=O)OC)cc1nc(Cl)c(Cl)n2.O,c12ccc(C(=O)OC)cc1nc(Cl)c(NN)n2
[BH4-].C(C)O.c1cc(F)ccc1C(OCCN1CCN(CCCC(=O)c2cccs2)CC1)c1ccc(F)cc1.[Na+],c1cc(F)ccc1C(OCCN1CCN(CCCC(O)c2cccs2)CC1)c1ccc(F)cc1
C=Cc1c(OC2CCCCO2)ccc2c1cnn2C1CCCCO1.CCOC(C)=O,CCc1c(OC2CCCCO2)ccc2c1cnn2C1CCCCO1
C[N+]12CCCC1(c1ccccc1)c1[nH]c3ccccc3c1CC2.N.CCCCCC.c1ccccc1.[Li].COCC(C)O.[I-].CCCCCC,CN1CCCC(c2ccccc2)c2[nH]c3ccccc3c2CC1
C(C)N(CC)CC.O=C(Cl)c1cc(Br)c(OC)c(Br)c1.ClCCl.O.c12cc(C(F)(F)F)cnc1OCCN2,c12cc(C(F)(F)F)cnc1OCCN2C(=O)c1cc(Br)c(OC)c(Br)c1
CCS(=O)(=O)c1ncc(C(=O)c2c(OC)ccc(F)c2F)c(N)n1.CS(=O)(=O)N1CCC(N)CC1,c1(NC2CCN(S(C)(=O)=O)CC2)ncc(C(=O)c2c(OC)ccc(F)c2F)c(N)n1
C(=CCCl)CCOC(C)C.CC(C)(C)O.[O-]C(C)(C)C.[K+].C(S)c1ccc(Cl)cc1,C(=CCSCc1ccc(Cl)cc1)CCOC(C)C
N(=O)[O-].C(=C)C=O.CC(C)=O.[Ca]=O.[Na+].O.Cl.[Cl-].c1ccc(N)c(Cl)c1,c1ccc(CC(Cl)C=O)c(Cl)c1
ClCCl.c1c(OC)cccc1-c1cccnc1C(=O)Cl.[Al+3].[Cl-].[Cl-].[Cl-],c1c(OC)ccc2c1-c1cccnc1C2=O
c1c(C=O)ccc(O)c1O.[K+].[O-]C(=O)[O-].[K+].C(=O)N(C)C.C(Br)c1ccccc1.Cl,c1c(C=O)ccc(OCc2ccccc2)c1O
CI.[Na+].CC(C)OC(C)C.[H-].O.CN(C)C=O.c12ccccc1n(C)cc2-c1nnc(S)[nH]c1=O,c12ccccc1n(C)cc2-c1nnc(SC)[nH]c1=O
[Mg+]C.[I-].c1cc2c(cc1N)C(C)=[N+](C)CC2.O.[Cl-].C1CCOC1,c1cc2c(cc1N)C(C)(C)N(C)CC2
[Na+].[H-].Oc1cccc2c1CCCC2NC(C)c1nc(-c2ccccc2)c(-c2ccccc2)o1.O=C(CBr)OCC.N(C)(C)C=O,O(CC(=O)OCC)c1cccc2c1CCCC2NC(C)c1nc(-c2ccccc2)c(-c2ccccc2)o1
c1(NC(=O)C(=CCC)CC)ccc(C=O)c2ccccc12.c1(C(=O)NN)ccc(O)c(Cl)c1,c1(NC(=O)C(=CCC)CC)ccc(C=NNC(=O)c2ccc(O)c(Cl)c2)c2ccccc12
c1cccc(CN2CC(=O)N(Cc3ccccc3)CC2=O)c1.O=C(OC(C)(C)C)N1CC(=O)C1.C1CCOC1.[Li+].CC(C)[N-]C(C)C,c1cccc(CN2CC(=O)N(Cc3ccccc3)C(C3(O)CN(C(=O)OC(C)(C)C)C3)C2=O)c1
CC1(N2CCC(N(c3ccccc3)c3ccncc3)CC2)CCNCC1.Cl.Cc1cccc(C)c1C(=O)O.CC(C)(C)OC(=O)N1CCC(Nc2ccccc2)CC1.Brc1ccncc1,CC1(N2CCC(N(c3ccccc3)c3ccncc3)CC2)CCN(C(=O)c2c(C)cccc2C)CC1
CS(C)=O.CC#N.CS(=O)(=O)c1nc(OCCN2CCCCC2)cc(-c2cccc(C(F)(F)F)c2)n1.N#C[Na],c1(C#N)nc(OCCN2CCCCC2)cc(-c2cccc(C(F)(F)F)c2)n1
[O-]C(=O)[O-].C1CCC(=O)N1C.Cl[Cu].O=C(CC(=O)C(C)(C)C)C(C)(C)C.c1cc(C#N)ccc1Br.[Cs+].[Cs+].c1ccc(O)c(F)c1,c1cc(C#N)ccc1Oc1ccccc1F
CC[O+](CC)CC.F[B-](F)(F)F.Fc1c(Cl)cccc1C(N)=O,Fc1c(Cl)cccc1C(=N)OCC
Clc1nccc2cnccc12.C1COCCN1,c1(N2CCOCC2)nccc2cnccc12
Nc1ccccc1.CSc1ncnc2cnccc12,c1(Nc2ccccc2)ncnc2cnccc12
[H][H].c1(Oc2ccc(Cl)c3c2CCCC3)c(C)cc([N+](=O)[O-])cc1C.c1cccc(C)c1,c1(Oc2ccc(Cl)c3c2CCCC3)c(C)cc(N)cc1C
C1(c2ccc(N(C)C)cc2)SCC(C(=O)OC(C)(C)C)N1C(=O)CNC(=O)Nc1cccc(C(=O)OCC[Si](C)(C)C)c1.C(CCC)[N+](CCCC)(CCCC)CCCC.[F-],C1(c2ccc(N(C)C)cc2)SCC(C(=O)OC(C)(C)C)N1C(=O)CNC(=O)Nc1cccc(C(=O)O)c1
c12[nH]c3ccccc3c1CCOC2(C)C(C)NC(C)=O.O=P(Cl)(Cl)Cl,c12c3c4ccccc4n1C(C)=NC(C)C2(C)OCC3
C(C)(=O)OC(C)=O.NC(=O)CN1C(=O)CNC1(C)C,NC(=O)CN1C(=O)CN(C(C)=O)C1(C)C
C(=O)(OC)N1CC(c2nc(-c3ccc(C)c(N)c3)no2)C1.ClCCl.c1ccncc1.C(#N)CCc1ccc2ncc(C(=O)O)n2c1.O=C(Cl)C(=O)Cl.N(C)(C)C=O.[Cl-],C(=O)(OC)N1CC(c2nc(-c3ccc(C)c(NC(=O)c4cnc5ccc(CCC#N)cn45)c3)no2)C1
c1ccc(OC)c(F)c1C=C1C(=O)OC(C)(C)OC1=O.C(C)[Mg+].[Br-].C1CCOC1,c1ccc(OC)c(F)c1C(CC)C1C(=O)OC(C)(C)OC1=O
Br.[Na+].[OH-].COc1ccc(-c2cccnc2)c([N+](=O)[O-])c1.[Na+].O=C([O-])O,Oc1ccc(-c2cccnc2)c([N+](=O)[O-])c1
ClC(=O)OC.O.Clc1cc(F)ccc1C(=O)NC(=O)Nc1cc(C(=O)O)ccc1N.CC(=O)O.c1cccnc1.N1(C)CCCC1=O,Clc1cc(F)ccc1C(=O)NC(=O)Nc1cc(C(=O)O)ccc1NC(=O)OC
O=C1CCC(=O)N1Cl.CN(C)C=O.O.C1(c2ccc(N)cc2)=NNC(=O)NC1C,C1(c2ccc(N)c(Cl)c2)=NNC(=O)NC1C
c1ccccc1Cl.Cl.c1cc(Br)c(N)cc1[N+](=O)[O-].ClCCN(C)CCCl,c1cc(Br)c(N2CCN(C)CC2)cc1[N+](=O)[O-]
CCN(CC)CC.O=C(Cl)c1ccccc1.ClCCl.O=C1CC2C(O)CCC12,O=C(OC1CCC2C(=O)CC12)c1ccccc1
N(=O)[O-].c1ccc(C#N)c(-c2cccc(N)c2)c1.[Na+].O=S(=O)(O)O.C1COCCO1.O,c1ccc(C#N)c(-c2cccc(O)c2)c1
c1cccc(O)c1N1CCN(C(=O)OC(C)(C)C)CC1.C1CCN(CCO)C1,c1cccc(OCCN2CCCC2)c1N1CCN(C(=O)OC(C)(C)C)CC1
COC(=O)COc1cccc2c1CCCC2O.COc1ccc(P2(=S)SP(=S)(c3ccc(OC)cc3)S2)cc1.Cc1ccccc1,SC1CCCc2c(OCC(=O)OC)cccc21
C(C(=O)OC(C)(C)C)C(=O)c1cccc(-c2cnccn2)c1.c1(Cl)cc(N)c(NC(=O)OC(C)(C)C)cc1C(F)(F)F,C(C(=O)Nc1cc(Cl)c(C(F)(F)F)cc1NC(=O)OC(C)(C)C)C(=O)c1cccc(-c2cnccn2)c1
O=S(=O)(O)O.CC(=O)O.O.O=c1c(C2=NS(=O)(=O)c3ccccc3N2)c(O)c2cccnc2n1CCC1OCCO1,O=c1c(C2=NS(=O)(=O)c3ccccc3N2)c(O)c2cccnc2n1CCC=O
N1(C(=O)OC(C)(C)C)CC(OS(C)(=O)=O)C1.[Cs+].C1OCC12CN(Cc1ccc(O)cc1)C2.[Cs+].[O-]C(=O)[O-].CN(C)C=O,N1(C(=O)OC(C)(C)C)CC(Oc2ccc(CN3CC4(COC4)C3)cc2)C1
ClC(Cl)Cl.c1(C)c(C)nc(Cc2ccccc2)c(=O)n1CCO.O=S(Cl)Cl,c1(C)c(C)nc(Cc2ccccc2)c(=O)n1CCCl
CCN(CC)CC.c1ccccc1C.C(CCCCCCC)CCCCCCCCCCN1C(=O)C=CC1=O.Nc1c(C)cc(S)cc1C(C)(C)C,C(CCCCCCC)CCCCCCCCCCN1C(=O)CC(Sc2cc(C)c(N)c(C(C)(C)C)c2)C1=O
OS(=O)(=O)[O-].c12c(Nc3ccc(C(F)(F)F)nc3OC3CCOCC3)ncnc1sc(C(=O)OC)c2C.CC(C)N(CC)C(C)C.[OH-].C1CCCO1.C(C)O.[P-](F)(F)(F)(F)(F)F.[Na+].[K+].ClCCl.C(CCN)N(C)C.c1ccnc2c1nnn2OC(N(C)C)=[N+](C)C,c12c(Nc3ccc(C(F)(F)F)nc3OC3CCOCC3)ncnc1sc(C(=O)NCCCN(C)C)c2C
N#C[Cu].C(#N)[Na].c1(C(=O)Cl)cccc(Cl)c1,c1(C(=O)C#N)cccc(Cl)c1
C1C(=O)OC(C)(C)OC1=O.O=C1CCCC1,C1(=C2CCCC2)C(=O)OC(C)(C)OC1=O
C1CCCC2CC(=O)OC12.N(C(C)C)C(C)C.C1CCCO1.c1ccc2ccc(CBr)cc2c1.O.[Li]CCCC,c1ccc2ccc(CC3C(=O)OC4CCCCC43)cc2c1
c1ccc2c(c1-c1noc(-c3ccc(OC(C)C)c(C#N)c3)n1)CCNC2.C=O.ClCCl,c1ccc2c(c1-c1noc(-c3ccc(OC(C)C)c(C#N)c3)n1)CCN(C)C2
c1(C)cccnc1SC(c1ccccc1)C1CN(Cc2ccccc2)CCO1.C(C)(Cl)OC(=O)Cl.N(C(C)C)C(C)C.C(Cl)Cl,c1(C)cccnc1SC(c1ccccc1)C1CNCCO1
O(C)c1ccc2c(c1)C(N)(c1ccccc1OCC)C(=O)N2.O=C(Cl)Oc1ccccc1.c1cccnc1,O(C)c1ccc2c(c1)C(NC(=O)Oc1ccccc1)(c1ccccc1OCC)C(=O)N2
[Zn+2].[Cl-].c1cc(N)c2ccncc2c1.[Cl-].O=C(C)C.N#CC.C[Si](C)(C)C#N,c1cc(NC(C)(C)C#N)c2ccncc2c1
C(C)OC(C)=O.c1ccccc1.NC(N)=O.ClC(=O)C(Br)CCBr,C1(=O)C(Br)CCN1C(N)=O
Cl.c1(Cl)ccc(COc2ccc(C3COc4cc5c(cc4O3)CN(S(=O)(=O)c3cnc(NC(C)=O)s3)C(C(=O)NC(Cc3ccc(-c4ccc(C#N)cc4)cc3)C(=O)OC)C5)cc2)cc1Cl,c1(Cl)ccc(COc2ccc(C3COc4cc5c(cc4O3)CN(S(=O)(=O)c3cnc(N)s3)C(C(=O)NC(Cc3ccc(-c4ccc(C#N)cc4)cc3)C(=O)OC)C5)cc2)cc1Cl
CN(C)C=O.[OH-].[K+].c1cc(C)cc2[nH]ccc12.O.P(=O)(Cl)(Cl)Cl,c1cc(C)cc2[nH]cc(C=O)c12
C1NCCNC1=O.ClC(=O)c1ccc(Cl)c(Cl)c1.[Na+].C(C)N(CC)CC.ClCCl.[O-]C(=O)O,C(=O)(c1ccc(Cl)c(Cl)c1)N1CCNC(=O)C1
[Al](C)(C)C.c1nc(C(F)(F)F)ccc1N.c1ccccc1C.c12c(C(=O)OC)cc3nc(Nc4c(Cl)cccc4Cl)[nH]c3c1CC(C)(C)O2,c12c(C(=O)Nc3ccc(C(F)(F)F)nc3)cc3nc(Nc4c(Cl)cccc4Cl)[nH]c3c1CC(C)(C)O2
c1cc(CBr)ccc1-c1ccccc1C(=O)OC(C)(C)C.C(C)CCc1nc(C(=O)OCC)c(C(=O)OCC)[nH]1,c1cc(Cn2c(CCCC)nc(C(=O)OCC)c2C(=O)OCC)ccc1-c1ccccc1C(=O)OC(C)(C)C
c1(Cl)c(N(C)C(=O)CN)ccc(Cl)c1COc1cccc2c1nc(OC)n2Cc1ccccn1.c1(OCc2c(Cl)ccc(N(C)C(=O)CNC(=O)CCc3ccc(C(=O)NCCOC)cc3)c2Cl)cccc2c1nc(OC)n2Cc1ccccn1.CC(=O)N1CCN(CCC(=O)O)CC1,c1(Cl)c(N(C)C(=O)CNC(=O)CCN2CCN(C(C)=O)CC2)ccc(Cl)c1COc1cccc2c1nc(OC)n2Cc1ccccn1
C(N)CN.C(Cl)Cl.c1ccccc1C(CNc1nc(C(=O)NC)nc2c1ncn2C1OC(C(=O)NCC)C(O)C1O)c1ccccc1,c1ccccc1C(CNc1nc(C(=O)NCCN)nc2c1ncn2C1OC(C(=O)NCC)C(O)C1O)c1ccccc1
CCO.Fc1c(F)c(F)c(F)c(CC=C)c1F.O.NN,Fc1c(F)c(CC=C)c(F)c(F)c1NN
C1CCCO1.[N+](CCCC)(CCCC)(CCCC)CCCC.[F-].C1(=O)CCC(C)(C#C[Si](C)(C)C)C=C1C#N,C1(=O)CCC(C)(C#C)C=C1C#N
c1ccccc1C(=O)Cl.[Cl-].[Cl-].[Cl-].c1(OC)ccc2c(-c3ccccc3)csc2c1.[Al+3].C(Cl)CCl,c1(OC)ccc2c(-c3ccccc3)c(C(=O)c3ccccc3)sc2c1
[Na+].O1CCOCCOCCOCCOCCOCC1.O.[Na+].CCO.O=C([O-])[O-].c1c(-c2nc(NCCn3ccnn3)ncc2F)sc2c(-c3cc(F)ccc3C(C)(C)C#N)cccc12.OO,c1c(-c2nc(NCCn3ccnn3)ncc2F)sc2c(-c3cc(F)ccc3C(C)(C)C(N)=O)cccc12
c1csc(CN2CCN(N)CC2)c1.[OH-].ClS(=O)Cl.[Na+].c1(C(=O)O)cc(Cl)c(NC(C)=O)cc1OC,c1(C(=O)NN2CCN(Cc3cccs3)CC2)cc(Cl)c(NC(C)=O)cc1OC
C(C)(=O)OC(C)=O.Cl.C1CCOC1.Cl.C(C)N(CC)CC.C1C(CN)C1c1cccn2nc(C)cc12,C1C(CNC(C)=O)C1c1cccn2nc(C)cc12
ClCCl.O=S(Cl)Cl.[N+](=O)([O-])c1ccc(Cl)cc1CO.C(C)N(CC)CC,[N+](=O)([O-])c1ccc(Cl)cc1CCl
[O-]P(=O)([O-])[O-].[K+].C(COC)OC.CO.n1c(Cl)c(C)nc(C)c1C(N)=O.O.[K+].[K+].CC1(C)OB(c2cc(F)c(-c3ccc(CC(=O)OC)cc3Cl)c(F)c2)OC1(C)C,c1(-c2nc(C(N)=O)c(C)nc2C)cc(F)c(-c2ccc(CC(=O)OC)cc2Cl)c(F)c1
[Li+].C1CN(C(=O)C2(c3ccc(OCCCN4CCCC4)cc3)CCCCC2)CCC1O.[H-].[H-].[H-].[Al+3].[H-],C1CN(CC2(c3ccc(OCCCN4CCCC4)cc3)CCCCC2)CCC1O
C(C)N(CC)CC.c1cc(CBr)ccc1[N+](=O)[O-].n1(CC)cc(C(=O)O)c(=O)c2cnc(N3CCNCC3)nc21.C(=O)N(C)C,n1(CC)cc(C(=O)O)c(=O)c2cnc(N3CCN(Cc4ccc([N+](=O)[O-])cc4)CC3)nc21
CC(O)(c1ccc(F)cc1)c1ccc(Cl)cc1.CSCc1cccc2cc[nH]c12.CSCc1cccc2c(C(c3ccc(F)cc3)c3ccc(F)cc3)c[nH]c12,CC(c1ccc(F)cc1)(c1ccc(Cl)cc1)c1c[nH]c2c(CSC)cccc12
Cl.[Na+].c1(C=O)ccc([N+](=O)[O-])cc1.[Na+].O=C([O-])O.N(CC)(CC)CC.O(C(=O)N1CCNCC1C)C(C)(C)C.CC(=O)O[BH-](OC(C)=O)OC(C)=O,O(C(=O)N1CCN(Cc2ccc([N+](=O)[O-])cc2)CC1C)C(C)(C)C
[Cl-].[Li]CCCC.C[SiH](C)NC(C)(C)C.CC(C)(CC1=Cc2ccccc2C1)c1ccccc1.C1CCOC1,CC(C)(CC1=Cc2ccccc2C1[Si](C)(C)NC(C)(C)C)c1ccccc1
O=S(=O)=O.n1ccccc1.N(C)(C(=O)OC(C)(C)C)C(CO)C(c1ccccc1)c1ccccc1.CCN(CC)CC.O=S(C)C,N(C)(C(=O)OC(C)(C)C)C(C=O)C(c1ccccc1)c1ccccc1
c1ccc2c(c1)C(C(=O)NC)c1ccccc1-2.C1CCCO1.C(C)OC(C)=O.N#CC=C.C(CC)CCC,c1ccc2c(c1)C(CCC#N)(C(=O)NC)c1ccccc1-2
N#CCCl.OS(=O)(=O)O.Clc1ccc(C(Cc2ccc(Cl)cc2)C(C)(C)O)cc1.CC(=O)O,Clc1ccc(C(Cc2ccc(Cl)cc2)C(C)(C)NC(=O)CCl)cc1
CO.c1cc(COc2ccc(C(CCC)CC(=O)OC)cc2C)cc(-c2cc(OC)ccc2F)c1C(C)(C)C.[OH-].[Li+].C1CCCO1,c1cc(COc2ccc(C(CCC)CC(=O)O)cc2C)cc(-c2cc(OC)ccc2F)c1C(C)(C)C
C(=O)(O)c1c[nH]c2ccc(N)cc2c1=O.C(=O)N(C)C.C[Si](C)(C)Cl.CC(NC(C)=O)C(=O)O.[Cl-].CCN(CC)CC.ClCCl.c1ccc2cccnc2c1.ClS(=O)Cl,C(=O)(O)c1c[nH]c2ccc(NC(=O)C(C)NC(C)=O)cc2c1=O
N(c1ccc(Br)cc1)C(C(=O)OCC)c1c(Cl)ccc(Cl)c1Cl.c1cccc(C)c1.C(Cl)C(=O)Cl,N(C(=O)CCl)(c1ccc(Br)cc1)C(C(=O)OCC)c1c(Cl)ccc(Cl)c1Cl
O=S(=O)(O)Cl.CCOC(=O)C1=Cc2cc(Cl)ccc2OC1C(F)(F)F,CCOC(=O)C1=Cc2cc(Cl)cc(S(=O)(=O)Cl)c2OC1C(F)(F)F
C1CN(CCCCO)CCC1=O.ON.Cl,C1CN(CCCCO)CCC1=NO
CC(C)(C)OC(=O)NCCCO.CC#N.c1ccc(P(c2ccccc2)c2ccccc2)cc1.BrC(Br)(Br)Br.C1CCOC1,CC(C)(C)OC(=O)NCCCBr
C(C)O.[K+].OC.O.Cl.O=C(OC)c1ccc(OCCCCCCCCCCCCCC)c(C(C)(C)C)c1.[OH-].ClC(Cl)Cl,OC(=O)c1ccc(OCCCCCCCCCCCCCC)c(C(C)(C)C)c1
O=C1C2=CCCCN2C(=O)N1c1cc([N+](=O)[O-])c(Cl)cc1F.CCOC(C)=O.[Fe].CC(=O)O,O=C1C2=CCCCN2C(=O)N1c1cc(N)c(Cl)cc1F
C1CCNCC1.Cc1c(C=O)[nH]c(C)c1C(=O)N1CCN(C)CC1.OCC.c1ccc(Cl)cc1-c1cccc2c1CC(=O)N2,Cc1c(C=C2C(=O)Nc3cccc(-c4cccc(Cl)c4)c32)[nH]c(C)c1C(=O)N1CCN(C)CC1
C1CCOC1.C(C)OC(=O)N=NC(=O)OCC.[OH-].c1c(C(F)(F)F)cc(C(F)(F)F)cc1C(C)(C)C(=O)N(C)c1cnc(N2CCCC2CO)cc1-c1ccc(F)cc1C.c1cccc(P(c2ccccc2)c2ccccc2)c1.[Na+].c12ccccc1C(=O)NC2=O,c1c(C(F)(F)F)cc(C(F)(F)F)cc1C(C)(C)C(=O)N(C)c1cnc(N2CCCC2CN2C(=O)c3ccccc3C2=O)cc1-c1ccc(F)cc1C
BrCc1ccccc1.[Na].CN(C)C=O.O=C(O)CCCO,C(OC(=O)CCCO)c1ccccc1
CC(C)(C)C(NC(=O)c1cc2ccccc2[nH]1)C(=O)N1CC2CC1CN2.ClCCCl.ClCCl.On1nnc2ccccc21.O=C(O)c1cc2ccccc2[nH]1,CC(C)(C)C(NC(=O)c1cc2ccccc2[nH]1)C(=O)N1CC2CC1CN2C(=O)c1cc2ccccc2[nH]1
n1cc(Cl)ccc1Cl.C(#N)c1cccc(O)c1,C(#N)c1cccc(Oc2ccc(Cl)cn2)c1
n1cc(C(=O)Nc2cc(OCc3cc(OC)cc(OC)c3)n[nH]2)ncc1Cl.CN1CCNCC1C.S(C)(C)=O,n1cc(C(=O)Nc2cc(OCc3cc(OC)cc(OC)c3)n[nH]2)ncc1N1CCN(C)C(C)C1
[Na+].C(CBr)CN1C(=O)c2ccccc2C1=O.CN(C)C=O.O.[H-].N1(C(=O)c2cccc(O)c2)CCCCC1,C(COc1cccc(C(=O)N2CCCCC2)c1)CN1C(=O)c2ccccc2C1=O
[Na+].c1cccc(S(=O)(=O)Cl)n1.c1ccccc1-c1[nH]cc(C=O)c1C.[H-].C1COCCOCCOCCOCCO1,c1ccccc1-c1c(C)c(C=O)cn1S(=O)(=O)c1ccccn1
[O-]C(=O)[O-].CN(C)C=O.c1(NC(C)c2nc3cccc(C)c3c(=O)n2-c2cccc(O)c2)ncnc2c1ncn2COCC[Si](C)(C)C.[K+].IC.[K+],c1(NC(C)c2nc3cccc(C)c3c(=O)n2-c2cccc(OC)c2)ncnc2c1ncn2COCC[Si](C)(C)C
O=C([O-])[O-].[Cs+].[Cs+].OB(O)C1CC1.O.Cc1c(Cc2ccc(-n3cccn3)cc2)c(Cl)nc2c(F)ccc(O)c12.C1COCCO1,Cc1c(Cc2ccc(-n3cccn3)cc2)c(C2CC2)nc2c(F)ccc(O)c12
S(=O)(Cl)Cl.n1(CCCCO)c(=O)[nH]c(=O)c2ccccc21.c1ccccn1.C1CCCO1,n1(CCCCCl)c(=O)[nH]c(=O)c2ccccc21
O.C(C)O.NN.c1(Cl)nc2ccc(Cl)cc2nc1OC,c1(NN)nc2ccc(Cl)cc2nc1OC
c1ccc([P](c2ccccc2)(c2ccccc2)[Pd]([P](c2ccccc2)(c2ccccc2)c2ccccc2)([P](c2ccccc2)(c2ccccc2)c2ccccc2)[P](c2ccccc2)(c2ccccc2)c2ccccc2)cc1.O=C([O-])[O-].[Na+].C1COCCO1.CC1(C)OB(c2cccc(NS(C)(=O)=O)c2)OC1(C)C.[Na+].BrC=C1c2ccccc2Oc2ccccc21,c1(C=C2c3ccccc3Oc3ccccc32)cccc(NS(C)(=O)=O)c1
c1ccc(C(=O)OO)cc1Cl.c1cccc(S(=O)c2ccc(C3CCN(C(=O)OC(C)(C)C)C3)c(OC)c2)c1C#N.ClCCl,c1cccc(S(=O)(=O)c2ccc(C3CCN(C(=O)OC(C)(C)C)C3)c(OC)c2)c1C#N
[Rh+2].c1(S(=O)(=O)N=Cc2ccccc2)ccc(C)cc1.O=C(C)[O-].C(C)(C)(C)OC.S(C)C.[N+](=[N-])=Cc1ccccc1.C(Cl)Cl.O=C(C)[O-],c1(S(=O)(=O)N2C(c3ccccc3)C2c2ccccc2)ccc(C)cc1
[Cl-].c1(S(=O)(=O)O)ccc(Cl)c([N+](=O)[O-])c1.O.Oc1ccccc1.N(CC)(CC)CC.O=C(C)C,c1(S(=O)(=O)Oc2ccccc2)ccc(Cl)c([N+](=O)[O-])c1
c1c(Cl)nc(-c2cc(Cl)nc(Cl)c2)nc1C(F)(F)F.c1(Cl)ccc(OC)cc1N,c1c(Nc2cc(OC)ccc2Cl)nc(-c2cc(Cl)nc(Cl)c2)nc1C(F)(F)F
C(Cl)Cl.OC.N(C(=O)OC(C)(C)C)C1CNc2ccccc2NC1=O.FC(F)(F)COS(=O)(=O)C(F)(F)F,N(C(=O)OC(C)(C)C)C1CNc2ccccc2N(CC(F)(F)F)C1=O
ClC(=O)N(C)c1ccccc1.c12ccccc1c(O)no2,C(=O)(Oc1noc2ccccc12)N(C)c1ccccc1
C(C[Li])CC.C(C)(C)(C)C(=O)Cl.C1CCCO1.c1ccccc1Cc1ccccc1C(=O)NC(C)(C)C,c1ccccc1C(C(=O)C(C)(C)C)c1ccccc1C(=O)NC(C)(C)C
[Na+].c1cc(F)ccc1N=C=O.c1ccc(COc2ccc(NC)c(F)c2)cc1.[H-].O=CN(C)C.O.C(C)OC(C)=O,c1ccc(COc2ccc(N(C)C(=O)Nc3ccc(F)cc3)c(F)c2)cc1
c1ccncc1.F.CO.CC(=O)OC1C2O[Si](C(C)(C)C)(C(C)(C)C)OCC2OC1n1c(=O)sc2cnc(N)nc21,CC(=O)OC1C(O)C(CO)OC1n1c(=O)sc2cnc(N)nc21
CN(C)C=O.[P-](F)(F)(F)(F)(F)F.O=C(O)c1cc2ccc([N+](=O)[O-])cc2cn1.CC(C)N(CC)C(C)C.[nH]1c(N)nc2cccc(C(=O)Nc3ncc[nH]3)c12.c12ccccc1nnn2OC(N(C)C)=[N+](C)C,[nH]1c(NC(=O)c2cc3ccc([N+](=O)[O-])cc3cn2)nc2cccc(C(=O)Nc3ncc[nH]3)c12
c1(S(=O)(=O)N(Cc2ccccc2)c2ccc3nc(CCCC)n(Cc4ccc(-c5ccccc5C(=O)OC(C)(C)C)cc4)c3c2)ccc(Cl)cc1.FC(F)(F)C(=O)O.ClCCl,c1(S(=O)(=O)N(Cc2ccccc2)c2ccc3nc(CCCC)n(Cc4ccc(-c5ccccc5C(=O)O)cc4)c3c2)ccc(Cl)cc1
O=C(O)c1ccc(B(O)O)cc1.O=C(c1ccccc1)c1cnc2c(C(F)(F)F)cccc2c1-c1cccc(O)c1,O=C(c1ccccc1)c1cnc2c(C(F)(F)F)cccc2c1-c1cccc(Oc2ccc(C(=O)O)cc2)c1
CC(C)=O.N#CCc1cccc(Br)c1.O,N1C(=O)Cc2cc(Br)ccc2C1(C)C
COC(=O)c1ccc(CCl)o1.CCOC(C)=O,COC(=O)c1ccc(C)o1
C(=O)([O-])[O-].Fc1c(Br)cc(F)cc1C1(C(N)=O)CCOCC1.c1(-c2ccnn2C)ccc(S)cc1.C1COCCO1.[Cs+].[Cs+],Fc1c(Sc2ccc(-c3ccnn3C)cc2)cc(F)cc1C1(C(N)=O)CCOCC1
[K+].O.C(S)c1ccccc1.CC1(C)CC(Cl)=NO1.O=C([O-])[O-].[K+].CN(C)C=O,C(SC1=NOC(C)(C)C1)c1ccccc1
[H-].C(#N)C(C#N)Cc1cccc(Br)c1.[Na+].FCCBr.N(C)(C)C=O,C(#N)C(C#N)(CCF)Cc1cccc(Br)c1
c1([N+](=O)[O-])ccc(OC)cc1CCO.C(=O)(Cl)Cl.C1CCCO1,c1([N+](=O)[O-])ccc(OC)cc1CCOC(=O)Cl
Cc1ccccc1.COc1cccc(CCc2cc(N)n(C(C)(C)C)n2)c1.C[Al](C)C.CCOC(=O)c1ccc(N2CCNCC2)cc1,COc1cccc(CCc2cc(NC(=O)c3ccc(N4CCNCC4)cc3)n(C(C)(C)C)n2)c1
Cl.n1cccc(C(=O)O)c1.c1(C)ccc(S(=O)(=O)Cl)cc1.ClC(Cl)Cl.[K+].c1ccccc1C[N+](CC)(CC)CC.[K+].COC(=O)CN.O=C([O-])[O-].[Cl-],n1cccc(C(=O)NCC(=O)OC)c1
[Na+].O(CC)C(C)=O.O=C(CC(C)=O)OCC[Si](C)(C)C.C(C)(=O)O.O=N[O-].O,O=C(OCC[Si](C)(C)C)C(=NO)C(C)=O
CS(=O)(=O)NCCCC(=O)OCC.[NH4+].[OH-],CS(=O)(=O)NCCCC(N)=O
C(#N)c1sc(C)cc1O.O=C(C)C.COP(=S)(Cl)OC.[O-]C(=O)[O-].[K+].[K+],C(#N)c1sc(C)cc1OP(=S)(OC)OC
CO.c1cncc(C(C)=NOS(=O)(=O)c2ccc(C)cc2)c1,c1cncc(C2=NC2)c1
[Na+].n1c(N)ncc2sc(=O)[nH]c12.[H-].O=CN(C)C.BrCc1cccnc1.Br,n1c(N)ncc2sc(=O)n(Cc3cccnc3)c12
c1ccc(Cn2ccc(O)cc2=O)cc1.C(Cl)Cl.C1CC(=O)N(Br)C1=O,c1ccc(Cn2ccc(O)c(Br)c2=O)cc1
n1cc(C(F)(F)F)ccc1CCN.c1cc(C)c(F)cc1Br,n1cc(C(F)(F)F)ccc1CCNc1ccc(C)c(F)c1
C1CCCO1.O=c1c(-c2cccs2)c(OC)c(=O)[nH]c2cc(Cl)ccc12.Cl,O=c1c(-c2cccs2)c(O)c(=O)[nH]c2cc(Cl)ccc12
Nc1ccc(OCCN2CCOCC2)c2ccccc12.O=C(O)c1ccc2snnc2c1,N(C(=O)c1ccc2snnc2c1)c1ccc(OCCN2CCOCC2)c2ccccc12
ClCCl.BrC(Br)(Br)Br.O=C(OCc1ccc(CO)cc1COC(=O)c1ccccc1)c1ccccc1.O.c1ccc(P(c2ccccc2)c2ccccc2)cc1,O=C(OCc1ccc(CBr)cc1COC(=O)c1ccccc1)c1ccccc1
N(c1cc[nH]n1)c1cc2ccccc2c(Cl)n1.c1(B(O)O)ccc(F)c(F)c1,N(c1cc[nH]n1)c1cc2ccccc2c(-c2ccc(F)c(F)c2)n1
c1(C2=CCN(C(=O)OC(C)(C)C)CC2)cc2c(Cl)ncnc2[nH]1.O=C(O)C(F)(F)F.OC(=O)[O-].C(=O)(OC(=O)OC(C)(C)C)OC(C)(C)C.[Na+].CN(C)C=O.N1(C)CCN(c2cc(N)cc(Cl)c2)CC1,c1(C2=CCN(C(=O)OC(C)(C)C)CC2)cc2c(Nc3cc(Cl)cc(N4CCN(C)CC4)c3)ncnc2[nH]1
c1ccc(CN)cn1.c1cc(CN2C(=O)N(c3nc(C)c(C(=O)O)s3)CC2C)ccc1F.N1(Cc2ccc(F)cc2)C(=O)N(c2nc(C)c(C(=O)O)s2)CC1C.c1(C)cc(CN)[nH]n1,N1(Cc2ccc(F)cc2)C(=O)N(c2nc(C)c(C(=O)NCc3cc(C)n[nH]3)s2)CC1C
[K+].O=Cc1ccc(B(O)O)cc1.c1ccc(P(c2ccccc2)c2ccccc2)cc1.c1ccc(P(c2ccccc2)c2ccccc2)cc1.O=C([O-])[O-].CC1(C)OC(=C2C(=O)Nc3cc(F)ccc32)C=C1Br.[K+].c1ccc(P(c2ccccc2)c2ccccc2)cc1.c1ccc(P(c2ccccc2)c2ccccc2)cc1.CCOC(C)=O.[Pd].C1CCOC1,CC1(C)OC(=C2C(=O)Nc3cc(F)ccc32)C=C1c1ccc(C=O)cc1
C(=O)(NC12COCCC1CN(C(=O)OCc1ccccc1)C2)OC(C)(C)C.[H][H].[C].[Pd].CO,C(=O)(NC12CNCC1CCOC2)OC(C)(C)C
c1cccnc1.ClCCl.Nc1cnccn1.c1c(Oc2ccc(C(=O)N3CCC3)nc2)cc(OC2CCN(C)C2=O)cc1C(=O)O.N(C)(C)C(Cl)=C(C)C,c1c(Oc2ccc(C(=O)N3CCC3)nc2)cc(OC2CCN(C)C2=O)cc1C(=O)Nc1cnccn1
c1ccccc1C(c1ccccc1)N1CCNCC1.c1ccc2c(ccn2C)c1NC(=O)c1ccccc1OCC1CO1,c1ccc2c(ccn2C)c1NC(=O)c1ccccc1OCC(O)CN1CCN(C(c2ccccc2)c2ccccc2)CC1
C(Cl)Cl.CC(=O)OC(C)=O.C1CC(CCN)CCC1c1ccc(N2CC(COC)OC2=O)cc1.c1ccccn1,C1CC(CCNC(C)=O)CCC1c1ccc(N2CC(COC)OC2=O)cc1
C(=O)(OCC)c1sc(N)nc1C.C(=O)=NCCCCl.N(=C=O)CCCl,C(=O)(OCC)c1sc(N2CCCNC2=O)nc1C
O=C(O)C1c2ccccc2-c2ccccc21.ClCCl.CN1C(=O)CC(=O)N(C)C1=O.C(=NC1CCCCC1)=NC1CCCCC1.CN(C)c1ccncc1,O=C(C1C(=O)N(C)C(=O)N(C)C1=O)C1c2ccccc2-c2ccccc21
CC(C)(C)OC(=O)N1CCN(c2nc(-c3cccc(Cl)c3)cs2)CC1.CCOC(C)=O.Cl,N1CCN(c2nc(-c3cccc(Cl)c3)cs2)CC1
c1cccc(COc2ccn(-c3nc(C)c(C(=O)O)s3)c(=O)c2)c1.c1(CN)cnc(C)cn1,c1cccc(COc2ccn(-c3nc(C)c(C(=O)NCc4cnc(C)cn4)s3)c(=O)c2)c1
Fc1ccc(C=C2CCC3(CC2)OCCO3)cc1.[H][H].CCOC(C)=O,Fc1ccc(CC2CCC3(CC2)OCCO3)cc1
Br.O.CCN(CC)CC.Brc1cnc(N)c(CBr)c1.C(=O)N(C)C.C(NCc1ccc(OC)cc1)C(=O)OCC,C(C(=O)OCC)N(Cc1ccc(OC)cc1)Cc1cc(Br)cnc1N
C(#Cc1c[nH]c(C)n1)c1ccnc(Cl)c1.n1cc(CCl)ccc1Cl,C(#Cc1cn(Cc2ccc(Cl)nc2)c(C)n1)c1ccnc(Cl)c1
CN(C)C=O.C(=O)(OCC)C(C)Br.[Na+].[H-].N(C=O)c1ccc(Cc2ncc[nH]2)cc1,N(C=O)(c1ccc(Cc2ncc[nH]2)cc1)C(C)C(=O)OCC
c1cnc(Cl)cc1C(=O)OCC.c1cc(B(O)O)ccc1Cl,c1cnc(-c2ccc(Cl)cc2)cc1C(=O)OCC
C1CCCO1.C1Cc2cc(OC)ccc2C2=CCC3(C)C(O)CCC3C12C.[Pd].OC,C1Cc2cc(OC)ccc2C2CCC3(C)C(O)CCC3C12C
CC(=O)[O-].CC(C)(C)[O-].Cc1ccccc1.P(c1ccccc1)(c1ccccc1)c1ccc2ccccc2c1-c1c(P(c2ccccc2)c2ccccc2)ccc2ccccc12.C(F)(F)(F)c1cccc(-c2c(-c3ccnc(Cl)c3)nc(C3=CCN(C(=O)OC(C)(C)C)CC3)n3cnnc23)c1.[Pd+2].CC(N)c1ccccc1.[Na+].C(C)(=O)[O-],C(F)(F)(F)c1cccc(-c2c(-c3ccnc(NC(C)c4ccccc4)c3)nc(C3=CCN(C(=O)OC(C)(C)C)CC3)n3cnnc23)c1
C1CCOC1.[K+].O.OCC1CCCCNC1.O=C([O-])[O-].O=C(Cl)OCc1ccccc1.[K+],O=C(OCc1ccccc1)N1CCCCC(CO)C1
ClCCCl.C(C)=C(C=CCO)CC.O=C=NCC,C(C)=C(C=CCOC(=O)NCC)CC
O(CC)C(C)=O.ClC(=O)c1ccc(F)cc1.c1cc(N)c(C)c(B2OC(C)(C)C(C)(C)O2)c1,c1cc(NC(=O)c2ccc(F)cc2)c(C)c(B2OC(C)(C)C(C)(C)O2)c1
OC(=O)C(F)(F)F.C(Cl)Cl.c1ccc(CC2CSC(=S)N2)cc1.CC1CO1,c1ccc(CC2CSC(=O)N2)cc1
ClS(=O)Cl.C1(C(=O)O)CCC(=O)N1.O(CC)CC,C1(C(=O)Cl)CCC(=O)N1
C1CCCO1.c12ccccc1n(O)nn2.O(CC)C(C)=O.[NH4+].C(CCN=C=NCC)N(C)C.[OH-].Cl.C(CCCCCCCC)C(O)CC(=O)O,C(CCCCCCCC)C(O)CC(N)=O
C(C)(=O)[O-].[NH4+].C1C(C)N2c3nc(Br)ccc3CC2CN1C(=O)OC(C)(C)C.O.C1CCOC1.C(C[Li])CC.CO.C(C)SSCC,C1C(C)N2c3nc(SCC)ccc3CC2CN1C(=O)OC(C)(C)C
c1cnc(C(=O)OCC)n1COCC[Si](C)(C)C.C1CC(=O)N(Br)C1=O.N#CC,c1c(Br)nc(C(=O)OCC)n1COCC[Si](C)(C)C
CCC(=O)N1CCC(=O)c2cc(Cl)ccc21.COC(OC)N(C)C.CCN(CC)CC.c1ccccc1,CCC(=O)N1CC(=CN(C)C)C(=O)c2cc(Cl)ccc21
CCO.c1c(C(F)(F)F)ccc2ncnc(Cl)c12.NC1CCN(C2CCC(N(C)C(C)C)CC2CS(=O)(=O)CC)C1=O.C(C)N(CC)CC,N(c1ncnc2ccc(C(F)(F)F)cc12)C1CCN(C2CCC(N(C)C(C)C)CC2CS(=O)(=O)CC)C1=O
Cl.C#Cc1ccc(F)c(F)c1F.C[Mg+].C1CCOC1.CCC1CCC(C=O)CC1.[Br-],C(#Cc1ccc(F)c(F)c1F)C(O)C1CCC(CC)CC1
[OH-].CCO.[Na+].C1c2ccc(-c3noc(-c4ccc(OC(C)C)c(Cl)c4)n3)cc2OCCN1CCCC(=O)OCC,C1c2ccc(-c3noc(-c4ccc(OC(C)C)c(Cl)c4)n3)cc2OCCN1CCCC(=O)O
c1ccc(OC)c(N)c1.[N-](C#N)C#N.[Na+],c1ccc(OC)c(NC(N)=NC#N)c1
CON.[Cl-].c1cccc2c(C(Nc3nccn(-c4cc(C(=O)O)ccc4C)c3=O)C(C)CN3CCCC3)cccc12.C(C)(C)[Mg+].C1CCCO1.Cl,c1cccc2c(C(Nc3nccn(-c4cc(C(=O)NOC)ccc4C)c3=O)C(C)CN3CCCC3)cccc12
O=Cc1cc(Br)ccc1OC.OCCO.c1cccc(C)c1.O.Cc1ccc(S(=O)(=O)O)cc1,O1CCOC1c1cc(Br)ccc1OC
n1cc(Cl)ccc1N.O=[N+]([O-])c1ccc(C(=O)OC)cc1C(=O)O,O=[N+]([O-])c1ccc(C(=O)OC)cc1C(=O)Nc1ccc(Cl)cn1
[H][H].CCC12CCC3=C(CCc4cc(OC)ccc43)C1=CCC2=O.C1COCCO1,CCC12CCC3=C(CCc4cc(OC)ccc43)C1CCC2=O
[Li]CCCC.Nc1cccc(C=C2c3ccc(Cl)cc3CCc3sccc32)c1.ClC(Cl)(Cl)C(Cl)(Cl)Cl.C1CCOC1,Nc1cccc(C=C2c3ccc(Cl)cc3CCc3sc(Cl)cc32)c1
c1(C)c(C)c(OC)c2nc(C=Cc3ccc(OC)c(OC)c3)[nH]c2c1OC.[H-].N(C)(C)C=O.[Na+].C(Br)c1ccc(C(=O)OC)cc1,c1(C)c(C)c(OC)c2nc(C=Cc3ccc(OC)c(OC)c3)n(Cc3ccc(C(=O)OC)cc3)c2c1OC
c1c(OC)cc(OC)cc1N1CCNCC1.c1cccc(OC(=O)Nc2cc(C)c(C)nc2NC)c1,C(=O)(Nc1cc(C)c(C)nc1NC)N1CCN(c2cc(OC)cc(OC)c2)CC1
c1cc(C)cc(C#C)c1.Cc1c(I)nc(C)n1-c1cnn(C)c(=O)c1,Cc1c(C#Cc2cccc(C)c2)nc(C)n1-c1cnn(C)c(=O)c1
c1cc(CNC(=O)C=Cc2ccc(C(F)(F)F)nc2Cl)cc(F)c1NS(C)(=O)=O.OC,c1cc(CNC(=O)C=Cc2ccc(C(F)(F)F)nc2OC)cc(F)c1NS(C)(=O)=O
FC(F)(F)C(=O)O.ClCCl.OC.c1ccc(C(Nc2cc(-c3sc(NC(C)=O)nc3C)nnc2Cl)(c2ccccc2)c2ccccc2)cc1,Nc1cc(-c2sc(NC(C)=O)nc2C)nnc1Cl
CC#N.O=P(Cl)(Cl)Cl.c1(=O)ccc(C(=O)OCCCC)n[nH]1.O,c1(Cl)ccc(C(=O)OCCCC)nn1
Cl.C1CCOC1.[Na+].CCO.O.[OH-].CCOC(=O)c1cn(Cc2ccccc2)nc1OCc1ccc(OCc2nc(-c3ccco3)oc2C)c(OCc2ccccc2)c1,OC(=O)c1cn(Cc2ccccc2)nc1OCc1ccc(OCc2nc(-c3ccco3)oc2C)c(OCc2ccccc2)c1
O=S(C)C.C(C)N(CC)CC.n1(Cc2ccccc2)c(CO)c(-c2ccccc2)c2cc(Br)ccc2c1=O.C1CCOC1.O.C(=O)(Cl)C(=O)Cl,n1(Cc2ccccc2)c(C=O)c(-c2ccccc2)c2cc(Br)ccc2c1=O
Fc1cnc(NCCn2ccnn2)nc1-c1cc2cccc(-c3ccccc3C=O)c2s1.NC.C(=O)(O)C(C)(C)C.ClC(Cl)Cl.CC(C)O.C([BH3-])#N.C1COCCO1,Fc1cnc(NCCn2ccnn2)nc1-c1cc2cccc(-c3ccccc3CNC)c2s1
c1cc(-c2nc3cc(C(=O)OC)cc(N)n3n2)oc1C.C1COCCO1.C(C)NCC.C[Al](C)C.Cl,c1cc(-c2nc3cc(C(=O)N(CC)CC)cc(N)n3n2)oc1C
CCCCCC(CN(O)C=O)C(=O)NN.[Na+].[BH3-]C#N.[Na+].O=Cc1ccccc1.[CH3].CO.O=C([O-])O,CCCCCC(CN(O)C=O)C(=O)NNCc1ccccc1
N1(C(C)=O)C(=O)Cc2ccc(Cl)cc21.O=C(O)c1cccc(I)c1.O.n1nc2ccccc2n1OC(N(C)C)=[N+](C)C.CCN(CC)CC.F[B-](F)(F)F.O=CN(C)C,N1(C(C)=O)C(=O)C(=C(O)c2cccc(I)c2)c2ccc(Cl)cc21
[Na+].[OH-].C(C)N1CCC(C)(C)c2cc(C(C)C)cc(C(CC)=C(F)C=CC(C)=CC(=O)OCC)c21,C(C)N1CCC(C)(C)c2cc(C(C)C)cc(C(CC)=C(F)C=CC(C)=CC(=O)O)c21
O.NC.c1cc(OCC(=O)OCC)ccc1OCc1ccc(F)cc1,c1cc(OCC(=O)NC)ccc1OCc1ccc(F)cc1
CN(C)c1ccncc1.CCOC(=O)CC(c1ccccc1)n1cnc2ccc(N)cc21.ClCCl.CCN(CC)CC.O=C(Cl)c1cccc([N+](=O)[O-])c1,CCOC(=O)CC(c1ccccc1)n1cnc2ccc(NC(=O)c3cccc([N+](=O)[O-])c3)cc21
CN(C(=O)c1cc(C(F)(F)F)cc(C(F)(F)F)c1)C1CCNCC1c1ccc(Cl)c(Cl)c1.O=C(O)C1CCN(C(=O)c2ccccc2)CC1.Cl,CN(C(=O)c1cc(C(F)(F)F)cc(C(F)(F)F)c1)C1CCN(C(=O)C2CCN(C(=O)c3ccccc3)CC2)CC1c1ccc(Cl)c(Cl)c1
[K+].OCCCCCCCl.[K+].[I-].O=C([O-])[O-].CC#N.COc1cc(C=O)ccc1O.CCCC[N+](CCCC)(CCCC)CCCC,COc1cc(C=O)ccc1OCCCCCCO
O(C)c1cc(NC(=O)NC(CN2CCC(Cc3ccc(Cl)c(Cl)c3)CC2)C(C)C)cc(OC)c1OC.CCI,O(C)c1cc(NC(=O)NC(C[N+]2(CC)CCC(Cc3ccc(Cl)c(Cl)c3)CC2)C(C)C)cc(OC)c1OC.[I-]
c12ncnn1c(CCC)c(Cc1ccc(-c3ccccc3-c3noc(=O)[nH]3)cc1)c(=O)n2C1CCC(OCC2(C(N)=O)CCC2)CC1.c1ccccn1.C1CCCO1.O(CC)C(C)=O.O=C(OC(=O)C(F)(F)F)C(F)(F)F,c12ncnn1c(CCC)c(Cc1ccc(-c3ccccc3-c3noc(=O)[nH]3)cc1)c(=O)n2C1CCC(OCC2(C#N)CCC2)CC1
C(N)CC(C)(C)C.N1C(C(=O)O)C(c2cccc(Cl)c2)C(C#N)(c2ccc(Cl)cc2)C1CC(C)(C)C.ClCCl.F[P-](F)(F)(F)(F)F.CN(C)C(On1nnc2cccnc21)=[N+](C)C.C(C)(C)N(CC)C(C)C,N1C(C(=O)NCCC(C)(C)C)C(c2cccc(Cl)c2)C(C#N)(c2ccc(Cl)cc2)C1CC(C)(C)C
O.[O-]C(=O)O.Clc1cnccn1.[Na+].ClCCl.O(C)CCOC.[O-]C(C)=O.c1ccc2[nH]ccc2c1Br.Cl[Pd]Cl.[K+],c1ccc2[nH]ccc2c1-c1cnccn1
O=C([O-])[O-].COC(OC)c1ccc([N+](=O)[O-])c(F)c1.[Cs+].[Cl-].NC(=O)c1sc(N)nc1-c1cccc(C(F)(F)F)c1.CN(C)C=O.[Cs+].[NH4+],NC(=O)c1sc(Nc2cc(C(OC)OC)ccc2[N+](=O)[O-])nc1-c1cccc(C(F)(F)F)c1
O=C(C(=O)O)N1CCC(Cc2ccc(F)cc2)CC1.CCOCC.Nc1cccc(C#N)c1,O=C(C(=O)Nc1cccc(C#N)c1)N1CCC(Cc2ccc(F)cc2)CC1
[N+](=O)([O-])c1cc2ccc(Cl)cc2cc1N.O.CCO,Nc1cc2ccc(Cl)cc2cc1N
C[S-].O=C([O-])[O-].[Na+].[K+].CCOC(C)=O.[K+].CCO.CCNC(=O)c1ccc(-n2nnc(C(=O)NC3CC3)c2COS(C)(=O)=O)cc1,CCNC(=O)c1ccc(-n2nnc(C(=O)NC3CC3)c2CSC)cc1
[OH-].C(=CC=CC(=O)OC)CSc1ccc(Cl)cc1.[K+].NO.CO.C1CCOC1,C(=CC=CC(=O)NO)CSc1ccc(Cl)cc1
ClCCl.c1cc(S(=O)(=O)NC(C)(C)C)sc1-c1cc(-c2nc(-c3ccc(C(F)(F)F)nc3)cc(C(F)(F)F)n2)ccn1.OC(=O)C(F)(F)F,c1cc(S(N)(=O)=O)sc1-c1cc(-c2nc(-c3ccc(C(F)(F)F)nc3)cc(C(F)(F)F)n2)ccn1
CC1CC(O)c2ccccc2N1C(=O)c1ccc(OC)c(OC)c1.S1CCNc2ccccc21,CC1CC(N2CCSc3ccccc32)c2ccccc2N1C(=O)c1ccc(OC)c(OC)c1
O(C)C(=O)Cl.c12ncc(C(=O)O)c(=O)n1cccc2C.C1(N)CCCC1.ClC(Cl)Cl.CCN(CC)CC,c12ncc(C(=O)NC3CCCC3)c(=O)n1cccc2C
C1CCOC1.[Li]CCCC.CC(C)n1cncn1.FC(F)(Cl)C(F)(Cl)Cl,CC(C)n1ncnc1Cl
Cc1c(Cl)ccc2c1CC(=O)N2.COc1ccc(C=O)cc1C(C)C,COc1ccc(C=C2C(=O)Nc3ccc(Cl)c(C)c32)cc1C(C)C
OCCO.O.c1ccccc1.O=CC=C(C)C[N+](=O)[O-],O1CCOC1C=C(C)C[N+](=O)[O-]
CC(=O)N(c1ccc(Cl)cc1)C1CC(C)N(C(=O)c2ccc(O)cc2)c2ccccc21.CC(C)(CCO)n1ccnc1.c1ccccc1.CCOC(=O)N=NC(=O)OCC.c1ccc(P(c2ccccc2)c2ccccc2)cc1,CC(=O)N(c1ccc(Cl)cc1)C1CC(C)N(C(=O)c2ccc(OCCC(C)(C)n3ccnc3)cc2)c2ccccc21
c1cccc(C)c1C(N)=C1Sc2ccccc2C1=O.OO.CC(=O)O,c1cccc(C)c1C(N)=C1C(=O)c2ccccc2S1=O
C12(CCCN1C(=O)OC(C)(C)C)CCNC2.n1ccn(C(=O)n2ccnc2)c1.C(Cl)Cl.C1(N)C2CC3CC(C2)CC1C3,C12(CCCN1C(=O)OC(C)(C)C)CCN(C(=O)NC1C3CC4CC(C3)CC1C4)C2
O=C(O)C=Cc1cccc(NS(=O)(=O)C=Cc2ccccc2)c1.ClCCl.CN(C)C=O,C(=O)(Cl)C=Cc1cccc(NS(=O)(=O)C=Cc2ccccc2)c1
ClCC#N.[K+].c1(C=O)cc(OC)c(OC)cc1O.[K+].O=C([O-])[O-].N(C)(C)C=O,c12cc(OC)c(OC)cc1OC(C#N)C2
c1cc(CCl)ccc1CC(=O)O.ClS(=O)Cl,c1cc(CCl)ccc1CC(=O)Cl
O=[Pt].ClCc1ccccc1.COc1cc(Cl)c(N=C2NCCN2OCc2ccccc2)c(Cl)c1.CC(=O)O.CCO,COc1cc(Cl)c(N=C2NCCN2O)c(Cl)c1
[K+].BrCCCBr.O.O=C([O-])[O-].Clc1cc(OCC=C(Cl)Cl)cc(Cl)c1O.CN(C)C=O.Clc1cc(OCC=C(Cl)Cl)cc(Cl)c1OCCCCSc1ccc(OC(C)C)cc1.[K+],Clc1cc(OCC=C(Cl)Cl)cc(Cl)c1OCCCBr
O=C(C)OCC(=O)Cl.O=CN(C)C.N(CC)(CC)CC.c12ccccc1[nH]cc2C1CCN(Cc2csc(N)n2)CC1.ClCCl,c12ccccc1[nH]cc2C1CCN(Cc2csc(NC(=O)COC(C)=O)n2)CC1
[K+].[O-]C(=O)[O-].C1CC(=O)C(Br)CO1.C(C)#N.[K+].n1[nH]c(O)cc1C(=O)OCC,n1[nH]c(OC2COCCC2=O)cc1C(=O)OCC
OC.[O-]C.[Na+].O.Fc1c(F)nc(F)c(F)c1CO,Fc1c(OC)nc(F)c(F)c1CO
C(C=O)C(=O)OC(=O)CC=O.P(=O)(OCC)(OCC)C(C)N,C(=O)NC(C)P(=O)(OCC)OCC
N(OC)=C(C(C)=O)c1ccc(OCCCOc2c(Cl)cc(OCC=C(Cl)Cl)cc2Cl)cc1.NOC.c1ccccn1.Cl,N(OC)=C(C(C)=NOC)c1ccc(OCCCOc2c(Cl)cc(OCC=C(Cl)Cl)cc2Cl)cc1
CO.C1(c2cccc(C(F)(F)F)c2)C(C(=O)OC)=C(C)NC(C)=C1C(=O)OCCCCCCN.c1cccc(OCC2CO2)c1,C1(c2cccc(C(F)(F)F)c2)C(C(=O)OC)=C(C)NC(C)=C1C(=O)OCCCCCCNCC(O)COc1ccccc1
C(=O)([O-])[O-].I[Cu]I.[Cs+].[Cs+].C1CN(C(=O)OC(C)C)CCC1Oc1ncnc(Nc2ccc(I)cc2F)c1C.n1cccc2ccc3cccnc3c12.O=S(C)(=O)CCO,C1CN(C(=O)OC(C)C)CCC1Oc1ncnc(Nc2ccc(OCCS(C)(=O)=O)cc2F)c1C
O.c1cccc(C2(c3cccc(C(C)c4nc(NC)no4)c3)OCCO2)c1.CC(=O)O,c1cccc(C(=O)c2cccc(C(C)c3nc(NC)no3)c2)c1
OC.c1cc(C(=O)OC)c(N)nc1CCF.[Na+].Cl.[OH-],c1cc(C(=O)O)c(N)nc1CCF
C1CCC2=NCCCN2CC1.C1CCOC1.CC(=O)[Si](C)(C)C.CC[n+]1csc(CCO)c1C.O=C(C=Cc1ccccc1)c1ccccc1.[Br-].CC(C)O,O=C(CC(C(C)=O)c1ccccc1)c1ccccc1
c1ccc(C(C)N)cc1.CC(C)(C)OC(=O)N1CCC(=O)C(C(=O)OCC)C1.c1cccc(C)c1,CC(C)(C)OC(=O)N1CCC(NC(C)c2ccccc2)=C(C(=O)OCC)C1
c1cccc(COC(=O)CC(C(=O)OC(C)(C)C)c2ccc(Br)cc2)c1.c1ccc(C)cc1,c1cccc(COC(=O)CC(C(=O)O)c2ccc(Br)cc2)c1
[O-]S(=O)(=O)[O-].O.[K+].[K+].O=C([O-])CC(=O)CCCCCCC.[OH-].[K+].P(=O)([O-])(O)O.OC(=O)CC(O)(CC(=O)O)C(=O)O.C(O)(C(O)C=O)C(O)C(O)CO.[Mg+2],O=C(O)CC(O)CCCCCCC
c1(Br)cc(F)c(OC(F)F)c(F)c1.c1(OC(F)F)c(F)cccc1F.O(O)C(C)(C)C.OO.FS(F)(F)N(CC)CC.Fc1cccc(F)c1O,c1(OC(F)F)c(F)cc(O)cc1F
CN(CC1CC(=O)c2ccc(S(=O)(=O)c3ccccc3)cc2O1)C(=O)OC(C)(C)C.C1CCOC1,CN(CC1CC(C)(O)c2ccc(S(=O)(=O)c3ccccc3)cc2O1)C(=O)OC(C)(C)C
C(C)(=O)Cl.c1ccncc1.c1c(NC(=O)c2cc(Cl)ccc2O)cc(C(F)(F)F)cc1C(F)(F)F.C1CCCO1,c1c(NC(=O)c2cc(Cl)ccc2OC(C)=O)cc(C(F)(F)F)cc1C(F)(F)F
C(C(O)C(CC1CCCCC1)NC(=O)C(Cc1c[nH]cn1)NC(=O)C(CC(=O)N1CCC(C(=O)OCC)CC1)Cc1ccccc1)C(C=C)C(C)C.O.[OH-].[Na+].CO,C(C(O)C(CC1CCCCC1)NC(=O)C(Cc1c[nH]cn1)NC(=O)C(CC(=O)N1CCC(C(=O)O)CC1)Cc1ccccc1)C(C=C)C(C)C
FC(F)(F)c1ccc(CBr)o1.ClCc1cnccn1.c1c2c(cc3c1OCC31C(=O)Nc3ccccc31)CCO2.C12(COc3cc4onc(C)c4cc31)C(=O)Nc1ccccc12,c1c2c(cc3c1OCC31C(=O)N(Cc3cnccn3)c3ccccc31)CCO2
ON.C1CN(CCCO)CCC1=O.Cl,C1CN(CCCO)CCC1=NO
CC(C)CCON=O.S(C)SC.c1c(N)ccc2[nH]c3cnc(C(=O)OCC)nc3c12,c1c(SC)ccc2[nH]c3cnc(C(=O)OCC)nc3c12
[H][H].CCO.ClCCl.CN(C)CCN1CCSc2ccc([N+](=O)[O-])cc21.I.[Pd].CSC(=N)c1cccs1,CN(C)CCN1CCSc2ccc(NC(=N)c3cccs3)cc21
C(Br)CCCCBr.c12ccccc1cc(CCO)o2.[Na+].[OH-],c12ccccc1cc(CCOCCCCCBr)o2
C(C)(C)(C)[O-].[K+].c1(Cl)cc(C(C)C)c(Cl)nn1.O.N(C)(C)C(C)=O.c1c(CCO)cc(Br)c(O)c1Br,c1c(CCO)cc(Br)c(Oc2cc(C(C)C)c(Cl)nn2)c1Br
c1c(CO)ccc2c1COC2.ClCCl,c1c(C=O)ccc2c1COC2
c1cc(C(=O)Cl)cc2ccc(Br)cc12.c12cccc(N)c1nc(N)s2,c1cc(C(=O)Nc2cccc3sc(N)nc23)cc2ccc(Br)cc12
CN(C)C=O.O1CCNCC1.O=C(OC1CCC1)N1CCN(C(=O)C(CCCCOCc2ccccc2)NC(=O)OCC2c3ccccc3-c3ccccc32)CC1,O=C(OC1CCC1)N1CCN(C(=O)C(N)CCCCOCc2ccccc2)CC1
O=C(C)c1ccc2cc(N3CCN(C(=O)OC(C)(C)C)CC3)ccc2c1.N#CCC#N.n1ccccc1,C(C)(=C(C#N)C#N)c1ccc2cc(N3CCN(C(=O)OC(C)(C)C)CC3)ccc2c1
CON.Cl.CCOCc1cn(Cc2ccc(F)cc2F)c2cnc(C(=O)O)cc12,CCOCc1cn(Cc2ccc(F)cc2F)c2cnc(C(=O)NOC)cc12
[Cl-].OC.[Br-].c1(SCC(O)CCl)ncc(Cl)cn1.[K+].O.[Na+].OO,c1(S(=O)CC(O)CCl)ncc(Cl)cn1
c1ccncc1.C1CCCN1CCOc1ccc(C2c3ccc(OC)cc3OCC2c2ccc(C)cc2)cc1.Cl,C1CCCN1CCOc1ccc(C2c3ccc(O)cc3OCC2c2ccc(C)cc2)cc1
c1c2c(cc3c1OCO3)CNCC2.CC(C)Oc1ccc(S(C)(=O)=O)cc1C(=O)O,CC(C)Oc1ccc(S(C)(=O)=O)cc1C(=O)N1CCc2cc3c(cc2C1)OCO3
C(C)O.c1c(NC(=O)c2cccc3cc(Oc4ccnc(C(=O)OCCCC)c4)ccc23)cccc1C(F)(F)F.[OH-].[Na+],c1c(NC(=O)c2cccc3cc(Oc4ccnc(C(=O)O)c4)ccc23)cccc1C(F)(F)F
C1=CC2CC1CC(CCCCC)C2=O.CC(C)O.[H][H],C1CC2CC1CC(CCCCC)C2=O
c1cccc(-c2ccc(C(=O)N3CC4CC3CN4C(=O)C(NC(=O)OCc3ccccc3)C(C)(C)C)nc2)c1.CO,c1cccc(-c2ccc(C(=O)N3CC4CC3CN4C(=O)C(N)C(C)(C)C)nc2)c1
OCC.NN.c1cccc(-c2nnc(Cl)s2)c1C.O,c1cccc(-c2nnc(NN)s2)c1C.Cl
C(=O)c1ccccn1.c1cc2c(s1)c(O)c(C1=NS(=O)(=O)c3ccccc3N1)c(=O)n2N.CN(C)C(C)=O,c1cc2c(s1)c(O)c(C1=NS(=O)(=O)c3ccccc3N1)c(=O)n2N=Cc1ccccn1
n1(C)ccc(NC(=O)C(CC2CCC(=O)CC2)c2ccc3c(c2)N(C)c2ccccc2S3(=O)=O)n1.Cl.ON.OC,n1(C)ccc(NC(=O)C(CC2CCC(=NO)CC2)c2ccc3c(c2)N(C)c2ccccc2S3(=O)=O)n1
n1cc(Br)cn1-c1ccc(OC)cc1.C(CC)CCC.CCCC[Li].O1CCCC1.N(C)(C)C=O,n1cc(C=O)cn1-c1ccc(OC)cc1
C1CCCO1.Cl.c1ccc(CBr)cc1.C(Cl)Cl.C1CC1(O)C(=O)O.C(C)N(CC)CC,c1ccc(COC(=O)C2(O)CC2)cc1
CCCCO.COc1cc(OC)cc(OCCCCl)c1.Fc1ccc(C(c2ccc(F)cc2)C2CCNCC2)cc1.[K+].[K+].O=C([O-])[O-].[I-].[K+],Fc1ccc(C(c2ccc(F)cc2)C2CCN(CCCOc3cc(OC)cc(OC)c3)CC2)cc1
CCCC[N+](CCCC)(CCCC)CCCC.O=S(=O)([O-])O.[OH-].OO.CC(C)(C#N)c1ccccc1F.Cc1ccccc1.[Na+],CC(C)(C(N)=O)c1ccccc1F
O=S(=O)(NCC(F)(F)F)c1cccc(N)c1.c12nc(-c3ccc(C(F)(F)F)cc3)cc(C(F)F)n1ncc2C(=O)O,c12nc(-c3ccc(C(F)(F)F)cc3)cc(C(F)F)n1ncc2C(=O)Nc1cccc(S(=O)(=O)NCC(F)(F)F)c1
F[B-](F)(F)F.C1(N2CCc3ccccc3NC2=O)CCN(C(=O)OC(Cc2cc(Cl)c(N)c(C(F)(F)F)c2)C(=O)O)CC1.CCOC(C)=O.CC(C)N(CC)C(C)C.C1CN(C2CCN(CC(=O)OCC)CC2)CCN1.c1cccc2c1nnn2OC(N(C)C)=[N+](C)C.C1CCCO1,C1(N2CCc3ccccc3NC2=O)CCN(C(=O)OC(Cc2cc(Cl)c(N)c(C(F)(F)F)c2)C(=O)N2CCN(C3CCN(CC(=O)OCC)CC3)CC2)CC1
CCN(CC)CCCCN.O=C1NC(=O)c2ccc(Br)cc2C1=COC.CN(C)C=O,O=C1NC(=O)c2ccc(Br)cc2C1=CNCCCCN(CC)CC
O=C([O-])[O-].CI.[K+].O=CN(C)C.[K+].O.c1(C(=O)OCC)cc(C2CC2)c2c(C)c(-c3ccc(N)cc3)ccn2c1=O,c1(C(=O)OCC)cc(C2CC2)c2c(C)c(-c3ccc(NC)cc3)ccn2c1=O
FC(F)(F)Oc1ccc(B(O)O)cc1.c1(C(=O)OCC)cnc(Cl)nc1C(F)(F)F,c1(C(=O)OCC)cnc(-c2ccc(OC(F)(F)F)cc2)nc1C(F)(F)F
BrCC#N.c1(C(O)C2CN(C(=O)OC(C)(C)C)CCO2)cccc(Cl)c1.N#CC.[H-].[Na+],c1(C(OCC#N)C2CN(C(=O)OC(C)(C)C)CCO2)cccc(Cl)c1
CCN(CC)CC.Nc1ccc2sc(C)nc2c1Cl.C1CCOC1.O(C)c1ccc(CC(=O)Cl)cc1,N(C(=O)Cc1ccc(OC)cc1)c1ccc2sc(C)nc2c1Cl
FC(F)(F)C(=O)O.ClCCl.n1ccc(-c2ccc(C(=O)N3CCN(S(=O)(=O)c4ccc5cc(Cl)ccc5c4)CC3)c(C(=O)OC(C)(C)C)c2)cc1.Cl,n1ccc(-c2ccc(C(=O)N3CCN(S(=O)(=O)c4ccc5cc(Cl)ccc5c4)CC3)c(C(=O)O)c2)cc1
CN1CCCNCC1.O=C(Cl)Oc1ccc(Oc2ccc(C(F)(F)F)cn2)cc1.[Br-].[K+],O=C(Oc1ccc(Oc2ccc(C(F)(F)F)cn2)cc1)N1CCCN(C)CC1.Cl
BrC(Br)(Br)Br.C(CCCC)C(CO)c1ccccc1.c1ccccc1P(c1ccccc1)c1ccccc1.O1CCCC1,C(CCCC)C(CBr)c1ccccc1
C(C)O.C1OC1CN(CCOC)S(C)(=O)=O.C(C)OC(=O)CN1CCN(CC(=O)OCC)CCNCCN(CC(=O)OCC)CC1,C(C)OC(=O)CN1CCN(CC(=O)OCC)CCN(CC(O)CN(CCOC)S(C)(=O)=O)CCN(CC(=O)OCC)CC1
[OH-].C1(c2c3n(c4ccc(O)cc24)CCC3)CCN(C)CC1.[Na+].c1ccc(S(=O)(=O)Cl)cc1.C1CCOC1,C1(c2c3n(c4ccc(OS(=O)(=O)c5ccccc5)cc24)CCC3)CCN(C)CC1.Cl
[O-]C(C)=O.[Na+].[O-]C(=O)[O-].c1(C)sccc1B(O)O.[Na+].C(C)(=O)[O-].O.[Pd+2].c1(I)cccc(C(=O)O)c1,c1(-c2ccsc2C)cccc(C(=O)O)c1
ClC(Cl)Cl.BrN1C(=O)CCC1=O.C1CCc2sccc2C1,C1CCc2sc(Br)cc2C1
[Na+].[Pd].c1(C(=O)NS(=O)(=O)c2ccc(I)cc2)ccc(Cl)cc1Cl.c1cccc(C)c1.[Na+].CCO.P(c1ccccc1)(c1ccccc1)c1ccccc1.C(=O)([O-])[O-].c1(P(c2ccccc2)c2ccccc2)ccccc1.c1ccc(P(c2ccccc2)c2ccccc2)cc1.c1cc(B(O)O)cs1.c1ccccc1P(c1ccccc1)c1ccccc1,c1(C(=O)NS(=O)(=O)c2ccc(-c3ccsc3)cc2)ccc(Cl)cc1Cl
[OH-].[Na+].O.Cl.CCO.c1(S(=O)(=O)N(C)c2cc(OCCCS(C)(=O)=O)cc3cc(C(=O)OCC)[nH]c23)ccccn1.O1CCCC1,c1(S(=O)(=O)N(C)c2cc(OCCCS(C)(=O)=O)cc3cc(C(=O)O)[nH]c23)ccccn1
N#CCBr.FC(F)c1cc2c(Cl)c(C#N)ccc2[nH]1.[Cs+].[O-]C(=O)[O-].[Cs+],FC(F)c1cc2c(Cl)c(C#N)ccc2n1CC#N
c1cnc2c(C(=O)C(=O)O)c[nH]c2c1Cl.CC(C)N(CC)C(C)C.ClC(Cl)Cl.C1CC(=C(Br)c2ccccc2)CCN1.Cl,c1cnc2c(C(=O)C(=O)N3CCC(=C(Br)c4ccccc4)CC3)c[nH]c2c1Cl
Cl.n1ccccc1.c1(N)ccc(O)cc1O.OCCOCC.n1cc(C#N)c(Cl)c2cc(OC)c(OC)cc12,n1cc(C#N)c(Nc2ccc(O)cc2O)c2cc(OC)c(OC)cc12
O(Cc1ccccc1)c1ccc(C=O)cc1C(=O)O.c1cc(C(F)(F)F)ccc1COc1ccc(C=O)cc1C(=O)OCc1ccc(C(F)(F)F)cc1,c1cc(C(F)(F)F)ccc1COc1ccc(C=O)cc1C(=O)O
BrP(Br)Br.ClCCl.O=c1cc(OCc2ccccc2)cnn1CCc1ccc(CO)cc1,O=c1cc(OCc2ccccc2)cnn1CCc1ccc(CBr)cc1
ClCCl.c1cccc2sc(COc3ccc(N)cc3)nc12.ClC(=O)OCC.O.C(C)N(CC)CC,c1cccc2sc(COc3ccc(NC(=O)OCC)cc3)nc12
c1(C)nc(-c2ccc(OC(F)(F)F)cc2)sc1CCOc1ccc2ccn(CC(=O)OC(C)(C)C)c2c1.[Li+].[OH-],c1(C)nc(-c2ccc(OC(F)(F)F)cc2)sc1CCOc1ccc2ccn(CC(=O)O)c2c1
OC.N(C(=S)NC(=O)c1ccccc1)c1cc(N(C)CCOC)ccc1OC,N(C(N)=S)c1cc(N(C)CCOC)ccc1OC
c1cccc(C)c1P(c1ccccc1C)c1ccccc1C.O=C(C)[O-].[Pd+2].CC#N.[O-]C(C)=O.C(C)N(CC)CC.C=CC(=O)OC.c1ccc(Br)cc1CC(C)=O,c1ccc(C=CC(=O)OC)cc1CC(C)=O
C(Cl)Cl.C(CCCO)CCCCc1ccccc1.c1(P(c2ccccc2)c2ccccc2)ccccc1.BrC(Br)(Br)Br,C(CCCBr)CCCCc1ccccc1
O1CCCC1.c1cccc2c(C(=O)OC)c(CBr)c(-c3ccccc3)nc12.C(C)(C)N1CCNCC1,c1cccc2c(C(=O)OC)c(CN3CCN(C(C)C)CC3)c(-c3ccccc3)nc12
CCOC(C)=O.CCN(CC)CC.C[NH2+]C.O.COc1c2c(c(OC)c(OC)c1OC)CC(CCCOc1ccc(C(=O)O)cc1)C2.On1nnc2ccccc21.C1CCOC1.Cl,COc1c2c(c(OC)c(OC)c1OC)CC(CCCOc1ccc(C(=O)N(C)C)cc1)C2
CC#N.C(Cl)c1ccc(CCc2ccccc2)cc1.[K+].c1cccc(C=CC(CCc2ccc(C#N)cc2)Cc2ccc(C(=O)OC)cc2)c1O.[K+].C(=O)([O-])[O-],c1cccc(C=CC(CCc2ccc(C#N)cc2)Cc2ccc(C(=O)OC)cc2)c1OCc1ccc(CCc2ccccc2)cc1
CS(=O)(=O)OCC1(CC)COC1.[OH-].OCCCCO.O.[Na+].Cc1ccccc1.OC(C)=O,C(OCCCCO)C1(CC)COC1
OS(=O)(=O)Cl.c1cccc(-c2ccc(F)cc2)c1,c1cccc(-c2ccc(F)cc2)c1S(=O)(=O)Cl
CO.[Cl-].C1CCOC1.[Fe].O.c1(C2CCCN2C(=O)Cc2ccccc2)nc(-c2ccc([N+](=O)[O-])cc2)c[nH]1.[NH4+],c1(C2CCCN2C(=O)Cc2ccccc2)nc(-c2ccc(N)cc2)c[nH]1
n1ccccc1.O=CN(C)C.CCOC(C)=O.c1cc(B(O)O)ccc1[N+](=O)[O-].c1cc(C(=O)N2c3ccccc3C(N)CC2C)ccc1OC,c1cc(C(=O)N2c3ccccc3C(Nc3ccc([N+](=O)[O-])cc3)CC2C)ccc1OC
[Na+].n1oc2c(c1OCC)CCCC2.[OH-].[Na+].C(C)(=O)O.[O-][Cr](=O)(=O)O[Cr](=O)(=O)[O-].CCOCC.[Na+].OS(=O)(=O)O,n1oc2c(c1OCC)C(=O)CCC2
O=S(=O)(Cl)c1cccc(C)c1.O=C1CCC(=O)N1Br.CC(C)(C#N)N=NC(C)(C)C#N.ClC(Cl)(Cl)Cl,O=S(=O)(Cl)c1cccc(CBr)c1
[BH4-].[Na+].O=S(C)C.O=P([O-])(O)O.[K+].N(CSc1ccc(C)cc1)c1nc2c(ncn2C2OC(COC(C)=O)C(OC(C)=O)C2OC(C)=O)c(=O)[nH]1.ClCCl.OC,N(C)c1nc2c(ncn2C2OC(COC(C)=O)C(OC(C)=O)C2OC(C)=O)c(=O)[nH]1
O(C)c1cc2c(Oc3ccc(N)c(Cl)c3)ccnc2cc1OC.c1(C)ccccc1.N(=C=S)C(=O)c1ccc(Cl)cc1.C(C)O,O(C)c1cc2c(Oc3ccc(NC(=S)NC(=O)c4ccc(Cl)cc4)c(Cl)c3)ccnc2cc1OC
ClCCl.[Cu+2].n1(S(=O)(=O)c2ccc(C)cc2)ccc2nc(C=O)cnc21.S(N)(=O)C(C)(C)C.S(=O)(=O)([O-])[O-],n1(S(=O)(=O)c2ccc(C)cc2)ccc2nc(C=NS(=O)C(C)(C)C)cnc21
[N+](=C)=[N-].OC.c1cccc2c1c(O)c(C(=O)OCC)c1nc3ccccc3nc12,c1cccc2c1c(OC)c(C(=O)OCC)c1nc3ccccc3nc12
[K+].C(C)#N.Clc1cc(O)ccc1C#N.c1cccc(CBr)c1.[K+].O=C([O-])[O-],Clc1cc(OCc2ccccc2)ccc1C#N
OCC.n1(O)c(C(=O)OCC)nc2ccc(CO)cc21.[Na].Cl,n1(OC)c(C(=O)OCC)nc2ccc(CO)cc21
N#Cc1cc(C(=O)CNC2CC2)cc(Br)c1N.O.[Na+].[BH4-].C1CCOC1,N#Cc1cc(C(O)CNC2CC2)cc(Br)c1N
C(CCN)CNC(=O)OC(C)(C)C.c1ccc(NC(=S)SCC)nc1.CCOCC.C(C)CCCC,C(CCNC(=S)Nc1ccccn1)CNC(=O)OC(C)(C)C
[K+].C(C)OC(C)=O.BrC(C)C.[K+].N(C)(C)C=O.[O-]C(=O)[O-].O(C)Cc1cc(C(=O)OC)ccc1O,O(C)Cc1cc(C(=O)OC)ccc1OC(C)C
c1(Cl)ncc(Br)cc1NS(=O)(=O)c1ccccc1.[K+].[O-]C(=O)[O-].[K+].C1COCCO1.C(C)(=O)[O-].C1CCN(c2cnc3ccc(Br)cc3n2)CC1N(C)C.[K+],C1CCN(c2cnc3ccc(-c4cnc(Cl)c(NS(=O)(=O)c5ccccc5)c4)cc3n2)CC1N(C)C
Cc1ccc(S(=O)(=O)O)cc1.O=C1CCN2C(=O)OCc3cccc1c32.C=CCN.CO,C1(NCC=C)CCN2C(=O)OCc3cccc1c32
CCN(CC)CC.O(C)CCOc1ccc(F)cc1CBr.C1CCOC1.C(N)c1ccc(Br)cc1S(C)(=O)=O,O(C)CCOc1ccc(F)cc1CNCc1ccc(Br)cc1S(C)(=O)=O
c12ccccc1C(=O)N(O)C2=O.C(Br)CCBr.CN(C)C=O.C(C)N(CC)CC,c12ccccc1C(=O)N(OCCCBr)C2=O
[Cl-].C[S+](C)(C)=O.[Na+].c1(O)c(C)cccc1C=O.[H-].O1CCCC1,c12c(C)cccc1C(O)CO2
CC(C)(C)O.OC.[K+].Cl.[OH-].c1cc(N2CCOCC2)ncc1-c1nc(C(=O)OCC)c(N)s1,c1cc(N2CCOCC2)ncc1-c1nc(C(=O)O)c(N)s1
O=C([O-])[O-].O=CN(C)C.Oc1ccc([N+](=O)[O-])c(OC2CCOCC2)c1.c1cc(S(C)(=O)=O)cnc1Br.[Cs+].[Cs+],O(c1ccc([N+](=O)[O-])c(OC2CCOCC2)c1)c1ccc(S(C)(=O)=O)cn1
CN(C)C=O.C(=O)(OC(C)(C)C)C(NS(=O)(=O)c1ccc(-c2ccc(N)cc2)cc1)C(C)C.[Na].c1cccc2nnn(O[P+](N(C)C)(N(C)C)N(C)C)c12.F[P-](F)(F)(F)(F)F.N(CC)(C(C)C)C(C)C.c1c(Cl)ccc2sc(C(=O)O)nc12,C(=O)(OC(C)(C)C)C(NS(=O)(=O)c1ccc(-c2ccc(NC(=O)c3nc4cc(Cl)ccc4s3)cc2)cc1)C(C)C
[Na+].C(Br)C=C.Oc1ccc(C(=O)O)[nH]c1=O.C(=O)([O-])[O-].Cl.O.[Na+],O(CC=C)c1ccc(C(=O)O)[nH]c1=O
c1([N+](=O)[O-])cc(C(=O)O)cc(OC)c1O.Br,c1([N+](=O)[O-])cc(C(=O)O)cc(O)c1O
c1ccc(COc2ccc3cc(C(O)(CC)CC)oc3c2)cc1.c1(O)ccccc1C,c1ccc(COc2ccc3cc(C(CC)(CC)c4ccc(O)c(C)c4)oc3c2)cc1
O.C1COCCO1.CCOC(C)=O.Cl.Fc1ccc(-c2cc(COCOC)cnn2)cc1Cl,Fc1ccc(-c2cc(CO)cnn2)cc1Cl
ClCCl.C(=CSC(=O)c1ccccc1)C(=O)Cl.Cl.C#CCN.N(CC)(CC)CC,C(=CSC(=O)c1ccccc1)C(=O)NCC#C
c1ccc(CN2CC(O[Si](C)(C)C(C)(C)C)CC2C=O)cc1.CCCCCC.C1CCCO1.C(C)CC[Li].c1ncnn1C,c1ccc(CN2CC(O[Si](C)(C)C(C)(C)C)CC2C(O)c2ncnn2C)cc1
CCOC(=O)C(C)C(C)SC(C)=O.CC[O-].[Na+].CCO.CC(=O)O,CCOC(=O)C(C)C(C)S
C1(C)(C)OB(c2cccc3[nH]ccc23)OC1(C)C.C1COCCO1.[Na+].[Na+].O.O=C([O-])[O-].N1(Cc2nnc(-c3cc(Br)cc4c3cnn4C)o2)CC(C)OC(C)C1,N1(Cc2nnc(-c3cc(-c4cccc5[nH]ccc45)cc4c3cnn4C)o2)CC(C)OC(C)C1
Fc1ccc2ncc(=O)n(CCN3CCC(N)CC3)c2c1.ClCCl.C(F)(F)(F)C(=O)O.n1cc(=O)n(CCN2CCC(N(C(=O)[O-])C(C)(C)C)CC2)c2c(F)c(F)ccc12,n1cc(=O)n(CCN2CCC(N)CC2)c2c(F)c(F)ccc12
O=[N+]([O-])c1ccc2c(c1)SCCN2.ClCCl.CCCC[N+](CCCC)(CCCC)CCCC.ClCCN1CCCCC1.[Br-].[Na+].O.[OH-].Cl,O=[N+]([O-])c1ccc2c(c1)SCCN2CCN1CCCCC1
c1ccc(CCCBr)cc1.OCC.[K+].c1(C)ccc(S(=O)([O-])=S)cc1,c1(C)ccc(S(=O)(=S)OCCCc2ccccc2)cc1
CN(C)C=O.CCOCC.CCC(O)(CC)COc1ccc(C(CC)(CC)c2cc3ccc(OC)cc3s2)cc1C,CCC(O)(CC)COc1ccc(C(CC)(CC)c2cc3ccc(O)cc3s2)cc1C
OCCCC.n1oc(=O)n2c1CCCCC2CC=C.[Os](=O)(=O)(=O)=O.[Na+].C1COCCO1.C(CC1CCCCc2noc(=O)n21)NC(=O)OC(C)(C)C.O.O=[Os]=O.O.[I+3]([O-])([O-])([O-])[O-],n1oc(=O)n2c1CCCCC2CC=O
[N+](=O)([O-])c1cnc(-c2nocc2CCCCC(C)CCN)n1C.N(C)(C)C=O.CCCCCCCl,[N+](=O)([O-])c1cnc(-c2nocc2CCCCC(C)CN)n1C
Cl.c1ccccc1C(c1ccccc1)(c1ccccc1)n1nnnc1-c1ccccc1-c1ccc(Cn2c(C=O)cc(Br)c2CCC)cc1,[nH]1nnnc1-c1ccccc1-c1ccc(Cn2c(C=O)cc(Br)c2CCC)cc1
CCN(CC)CC.O=C(C)C.c1cc(Cl)c(Cl)cc1CC(=O)CCl.OC(C)=O,c1cc(Cl)c(Cl)cc1CC(=O)COC(C)=O
c1(C(O)(c2ccccc2)C23CCN(CC2)C3)ccccc1.C(OCCBr)c1ccccc1,c1(C(O)(c2ccccc2)C23CC[N+](CCOCc4ccccc4)(CC2)C3)ccccc1.[Br-]
C(#N)C1CCC1.[Cl-].[NH4+].c1cccc(C)c1.c1cc(F)ncc1I.C[Si](C)(C)[N-][Si](C)(C)C.[Na+].C(Cl)Cl,c1cc(C2(C#N)CCC2)ncc1I
C1(c2ccc(C(=O)O)c(C)c2)=NOC(c2cc(Cl)cc(Cl)c2)(C(F)(F)F)C1.c12cc(CN)ccc1C(C)(C)OB2O.F[P-](F)(F)(F)(F)F.CN(C)C(On1nnc2cccnc21)=[N+](C)C.C(C)#N.Cl.C(C)N(CC)CC,C1(c2ccc(C(=O)NCc3ccc4c(c3)B(O)OC4(C)C)c(C)c2)=NOC(c2cc(Cl)cc(Cl)c2)(C(F)(F)F)C1
N(C(=O)CC(CCCCC)c1ccc(OC)cc1OC)c1cc(C(=O)O)ccc1C(C)(C)C.CC(C)(C)C(N)=O,N(C(=O)CC(CCCCC)c1ccc(OC)cc1OC)c1cc(C(=O)NC(=O)C(C)(C)C)ccc1C(C)(C)C
O=C(C)[O-].[Cu+2].O(C)c1ccc(Cl)cc1-c1cc(N)cc(Cl)n1.N(CC)(CC)CC.ClCCl.Cc1ccc(B(O)O)cc1.[O-]C(C)=O,O(C)c1ccc(Cl)cc1-c1cc(Nc2ccc(C)cc2)cc(Cl)n1
[NH4+].[Cl-].C(CC)CCC.O=C(C=C)OCC.C1CCOC1.C(#N)C(c1cccs1)C(C)C.CC(C)(C)[O-].[K+].C(C)OC(C)=O,C(#N)C(CCC(=O)OCC)(c1cccs1)C(C)C
[K+].[K+].CC1(C)Cc2cc(O)c3c(c2C(c2ccccc2)=N1)CC(C)(C)O3.CN(C)C=O.OCCBr.O=C([O-])[O-].O,CC1(C)Cc2cc(OCCO)c3c(c2C(c2ccccc2)=N1)CC(C)(C)O3
ClCCl.n1(C)c(C)c(-c2ccc(CC(N)C(=O)OC)cc2C)c(=O)n(C)c1=O.C(C)(C)N(CC)C(C)C.c1(Cl)cccc(Cl)c1C(=O)Cl,n1(C)c(C)c(-c2ccc(CC(NC(=O)c3c(Cl)cccc3Cl)C(=O)OC)cc2C)c(=O)n(C)c1=O
C(C=CB(O)O)CC.O=S1(=O)NC(=O)CN1c1cccc(-n2cc(-c3ccc(Cl)cc3Cl)nc2Cc2ccc(Br)cc2)c1,O=S1(=O)NC(=O)CN1c1cccc(-n2cc(-c3ccc(Cl)cc3Cl)nc2Cc2ccc(C=CCCC)cc2)c1
ClCCl.O=[Ru](=O)(=O)[O-].C[N+]1([O-])CCOCC1.COC(=O)C(CCSC)NC(=O)c1ccc(CO)cc1-c1ccccc1.CCC[N+](CCC)(CCC)CCC.CCOCC.CC#N,COC(=O)C(CCSC)NC(=O)c1ccc(C=O)cc1-c1ccccc1
Cl.CCO.CNC.O=C1c2ccccc2C(=O)N1CCCCc1ccco1,O=C1c2ccccc2C(=O)N1CCCCc1ccc(CN(C)C)o1
C(=CC(=O)C=Cc1ccccc1)c1ccccc1.C(=CC(=O)C=Cc1ccccc1)c1ccccc1.c1cc(Br)ccc1C1CN(C)Cc2c(Cl)cc(Cl)cc21.c1cccc(C)c1C.[K+].[Pd].c1ccccc1CS.[K+].[Pd].c1ccccc1C=CC(=O)C=Cc1ccccc1.C(=O)([O-])[O-],c1cc(SCc2ccccc2)ccc1C1CN(C)Cc2c(Cl)cc(Cl)cc21
[Na].Oc1ccc(C=Nc2ccccc2)cc1.CCO.CCOC(=O)C(C)(C)Br,O(c1ccc(C=Nc2ccccc2)cc1)C(C)(C)C(=O)OCC
OC.C1(c2cccc(Cl)c2)CC(=O)NC(c2c(C)cccc2C)C12C(=O)N(C(=O)OCC)c1cc(Cl)ccc12.[OH-].[Na+],C1(c2cccc(Cl)c2)CC(=O)NC(c2c(C)cccc2C)C12C(=O)Nc1cc(Cl)ccc12
NO.c1cc(C(=O)CCC(=O)O)ccc1CCCCN1CCN(c2cccc(C)c2)CC1.OC(=O)[O-].[Na+].C(C)O.Cl,c1cc(C(CCC(=O)O)=NO)ccc1CCCCN1CCN(c2cccc(C)c2)CC1
c1cccc(CBr)c1C(F)(F)F.N#CCOc1ccc2cc(-c3[nH]c4ccccc4c3CCCCC)ccc2c1Br,N#CCOc1ccc2cc(-c3c(CCCCC)c4ccccc4n3Cc3ccccc3C(F)(F)F)ccc2c1Br
c1(C(=O)Cl)ccccc1.c1ccccc1N.C(Cl)Cl,c1(C(=O)Nc2ccccc2)ccccc1
c1c(OC)ccc(C=O)c1OC.O.c1cccc(C)c1.C(C)(C)(C)OC(=O)NC(c1ccccc1)C(O)C(=O)OC,C(C)(C)(C)OC(=O)N1C(c2ccc(OC)cc2OC)OC(C(=O)OC)C1c1ccccc1
C(=O)(O)C(F)(F)F.C(Cl)Cl.c1cc(OC)cc(OC)c1CN1C(=O)CN(Cc2ccc(C(=O)OCC(CC)CC)cc2)S1(=O)=O,N1C(=O)CN(Cc2ccc(C(=O)OCC(CC)CC)cc2)S1(=O)=O
c1(C#N)cc(NCC(F)(F)F)ccc1C#N.[Cs+].[Cs+].C(=O)(CBr)OC.[O-]C(=O)[O-].N#CC,c1(C#N)cc(N(CC(=O)OC)CC(F)(F)F)ccc1C#N
B(O)(O)c1ccc(F)c(C#N)c1.O1C(=O)N(C)c2ccc(N)cc2C1(CC)CC,O1C(=O)N(C)c2ccc(Nc3ccc(F)c(C#N)c3)cc2C1(CC)CC
C(Cl)Cl.C1CCC(OC(=O)COC(=O)CCN)CC1.C(C)N(C(C)C)C(C)C.O=C(O)c1cccc(S(=O)(=O)Cl)c1,C1CCC(OC(=O)COC(=O)CCNS(=O)(=O)c2cccc(C(=O)O)c2)CC1
c1cccc(CBr)c1CBr.CCO.[Na].CCOCC.O.CC(=O)CC#N,c1cccc2c1CC(C#N)(C(C)=O)C2
O=[N+]([O-])O.CCCC(Cl)C(=O)c1ccccc1,C(CCC(Cl)C(=O)c1ccccc1)[N+](=O)[O-]
C(#N)c1cccc(OCCBr)c1.[K+].c1cc(OC2CCN(C(=O)OC(C)(C)C)CC2)ccc1N.[K+].N(C)(C)C=O.[I-].O=C([O-])[O-].[K+],c1cc(OC2CCN(C(=O)OC(C)(C)C)CC2)ccc1NCCOc1cccc(C#N)c1
c1(C#N)ccc(Nc2nc(Sc3c(C)cc(C)cc3C)c3[nH]ccc3n2)cc1.N1(Br)C(=O)CCC1=O.ClCCl,c1(C#N)ccc(Nc2nc(Sc3c(C)cc(C)cc3C)c3[nH]cc(Br)c3n2)cc1
[Cu+2].CC(C)(C)ON=O.[Cl-].COC(C)(C)C.CC#N.C=CP(=O)(OC)OC.Nc1cc(N2C(=O)C3=C(CCCC3)C2=O)ccc1Cl,c1(CC(Cl)P(=O)(OC)OC)cc(N2C(=O)C3=C(CCCC3)C2=O)ccc1Cl
OC.O=C(C)OCC.[H][H].C1(=O)c2ccccc2C(=O)N1CCC#Cc1ccc(OCCO)cc1,C1(=O)c2ccccc2C(=O)N1CCCCc1ccc(OCCO)cc1
[Na+].CC(C)(C)OC(=O)N1CCC(N)(C(N)=O)CC1.O=CCC(F)(F)F.O.CC(=O)O.CC(=O)O[BH-](OC(C)=O)OC(C)=O.ClCCl,CC(C)(C)OC(=O)N1CCC(NCCC(F)(F)F)(C(N)=O)CC1
c1(Cl)ccccc1C1OC1c1ccccc1Cl.O.c1ncc[nH]1,c1(Cl)ccccc1C(O)C(c1ccccc1Cl)n1ccnc1
C=Cc1ccc(C)s1.[K+].Cc1ccc2[nH]c3c(c2c1)CN(C)CC3.CN1CCCC1=O.[OH-],Cc1ccc2c(c1)c1c(n2CCc2ccc(C)s2)CCN(C)C1
c1(CN)c(C)cccc1Cl.c1ccc2c(c1)ncn2-c1ccnc(S(C)(=O)=O)n1,c1ccc2c(c1)ncn2-c1ccnc(NCc2c(C)cccc2Cl)n1
C(=O)(NN)OC(C)(C)C.c12cc(C=O)ccc1[nH]cc2CCN(C)C.OC,c12cc(C=NNC(=O)OC(C)(C)C)ccc1[nH]cc2CCN(C)C
C(C)#N.C(=O)(Cl)Oc1ccccc1.c12cc[nH]c1ncc(N)c2.n1ccccc1.C1CCCO1,C(=O)(Nc1cnc2[nH]ccc2c1)Oc1ccccc1
C(O)=C1C(=O)Nc2cc(C(=O)c3cccc(NC(=O)c4cc(C)nn4C(C)(C)C)c3)ccc21.O1CCCC1.C1CN(C)CCN1c1ccc(N)cc1,C(Nc1ccc(N2CCN(C)CC2)cc1)=C1C(=O)Nc2cc(C(=O)c3cccc(NC(=O)c4cc(C)nn4C(C)(C)C)c3)ccc21
[BH4-].OC.[Na+].c1c([N+](=O)[O-])ccc2c1C(=O)CCC2,c1c([N+](=O)[O-])ccc2c1C(O)CCC2
OC(=O)CCOC.c1(N2CCN(CCC3CCC(N)CC3)CC2)nccc2ccoc12.Cl.Cl.Cl,c1(N2CCN(CCC3CCC(NC(=O)CCOC)CC3)CC2)nccc2ccoc12
O.[Na+].CCn1ncc2c(-c3cncc(C)c3)c(C=O)c(COC)nc21.CCOC(=O)CP(=O)(OCC)OCC.C1CCOC1.[H-],CCn1ncc2c(-c3cncc(C)c3)c(C=CC(=O)OCC)c(COC)nc21
CCI.c1(C)nnc(-c2ccc(C)c(-c3ccc(C(=O)NCc4ccc(C(F)(F)F)cc4)cc3)c2)o1,c1(C)nnc(-c2ccc(C)c(-c3ccc(C(=O)N(CC)Cc4ccc(C(F)(F)F)cc4)cc3)c2)o1
c1cccc2c1Cc1ccccc1C2C(O)c1cccc(OC)c1.S(=O)(=O)(O)O.O.O=C(C)O,c1cccc2c1Cc1ccccc1C2=Cc1cccc(OC)c1
O.[O-]S(=O)([O-])=S.O.C(C)(C)=O.O.O.[Na+].[Na+].N1(C(=O)c2cc3c(cc2F)OC(c2ccc(F)cc2)(c2ccc(Cl)cc2Cl)O3)CC=CC1.O.O.C1C[N+](C)([O-])CCO1.O,N1(C(=O)c2cc3c(cc2F)OC(c2ccc(F)cc2)(c2ccc(Cl)cc2Cl)O3)CC(O)C(O)C1
O.[F-].[K+].C[Si](C)(CC(O)c1ccccc1)c1ccccn1.[K+].OO.O=C([O-])O,C(O)C(O)c1ccccc1
CCC(=C)C(=O)CCC.C(CC)CC(C=O)CC,C(C=C(C=O)CC)CC
CC#N.I[Cu]I.CCN(CC)CC.C#C[Si](C)(C)C.N#Cc1nc(I)ccc1N,N#Cc1nc(C#C[Si](C)(C)C)ccc1N
[H-].BrCC=C.[Na+].O(Cc1cc(OC)ccc1-c1[nH]c2cc(C(=O)OC)ccc2c1C1CCCCC1)[Si](C(C)C)(C(C)C)C(C)C.CN(C)C=O,O(Cc1cc(OC)ccc1-c1c(C2CCCCC2)c2ccc(C(=O)OC)cc2n1CC=C)[Si](C(C)C)(C(C)C)C(C)C
O.Cl.N(C)CCOc1ccccc1OC.[K+].[O-]C(=O)[O-].c1ccc(C(NCCCBr)(c2ccccc2)c2ccccc2)cc1.[K+].C(=O)N(C)C,c1ccc(C(NCCCN(C)CCOc2ccccc2OC)(c2ccccc2)c2ccccc2)cc1
N#CC.c1c(Br)cc(C=O)cc1OC,c1c(Br)cc(C(O)CC#N)cc1OC
N1CCN(c2cccc(C(F)(F)F)c2)CC1.c1c(C#N)cc2nc(-c3ccc(NC(=O)CBr)cc3)oc2c1C(Br)Br,c1c(C#N)cc2nc(-c3ccc(NC(=O)CN4CCN(c5cccc(C(F)(F)F)c5)CC4)cc3)oc2c1C(Br)Br
[Cs+].C(=O)([O-])[O-].[Cs+].C1CCC(CBr)OC1.C(C)C(C)=O.c12ccccc1NC(=O)C21COc2cc3c(cc21)CCO3,c12ccccc1N(CC1CCCCO1)C(=O)C21COc2cc3c(cc21)CCO3
c1ccccc1CCCCCCCN.O=C(Cl)C(=O)Cl.C(=CC(=O)O)c1cccnc1,c1ccccc1CCCCCCCNC(=O)C=Cc1cccnc1
O.C(c1cccc(OC2=CC(=O)N(C(CC(C)C)C(=O)OC)C2)c1)C(C)(C)O.[Li+].C1CCCO1.O.[OH-],C(c1cccc(OC2=CC(=O)N(C(CC(C)C)C(=O)O)C2)c1)C(C)(C)O
Nc1ccc(Oc2ccc(CCC(=O)N3CCN(Cc4ccc5c(c4)OCO5)CC3)cc2)nc1.CCN(C(C)C)C(C)C.O=C=Nc1ccc(Cl)c(Cl)c1.Cc1ccccc1,N(C(=O)Nc1ccc(Cl)c(Cl)c1)c1ccc(Oc2ccc(CCC(=O)N3CCN(Cc4ccc5c(c4)OCO5)CC3)cc2)nc1
c1(C)c(CN(c2nc(Cl)ncc2[N+](=O)[O-])C(C)C(=O)OC)ncc(C)c1OC.N.C1CCCO1,c1(C)c(CN(c2nc(N)ncc2[N+](=O)[O-])C(C)C(=O)OC)ncc(C)c1OC
C(Cl)Cl.O=S(C)(=O)Cl.c1cccnc1.[O-]C(=O)O.[Na+].c1ccc(NC(=O)C(=O)N2CCC(Cc3ccccc3)CC2)cc1N,c1ccc(NC(=O)C(=O)N2CCC(Cc3ccccc3)CC2)cc1NS(C)(=O)=O
CN(C)C=O.[Cl].CCN(C(C)C)C(C)C.CC(N)c1nc2cc(Cl)ccc2[nH]1.Cc1nc2c(n1-c1ccc(C(=O)O)cc1C(F)(F)F)CCCC2,Cc1nc2c(n1-c1ccc(C(=O)NC(C)c3nc4cc(Cl)ccc4[nH]3)cc1C(F)(F)F)CCCC2
CCO.COC(=O)c1cccc([N+](=O)[O-])c1N,COC(=O)c1cccc(N)c1N
C(C)(C)(C)OC(=O)N(C)c1ccc(N)cn1.CCN(CC)CC.[Pd+2].c1ccc(P(c2ccccc2C)c2ccccc2C)c(C)c1.CC(=O)[O-].O(CC)C(=O)C=C.O=C(C)[O-].C(C)#N,C(C)(C)(C)OC(=O)N(C)c1ccc(C=CC(=O)OCC)cn1
OCC.O.Cl[Sn]Cl.C1CC(NC(=O)C2(NC(=O)c3ccco3)CCCCC2)C(O)CN1c1ccc(F)cc1[N+](=O)[O-],C1CC(NC(=O)C2(NC(=O)c3ccco3)CCCCC2)C(O)CN1c1ccc(F)cc1N
O=C([O-])[O-].[Cu]I.O.c1ccccc1I.[N+](=O)([O-])c1cn[nH]c1.O=S(C)C.[K+].[K+].c1cc(O)c2ncccc2c1,[N+](=O)([O-])c1cnn(-c2ccccc2)c1
c1ccn(-c2ccc(NC(=O)OC(C)(C)C)c(NC(=O)CC(=O)c3cccc(-c4cnccn4)c3)c2)c1.FC(F)(F)C(=O)O.C(Cl)Cl,c1ccn(-c2ccc3c(c2)NC(=O)CC(c2cccc(-c4cnccn4)c2)=N3)c1
c12ccccc1n1c(c2C)CCN(C(C)c2ncn(C(c3ccccc3)(c3ccccc3)c3ccccc3)c2C)C1=O.O.CC(=O)O,c12ccccc1n1c(c2C)CCN(C(C)c2nc[nH]c2C)C1=O
C(=O)(Cl)OCc1ccccc1.O=C(CCNCC(=O)OCC)OCC.O.O=C([O-])O.OCC.[Na+],O=C(CC(NCC(=O)OCC)C(=O)OCc1ccccc1)OCC
CCCCCCCN.CO.CC(=O)O.COC(OC)OC.ClCCl.O=Cc1ccc(F)cc1F.[BH4-],C(NCCCCCCC)c1ccc(F)cc1F
n1(C)c(Cc2ccc(NS(C)(=O)=O)cc2Br)ccc1C(=O)c1ccc(C)cc1.O=CN(C)C.[Na+].C(#N)[Cu].N#[C-],n1(C)c(Cc2ccc(NS(C)(=O)=O)cc2C#N)ccc1C(=O)c1ccc(C)cc1
O=S(C)(=O)Cl.CCN(CC)CC.c1ccc(C)nc1C(F)(F)CO.C1CCOC1,c1ccc(C)nc1C(F)(F)COS(C)(=O)=O
c1cc(S(=O)(=O)O)ccc1C.C1CCCO1.O.[Br-].Cl.c12cc(Cl)ccc1CCC2=O.c1cccc(OC)c1[Mg+],c12cc(Cl)ccc1CC=C2c1ccccc1OC
COC(=O)N1CCC(c2cc(=O)[nH]o2)CC1Cc1cc(C(C)(C)C)cc(C(C)(C)C)c1.CC(=O)O.Br,N1CCC(c2cc(=O)[nH]o2)CC1Cc1cc(C(C)(C)C)cc(C(C)(C)C)c1
C(C)N(CC)CC.C1CN(C)CCN1c1cc(-c2ccc3c(c2)CNCC3)nc(N)n1.Cl.n1(O[P+](N(C)C)(N(C)C)N(C)C)nnc2ccccc21.C1CCCC1CC(=O)O.F[P-](F)(F)(F)(F)F,C1CN(C)CCN1c1cc(-c2ccc3c(c2)CN(C(=O)CC2CCCC2)CC3)nc(N)n1
O=C(C)O.OC.c1(Br)ccc(C2CCNCC2)nc1.Cl.O=C(C)C,c1(Br)ccc(C2CCN(C(C)C)CC2)nc1
ClC(Cl)Cl.CC(=O)O.O=S(=O)(O)C(F)(F)F.CCN(CC)CC.CCc1nc2c(C)cc(C)nc2n1Cc1ccc2nc(-c3ccccc3N)ccc2c1,CCc1nc2c(C)cc(C)nc2n1Cc1ccc2nc(-c3ccccc3NS(=O)(=O)C(F)(F)F)ccc2c1
Cl.[OH-].[Na+].CCO.c12ncc(C(=O)OCC)c(=O)n1CCc1ccccc1-2,c12ncc(C(=O)O)c(=O)n1CCc1ccccc1-2
[K+].CCC1COCCN1.CN(C)C=O.ClCC#CCCl.Cl.[K+].O=C([O-])[O-],CCC1COCCN1CC#CCCl
n12cc(CC)cnc1nc(C=O)n2.B.CNC.OC1=CC(=O)OC(CCc2cc(F)c(C(C)(C)C#N)c(F)c2)(C2CCCC2)C1.OC,OC1=C(Cc2nc3ncc(CC)cn3n2)C(=O)OC(CCc2cc(F)c(C(C)(C)C#N)c(F)c2)(C2CCCC2)C1
OCCCBr.[K+].CCOC(C)=O.c1cc(-n2nc3cc(NS(C)(=O)=O)c(C4CC4)cc3c2C(=O)NC)ccc1Br.[K+].[O-]C(=O)[O-],c1cc(-n2nc3cc(N(CCCO)S(C)(=O)=O)c(C4CC4)cc3c2C(=O)NC)ccc1Br
Fc1ccc2nc(Cl)cnc2c1.CN(C)C=O.[K+].[K+].c1cc(OC(C)C(=O)OCCC)c(F)cc1O.[O-]C(=O)[O-],c1cc(OC(C)C(=O)OCCC)c(F)cc1Oc1cnc2cc(F)ccc2n1
[NH4+].CC(=O)O.CC(=O)[O-].CC(C)(C)c1cccc(C(C)(C)C)c1O.O,CC(C)(C)c1cc(C=O)cc(C(C)(C)C)c1O
CCN(CC)CC.CC#N.CCOC(=O)CN=C=O.ClCCl.COCCn1ccc(=O)c(O)c1C,COCCn1ccc(=O)c(OC(=O)NCC(=O)OCC)c1C
O.C(=O)(Br)CBr.C1CCCO1.C(C)N(CC)CC.c1c(COC2CCC3CCC2(c2ccccc2)N3)cc(C(F)(F)F)cc1C(F)(F)F,c1c(COC2CCC3CCC2(c2ccccc2)N3C(=O)CBr)cc(C(F)(F)F)cc1C(F)(F)F
[NH4+].[Cl-].C(C)O.O.N1(c2ccc([N+](=O)[O-])cc2C#N)CCC(OC(=O)c2ccccc2)CC1.[Fe],N1(c2ccc(N)cc2C#N)CCC(OC(=O)c2ccccc2)CC1
[Na+].O=CN(C)C.c1(F)ccc([N+](=O)[O-])cc1C.[H-].C(C)N(CC)CCO,c1(OCCN(CC)CC)ccc([N+](=O)[O-])cc1C
C=CC(=O)NC.CO.CC(C)N,C(CC(=O)NC)NC(C)C
C1CN(c2cncc(C=CC#N)c2)CCO1.N1=C2CCCCCN2CCC1.c1n[nH]cc1-c1ncnc2c1ccn2COCC[Si](C)(C)C,c1nn(C(CC#N)c2cncc(N3CCOCC3)c2)cc1-c1ncnc2c1ccn2COCC[Si](C)(C)C
CCC1C(=O)N(C)c2cnc(Cl)nc2N1C(C)C.N#Cc1cccc(-c2ncc[nH]2)c1,CCC1C(=O)N(C)c2cnc(-n3ccnc3-c3cccc(C#N)c3)nc2N1C(C)C
CC#N.C1CCCC=C(C2=NNCCCCCCCC2)CCCCC1.C(=CCCCC(=O)O)CC1C(O)CC(OC2CCCCO2)C1C(O[SiH](C)C)C(C)(C)C.IC,C(=CCCCC(=O)OC)CC1C(O)CC(OC2CCCCO2)C1C(O[SiH](C)C)C(C)(C)C
[Na+].O=C([O-])O.c1ccccn1.C(Cl)CCl.n1ccc(N(C)C)cc1.c1c(N)ccc(C(N)=O)c1C.c1cc(C(C(=O)O)N(C)C)cs1,c1cc(C(C(=O)Nc2ccc(C(N)=O)c(C)c2)N(C)C)cs1
c1(NS(C)(=O)=O)ccc(CN)cc1F.C1(=O)CCCN1C.C1CCOC1.c1cc(C(C)(C)C)nc(OC)c1C=CC(=O)O.Cl,c1cc(C(C)(C)C)nc(OC)c1C=CC(=O)NCc1ccc(NS(C)(=O)=O)c(F)c1
OC(=O)C(F)(F)F.[Na+].[O-]C(=O)[O-].OC.C(Cl)Cl.[Na+].O([Na])C#N.C(CCC)n1c(CC)ccc1Cc1cccc(N)c1,C(CCC)n1c(CC)ccc1Cc1cccc(NC(N)=O)c1
O=C([O-])O.ClB(Cl)Cl.Clc1cccc(Sc2c(C(C)C)nc(COCc3ccccc3)n2CC=C)c1.[Na+].C(Cl)Cl,Clc1cccc(Sc2c(C(C)C)nc(CCl)n2CC=C)c1
O.C(Oc1ccc(CC(=O)O)c([N+](=O)[O-])c1)c1ccccc1.B,C(Oc1ccc(CCO)c([N+](=O)[O-])c1)c1ccccc1
O.Cl.c1ccccc1[Li].N(C)=C=S.c1(Cc2ccccn2)ccccc1.c1ccccc1,c1(C(C(=S)NC)c2ccccn2)ccccc1
[Cu]I.[NH4+].N(C)CCNC.[Na+].O.C(C)(=O)OCC.c1(C)ccccc1.Brc1cccc(C(F)(F)F)c1.[C-]#N.[OH-],c1(C#N)cccc(C(F)(F)F)c1
O=C(c1ccccc1[N+](=O)[O-])N(C)C.OC,O=C(c1ccccc1N)N(C)C
O1CCCC1.[Na+].C(=O)(CCCl)c1ccccc1.[H-].CC(C)(C)OC(=O)NOC,C(=O)(CCN(OC)C(=O)OC(C)(C)C)c1ccccc1
Cl.OC.ON.CCN(CC)CC.Cl.c1c(C)nc2nc(C(=O)OC)nn2c1S,c1c(C)nc2nc(C(=O)NO)nn2c1S
[Na+].C1CN(C(=O)OC(C)(C)C)CCN1c1cnc2ncn(C)c(=O)c2n1.FC(F)(F)c1nn(C)c(Cl)c1C=O.O=C(C)O[BH-](OC(C)=O)OC(C)=O.c1coc(-c2nc3c(N)nc(N4CCNCC4)cn3n2)c1.OC(C)=O,c1coc(-c2nc3c(N)nc(N4CCN(Cc5c(C(F)(F)F)nn(C)c5Cl)CC4)cn3n2)c1
C(C)(Br)Br.C(Br)CBr.O.O=CN(C)C.Fc1ccccc1-c1noc2c(Cl)c(O)ccc12.[Na+].[H-],Fc1ccccc1-c1noc2c(Cl)c(OCCBr)ccc12
O=C(OCn1cnc2cc(O)c(OC)cc2c1=O)C(C)(C)C.O=C(N=NC(=O)OCC)OCC.ClCCl.c1ccccc1P(c1ccccc1)c1ccccc1.C(Br)CCO,O=C(OCn1cnc2cc(OCCCBr)c(OC)cc2c1=O)C(C)(C)C
ClCCl.O=C(C)OCC.C(C)CCCCC.[K+].ClC(=O)OCCl.[K+].c1c(F)cc(F)cc1C1(O)OCC(C)NC1C.O.[O-]C(=O)[O-],c1c(F)cc(F)cc1C1(O)OCC(C)N(C(=O)OCCl)C1C
c1cc(OCc2ccccc2)ccc1CC(N)C(O)CN(CC(C)(C)CCCC#N)S(=O)(=O)c1ccc2c(c1)OCO2.CC#N.CC(C)NC(C)C.C1COCC1OC(=O)ON1C(=O)CCC1=O,c1cc(OCc2ccccc2)ccc1CC(NC(=O)OC1CCOC1)C(O)CN(CC(C)(C)CCCC#N)S(=O)(=O)c1ccc2c(c1)OCO2
[K+].[O-]C(=O)[O-].O(CCBr)c1ccccc1.CN(C)C=O.[K+].O=C(OC)c1sccc1O.O=C(C)OCC,O(CCOc1ccsc1C(=O)OC)c1ccccc1
CCc1nc(C2CCCC2)n2nc(-c3cccc(N)c3)[nH]c(=O)c12.O=Cc1ccccc1,CCc1nc(C2CCCC2)n2nc(-c3cccc(NCc4ccccc4)c3)[nH]c(=O)c12
c1(C(N)=O)cc2n(c1)C=Cc1ccccc1C2=CCCN(C)C.[Na+].O=S(=O)(O)O.N(=O)[O-].O,c1(C(=O)O)cc2n(c1)C=Cc1ccccc1C2=CCCN(C)C
O=N[O-].[Na+].O.OC(C)=O.N.S(C)(=O)(=O)Oc1ccc(-c2nc3ccc(N)cc3[nH]2)c(OC)c1,S(C)(=O)(=O)Oc1ccc(-c2nc3ccc(O)cc3[nH]2)c(OC)c1
c1c(Cl)ccc2c1C(=O)C(=O)N2.C1(=O)Nc2ccc(Cl)cc2C1=O.O1CC(C)(C)COC1c1ccc(OC)c(Br)c1.C1CCCO1.[Mg].[I].[NH4+].[Na].[Cl-].[Na+].[H-],O1CC(C)(C)COC1c1ccc(OC)c(C2(O)C(=O)Nc3ccc(Cl)cc32)c1
CCN(CC)CC.n1cc(C(F)(F)F)cc(Cl)c1CN.CCOC(C)=O.O.c1ccc(C(F)(F)F)c(C(=O)Cl)c1,n1cc(C(F)(F)F)cc(Cl)c1CNC(=O)c1ccccc1C(F)(F)F
C(=O)(CCCCCCCCCCCCCCC)OCC(CSCCC(=O)O)OC(=O)CCCCCCCCCCCCCCC.Cl.C(C)N(CC)CC.CN(C)C=O.C(C)OP(=O)(C#N)OCC.C(C)(C)(C)OC(=O)CNC(=O)CN.O,C(=O)(CCCCCCCCCCCCCCC)OCC(CSCCC(=O)NCC(=O)NCC(=O)OC(C)(C)C)OC(=O)CCCCCCCCCCCCCCC
Cc1ccccc1.ClC(Cl)Cl.O=C(C)Cl.n1ccccc1.c1cc(-n2ncc(C#N)c2N)c(Cl)cc1C,c1cc(-n2ncc(C#N)c2NC(C)=O)c(Cl)cc1C
COC(=O)C(N)C(C)C.CC(C)(C)OC(=O)N(CC(=O)O)CC(=O)NCC(=O)c1ccc(Br)cc1.CN(C)C=O.CN1CCOCC1.F[P-](F)(F)(F)(F)F.Cl.CN(C)C(On1nnc2cccnc21)=[N+](C)C,CC(C)(C)OC(=O)N(CC(=O)NCC(=O)c1ccc(Br)cc1)CC(=O)NC(C(=O)OC)C(C)C
c1cc2cccc(Cl)c2[nH]1.O=CN(C)C.[Na+].[H-].CC(=O)OCC.CI,c1cc2cccc(Cl)c2n1C
[Na+].Cl.[BH3-]C#N.c1(C(=O)OCC)oc2ccc(OCC3CN(C(=O)OC(C)(C)C)CCO3)cc2c1C.O.O1CCOCC1.C=O,c1(C(=O)OCC)oc2ccc(OCC3CN(C)CCO3)cc2c1C
OC.[O-]C.[N+](=O)([O-])c1cc(F)c(-c2nn(C)c(C(F)(F)F)c2Cl)cc1F.[Na+],[N+](=O)([O-])c1cc(F)c(-c2nn(C)c(C(F)(F)F)c2Cl)cc1OC
[Na+].C1(c2c(Br)[nH]c3cc(C(=O)OC)ccc23)CCCCC1.C(=O)([O-])[O-].Cl[Pd]Cl.c1ccccc1P(c1ccccc1)c1ccccc1.c1ccccc1P(c1ccccc1)c1ccccc1.[Na+].B(O)(O)c1ccc(F)cc1CNC(=O)OC(C)(C)C.C(=O)(OC)c1ccc2cc[nH]c2c1.O1CCOCC1,C1(c2c(-c3ccc(F)cc3CNC(=O)OC(C)(C)C)[nH]c3cc(C(=O)OC)ccc23)CCCCC1
C1CCOC1.C(C)(=O)CC1CC(=O)N1C(O)C(=O)OC.O=S(Cl)Cl.c1(C)cccc(C)n1,C(C)(=O)CC1CC(=O)N1C(Cl)C(=O)OC
CN(C)C=O.C(C)(C)(C)OC(=O)NCCCBr.c1cc(CC2CNC2)ccc1Cl.N(CC)(C(C)C)C(C)C,C(C)(C)(C)OC(=O)NCCCN1CC(Cc2ccc(Cl)cc2)C1
C(C)(=O)OCC.N(=C=O)CCCl.O1CCOCC1.[Na+].NCc1cccc(C)c1C.[OH-],N(Cc1cccc(C)c1C)C1=NCCO1
F[P-](F)(F)(F)(F)F.O=CN(C)C.C(On1nnc2cccnc21)(N(C)C)=[N+](C)C.C(C)(C)(C)OC(=O)NC1=NC2(c3cc(N)ccc3F)OCCC2CS1.OC(=O)c1ccc(C#N)cn1.C(C)N(C(C)C)C(C)C,C(C)(C)(C)OC(=O)NC1=NC2(c3cc(NC(=O)c4ccc(C#N)cn4)ccc3F)OCCC2CS1
c1cc(-c2ccccc2)ccc1C(=O)O.c1cc(F)ccc1OC(Cc1ccc(OCCNC(=O)OC(C)(C)C)cc1)C(=O)OC.C(C)N(CC)CC.C(#N)P(=O)(OCC)OCC,c1cc(F)ccc1OC(Cc1ccc(OCCNC(=O)c2ccc(-c3ccccc3)cc2)cc1)C(=O)OC
N.O=C(Cc1nc(-c2ccccc2)c(-c2ccccc2)o1)OCC,C(N)(=O)Cc1nc(-c2ccccc2)c(-c2ccccc2)o1
c1cc2c(cc1F)C(=Cc1cccc(C(=O)NCCCCCCCC(=O)O)c1)C(=O)N2.CCN(CC)CC.C(C)OC(=O)Cl.CN(C)C=O.ON,c1cc2c(cc1F)C(=Cc1cccc(C(=O)NCCCCCCCC(=O)NO)c1)C(=O)N2
O=C(C)[O-].c1(OC)ccc2c(CCCC(=O)OC)nnc(Cl)c2c1.[Zn].C(C)(=O)[O-].c1ccc(P(c2ccccc2)c2ccccc2)cc1.Brc1nccs1.[Pd+2],c1(OC)ccc2c(CCCC(=O)OC)nnc(-c3nccs3)c2c1
FC(F)(F)c1nccc(Cl)n1.C(CI)(C(=O)OC)C(=O)OC(C)(C)C,C(Cc1ccnc(C(F)(F)F)n1)(C(=O)OC)C(=O)OC(C)(C)C
O.[Na+].[BH4-].C(Cl)Cl.O=C1CCN(C2CC3(C)C(CCC4C3CCC3(C)C4CC(N4CCCC4)C3OC(C)=O)CC2O)CC1.CO,OC1CCN(C2CC3(C)C(CCC4C3CCC3(C)C4CC(N4CCCC4)C3OC(C)=O)CC2O)CC1
O(C)c1ccc(CN2CCCc3cc(C(O)c4cc(Br)ccc4Cl)ccc32)cc1.ClCCl,O(C)c1ccc(CN2CCCc3cc(Cc4cc(Br)ccc4Cl)ccc32)cc1
C(CF)CBr.c1cccc2c1CCC2NC(=O)CN1CCc2cc(OC)c(O)cc2C1Cc1ccc(OC)c(OC)c1,c1cccc2c1CCC2NC(=O)CN1CCc2cc(OC)c(OCCCF)cc2C1Cc1ccc(OC)c(OC)c1
O=C=NC.C1(=NO)N=C(CCC)C(C)(CC)S1,C1(=NOC(=O)NC)N=C(CCC)C(C)(CC)S1
CCO.Fc1ccc2c(-c3ccc(OCC4CO4)cc3)noc2c1.NCc1ccc(F)cc1F,Fc1ccc2c(-c3ccc(OCC(O)CNCc4ccc(F)cc4F)cc3)noc2c1
c1cccc(P(c2ccccc2)c2ccccc2)c1.ClC(Cl)Cl.CCOC(=O)N=NC(=O)OCC.O.c1(OC)cc2c(Nc3ccc4c(c3)NCC4)c(C#N)cnc2cc1O.c1cc(CCCO)ccn1.C1CCOC1.C(=O)([O-])O.[Na+].Cl,c1(OC)cc2c(Nc3ccc4c(c3)NCC4)c(C#N)cnc2cc1OCCCc1ccncc1
[OH-].[K+].O.n12ncnc1nc(C(=O)OCC)cc2S,n12ncnc1nc(C(=O)O)cc2S
c1n[nH]c(=O)c2ccc(C[P+](c3ccccc3)(c3ccccc3)c3ccccc3)cc12.CS(C)=O.CN(C)c1ccc(C=O)cc1.O.[Br-],c1n[nH]c(=O)c2ccc(C=Cc3ccc(N(C)C)cc3)cc12
Cl.CC(C)(C)OC(=O)NCc1ccc(C(=O)O)cc1.COCC1Nc2ccccc2C2C1CCN2C(=O)C1CCCCC1N.Cl,COCC1Nc2ccccc2C2C1CCN2C(=O)C1CCCCC1NC(=O)c1ccc(CNC(=O)OC(C)(C)C)cc1
CCOC(=O)c1cccnc1-n1cc(F)c(-c2ccccc2)n1.CO,OC(=O)c1cccnc1-n1cc(F)c(-c2ccccc2)n1
C(=O)(OCC)C1CN(Cc2ccccc2)CCN1Cc1ccccc1.CI.CC(C)[N-]C(C)C.[Li+],C(=O)(OCC)C1(C)CN(Cc2ccccc2)CCN1Cc1ccccc1
C1#CCCCCC#CC(O)C1=Cc1cccc2ccccc12.c1(COCC(=O)Cl)ccccc1.N(C)(C)c1ccncc1,C1#CCCCCC#CC(OC(=O)COCc2ccccc2)C1=Cc1cccc2ccccc12
Cc1ccc(S(=O)(=O)OCC2Cc3cccc(Br)c3O2)cc1.OB(O)c1ccccc1C(F)(F)F.O=C([O-])[O-].[K+].[K+],Cc1ccc(S(=O)(=O)OCC2Cc3cccc(-c4ccccc4C(F)(F)F)c3O2)cc1
N1CCCC(c2nc(-c3ccccc3)no2)C1.ClCCl.c1ccc(C(=O)Cl)cc1F.OC.Cl,N1(C(=O)c2cccc(F)c2)CCCC(c2nc(-c3ccccc3)no2)C1
O.NN.c1cc(F)ccc1C(=C1CCN(CCCN2C(=O)c3ccccc3C2=O)CC1)c1ccc(F)cc1,c1cc(F)ccc1C(=C1CCN(CCCN)CC1)c1ccc(F)cc1
[H-].BrCc1ccccc1.C1CCOC1.[Br-].[Na+].OCCc1cccc(I)c1.CCCC[N+](CCCC)(CCCC)CCCC,O(CCc1cccc(I)c1)Cc1ccccc1
[K+].c1cc(OC)cc2c1CCC2=O.OS(=O)(=O)O.[N+](=O)([O-])[O-],c1cc(OC)c([N+](=O)[O-])c2c1CCC2=O
N(C)(C)C(C)=O.[K+].O.[O-]C(=O)[O-].c1(CC(=O)O)ccc(O)cc1.[K+].c1cc(S(C)(=O)=O)ccc1Cl,c1(CC(=O)O)ccc(Oc2ccc(S(C)(=O)=O)cc2)cc1
BrC(Br)(Br)Br.C1CCOC1.CCCCC(O)c1ccc(CC(C)C)cc1.c1ccc(P(c2ccccc2)c2ccccc2)cc1,CCCCC(Br)c1ccc(CC(C)C)cc1
C=CCCN(C)C(=O)c1ccccc1.ClC(Cl)Cl.CC(=O)[O-].Nc1cccc(I)c1.CCN(CC)CC.[Pd+2].CC(=O)[O-].O,C(=CCCN(C)C(=O)c1ccccc1)c1cccc(N)c1
n1cc[nH]c1.CC(C)(C)[Si](C)(C)Cl.ClCCl.c1(Br)ccc2ccc(C)nc2c1O.[NH4+].[Cl-],c1(Br)ccc2ccc(C)nc2c1O[Si](C)(C)C(C)(C)C
CC(=O)Cl.ClCCl.CCCCCN1CCN(c2cccc3c2CC(N)CC3)CC1.CCN(CC)CC,CCCCCN1CCN(c2cccc3c2CC(NC(C)=O)CC3)CC1
c1(C(=O)NS(=O)(=O)c2ccc(NCC3CCOCC3)c([N+](=O)[O-])c2)ccc(N2CCN(CC3=C(c4ccc(Cl)cc4)CC(C)(C)CC3)CC2)cc1Oc1ccc(OCc2ccccc2)nc1.ClCCl.OC(=O)C(F)(F)F,c1(C(=O)NS(=O)(=O)c2ccc(NCC3CCOCC3)c([N+](=O)[O-])c2)ccc(N2CCN(CC3=C(c4ccc(Cl)cc4)CC(C)(C)CC3)CC2)cc1Oc1ccc(O)nc1
C(COC)OC.c1(-n2c(C(=O)O)c(CC(=O)OCC)c3ccccc32)cccc(C(=O)O)c1,c1(-n2c(C(=O)O)c(CCO)c3ccccc32)cccc(C(=O)O)c1
c1(-c2cc(F)c(F)c(F)c2)cc(C(F)(F)F)cc2[nH]c(Cl)nc12.C1CN(c2ncccc2Cl)CC(C)N1,c1(-c2cc(F)c(F)c(F)c2)cc(C(F)(F)F)cc2nc(N3CCN(c4ncccc4Cl)CC3C)[nH]c12
C(OC)C(=O)Cl.C1CCCO1.C1CCOC(n2nc(-c3cccc(N)c3)c3cc(-c4ncn(C(c5ccccc5)(c5ccccc5)c5ccccc5)n4)ccc32)C1.C(C)N(CC)CC,C1CCOC(n2nc(-c3cccc(NC(=O)COC)c3)c3cc(-c4ncn(C(c5ccccc5)(c5ccccc5)c5ccccc5)n4)ccc32)C1
O.CC(C)=O.NC.[K+].O=C([O-])[O-].Cl.c1(Cl)ncc(C(=O)OC)c(Cl)n1.[K+],c1(Cl)ncc(C(=O)OC)c(NC)n1
c1cccc(C)c1.OCC.[K+].[O-]B([O-])Oc1cc(C)cs1.c1c(Br)ccc2c1C=C(C(=O)OCC)CCO2.O.[O-]C(=O)[O-].[K+],c1c(-c2cc(C)cs2)ccc2c1C=C(C(=O)OCC)CCO2
[C].[Pd].C1CN(C(=O)OCC)CCC1(C#N)c1ccccc1C.Cl.OCC,C1CN(C(=O)OCC)CCC1(CN)c1ccccc1C
O=c1[nH]c2ncccc2cc1C1CCNCC1.CC(C)(C)CN1Cc2c(cc(Cl)c3[nH]ncc23)CC(CC(=O)N2CCC(N3Cc4ccccc4NC3=O)CC2)C1=O,CC(C)(C)CN1Cc2c(cc(Cl)c3[nH]ncc23)CC(CC(=O)N2CCC(c3cc4cccnc4[nH]c3=O)CC2)C1=O
c1(OC)ccc(S(=O)(=O)Cl)cc1.Cl.CCN(CC)CC.C1CNCC1CO.O.C1COCCO1,c1(OC)ccc(S(=O)(=O)N2CCC(CO)C2)cc1
[K+].[K+].[K+].[I-].[O-]C(=O)[O-].O1CC1CCl.OC(=O)c1ccc2ncccc2c1.C(=O)N(C)C,O=C(OCC1CO1)c1ccc2ncccc2c1
c1cc(Br)cc(F)c1Nc1ncnc2cc(O)c(OC)cc12.[K+].[K+].C1(CBr)CO1.C(Oc1cc2ncnc(Nc3ccc(Cl)cc3F)c2cc1OC)C1CO1.C(=O)N(C)C.[O-]C(=O)[O-],C(Oc1cc2ncnc(Nc3ccc(Br)cc3F)c2cc1OC)C1CO1
c1ccc(-c2sc(N)nc2C(=O)N2C(CN)CC3CC32)cc1F.c1ccc2[nH]nc(C(=O)O)c2c1,c1ccc(-c2sc(N)nc2C(=O)N2C(CNC(=O)c3n[nH]c4ccccc34)CC3CC32)cc1F
C1CCCC(N=C=NC2CCCCC2)C1.O.C(Cl)Cl.C(=O)(O)c1oc2ccccc2c1C.c1c(B2OC(C)(C)C(C)(C)O2)cc(C)c(O)c1C.CN(C)c1ccncc1,c1c(B2OC(C)(C)C(C)(C)O2)cc(C)c(OC(=O)c2oc3ccccc3c2C)c1C
C(C)CCNCCCC.c1(-c2ccc(OCCCCl)cc2)cn2cccc(C)c2n1.C(CC)CCNCCCCC,c1(-c2ccc(OCCCN(CCCCC)CCCCC)cc2)cn2cccc(C)c2n1
c1cc(C)ccc1S(=O)(=O)O.CCN(CC)CC.Ic1c[nH]c(C(=O)OC)c1.ClCCl.c1cnccc1N(C)C,c1cc(C)ccc1S(=O)(=O)n1cc(I)cc1C(=O)OC
O(C(=O)Cl)C(C)Cl.N.CO.c1cccc(CN(C)CCC(CC(C)C)Oc2cccc3sccc23)c1.C(Cl)CCl,N(C)CCC(CC(C)C)Oc1cccc2sccc12
CC(=O)O.O=C1C=CC(=O)O1.Cc1nc2c(N)ccc(Br)c2o1,Cc1nc2c(N3C(=O)C=CC3=O)ccc(Br)c2o1
[Cs+].[Cs+].C(=O)([O-])[O-].C(C)(=O)OCC.O=C(O)C(N)CC1CC1.S(C)(C)=O.c1c(F)ccc(C#N)c1Cl,c1c(NC(CC2CC2)C(=O)O)ccc(C#N)c1Cl
[Na+].O=[N+]([O-])c1ccc(F)cc1.Cl.CN(C)C=O.CC(C)NCCO.[H-],O=[N+]([O-])c1ccc(OCCNC(C)C)cc1
CC(C)(C)[O-].C1CCOC1.CO.ClCCl.COC(=O)CCC(C(N)=O)N1Cc2c(OCc3ccc(OCCN4CCOCC4)cc3)cccc2C1=O.C1CCOC1.[K+],O=C1CCC(N2Cc3c(OCc4ccc(OCCN5CCOCC5)cc4)cccc3C2=O)C(=O)N1
C1CCCO1.C[Si](C)(C)Cl.O.C([Li])CCC.N(C(C)C)C(C)C.c1c(OC)ccc2c1CCCC2=O,c1c(OC)ccc2c1CCC=C2O[Si](C)(C)C
c1ccc(P(=CC(=O)OC)(c2ccccc2)c2ccccc2)cc1.CC(C)(C)[Si](C)(C)OC1COC(c2cccnc2)C1C=O.ClCCl,C(=CC1C(O[Si](C)(C)C(C)(C)C)COC1c1cccnc1)C(=O)OC
CCC(CC)(c1ccc(CO)c(C)c1)c1ccc(OCC(O[Si](C)(C)C(C)(C)C)C(C)(C)C)c(C)c1.COC(=O)CO,CCC(CC)(c1ccc(COCC(=O)OC)c(C)c1)c1ccc(OCC(O[Si](C)(C)C(C)(C)C)C(C)(C)C)c(C)c1
N#CC.c1scnc1-c1ccc(N)cc1F.c1(C(=O)OCC)cnc(Cl)nc1Cl.CC(C)N(CC)C(C)C,c1scnc1-c1ccc(Nc2nc(Cl)ncc2C(=O)OCC)cc1F
c1(NC(=O)COCC)c(OC)csc1C.c1cccc(C)c1.[Na+].O(CCOC)[Al+]OCCOC.[K+].[H-].[OH-].[H-],c1(NCCOCC)c(OC)csc1C
C1CN(Cc2ccc3c(c2)CCC(=O)N3)CCN1.c1cc(Oc2ccc(C(=O)O)cc2)ncc1NC(=O)c1ccc(C(F)(F)F)cc1.Cl.O=CN(C)C.O.CN(C)CCCN=C=NCC.c12ccccc1nnn2O,c1cc(Oc2ccc(C(=O)N3CCN(Cc4ccc5c(c4)CCC(=O)N5)CC3)cc2)ncc1NC(=O)c1ccc(C(F)(F)F)cc1
[K+].[O-]C(=O)[O-].[K+].O=S(C)C.c1c(F)cc(C)c2c1C(C)(C)CC(c1cccc(Br)c1)N2.[Cu]I.NC1(C(=O)O)CC1,c1c(F)cc(C)c2c1C(C)(C)CC(c1cccc(NC3(C(=O)O)CC3)c1)N2
N1(CC2CCCNC2)CCc2cc3c(cc2C1=O)OCO3.Cc1cccc(OCCCCl)c1,N1(CC2CCCN(CCCOc3cccc(C)c3)C2)CCc2cc3c(cc2C1=O)OCO3.Cl
S(=O)(=O)(Cl)c1ccc(C(=O)NCc2ccc(F)c(OC)c2)cc1.c1cccc2[nH]cc(N3CCCCC3)c12.O(CC)C(C)=O.O1CCOCC1,S(=O)(=O)(c1ccc(C(=O)NCc2ccc(F)c(OC)c2)cc1)n1cc(N2CCCCC2)c2ccccc21.Cl
c1cccnc1.c12cc(OC)c(OC)cc1CCN1COCC(CO)C21.c1cccc(C(=O)Cl)c1,c12cc(OC)c(OC)cc1CCN1COCC(COC(=O)c3ccccc3)C21
NCc1c(C(=O)OC)n(-c2ccccc2)c2cc(Cl)ccc2c1=O.Cl.ClC(=O)c1cccnc1,N(Cc1c(C(=O)OC)n(-c2ccccc2)c2cc(Cl)ccc2c1=O)C(=O)c1cccnc1
N1(C=O)CCNCC1.n1c(Cl)n2c3c(cccc13)CCC2,n1c(N2CCN(C=O)CC2)n2c3c(cccc13)CCC2
c1ccc2c(c1)C(O)CCO2.C(C)(=O)OC(C)=O.O=C(C)O.[H][H],c1ccc2c(c1)CCCO2
Cl.COC(CN1CCCC(=Cc2ccc(-n3cnc(C)c3)c(OC)c2)C1=O)(OC)c1ccncc1,O=C(CN1CCCC(=Cc2ccc(-n3cnc(C)c3)c(OC)c2)C1=O)c1ccncc1
C(Cl)Cl.O=C(Nc1cc(-c2cccs2)ccc1NC(=O)OC(C)(C)C)c1ccc(CNCP(=O)(OCC)OCC)cc1,O=C(Nc1cc(-c2cccs2)ccc1N)c1ccc(CNCP(=O)(OCC)OCC)cc1
COC(=O)Cc1ccc(C)c(O)c1.c1ccc(P(c2ccccc2)c2ccccc2)cc1.CCc1oc(-c2ccc(OC(F)(F)F)cc2)nc1CCO.O=C(N=NC(=O)N1CCCCC1)N1CCCCC1.ClCCl,CCc1oc(-c2ccc(OC(F)(F)F)cc2)nc1CCOc1cc(CC(=O)OC)ccc1C
c1([N+](=O)[O-])ccc(C(=O)O)cc1.[Cl-].c1cc(OC)ccc1N.O.c1ccccn1,c1([N+](=O)[O-])ccc(C(=O)Nc2ccc(OC)cc2)cc1
[K+].CC#N.[K+].N1(C(=O)OC(C)(C)C)CC2CC1CN2.O.C(=O)([O-])[O-].ClCc1noc(-c2cc(C)c3c(c2)CN(Cc2ccc(Cl)cc2)C3=O)n1,C(c1noc(-c2cc(C)c3c(c2)CN(Cc2ccc(Cl)cc2)C3=O)n1)N1CC2CC1CN2
CO.[Na+].C=O.C(=O)(OC(C)(C)C)C1CC2(CC2)CNC1C(=O)Nc1ccc(OCc2cc(C)nc3ccccc23)cc1.O(CC)C(C)=O.O=C(C)O[BH-](OC(C)=O)OC(C)=O,C(=O)(OC(C)(C)C)C1CC2(CC2)CN(C)C1C(=O)Nc1ccc(OCc2cc(C)nc3ccccc23)cc1
C(C)OCC.CN.c1([N+](=O)[O-])ccc2c(c1)cc(C)n2C(=O)Oc1ccc([N+](=O)[O-])cc1.C1CCCO1,c1([N+](=O)[O-])ccc2c(c1)cc(C)n2C(=O)NC
[NH4+].[OH-].COC(=O)c1cc(N)ccc1Cl,O=C(N)c1cc(N)ccc1Cl
Cl.CC(C)(C)OC(=O)NCCCN1CCC(Oc2ccc(Cl)c(Cl)c2)CC1.C1COCCO1,NCCCN1CCC(Oc2ccc(Cl)c(Cl)c2)CC1
CC1(C)OCC(CO)O1.CCOC(C)=O.c1cccc(C)c1.c1ccc2ccccc2c1CCl.O1CCOCC1.[K+].[OH-],c1ccc2ccccc2c1COCC(O)CO
CS(C)=O.[O-]C(=O)[O-].[Na+].CC(C)(C)c1ccc(C2C(C(=O)O)c3ccccc3C(=O)N2C)cc1.[Na+],CC(C)(C)c1ccc(C2Cc3ccccc3C(=O)N2C)cc1
C1CCCO1.O1B(OC)OC(C)(C)C1(C)C.C(C)(C)[Mg+].[Cl-].C(O)(CO)Cn1ncc(I)c1C.[Cl-].[NH4+],C(O)(CO)Cn1ncc(B2OC(C)(C)C(C)(C)O2)c1C
CC(=O)Cl.CCN(CC)CC.C(=O)(O)CCCCCCCCCCCCCCCO.C(Cl)Cl,C(=O)(O)CCCCCCCCCCCCCCCOC(C)=O
Clc1cn[nH]c1.Cc1c(Cc2ccc(B3OC(C)(C)C(C)(C)O3)cc2)c(OC(F)F)nc2c(Cl)ccc(OCC(=O)OC(C)(C)C)c12,Cc1c(Cc2ccc(-n3cc(Cl)cn3)cc2)c(OC(F)F)nc2c(Cl)ccc(OCC(=O)OC(C)(C)C)c12
c1ccccn1.Cl.[Al+3].[Cl-].CCOC(C)=O.c1c(OC)c(O)c([N+](=O)[O-])c(C(=O)c2ccccc2)c1-c1noc(C)n1.[Cl-].[Cl-],c1c(O)c(O)c([N+](=O)[O-])c(C(=O)c2ccccc2)c1-c1noc(C)n1
n12c(C3CNCC3CC)nnc1cnc1c2ccn1S(=O)(=O)c1ccc(C)cc1.C1(CCN)CC1.C(=O)(n1ccnc1)n1ccnc1.CN(C)C=O,n12c(C3CN(C(=O)NCCC4CC4)CC3CC)nnc1cnc1c2ccn1S(=O)(=O)c1ccc(C)cc1
ClCCl.C=CCCCCN(C)C(=O)C1CC(O)CN1C(=O)OC(C)(C)C.O=C(O)C(F)(F)F,C=CCCCCN(C)C(=O)C1CC(O)CN1
C1CCOC1.c1cc(S(=O)(=O)Cl)ccc1NC(C)=O.O=C(NC(C)Cn1ncc2ccc3oc(CN)cc3c21)OCc1ccccc1.O.N(CC)(CC)CC.O=C([O-])O.[Na+],O=C(NC(C)Cn1ncc2ccc3oc(CNS(=O)(=O)c4ccc(NC(C)=O)cc4)cc3c21)OCc1ccccc1
CCCCCC(O)C=CC1CCC(=O)C1CCC=CCCC(=O)O.CO.CC(=O)O.[BH4-].[Na+],CCCCCC(O)C=CC1CCC(O)C1CCC=CCCC(=O)O
c1c(CCC(=O)OC)cc(C)c(-c2cc3ccc(-c4nnc(-c5ccc(OC)cc5)o4)cc3[nH]2)c1C.O.C1CCCO1.[Na+].CO.[OH-],c1c(CCC(=O)O)cc(C)c(-c2cc3ccc(-c4nnc(-c5ccc(OC)cc5)o4)cc3[nH]2)c1C
Cl.[H-].[Na+].CC(=O)c1c(Cl)cccc1Cl.Cc1ccccc1.CCOC(=O)C(=O)OCC,C(C(=O)C(=O)OCC)C(=O)c1c(Cl)cccc1Cl
O=P(OCC)(OCC)C(Cl)=Cc1cc(N=C=S)c(F)cc1Cl.C1CCNNC1.C1CCOC1,O=P(OCC)(OCC)C(Cl)=Cc1cc(NC(=S)N2CCCCN2)c(F)cc1Cl
O=c1c(Cl)c(OC(COS(=O)(=O)c2ccc(C)cc2)c2ccc(C(C)(C)C)cc2)cnn1C(C)(C)C.[N+](CCCC)(CCCC)(CCCC)CCCC.[F-].ClCCl.O,O=c1c(Cl)c(OC(CF)c2ccc(C(C)(C)C)cc2)cnn1C(C)(C)C
O=P(Cl)(Cl)Cl.CC#CCn1c(N2CCN(C(=O)OC(C)(C)C)CC2)nc2[nH]c(=O)n(CCc3ccccc3)c(=O)c21,CC#CCn1c(N2CCN(C(=O)OC(C)(C)C)CC2)nc2nc(Cl)n(CCc3ccccc3)c(=O)c21
Cl[Sn]Cl.[Na+].ClCCl.O.c1(OC)ccc(CC(=O)OCC)cc1Oc1ccc([N+](=O)[O-])cc1CSc1ccccc1.[O-]C(=O)O.C(C)O,c1(OC)ccc(CC(=O)OCC)cc1Oc1ccc(N)cc1CSc1ccccc1
[K+].O=C([O-])[O-].BrCCc1ccccc1.CC#N.COc1cccc(C2CCCN2)c1.[K+],COc1cccc(C2CCCN2CCc2ccccc2)c1
N1CCCC(c2cc(Nc3ccc(Oc4ccnc5[nH]ccc45)c(F)c3)nc(N)n2)C1.C(C)(=O)OC(C)=O.OCC,N1(C(C)=O)CCCC(c2cc(Nc3ccc(Oc4ccnc5[nH]ccc45)c(F)c3)nc(N)n2)C1
O.C1CCOC1.B.O1CCCC1(C)SCC(=O)O,O1CCCC1(C)SCCO
n1c(-c2ccccc2)c2ccc(-c3cc(C(=O)NC4CC4)ccc3C)cc2[nH]c1=O.CC(=O)O.C(N)=O,n1cnc2cc(-c3cc(C(=O)NC4CC4)ccc3C)ccc2c1-c1ccccc1
[OH-].c1(Cl)ncnc2c1c(Br)cn2C.[NH4+],c1(N)ncnc2c1c(Br)cn2C
OC.Nc1ccc(Cl)cc1.c1ccc2c(Cc3ccncn3)nnc(Cl)c2c1.Cl.C(Cl)Cl,c1ccc2c(Cc3ccncn3)nnc(Nc3ccc(Cl)cc3)c2c1
ClCCl.C(C)N(CC)CC.O=S(=O)(Cl)c1ccc(C)cc1.O(C)C(=O)CCC(CO)NC(=O)OC(C)(C)C,O(C)C(=O)CCC(COS(=O)(=O)c1ccc(C)cc1)NC(=O)OC(C)(C)C
C1(N)CCCC1N1CCCC1.c1c(C(F)(F)F)cc(C(F)(F)F)c(C(=O)O)c1OC,c1c(C(F)(F)F)cc(C(F)(F)F)c(C(=O)NC2CCCC2N2CCCC2)c1OC
C(COc1ccc(CC(Oc2ccc(C(C)C)cc2)C(=O)OCC)cc1)NC(=O)c1ccc(-c2cccc(OC)c2)cc1.[OH-].[Na+],C(COc1ccc(CC(Oc2ccc(C(C)C)cc2)C(=O)O)cc1)NC(=O)c1ccc(-c2cccc(OC)c2)cc1
S(CC(=O)OCC)c1cnc(NC(=O)N(CC2CCCC2)c2cccc(C(=O)N(C)C)c2)s1.C1CCCC1CN(C(=O)Nc1nc(CC(=O)O)cs1)c1ccc(S(C)(=O)=O)cc1.n1cc(SCC(=O)OCC)sc1N.c1ccc(C(=O)N(C)C)cc1NCC1CCCC1,S(CC(=O)O)c1cnc(NC(=O)N(CC2CCCC2)c2cccc(C(=O)N(C)C)c2)s1
c1(CO)ccncc1F.[N+](=[N-])=[N-].[Na+].O=S(Cl)Cl,c1(CN=[N+]=[N-])ccncc1F
C1(CCCCCCC(=O)O)C(=O)CCC1C=CC(C)(O)CCOCC.[Na+].[OH-].CI,C1(CCCCCCC(=O)OC)C(=O)CCC1C=CC(C)(O)CCOCC
OB(O)c1ccc(OCc2ccccc2)c(F)c1.CC(=O)[O-].ClCCl.c1ccncc1.Brc1cccc2[nH]ncc12.CC(=O)[O-].[Cu+2],c1(-n2ncc3c(Br)cccc32)ccc(OCc2ccccc2)c(F)c1
O=C(CCCCl)c1ccc(F)cc1.CCC(=O)Nc1cccc(C2CCNCC2)c1,CCC(=O)Nc1cccc(C2CCN(CCCC(=O)c3ccc(F)cc3)CC2)c1
[Na+].[I-].CCO.C(=O)([O-])[O-].C(C)(O)CCl.[Na+].OC(CN)COc1ccccc1C#N.[K+],OC(CNCC(C)O)COc1ccccc1C#N
N(C)(C)C=O.c1ccc(C#N)nc1F.[K+].c1(-c2ccccn2)cn[nH]c1.[O-]C(=O)[O-].[K+].CCOC(C)=O,c1(-c2ccccn2)cnn(-c2cccc(C#N)n2)c1
Ic1ccccc1C.C(C)(C)C(=O)Nc1cccc(C2CCN(Cc3ccc4[nH]ccc4c3)CC2)c1,C(C)(C)C(=O)Nc1cccc(C2CCN(Cc3ccc4c(ccn4-c4ccccc4C)c3)CC2)c1
N1(C)CC(OC)c2cc(S(N)(=O)=O)sc2S1(=O)=O.N#CC.OS(=O)(=O)O,N1(C)CC(NC(C)=O)c2cc(S(N)(=O)=O)sc2S1(=O)=O
C1CCOC1.CCOC(C)=O.Cc1cccc(C)n1.CC(C)(C)OC(=O)C(O)N1C(=O)C(NC(=O)Cc2ccccc2)C1SCC(=O)C1CCCCO1.O=S(Cl)Cl,CC(C)(C)OC(=O)C(Cl)N1C(=O)C(NC(=O)Cc2ccccc2)C1SCC(=O)C1CCCCO1
CN(C)C=O.C1CCCCN1.C(=O)([O-])O.[Na+].c12ccccc1-c1ccccc1C2COC(=O)NC(C)Cc1n[nH]c2ccc(OC(=O)C(C)C)cc12,NC(C)Cc1n[nH]c2ccc(OC(=O)C(C)C)cc12
CC(C)O.ClC(c1cncnc1C(F)(F)F)C(C)C.c1ccccc1NCCN,C(NCCNc1ccccc1)(c1cncnc1C(F)(F)F)C(C)C
Cc1cc(C#N)cc(Cl)c1N.CCc1cc2c(C(=O)Oc3ccc([N+](=O)[O-])cc3)cnc(OC)c2o1,CCc1cc2c(C(=O)Nc3c(C)cc(C#N)cc3Cl)cnc(OC)c2o1
ClCCl.C(C)OC(=O)C(=O)Cl.c12ccsc1c(Oc1ccc(N)cc1F)ccn2.C(C)N(CC)CC,c12ccsc1c(Oc1ccc(NC(=O)C(=O)OCC)cc1F)ccn2
O=S(C)(=O)c1ccc(OC(C)C)c(C(=O)O)c1.c1cc2c(cc1OC)C(CC)(CC)CNC2,O=S(C)(=O)c1ccc(OC(C)C)c(C(=O)N2Cc3ccc(OC)cc3C(CC)(CC)C2)c1
CO.COC(CN)OC.NC1=NC=Cc2ccccc2C1,N(CC(OC)OC)C1=NC=Cc2ccccc2C1
OC.CO.[OH-].[C+4].[OH-].[H][H].[OH-].[OH-].c1ccccc1COC(=O)NCCC(=O)NCC1CCCN(CC2CCCCC2)C1.[OH-].[Pd+2].Cl.[OH-],NCCC(=O)NCC1CCCN(CC2CCCCC2)C1
c12c(C)c(NC=O)c(C)c(C(C)C)c1OC(C)(CI)C2.CCOC(C)=O.O.Cl.[O-]C(=O)O.[Na+].OC,c12c(C)c(N)c(C)c(C(C)C)c1OC(C)(CI)C2
C1CCOC1.O.Fc1cncc(F)c1.CC(C)NC(C)C.[Li]CCCC.CCCC[Sn](Cl)(CCCC)CCCC,CCCC[Sn](CCCC)(CCCC)c1c(F)cncc1F
CC(=O)Cl.n1ccccc1.ClCCl.c1c(N2C(=O)C(C)(C)Oc3cc(NS(C)(=O)=O)ccc32)ccc(F)c1N,c1c(N2C(=O)C(C)(C)Oc3cc(NS(C)(=O)=O)ccc32)ccc(F)c1NC(C)=O
C1CCOC1.COc1ccc2[nH]ccc2c1.CNC.O.C=O,COc1ccc2c(ccn2CN(C)C)c1
CCN(C(C)C)C(C)C.F[B-](F)(F)F.CN(C)C=O.CO.CC(C)(C)[Si](OCC(CC(=O)O)NC(=O)OCc1ccccc1)(c1ccccc1)c1ccccc1.CN(C)C(On1nnc2ccccc21)=[N+](C)C,CC(C)(C)[Si](OCC(CC(=O)OC)NC(=O)OCc1ccccc1)(c1ccccc1)c1ccccc1
CC1CC(=O)CC(C)O1.Brc1ccc2c(c1)CN(Cc1ccccc1)C2,c1(C2(O)CC(C)OC(C)C2)ccc2c(c1)CN(Cc1ccccc1)C2
C1CCOC1.BrCc1ccccc1.CC(C)NC(C)C.O.[Li]CCCC.CC1C(O)CC(=O)N1c1ccc(C#N)c(Cl)c1.CC(=O)O.CCCCCC,CC1C(O)C(Cc2ccccc2)C(=O)N1c1ccc(C#N)c(Cl)c1
[I-].[Na+].C1CNC1.ClCCCOc1ccc(-c2nnc(CSCCOc3ccccc3)o2)cc1.CN(C)C=O.[Na+].O=C([O-])O,C(CCOc1ccc(-c2nnc(CSCCOc3ccccc3)o2)cc1)N1CCC1
Cl.C(C)N(CC)CC.C(Cl)Cl.O.c1cccc2c1N(c1ccc(C(F)(F)F)cc1N)CC2.c1(F)ccccc1C(=O)Cl.CCO,c1cccc2c1N(c1ccc(C(F)(F)F)cc1NC(=O)c1ccccc1F)CC2
c1cc(N)cc(OC)c1.CN1C(=O)C=CC1=O,c1cc(OC)cc(C2=CC(=O)N(C)C2=O)c1
CN(C)C=O.F[B-](F)(F)F.N(C)(C)C(On1nnc2ccccc21)=[N+](C)C.On1nnc2ccccc21.O.CCN(CC)CC.C(CCN)COc1cccc(O)c1C(=O)OC.O=C(O)C(Cc1ccc(N(C(=O)C(=O)OC(C)(C)C)c2ccccc2C(=O)OC(c2ccccc2)c2ccccc2)cc1)NC(=O)OCC=C,C(=O)(NCCCCOc1cccc(O)c1C(=O)OC)C(Cc1ccc(N(C(=O)C(=O)OC(C)(C)C)c2ccccc2C(=O)OC(c2ccccc2)c2ccccc2)cc1)NC(=O)OCC=C
CC(C)(C(=O)O)c1ccc(Cl)cc1.Cc1ccc(NC(=O)C(C)C)cc1C1CCN(CCCN)CC1,Cc1ccc(NC(=O)C(C)C)cc1C1CCN(CCCNC(=O)C(C)(C)c2ccc(Cl)cc2)CC1
CO.C1CCC2C(=S)N(C(=O)OC(C)(C)C)C12.N,C1CCC(C(N)=S)C1NC(=O)OC(C)(C)C
C(CN)CCCO.n1ccccc1.N(C#N)C(=NC)SC,N(C#N)C(=NC)NCCCCCO
[Na+].[Pd].CCO.O=C([O-])O.C(F)(F)(F)C1CN(Cc2ccccc2)CC1C(=O)OCC.C(=O)(Cl)OCc1ccccc1.[C],C(F)(F)(F)C1CN(C(=O)OCc2ccccc2)CC1C(=O)OCC
C(=Cc1ccccc1)C(=O)C=Cc1ccccc1.c1cccc(C=CC(=O)C=Cc2ccccc2)c1.C(C)(=O)OCC.[Pd].c1ccccc1C=CC(=O)C=Cc1ccccc1.[Pd].c1c(F)cc(F)cc1CN.c12cc(Br)ccc1c(=O)[nH]nc2Cl,c12cc(NCc3cc(F)cc(F)c3)ccc1c(=O)[nH]nc2Cl
C1CC2CN(C(=O)OCc3ccccc3)CC12C(=O)OC(C)(C)C.[OH-].[Pd+2].[OH-].[OH-].[OH-].[C+4].[H][H].OC.[OH-].[OH-],C1CC2CNCC12C(=O)OC(C)(C)C
c1(OC(=O)N(C)c2ccccc2)ccc(CCO)cc1.c1nccn1-c1ccc(O)cc1.C(F)(F)(F)C(=O)O,c1(OC(=O)N(C)c2ccccc2)ccc(CCOc2ccc(-n3ccnc3)cc2)cc1
[Na+].ON.[O-]C.CO.Cl.O1CCOCC1.Cl.N1(S(=O)(=O)c2cccc3c(N(C)C)cccc23)CCN(c2ncc(C(=O)OC)s2)CC1,N1(S(=O)(=O)c2cccc3c(N(C)C)cccc23)CCN(c2ncc(C(=O)NO)s2)CC1
c1cc(Br)ccc1C(O)CCN1CCC(c2cccc(NC(=O)C(C)C)c2)CC1.c1(C(F)(F)F)ccc(O)cc1,c1cc(Br)ccc1C(CCN1CCC(c2cccc(NC(=O)C(C)C)c2)CC1)Oc1ccc(C(F)(F)F)cc1
[K+].C1CCc2ccccc2N1C(=O)CCCCCBr.N(C)C.C(O)CO.[OH-],C1CCc2ccccc2N1C(=O)CCCCCN(C)C
C(Cl)Cl.OC.C(=O)(OC1CC(CO)C1=C)c1ccccc1,C(=O)(OC1CC(CO)C1=O)c1ccccc1
C[Si](C)(C)CCOCCl.CN(C)C=O.[Na+].Cc1c[nH]c2ncc(Br)nc12.[H-],Cc1cn(COCC[Si](C)(C)C)c2ncc(Br)nc12
c1ccccc1C(=O)OOC(=O)c1ccccc1.ClC(Cl)(Cl)Cl.C1CC(=O)N(Br)C1=O.CC(C)(C)OC(=O)N(C(=O)OC(C)(C)C)c1noc2ccc(C)cc12,CC(C)(C)OC(=O)N(C(=O)OC(C)(C)C)c1noc2ccc(CBr)cc12
Clc1nc(Cl)c(C=NO)s1.O=C(C)OC(C)=O,Clc1nc(Cl)c(C#N)s1
N(C)(C)C=O.c1(C2(c3ccncc3)N=C(N)N(C)C2=O)cccc(O)c1.C(=O)([O-])[O-].CC(C)=O.[Cs+].[Cs+].CCCI,c1(C2(c3ccncc3)N=C(N)N(C)C2=O)cccc(OCCC)c1
CCOC(=O)c1cnc2c(OC)cccc2c1Cl.Cc1ccccc1N.C1CCOC1,CCOC(=O)c1cnc2c(OC)cccc2c1Nc1ccccc1C.Cl
ClCCl.BrC(Br)(Br)Br.c1cccc(P(c2ccccc2)c2ccccc2)c1.n1nn(-c2c(Cl)cccc2Cl)c(CO)c1C(C)C,n1nn(-c2c(Cl)cccc2Cl)c(CBr)c1C(C)C
C1COCCO1.O.c1ccc2c(C(=O)OC)ccnc2c1Br.C(C)OC(=C)[Sn](CCCC)(CCCC)CCCC.c1ccccc1[P](c1ccccc1)(c1ccccc1)[Pd]([P](c1ccccc1)(c1ccccc1)c1ccccc1)([P](c1ccccc1)(c1ccccc1)c1ccccc1)[P](c1ccccc1)(c1ccccc1)c1ccccc1.Cl,C(C)(=O)c1cccc2c(C(=O)OC)ccnc12
CC(C)(C)OC(=O)N1CCCC(C(OCC(N)=O)c2cccc(Cl)c2F)C1.O=C(O)C(F)(F)F.ClCCl.[Na+].O=C([O-])O,N1CCCC(C(OCC(N)=O)c2cccc(Cl)c2F)C1
COCOC(CC(C)(C)c1cc(F)ccc1OC)(C(O)Cc1cc(C)cc(C)c1)C(F)(F)F.ClCCl,COCOC(CC(C)(C)c1cc(F)ccc1OC)(C(=O)Cc1cc(C)cc(C)c1)C(F)(F)F
Oc1nc(-c2cccc([N+](=O)[O-])c2)nc2c1CN(Cc1ccccc1)CC2.c1cc(CBr)ccc1C#N,O(Cc1ccc(C#N)cc1)c1nc(-c2cccc([N+](=O)[O-])c2)nc2c1CN(Cc1ccccc1)CC2
O=P(Cl)(Cl)Cl.c1ccc(-c2cc(O)c3cnn(CC)c3n2)cc1,c1ccc(-c2cc(Cl)c3cnn(CC)c3n2)cc1
C1CCOC1.c1ccc(-c2nnc3ccc4cc(Sc5nccs5)ccc4n23)cc1.O=C(C1CC1)C1CC1.[Li]CCCC,c1ccc(-c2nnc3ccc4cc(Sc5ncc(C(O)(C6CC6)C6CC6)s5)ccc4n23)cc1
C1CN(CC(=O)N2CCOCC2)CCN1.FC(F)(F)c1ccccc1C(C)Oc1cc(-n2cnc3cnc(COS(C)(=O)=O)cc32)sc1C(N)=O.ClCCl,FC(F)(F)c1ccccc1C(C)Oc1cc(-n2cnc3cnc(CN4CCN(CC(=O)N5CCOCC5)CC4)cc32)sc1C(N)=O
O=N[O-].O.[K+].[K+].OS(=O)(=O)O.[Na+].[O-]C(=O)[O-].C(CCCCCCCC)CCc1nnc2n1-c1sc(CC)cc1C(c1ccc(OC)cc1)=NC2,C(CCCCCCCC)CCc1nnc(CO)n1-c1sc(CC)cc1C(=O)c1ccc(OC)cc1
C(CCCCCCN)CCCCCCCCCCC.[Na+].O.O1CCOCC1.[OH-].n1c(N)nc(N)nc1Cl,C(CCCCCCCCCCC)CCCCCCNc1nc(N)nc(N)n1
ClCCl.COCC1=C(C(=O)O)C(c2cccc(Cl)c2)NC(=O)N1.NCCCc1ccccc1,COCC1=C(C(=O)NCCCc2ccccc2)C(c2cccc(Cl)c2)NC(=O)N1
OC.C1CN(C(=O)OCC)CCC1(O)C[N+](=O)[O-].O=C(C)O.[H][H],C1CN(C(=O)OCC)CCC1(O)CN
O1CCOCCOCCOCCOCCOCC1.BrCC(=O)c1ccccc1.c1ccccc1COc1ccc(OCc2ccccc2)c(O)c1.O=C([O-])O.[K+].CC#N,c1ccccc1COc1ccc(OCc2ccccc2)c(OCC(=O)c2ccccc2)c1
c1cnccc1N(C)C.ClCCl.c1(Cl)cccc(Cl)c1S(=O)(=O)Cl.C(C)P(=O)(CO)OC(C)C.C(C)N(CC)CC,c1(Cl)cccc(Cl)c1S(=O)(=O)OCP(=O)(CC)OC(C)C
O1CCNCC1.c1(Cl)ccc2c(=O)c(CNC(=O)c3cnc(Br)s3)cn(-c3ccccc3)c2c1,c1(Cl)ccc2c(=O)c(CNC(=O)c3cnc(N4CCOCC4)s3)cn(-c3ccccc3)c2c1
C(C(C)=O)C(C)=O.C1CCCNC1.C1CCCCC1.O(C)c1cc(C=O)cc(OC)c1OC,O(C)c1cc(C=C(C(C)=O)C(C)=O)cc(OC)c1OC
C(=O)=NC1CC=CCC1.N1(C(=O)N2CCc3ccc(S(N)(=O)=O)cc3CC2)CCCC1,N1(C(=O)N2CCc3ccc(S(=O)(=O)NC(=O)NC4CC=CCC4)cc3CC2)CCCC1
[Zn].FC(F)(F)C(O)(c1ccc(CCC(=O)O)c(S(=O)(=O)Cl)c1)C(F)(F)F.C(C)(=O)O,FC(F)(F)C(O)(c1ccc(CCC(=O)O)c(S)c1)C(F)(F)F
[OH-].[Na+].O.C1CC2(c3cccc(OC)c3)CCCCC2[N+]1(C)C.[I-],C(CC1(c2cccc(OC)c2)C=CCCC1)N(C)C
O(C)CCOC.CCN(CC)CC.c1ccc(P(c2ccccc2)c2ccccc2)cc1.[Cu]I.c1ncc(C#C)cc1Cl.n1ccsc1Br.Cl[Pd]Cl.c1ccccc1P(c1ccccc1)c1ccccc1,c1ncc(C#Cc2nccs2)cc1Cl
O(C)c1ccc(OC)c(-c2nc3c(CBr)cccc3o2)c1.c12nc(-c3cc(OC)ccc3OCOC)oc1cccc2CN(Cc1ccccn1)Cc1ccccn1,c12nc(-c3cc(OC)ccc3OC)oc1cccc2CN(Cc1ccccn1)Cc1ccccn1
O=CN(C)C.C(=O)([O-])[O-].O.c1(O)ccc2c(c1)CC(C(=O)Nc1ccc(Cl)c(C(F)(F)F)c1)CC2.C1(c2cc(Cl)ccn2)=NCCN1.[Cs+].[Cs+],c1(Oc2ccnc(C3=NCCN3)c2)ccc2c(c1)CC(C(=O)Nc1ccc(Cl)c(C(F)(F)F)c1)CC2
ClCCl.C(=O)(O)C(F)(F)F.c1cc(CC(NC(=O)c2ccc(C(C)(C)C)cc2)C(=O)OC(C)(C)C)ccc1OC(=O)c1ccc(OCCCCCCC)cc1,c1cc(CC(NC(=O)c2ccc(C(C)(C)C)cc2)C(=O)O)ccc1OC(=O)c1ccc(OCCCCCCC)cc1
B.C1C(=O)c2cc(C(F)(F)F)ccc2Sc2cccc(Cl)c21.CO.[Na],C1c2c(Cl)cccc2Sc2ccc(C(F)(F)F)cc2C1O
c1cc(S(N)(=O)=O)ccc1Br.C(C)(C)(C)[Si](C)(C)OC(CCCCCCc1ccccc1)c1ncc([Sn](CCCC)(CCCC)CCCC)o1.c1(CCCCCCC(O[Si](C)(C)C(C)(C)C)c2ncc(-c3ccc(S(N)(=O)=O)cc3)o2)ccccc1,c1(CCCCCCC(=O)c2ncc(-c3ccc(S(N)(=O)=O)cc3)o2)ccccc1
[NH4+].[H-].CO.[Cl-].CC(C)(C)COC(=O)N1CCN(c2cc(-c3noc(C(Cl)(Cl)Cl)n3)ccn2)CC1.[Na+],CC(C)(C)COC(=O)N1CCN(c2cc(-c3noc(OC)n3)ccn2)CC1
C(C)O.[Fe].O.CCO.Cl.O=[N+]([O-])c1cc(Cl)c(OC(C)C(F)(F)C(F)(F)C(F)(F)F)c(Cl)c1,Nc1cc(Cl)c(OC(C)C(F)(F)C(F)(F)C(F)(F)F)c(Cl)c1
[Cs+].CO.Cc1cccc(C)c1-c1cc2c(C(O)C(CC)CC)cn(-c3cc(CC)nc(Cl)n3)c2cn1.C(=O)([O-])[O-].[Cs+],Cc1cccc(C)c1-c1cc2c(C(O)C(CC)CC)cn(-c3cc(CC)nc(OC)n3)c2cn1
C1COCCO1.Cc1cc2cc(OC)ccc2c(OCOC)c1-c1ccccc1.Cl,Cc1cc2cc(OC)ccc2c(O)c1-c1ccccc1
[K+].C1CCCCC1CCC(C)OS(C)(=O)=O.C(=O)N(C)C.[K+].c1cccc2c1C(=O)NC2=O.[O-]C(=O)[O-],C1CCCCC1CCC(C)N1C(=O)c2ccccc2C1=O
O=C(C)OCC.[H][H].CC(=O)OC1C(N=[N+]=[N-])OC(COC(C)=O)C(OC(C)=O)C1OC(C)=O,CC(=O)OC1C(N)OC(COC(C)=O)C(OC(C)=O)C1OC(C)=O
Cc1ccc(B(O)O)cc1.CC(C)N1CCC(Oc2ccc3[nH]c(C(=O)N4CCOCC4)cc3c2)CC1,CC(C)N1CCC(Oc2ccc3c(c2)cc(C(=O)N2CCOCC2)n3-c2ccc(C)cc2)CC1
C1CCOC1.C1COCCO1.CO.Cl.B.C1CCOC1.N#Cc1c(-c2ccc(Cl)cc2Cl)cn2ccnc2c1N,NCc1c(-c2ccc(Cl)cc2Cl)cn2ccnc2c1N
[K+].O=C([O-])[O-].N#CC.O=C(Cl)OCCCC.c1(Cl)cc(-c2ccc(=O)[nH]n2)cc(Cl)c1C.[K+],c1(Cl)cc(-c2ccc(=O)n(C(=O)OCCCC)n2)cc(Cl)c1C
[Li+].C1CCOC1.CCOC(=O)C1CCC(CC(=O)n2ccnc2)CC1.C[Si](C)(C)[N-][Si](C)(C)C.CCOC(C)=O.CCOC(=O)C1CCC(CC(=O)O)CC1,CCOC(=O)C1CCC(CC(=O)CC(=O)OCC)CC1
c1(F)ccc(B(O)O)c(F)c1.c1nnc(SC)nc1-c1ccc(F)c(-c2cccnc2)c1,c1nnc(-c2ccc(F)cc2F)nc1-c1ccc(F)c(-c2cccnc2)c1
C(C)(=O)OCC.C(C)N(CC)CC.c1(O)cccc(NC(=O)C=CC)c1.c1cc(Cl)c(Cl)cc1N=C=O,c1(OC(=O)Nc2ccc(Cl)c(Cl)c2)cccc(NC(=O)C=CC)c1
[Li]CCCC.C1CCOC1.Cl.O=Cc1ccoc1.C1COCCN1.[Li]C(C)CC.COC(=O)Cl,O=Cc1coc(C(=O)OC)c1
COC(=O)Cc1ccc(F)c(B2OC(C)(C)C(C)(C)O2)c1.CCN(Cc1ccccc1)C(=O)OCc1cc(C(F)(F)F)ccc1Br,CCN(Cc1ccccc1)C(=O)OCc1cc(C(F)(F)F)ccc1-c1cc(CC(=O)OC)ccc1F
C1CCCO1.C1CCCCN1C(=O)N=NC(=O)N1CCCCC1.C(CC)CP(CCCC)CCCC.c1(C(CC2CCOCC2)c2ccc(S(=O)(=O)C3CC3)cc2)ccc(-c2ccc(O)cn2)[nH]1.C1CC1CO,c1(C(CC2CCOCC2)c2ccc(S(=O)(=O)C3CC3)cc2)ccc(-c2ccc(OCC3CC3)cn2)[nH]1
O.CO.[Fe].C=CCS(=O)c1ccc(N)c([N+](=O)[O-])c1.O=S(=O)([O-])[O-],C=CCS(=O)c1ccc(N)c(N)c1
CO.O=C(O)c1cc(Cl)ccc1O.O=S(Cl)Cl,O=C(OC)c1cc(Cl)ccc1O
[K+].O=[N+]([O-])N=C(NC)SC.[K+].C(=O)([O-])[O-].C(C)#N.c1ccccc1CC(=O)Cl,c1ccccc1CC(=O)N(C)C(=N[N+](=O)[O-])SC
C(Cl)Cl.Cc1cc(CCCP(=O)(OCC)OCC)cc(C)c1-c1nc2ccc(C(=O)Nc3ccc4ccccc4n3)cc2[nH]1.[Si](C)(C)(C)Br,Cc1cc(CCCP(=O)(O)OCC)cc(C)c1-c1nc2ccc(C(=O)Nc3ccc4ccccc4n3)cc2[nH]1
OCC.O.c1(C2(C(=O)OC)CCC2)ccc2c(c1)CCCC2.[K+].[OH-],c1(C2(C(=O)O)CCC2)ccc2c(c1)CCCC2
[Na+].[H-].O=S(=O)(Nc1ccc(C(C)C)cc1)Nc1nc(-c2ccncc2)nc(Cl)c1Oc1ccccc1OC.O(C)CCOC.OCCO,O=S(=O)(Nc1ccc(C(C)C)cc1)Nc1nc(-c2ccncc2)nc(OCCO)c1Oc1ccccc1OC
O.C(C)(=O)N(C)C.c1cc(C(=O)c2ccc(C#Cc3ccccc3)cc2)ccc1F.[K+].c1(O)cccc(N)c1.[K+].C(=O)([O-])[O-].Cc1ccccc1,c1cc(C(=O)c2ccc(C#Cc3ccccc3)cc2)ccc1Oc1cccc(N)c1
Cl.C1CCCNC1.C(=O)N(C)C.c1cccc2c1nnn2O.CCOC(C)=O.O.C(CC)(CC)CCC(=O)O,C(CC)(CC)CCC(=O)N1CCCCC1
C(c1ccccc1)C(CS(=O)(=O)Cl)C(=O)OC.[OH-].c1ccccc1CN1CCNCC1.C(Cl)Cl.[Na+],C(c1ccccc1)C(CS(=O)(=O)N1CCN(Cc2ccccc2)CC1)C(=O)OC
[Na+].O=C([O-])[O-].[Na+].ClP(=O)(Cl)Cl.c1ccc(C)cc1.c1cc(Br)c2cc(C(N)=O)[nH]c2c1,c1cc(Br)c2cc(C#N)[nH]c2c1
c1cc(N)cnc1Br.c1cccnc1.[Cl-].C1(C(=O)O)(c2ccc3c(c2)OCO3)CC1.O=CN(C)C.S(=O)(Cl)Cl,C1(C(=O)Nc2ccc(Br)nc2)(c2ccc3c(c2)OCO3)CC1
CCCC[Li].C(=O)N(C)C.c1cc(Br)cnc1Br,c1cc(Br)cnc1C=O
OC(CBr)CBr.[Si](C)(C)(Cl)C(C)(C)C.c1ncc[nH]1.ClCCl,[Si](C)(C)(OC(CBr)CBr)C(C)(C)C
N(C)(CC(=O)O)NC(=O)NCc1cccc2ccccc12.C(c1csc2ccccc12)N(C(=O)C(N)CC(=O)NC(c1ccccc1)(c1ccccc1)c1ccccc1)C(C)C(OCC)OCC,C(c1csc2ccccc12)N(C(=O)C(CC(=O)NC(c1ccccc1)(c1ccccc1)c1ccccc1)NC(=O)CN(C)NC(=O)NCc1cccc2ccccc12)C(C)C(OCC)OCC
O.C1CCCO1.C(C(=O)O)c1ccc(CCCCN=[N+]=[N-])cc1.P(c1ccccc1)(c1ccccc1)c1ccccc1,C(C(=O)O)c1ccc(CCCCN)cc1
N(C)(C)C=O.c1ccc(-c2cc(OC)ccc2-c2ccc3cc(OC)ccc3c2)cc1O.N1(CCCl)CCCCC1.[O-]C(=O)[O-].[K+].[K+].O.c1cc2cc(-c3ccc(OC)cc3-c3cccc(OCc4ccccc4)c3)ccc2cc1OC,c1ccc(-c2cc(OC)ccc2-c2ccc3cc(OC)ccc3c2)cc1OCCN1CCCCC1
C1CCCO1.N(=NC(=O)OCC)C(=O)OCC.C1(O)CSC1.P(c1ccccc1)(c1ccccc1)c1ccccc1.c1ccc2c(c1)C(=O)N(O)C2=O,c1ccc2c(c1)C(=O)N(OC1CSC1)C2=O
c1ccccc1.[O-]C(=O)[O-].O=C(Cl)OCC.[K+].[K+].c1ccc(OC2CCN(C)CC2c2ccccc2)cc1OC,c1ccc(OC2CCN(C(=O)OCC)CC2c2ccccc2)cc1OC
Cl.OC(=O)c1ccc(C(F)(F)F)c(OCC)c1.CNOC.Cl.C(CCN(C)C)N=C=NCC.O=CN(C)C.Cl.C1COCCN1C.ClCCl,O=C(c1ccc(C(F)(F)F)c(OCC)c1)N(C)OC
[Mg+]C.[Br-].c1cc(-c2ccccc2C#N)ccc1Cc1c(CCC)n2ncnc2n(C2CCC(OCC=O)CC2)c1=O.[Cl-].C1CCOC1.C1CCCO1.[NH4+],c1cc(-c2ccccc2C#N)ccc1Cc1c(CCC)n2ncnc2n(C2CCC(OCC(C)O)CC2)c1=O
C1CCCO1.C(=O)(OC)c1cccc2oc(CCl)nc12.C(C)NCC,C(=O)(OC)c1cccc2oc(CN(CC)CC)nc12
O=C(Cl)C1CCCCC1.CCCCCC1CC1CC(=O)Oc1ccc(C(=O)CNC(C)(C)C)cc1OC(=O)CC1CC1CCCCC.CCCCCC1CC1CC(=O)Cl,CCCCCC1CC1CC(=O)Oc1ccc(C(O)CNC(C)(C)C)cc1OC(=O)CC1CC1CCCCC
CC#N.Cl[Cu].CN(C)C=O.CC1(C)Oc2ccc(I)cc2C(N2Cc3ccccc3C2=O)C1O.CCCC[Sn](CCCC)(CCCC)c1c(OC(C)C)c(=O)c1=O,CC1(C)Oc2ccc(-c3c(OC(C)C)c(=O)c3=O)cc2C(N2Cc3ccccc3C2=O)C1O
[Zn].O=[N+]([O-])C1CCC(C)(C)NC1c1ccccc1.C1CCCO1.Cl,NC1CCC(C)(C)NC1c1ccccc1
C(=O)(Cl)C(=O)Cl.C(Cl)Cl.c1c(C(CC2CCCC2)C(=O)O)cccc1C(F)(F)F,c1c(C(CC2CCCC2)C(=O)Cl)cccc1C(F)(F)F
CC(=O)O[BH-](OC(C)=O)OC(C)=O.[Na+].CN1C(=O)C(c2ccc(OC(F)F)cc2)(c2cccc(C=O)c2)N=C1N.[OH-].CC(=O)O.[Na+].ClCCCl.C1CCNC1,CN1C(=O)C(c2ccc(OC(F)F)cc2)(c2cccc(CN3CCCC3)c2)N=C1N
OC.C1CCCO1.c1ccc(C(OCC#N)C2CCCN(C(=O)OC(C)(C)C)C2)cc1Cl,c1ccc(C(OCCN)C2CCCN(C(=O)OC(C)(C)C)C2)cc1Cl
Nc1cccc2ccc(O)cc12.ClCCl.O=C(Cl)Oc1ccccc1.O.[Na+].O=C([O-])O,N(C(=O)Oc1ccccc1)c1cccc2ccc(O)cc12
[O-]C(=O)[O-].[K+].CO.[K+].C(=O)c1ccc(COC(C)OC)cc1,C(#C)c1ccc(COC(C)OC)cc1
C1CCCO1.[Li+].n1ccc(C(=O)O)c(F)c1.Cl.c1cc(N)ccc1OC.C[Si](C)(C)[N-][Si](C)(C)C,n1ccc(C(=O)O)c(Nc2ccc(OC)cc2)c1
O=S(=O)(O)Cl.C(C)(=O)N1CCc2ccccc21,C(C)(=O)N1CCc2cc(S(=O)(=O)Cl)ccc21
c1ccc(C)cc1.c1ccccc1[P](c1ccccc1)(c1ccccc1)[Pd]([P](c1ccccc1)(c1ccccc1)c1ccccc1)([P](c1ccccc1)(c1ccccc1)c1ccccc1)[P](c1ccccc1)(c1ccccc1)c1ccccc1.n1ccsc1[Sn](CCCC)(CCCC)CCCC.C(C)n1c(=O)c(Br)cc2c(C)nc(N)nc21,n1ccsc1-c1cc2c(C)nc(N)nc2n(CC)c1=O
ClS(=O)(=O)c1ccccc1.c1ccc(NC2=Nc3ccc(N)cc3CO2)cc1C1CC1,c1ccc(NC2=Nc3ccc(NS(=O)(=O)c4ccccc4)cc3CO2)cc1C1CC1
