src,tgt
C1CC2CNCC1O2.CS(C)=O.Cc1cc(F)ccc1-c1cc(Cl)ncc1N(C)C(=O)C(C)(C)c1cc(C(F)(F)F)cc(C(F)(F)F)c1.Cl.O.O=C([O-])[O-].[K+],Cc1cc(F)ccc1-c1cc(N2C[C@@H]3CC[C@H](C2)O3)ncc1N(C)C(=O)C(C)(C)c1cc(C(F)(F)F)cc(C(F)(F)F)c1
COC(=O)CP(=O)(OC)OC.Cc1ccc([N+](=O)[O-])cc1C=O,COC(=O)/C=C/c1cc([N+](=O)[O-])ccc1C
C[Si](C)(C)Cl.ClC(Cl)Cl.O=Cc1ccco1.SCCCS.c1coc(CC2SCCCS2)c1,c1coc(CC2CCCSS2)c1
C1COCCO1.Cl.Cn1cc(/C=C/C(=O)Nc2ccc(F)cc2NC(=O)OC(C)(C)C)cn1,Cn1cc(/C=C/C(=O)Nc2ccc(F)cc2N)cn1
C1CCOC1.CC(C)[N-]C(C)C.CCOP(=O)(C#N)OCC.O=C1CCc2ccccc21.[Li+],N#CC1=CCc2ccccc21
C1CCOC1.CC(C)C(=O)Cl.CCN(CC)CC.Cl.NC1CCS(=O)(=O)c2sc(S(N)(=O)=O)cc21.O=C([O-])O.[Na+],CC(C)C(=O)NC1CCS(=O)(=O)c2sc(S(N)(=O)=O)cc21
C1CCOC1.CC(=O)Cl.CCO.OC(Cc1ccccc1Cl)(Cn1ncnc1S)C1(Cl)CC1.[H-].[Na+],CC(=O)Sc1ncnn1CC(O)(Cc1ccccc1Cl)C1(Cl)CC1
C1CCOC1.O=S(=O)(Cl)c1ccc(F)cc1.[BH4-].[Na+],O=S(O)c1ccc(F)cc1
C1CCOC1.C1COCCO1.CC(C)(C)OC(=O)C(O)N1C(=O)C(NC(c2ccccc2)(c2ccccc2)c2ccccc2)C1SCC#Cc1ccc(F)cc1.O=S(Cl)Cl.c1ccncc1,CC(C)(C)OC(=O)C(Cl)N1C(=O)C(NC(c2ccccc2)(c2ccccc2)c2ccccc2)C1SCC#Cc1ccc(F)cc1
C1COCCO1.CC(C)O.CNC.O=Cc1nc2n(n1)-c1ccc(Cl)cc1C(c1ccccc1)=NC2.[C-]#N.[Mn+4].[Na+].[O-2],CN(C)C(=O)c1nc2n(n1)-c1ccc(Cl)cc1C(c1ccccc1)=NC2
C1COCCN1.ClCCl.O.O=C(c1ccccc1)N1c2cccc3c2C(CCC3Br)C1c1ccccc1,O=C(c1ccccc1)N1c2cccc3c2C(CCC3N2CCOCC2)C1c1ccccc1
CCN(CC)CC.COc1cc2ncnc(Oc3ccc(N)cc3)c2cc1OC.ClC(Cl)Cl.O.O=C(OC(Cl)(Cl)Cl)OC(Cl)(Cl)Cl.c1ccc(N2CCNCC2)cc1,COc1cc2ncnc(Oc3ccc(NC(=O)N4CCN(c5ccccc5)CC4)cc3)c2cc1OC
N.O=[N+]([O-])c1cnc(Cl)nc1NCCO,Nc1ncc([N+](=O)[O-])c(NCCO)n1
CCOC(=O)c1c(F)ccc(N)c1N.COC(=N)C(Cl)(Cl)Cl,CCOC(=O)c1c(F)ccc2[nH]c(C(Cl)(Cl)Cl)nc12
ClCCCl.O=C(Cl)c1ccccc1.[Al+3].[Cl-].c1ccc(OCCCOc2ccccc2)cc1,O=C(c1ccccc1)c1ccc(OCCCOc2ccc(C(=O)c3ccccc3)cc2)cc1
COc1ccc(CN2CC(c3cccc(F)c3F)=CC[C@@H](NC(=O)OCc3ccccc3)C2=O)c(OC)c1.ClCCl.O=C(O)C(F)(F)F,O=C(N[C@@H]1CC=C(c2cccc(F)c2F)CNC1=O)OCc1ccccc1
CN1CCNCC1.COC(=O)CC/C=C(\C)CC/C=C(\C)CC/C=C(\C)CCC=C(C)C,CC(C)=CCC/C(C)=C/CC/C(C)=C/CC/C(C)=C/CCC(=O)N1CCN(C)CC1
C1CCOC1.C1COCCN1.COc1ccc(F)c(F)c1C(=O)c1cnc(N[C@H]2CC[C@H](NS(=O)(=O)CCCCl)CC2)nc1N,COc1ccc(F)c(F)c1C(=O)c1cnc(N[C@H]2CC[C@H](NS(=O)(=O)CCCN3CCOCC3)CC2)nc1N
CCN(C(C)C)C(C)C.CCOC(=O)C(N)=NO.COc1cccc(CC(=O)Cl)c1.ClCCl.O,CCOC(=O)c1noc(Cc2cccc(OC)c2)n1
C#CCO.CC[N+](CC)(CC)Cc1ccccc1.CSc1nccc(Cl)n1.O.[Cl-].[Na+].[OH-].c1ccccc1,C#CCOc1ccnc(SC)n1
CC(C)(C)C(=O)Cl.Nc1nc(Cl)c2ccnc-2[nH]1.c1ccncc1,CC(C)(C)C(=O)Nc1nc(Cl)c2ccnc-2[nH]1
CC(C)(C)OC(=O)n1c(-c2ccc(N)c3c2C(=O)NC3)cc2cc(CN3CCCCC3)ccc21.CCN(CC)CC.CCOC(C)=O.O.O=C(Cl)C1CC1,CC(C)(C)OC(=O)n1c(-c2ccc(NC(=O)C3CC3)c3c2C(=O)NC3)cc2cc(CN3CCCCC3)ccc21
CCOC(=O)[C@@H](N)Cc1ccc(O)cc1.CCOC(C)=O.Cl.ClCCl.O.O=C([O-])O.[Na+],CCOC(=O)[C@H](Cc1ccc(O)cc1)NC(=O)OC(C)(C)C
CC(=O)c1ccc2cnccn12.O.[BH4-].[Na+],CC(O)c1ccc2cnccn12
CC[C@@H]1C(=O)N(C)c2cnc(-c3ccnc(F)c3)nc2N1C1CCCC1.CNC.CS(C)=O.Cl.O=C([O-])[O-].[Na+],CC[C@@H]1C(=O)N(C)c2cnc(-c3ccnc(N(C)C)c3)nc2N1C1CCCC1
C=CCOc1c(F)cc(Br)cc1[N+](=O)[O-].CCN(CC)CC.CCO.Cl[Sn](Cl)(Cl)Cl.O,C=CCOc1c(N)cc(Br)cc1F
CCOC(=O)C=C(CC(=O)OCC)Nc1ccc(C(C)(C)C)cc1.O=C1C=CC(=O)C(Cl)=C1,CCOC(=O)Cc1c(C(=O)OCC)c2cc(O)c(Cl)cc2n1-c1ccc(C(C)(C)C)cc1
CC(=O)O.CC(=O)[O-].CC(=O)c1ccc2cc(S(N)(=O)=O)sc2c1.O=S(=O)(O)O.[N-]=[N+]=[N-].[Na+],CC(=O)Nc1ccc2cc(S(N)(=O)=O)sc2c1
CC(C)OCCCN.CCC(CC)CNCc1ccc(-c2cc(C(N)=O)c3[nH]cc(C4CCN(S(=O)(=O)CC)CC4)c3c2)s1.O=Cc1ccc(B(O)O)s1.[BH3-]C#N.[Na+],CC(C)OCCCNCc1ccc(B(O)O)s1
CC(C)(C)OC(=O)Nc1cccc(CC2NC(=O)CNC2=O)c1.O=C(O)C(F)(F)F,O=C1CNC(=O)C(Cc2cccc(NCc3ccccc3)c2)N1
CC(=O)OC(C)=O.CC1=CCCC(C)(C)C1(O)C#CC(C)O.COC(C)(C)C.c1ccncc1,CC(=O)OC(C)C#CC1=C(C)C=CCC1(C)C
CN(CCCNC(=O)OC(C)(C)C)c1nc(Cl)ns1.CS(C)=O.O.[Cl-].[H-].[Na+].c1c[nH]cn1,CN(CCCNC(=O)OC(C)(C)C)c1nc(-n2ccnc2)ns1
CN1CCCC1=O.O=C([O-])[O-].O=Cc1ccc(F)cc1.OCC(F)(F)C(F)(F)C(F)(F)C(F)(F)CO.[K+],O=Cc1ccc(OCC(F)(F)C(F)(F)C(F)(F)C(F)(F)CO)cc1
C1COCCO1.CNC(=O)c1c(-c2ccc(F)cc2)oc2cc(N(C)S(C)(=O)=O)c(B(O)O)cc12.Cl[Pd]Cl.O.O=C([O-])[O-].OCC1(c2ccc(Br)nc2Cl)CC1.[Fe+2].[K+].c1ccc(P(c2ccccc2)[c-]2cccc2)cc1,CNC(=O)c1c(-c2ccc(F)cc2)oc2cc(N(C)S(C)(=O)=O)c(-c3ccc(C4(CO)CC4)c(Cl)n3)cc12
CC(C)(C)OCCC1(CCOC(C)(C)C)Sc2cc3c(cc2S1)SC(CCOC(C)(C)C)(CCOC(C)(C)C)S3.II.O=S([O-])O.[Na+],CC(C)(C)OCCC1(CCOC(C)(C)C)Sc2cc3c(c(I)c2S1)SC(CCOC(C)(C)C)(CCOC(C)(C)C)S3
CC(=O)c1ccc[n+](CC=C(C)C)c1.CCN(CC)CC.CCO.[Br-].[H][H].[Pd],CC(=O)C1=CN(C=CC(C)C)CCC1
CCCBr.CCOc1ccccc1C(=O)NCc1coc(-c2ccc(O)c(OC(F)F)c2)n1,CCCOc1ccc(-c2nc(CNC(=O)c3ccccc3OCC)co2)cc1OC(F)F
CCCN(C)Cc1ccc(N)cc1.CCOC(=C1C(=O)N(C(C)=O)c2cc(C(=O)OC)ccc21)c1ccccc1,CCCN(C)Cc1ccc(N/C(=C2\C(=O)Nc3cc(C(=O)OC)ccc32)c2ccccc2)cc1
C1CCOC1.CCCCCCCCc1ccc(-c2ccc(CCl)cc2)cc1.CCCCOC(=O)OC(C)COc1ccc(O)cc1.CN(C)C=O.O.[H-].[Na+],CCCCCCCCc1ccc(-c2ccc(COc3ccc(OCC(C)OC(=O)OCCCC)cc3)cc2)cc1
C=CC(=O)OC.CC(C)(C)O.CCOCC.COC(=O)C(C(C)c1ccc(Cl)c(Cl)c1)[N+](=O)[O-].Cl,COC(=O)CCC(C(CC(=O)OC)c1ccc(Cl)c(Cl)c1)[N+](=O)[O-]
C=C1CC(=O)O1.COc1ccc(C(C#N)(CCCN(C)CC(C)O)C(C)C)cc1OC.Cc1ccccc1,COc1ccc(C(C#N)(CCCN(C)CC(C)OC(=O)CC(C)=O)C(C)C)cc1OC
CC(C)[P+](c1ccccc1)(c1ccccc1)c1ccccc1.CN(c1ncccc1C=O)C1CCN(C(=O)OC(C)(C)C)CC1.[I-].[Li]CCCC,CC(C)=Cc1cccnc1N(C)C1CCN(C(=O)OC(C)(C)C)CC1
CC(C)N.O=C(O)c1ccc2c(c1)S(=O)(=O)N=C(n1ccnc1)N2,CC(C)NC1=NS(=O)(=O)c2cc(C(=O)O)ccc2N1
CCNc1cc(B2OC(C)(C)C(C)(C)O2)cnc1C.Cc1nn(CCO[Si](C)(C)C(C)(C)C)c(C)c1-n1c(=O)n(C)c2cnc3ccc(Br)cc3c21,CCNc1cc(-c2ccc3ncc4c(c3c2)n(-c2c(C)nn(CCO)c2C)c(=O)n4C)cnc1C
C1CCOC1.CCC(=O)C(=O)O.CCN(CC)CC.CN(C)C=O.Cc1c(C)c2c(c(C)c1N)C(c1ccc(C(C)C)cc1)CO2.O.O=C(Cl)C(=O)Cl,CCC(=O)C(=O)Nc1c(C)c(C)c2c(c1C)C(c1ccc(C(C)C)cc1)CO2
C1CCNCC1.ClCCCBr.N#Cc1ccccc1O,N#Cc1ccccc1OCCCN1CCCCC1
CC(=O)O[BH-](OC(C)=O)OC(C)=O.CN1CCN(CCCN)CC1.O=Cc1cc(-c2ccc3c(c2)OCO3)n(S(=O)(=O)c2cccc(Cl)c2)c1.[Na+],CN1CCN(CCCNCc2cc(-c3ccc4c(c3)OCO4)n(S(=O)(=O)c3cccc(Cl)c3)c2)CC1
CCN(CC)CC.CCN=C=NCCCN(C)C.CN(C)C=O.CNC1=NC(=O)S/C1=C\C1CCNCC1.Cl.O.O=C(O)c1ccc(C(F)(F)F)cc1C(F)(F)F.On1nnc2ccccc21,CNC1=NC(=O)S/C1=C\C1CCN(C(=O)c2ccc(C(F)(F)F)cc2C(F)(F)F)CC1
CNCCC#N.CSC1NC(=O)C(=Cc2ccc3c(cnn3Cc3ccc(Cl)cc3C(F)(F)F)c2)S1,CN(CCC#N)C1=NC(=O)C(=Cc2ccc3c(cnn3Cc3ccc(Cl)cc3C(F)(F)F)c2)S1
C1CCOC1.CN(C)C(On1nnc2ccccc21)=[N+](C)C.CN1CCOCC1.COC(=O)c1ccc(C(C)(C)C)cn1.F[P-](F)(F)(F)(F)F.NCCc1ccc(Cl)c(Cl)c1.[K+].[OH-],CC(C)(C)c1ccc(C(=O)NCCc2ccc(Cl)c(Cl)c2)nc1
Br.C=CCn1cc(C)sc1=N.COc1ccc(Cl)cc1C(=O)Cl,C=CCn1cc(C)s/c1=N\C(=O)c1cc(Cl)ccc1OC
C1CCNCC1.CCCCCCC=O.CCO.O=C1CSC(=O)N1CCCCSc1cccc2nccn12,CCCCCCC=C1SC(=O)N(CCCCSc2cccc3nccn23)C1=O
CC(C)O.CCN(CC)CC.C[C@@H]1C[C@H](NC(=O)OC(C)(C)C)CN(c2ccncc2[N+](=O)[O-])C1.O=[N+]([O-])c1cnccc1Cl,CC1CC(NC(=O)OC(C)(C)C)CN(c2ccncc2[N+](=O)[O-])C1
CCn1nc(C2CC2)c(Cl)c1N1CCc2nc(-c3c(C)ccc4c3c(C)nn4S(=O)(=O)c3ccc(C)cc3)nc(N3CCOC[C@H]3C)c2C1.CO.O=C([O-])[O-].[K+],CCn1nc(C2CC2)c(Cl)c1N1CCc2nc(-c3c(C)ccc4[nH]nc(C)c34)nc(N3CCOC[C@H]3C)c2C1
C1CCOC1.Nc1ccc2ccc(Cl)nc2n1.O=C(O)c1ccccc1Cl,O=C(Nc1ccc2ccc(Cl)nc2n1)c1ccccc1Cl
CCN(CC)CC.CN(C)C=O.Cl.N#CC(CCCS(=O)(=O)[O-])c1ccccc1.O=C([O-])[O-].O=C1CCc2cc(C(=O)N3CCNCC3)ccc2N1.[I-].[K+].[Na+],N#CC(CCN1CCN(C(=O)c2ccc3c(c2)CCC(=O)N3)CC1)c1ccccc1
COC(=O)[C@@H](N)Cc1ccc(OCc2c(Cl)cccc2Cl)cc1.Cl.O=C(O)c1ccccn1,O=C(N[C@@H](Cc1ccc(OCc2c(Cl)cccc2Cl)cc1)C(=O)O)c1ccccn1
CCc1ccc(CSc2cc(OCOC)c(=O)n(COC)c2)cc1.COc1ccc(CCl)cc1,COCOc1cc(SCc2ccc(OC)cc2)cn(COC)c1=O
CC(C)(C)C=O.CCCCC.CNC(=O)[C@@H](N)C(C)C.O,CNC(=O)[C@@H](N=CC(C)(C)C)C(C)C
C1CCOC1.CC#N.CCO.CCOC1(c2ccc(C#Cc3ccc(CC(=O)OC)cc3)cc2C(C)(C)C)CC1.O.[Na+].[OH-],CCOC1(c2ccc(C#Cc3ccc(CC(=O)O)cc3)cc2C(C)(C)C)CC1
CCOc1ccc(C(=O)c2cc([C@]34OC[C@](COC(C)=O)(O3)[C@@H](OC(C)=O)[C@H](OC(C)=O)[C@H]4OC(C)=O)ccc2Cl)cc1.CO.[BH4-].[Na+],CCOc1ccc(C(O)c2cc([C@]34OC[C@](CO)(O3)[C@@H](O)[C@H](O)[C@H]4O)ccc2Cl)cc1
C1COCCO1.CCOC(C)=O.Nc1nc(Cl)cc(Cl)n1.O=C([O-])[O-].OC(c1ccc(-c2ccncc2)cc1)C(F)(F)F.[Cs+],Nc1nc(Cl)cc(OC(c2ccc(-c3ccncc3)cc2)C(F)(F)F)n1
CC(=O)Cl.O=C(O)C(O)Cc1ccccc1,CC(=O)OC(Cc1ccccc1)C(=O)O
CCOCC.FC(F)(F)Oc1ccccc1N1CCNCC1,FC(F)(F)Oc1ccccc1NCCN1CCN(c2ccccc2OC(F)(F)F)CC1
C1CCOC1.CC(C)(C)[O-].CCOc1ccc2c(C(=O)C(=O)OC)c[nH]c2c1.CN(C)C=O.Cn1ccc2cccc(CC(N)=O)c21.[K+],CCOc1ccc2c(C3=C(c4cccc5ccn(C)c45)C(=O)NC3=O)c[nH]c2c1
C1CCOC1.CNC.O.O=[N+]([O-])c1ccc2sc(Cl)nc2c1,CN(C)c1nc2cc([N+](=O)[O-])ccc2s1
CC(C)(C)OC(=O)Cn1c(SCc2ccccc2)nc2cc([N+](=O)[O-])ccc21.ClCCl.O=C(O)C(F)(F)F,O=C(O)Cn1c(SCc2ccccc2)nc2cc([N+](=O)[O-])ccc21
CCOC(=O)c1ccc(CC#N)cc1.Cc1cccc(C(O)c2ccccc2N2CCCCC2)c1.Clc1ccccc1Cl.O=S(=O)(O)O,CCOC(=O)c1ccc(CC(=O)NC(c2cccc(C)c2)c2ccccc2N2CCCCC2)cc1
CCN(C(C)C)C(C)C.CN(C)[C@H]1CCNC1.C[C@@H]1CCC[C@](O)(CNC(=O)c2c(Cl)ccc3nc(Cl)ccc23)C1,C[C@@H]1CCC[C@](O)(CNC(=O)c2c(Cl)ccc3nc(N4CC[C@H](N(C)C)C4)ccc23)C1
C1CCOC1.CN(C)CC1CSc2ccccc2C1=O.COc1cccc(Br)c1.[Cl-].[Mg].[NH4+],COc1cccc(C2(O)c3ccccc3SCC2CN(C)C)c1
CC(=O)OC(C)=O.COC[C@]12CC[C@H](O)CC1=CC[C@@H]1[C@@H]2CC[C@]2(C)[C@@H](O)CC[C@@H]12.c1ccncc1,COC[C@]12CC[C@H](OC(C)=O)CC1=CC[C@@H]1[C@@H]2CC[C@]2(C)[C@@H](OC(C)=O)CC[C@@H]12
COc1ccccc1CCl.Cc1c(Cl)sc2ncnc(NC3CCNCC3)c12,COc1ccccc1CN1CCC(Nc2ncnc3sc(Cl)c(C)c23)CC1
C1COCCO1.CC(C)(C)OC(=O)N1CCC2(CC2)[C@@H](Oc2cncc(-c3nn(C4CCCCO4)c4ccc(Br)cc34)n2)C1.CC1(C)OB(C2=CCOCC2)OC1(C)C.O.O=P([O-])([O-])[O-].[K+],CC(C)(C)OC(=O)N1CCC2(CC2)[C@@H](Oc2cncc(-c3nn(C4CCCCO4)c4ccc(C5=CCOCC5)cc34)n2)C1
CCN=C=NCCCN(C)C.CCOP(=O)(Cc1ccc(N)cc1)OCC.CN(C)C=O.Cl.O.O=C(O)CCc1cnoc1-c1ccc(Cl)cc1.On1nnc2ccccc21,CCOP(=O)(Cc1ccc(NC(=O)CCc2cnoc2-c2ccc(Cl)cc2)cc1)OCC
Cc1nsc(N2CCC(=O)CC2)n1.Nc1nc2n(n1)CCOC2c1ccccc1,Cc1nsc(N2CCC(Nc3nc4n(n3)CCOC4c3ccccc3)CC2)n1
C=CCNC1CCCCC1.Cc1cnc(N2CCN(CCC(c3ccccc3)c3ccccc3)CC2)cc1C(=O)O,C=CCN(C(=O)c1cc(N2CCN(CCC(c3ccccc3)c3ccccc3)CC2)ncc1C)C1CCCCC1
C1CCOC1.CC(C)(C)OC(=O)N1CC(CC=O)C1.CC(C)(C)[O-].CCOP(=O)(CC#N)OCC.[K+],CC(C)(C)OC(=O)N1CC(CC=CC#N)C1
CC(=O)[O-].CC(C)(C)OC(=O)N1CCN(Cc2cnc(F)c(B(O)O)c2)CC1.CCO.CN(C)c1ccc(P(C(C)(C)C)C(C)(C)C)cc1.Cc1nc(Cl)c2ncn(C3CCCCO3)c2n1.Cl[Pd]Cl.O.[K+],Cc1nc(-c2cc(CN3CCN(C(=O)OC(C)(C)C)CC3)cnc2F)c2ncn(C3CCCCO3)c2n1
CN1CCNCC1.COc1ccc(CN(Cc2ccc(OC)cc2)c2ncc(-c3nc(N4CCOCC4)nc4c3CCN4)cn2)cc1.COc1ccc(CN(Cc2ccc(OC)cc2)c2ncc(-c3nc(N4CCOCC4)nc4c3CCN4C(=O)Nc3cc(N4CCN(C)CC4)ccc3C)cn2)cc1.Cc1ccc(N2CCN(C)CC2)cc1N.Cc1ccc(N2CCOCC2)cc1N,Cc1ccc(N2CCN(C)CC2)cc1NC(=O)N1CCc2c(-c3cnc(N)nc3)nc(N3CCOCC3)nc21
CC#N.CCN(C(C)C)C(C)C.ClCc1ccccc1.Nc1ccc2c(c1)CNN2CC(O)(Cn1cncn1)c1ccc(F)cc1F,OC(CN1NCc2cc(NCc3ccccc3)ccc21)(Cn1cncn1)c1ccc(F)cc1F
CC(=O)c1cnc2c(c(C)nn2Cc2ccco2)c1NC1CCCC1.O=P(O)(O)O,CC(=O)c1cnc2[nH]nc(C)c2c1NC1CCCC1
Cc1cccc(C)c1B(O)O.Cc1ccccc1CO.O.O=C([O-])[O-].OCc1ccc(Br)cc1.[Na+].c1ccc([PH](c2ccccc2)(c2ccccc2)[Pd]([PH](c2ccccc2)(c2ccccc2)c2ccccc2)([PH](c2ccccc2)(c2ccccc2)c2ccccc2)[PH](c2ccccc2)(c2ccccc2)c2ccccc2)cc1,Cc1cccc(C)c1-c1ccc(CO)cc1
CCO.CCOC(=O)C(C#N)=C(C)OCC.Cl.NNc1ccc(C(F)(F)F)cn1.O,CCOC(=O)c1c(C)nn(-c2ccc(C(F)(F)F)cn2)c1N
C1CCOC1.CCC[Mg]Br.COC(=O)c1ccc(Cl)c2nc3n(c12)CCCN3c1ccc(Cl)cc1Cl,CCCC(O)(CCC)c1ccc(Cl)c2nc3n(c12)CCCN3c1ccc(Cl)cc1Cl
Cl.NN1CC(=O)NC1=O.O=C(O)C=Cc1cccc(F)c1.O=S(Cl)Cl.c1ccncc1,O=C(C=Cc1cccc(F)c1)NN1CC(=O)NC1=O
CN1CCCC1=O.COc1ccc(Cn2cnc3c(-c4cccnc4F)ncnc32)cc1.Cc1ccc2c(=O)[nH]ccc2c1O.O=C([O-])[O-].[Cs+],COc1ccc(Cn2cnc3c(-c4cccnc4Oc4c(C)ccc5c(=O)[nH]ccc45)ncnc32)cc1
CCC12C(=O)CCC1C2C(=O)O.[Na+].[OH-],O=C(O)C1C2CCC(=O)C21
C1CNCCN1.CCCCO.[O-][n+]1cccc(F)c1Cl,[O-][n+]1cccc(F)c1N1CCNCC1
CN(C)C=O.NC1=N[C@@]2(CO1)c1cc(Br)ccc1Oc1c(F)cc(O)cc12.O.O=C([O-])[O-].OB(O)c1cccnc1F.[Na+].c1ccc([PH](c2ccccc2)(c2ccccc2)[Pd]([PH](c2ccccc2)(c2ccccc2)c2ccccc2)([PH](c2ccccc2)(c2ccccc2)c2ccccc2)[PH](c2ccccc2)(c2ccccc2)c2ccccc2)cc1,NC1=N[C@@]2(CO1)c1cc(-c3cccnc3F)ccc1Oc1c(F)cc(O)cc12
C1CCOC1.ClCCl.O.O=C(O)c1ccc(Cl)nc1Cl.OCC(F)F.[H-].[Na+],O=C(O)c1ccc(Cl)nc1OCC(F)F
CC(C)[O-].CCO.C[C@@H](N)[C@](O)(Cn1cncn1)c1ccc(F)cc1F.O=C1CCN(c2ccccc2F)CC1.[BH3-]C#N.[Na+].[Ti+4],C[C@@H](NC1CCN(c2ccccc2F)CC1)[C@](O)(Cn1cncn1)c1ccc(F)cc1F
CS(=O)(=O)c1nccc(-c2ccnn2-c2ccccc2)n1.Nc1cccc(Cl)c1,Clc1cccc(Nc2nccc(-c3ccnn3-c3ccccc3)n2)c1
Cc1onc(-c2ccccc2)c1COc1ccc(N)nn1.O=C(Cl)C1CCCC1,Cc1onc(-c2ccccc2)c1COc1ccc(NC(=O)C2CCCC2)nn1
C1CCOC1.Cl.Nc1cc(Cl)nc(Cl)n1.O=[N+]([O-])c1cc([N+](=O)[O-])c(Cl)c(C(F)(F)F)c1.[K+].[OH-],NC1=NC(Cl)N(c2c([N+](=O)[O-])cc([N+](=O)[O-])cc2C(F)(F)F)C(Cl)=C1
CC(=O)O[BH-](OC(C)=O)OC(C)=O.CC1CCCO1.CCOC(CN)OCC.O=CC1CCCCC1.[Na+].[OH-],CCOC(CNCC1CCCCC1)OCC
COC(=O)c1cccc2nc(-c3ccc(CN4CCNCC4)cc3)oc12.O.[NH4+],NC(=O)c1cccc2nc(-c3ccc(CN4CCNCC4)cc3)oc12
ClCCl.NCCCCN1CCN(c2cncc(Cl)n2)CC1.O=C1OC(=O)C2CCCC1O2,O=C1C2CCCC(O2)C(=O)N1CCCCN1CCN(c2cncc(Cl)n2)CC1
CC(C)(C)c1cc2nnc(-c3cc(F)ccc3F)n2nc1Cl.CN(C)C=O.Cn1ncnc1CO.O.[H-].[Na+],Cn1ncnc1COc1nn2c(-c3cc(F)ccc3F)nnc2cc1C(C)(C)C
CC(C)(C)OC(=O)N[C@@H](CCC(=O)OCC(Cl)(Cl)Cl)C(=O)OCc1ccccc1.CCO.[Pd],CC(C)(C)OC(=O)N[C@@H](CCC(=O)OCC(Cl)(Cl)Cl)C(=O)O
CN(C)C=O.O.O=C([O-])[O-].O=C1OCCO1.O=[N+]([O-])c1ccc2c(c1)c(-c1ccc(F)c(O)c1)nn2C(c1ccccc1)(c1ccccc1)c1ccccc1.[K+],O=[N+]([O-])c1ccc2c(c1)c(-c1ccc(F)c(OCCO)c1)nn2C(c1ccccc1)(c1ccccc1)c1ccccc1
CC1CN(Cc2ccccc2Cl)CC(CN2C(=O)c3ccccc3C2=O)O1.CCO.NN.O,CC(=O)NCC1CN(Cc2ccccc2Cl)CC(C)O1
CC(=O)O.CC(=O)O[BH-](OC(C)=O)OC(C)=O.CCc1cccc(CC)c1NC(=O)c1nn(C)c2c1CCc1cnc(Nc3ccc(C=O)cc3OC)nc1-2.CN1CCNCC1.ClCCl.[Na+],CCc1cccc(CC)c1NC(=O)c1nn(C)c2c1CCc1cnc(Nc3ccc(CN4CCN(C)CC4)cc3OC)nc1-2
CCOCC.COCCCCBr.O=C(c1ccccc1)c1ccccc1.[Mg],COCCCCC(O)(c1ccccc1)c1ccccc1
CCOC(=O)c1cccc(N=C=O)c1.COc1cc2nccc(Oc3ccc(N)cc3)c2cc1OC.Cc1ccccc1,CCOC(=O)c1cccc(NC(=O)Nc2ccc(Oc3ccnc4cc(OC)c(OC)cc34)cc2)c1
CC(C)(C)c1cc(NC(=O)NNC(=O)c2ccc([N+](=O)[O-])cc2)cc(C(C)(C)C)c1O.CCO.[H][H].[Pd],CC(C)(C)c1cc(NC(=O)NNC(=O)c2ccc(N)cc2)cc(C(C)(C)C)c1O
CCO.CCOC(=O)C(=O)Nc1cccc(OC)c1C(N)=O.N,COc1cccc(NC(=O)C(N)=O)c1C(N)=O
CC(C)(N)Cc1ccc(Oc2ccccn2)cc1.c1ccc2c(c1)[nH]c1cccc(OC[C@@H]3CO3)c12,CC(C)CN(C[C@H](O)COc1cccc2[nH]c3ccccc3c12)c1ccc(Oc2ccccn2)cc1
C1CCOC1.CCOC(=O)C(C)C(=O)OCC.CCOCC.Cc1ccc2cc(CBr)ccc2c1.O.[Cl-].[H-].[K+].[NH4+].[Na+].[OH-],Cc1ccc2cc(CC(C)(C(=O)O)C(=O)O)ccc2c1
C1COCCO1.CC(=O)C1=C2OCOC2(C(=O)OCCC#N)C(COCCN=[N+]=[N-])C(N2C=CCC=C2)=C1C.[Na+].[OH-],CC(=O)c1c(C)c(N2C=CCC(C(=O)O)=C2)c(COCCN=[N+]=[N-])c2c1OCO2
CCCc1ccc(S)cc1.CN1CCN(c2cc(Cl)nc(-c3ccccc3)n2)CC1,CCCc1ccc(Sc2cc(N3CCN(C)CC3)nc(-c3ccccc3)n2)cc1
Br.CCN=C=NCCCN(C)C.ClCCl.FC(F)(F)c1ccc2c(c1)CNC2.O=C(O)CN1CCC(c2ccc(F)cc2)(c2ccc(F)cc2)C1=O,O=C(CN1CCC(c2ccc(F)cc2)(c2ccc(F)cc2)C1=O)N1Cc2ccc(C(F)(F)F)cc2C1
CCN(CC)CC.COC[C@H]1OC(=O)c2coc3c2[C@@]1(C)C1=C(C3=O)[C@@H]2CC[C@H](O)[C@@]2(C)C[C@H]1OC(C)=O.Cl.ClCCl.c1ccc(CNCC23CCCN(CCC2)C3)cc1,COCC1OC(=O)C(=CN(Cc2ccccc2)CC23CCCN(CCC2)C3)C2=C(O)C(=O)C3=C(C(OC(C)=O)CC4(C)C(O)CCC34)C21C
COc1ccc(C(N)=O)c(N)c1C.NC(=O)c1ccccc1.O=C(Cl)c1cccc(F)c1,COc1ccc2c(O)nc(-c3cccc(F)c3)nc2c1C
C1CCOC1.CCN(C(C)C)C(C)C.Nc1c[nH]nc1-c1nc2cc(CN3CCOCC3)ccc2[nH]1.O=C(Cl)N1CCOCC1,NC(=O)N(c1c[nH]nc1-c1nc2cc(CN3CCOCC3)ccc2[nH]1)N1CCOCC1
CCCC[B+]CCCC.CCN(CC)CC.ClCCl.O=C(CCCSc1ccccc1)N1C(=O)OCC1Cc1ccccc1.O=CCCCCc1ccccc1.O=S(=O)([O-])C(F)(F)F,O=C1OCC(Cc2ccccc2)N1C(=O)C(CCSc1ccccc1)C(O)CCCCc1ccccc1
O=C(O)c1ccccc1-c1cccs1.c1ccc(-c2ccnc(N3CC4CNCC4C3)n2)cc1,O=C(c1ccccc1-c1cccs1)N1CC2CN(c3nccc(-c4ccccc4)n3)CC2C1
BrCCCCCCBr.O.OCCCc1ncccc1OCc1ccccc1.[Na+].[OH-],BrCCCCCCOCCCc1ncccc1OCc1ccccc1
C[C@@H]1CN(c2ccc3ncn([C@H](C)c4ccc(Cl)cc4Cl)c3c2)CCN1C(=O)[C@H]1CCCN1C(=O)OC(C)(C)C.ClCCl.O=C(O)C(F)(F)F,C[C@@H]1CN(c2ccc3ncn([C@H](C)c4ccc(Cl)cc4Cl)c3c2)CCN1C(=O)[C@H]1CCCN1
CCOC(=O)N=S(C)(=O)c1ccc(Nc2ncc(-c3ccsc3)c(N[C@H](CO)CC(C)C)n2)cc1.CC[O-].[Na+],CC(C)C[C@@H](CO)Nc1nc(Nc2ccc(S(C)(=N)=O)cc2)ncc1-c1ccsc1
CCCCO.CCN(CC)CC.Cc1nc(N)nc(Cl)c1CCCl.NCc1ccccc1,Cc1nc(N)nc2c1CCN2Cc1ccccc1
CC(=O)OI1(OC(C)=O)(OC(C)=O)OC(=O)c2ccccc21.COc1cc(NC(=O)c2sc(-c3ccc(Cl)cc3)nc2CCO)ccc1O[Si](C(C)C)(C(C)C)C(C)C.ClCCl.[Na+].[OH-],COc1cc(-n2ccc3nc(-c4ccc(Cl)cc4)sc3c2=O)ccc1O[Si](C(C)C)(C(C)C)C(C)C
CCOP(=O)(CP(=O)(OCC)OCC)OCC.CN(C)C=O.COc1cc(COc2nn(-c3ccccc3)cc2/C=C/C=O)ccc1OCc1nc(-c2ccco2)oc1C.O.[H-].[Na+],CCOP(=O)(/C=C/C=C/c1cn(-c2ccccc2)nc1OCc1ccc(OCc2nc(-c3ccco3)oc2C)c(OC)c1)OCC
CCCCCCCCc1ccc(C(=O)Cl)cc1.CCCCCCCCc1ccc(C(=O)N=C=S)cc1.CCCCCCCCc1ccc(C(=O)O)cc1.CCO.COc1cc2nccc(Oc3ccc(N)cc3)c2cc1OC.Cc1ccccc1.O=S(Cl)Cl,CCCCCCCCc1ccc(C(=O)NC(=S)Nc2ccc(Oc3ccnc4cc(OC)c(OC)cc34)cc2)cc1
C1CCNCC1.CCOC(=O)C=C(C)CCC=C(C)CCC=C(C)CCC=C(C)CCC=C(C)C(=O)O,CCOC(=O)C=C(C)CCC=C(C)CCC=C(C)CCC=C(C)CCC=C(C)C(=O)N1CCCCC1
NC(=O)c1cnc(Cl)c2c1[nH]c1ccccc12.[NH4+].[OH-],NC(=O)c1cnc(N)c2c1[nH]c1ccccc12
COc1cc(-c2cn(C3CCOCC3)c3ncnc(N)c23)ccc1NC(=O)Oc1ccccc1.O=C1CC[C@@H](CO)N1.c1ccncc1,COc1cc(-c2cn(C3CCOCC3)c3ncnc(N)c23)ccc1NC(=O)OC[C@@H]1CCC(=O)N1
CC#N.CCOC(C)=O.O=C([O-])[O-].O=[N+]([O-])c1cnc(Cl)nc1N[C@@H]1CCOc2c(F)cccc21.[K+].c1cc2nc[nH]c2cn1,O=[N+]([O-])c1cnc(-n2cnc3ccncc32)nc1N[C@@H]1CCOc2c(F)cccc21
CCOC(C)=O.COC(=O)c1cccc([N+](=O)[O-])c1I.[Ni],COC(=O)c1cccc(N)c1I
CC1(C)CNCCO1.CC1(C)OCCn2c1nc1c(Cl)nc(Cl)nc12.CCN(CC)CC,CC1(C)CN(c2nc(Cl)nc3c2nc2n3CCOC2(C)C)CCO1
CN(C)C=O.COC(=O)CBr.O=C(Nc1cc[nH]c(=O)n1)OCc1ccccc1.O=C([O-])[O-].[K+],O=C(O)Cn1ccc(NC(=O)OCc2ccccc2)nc1=O
COC(=O)C=P(c1ccccc1)(c1ccccc1)c1ccccc1.ClCCl.O=Cc1ccccn1,COC(=O)C=Cc1ccccn1
CC(C)(C)OC(=O)N1CCC(C(=O)O)CC1.CCN(C(C)C)C(C)C.ClCCl.F[P-](F)(F)(F)(F)F.O=C(NC(CCCc1ccccc1)CCCc1ccccc1)C1CCNCC1.c1ccc2c(c1)nnn2O[P+](N1CCCC1)(N1CCCC1)N1CCCC1,CC(C)(C)OC(=O)N1CCC(C(=O)N2CCC(C(=O)NC(CCCc3ccccc3)CCCc3ccccc3)CC2)CC1
CC(C)(C)OC(=O)OC(=O)OC(C)(C)C.CC(C)[Si](O[C@@H]1C=C2NC[C@H]3[C@@H]4CC(=O)C[C@@]4(C)CC[C@@H]3[C@@]2(C)CC1)(C(C)C)C(C)C.N#N.c1ccncc1,CC(C)[Si](O[C@@H]1C=C2N(C(=O)OC(C)(C)C)C[C@H]3[C@@H]4CC(=O)C[C@@]4(C)CC[C@@H]3[C@@]2(C)CC1)(C(C)C)C(C)C
CC(=O)OC(C)=O.Nc1nc(-c2ccccc2)c(CCO)c2ncnn12.c1ccncc1,CC(=O)OCCc1c(-c2ccccc2)nc(N)n2ncnc12
CCCI.CN(C)C=O.O=C([O-])[O-].O=C(c1c[nH]c2cc(Cl)ccc12)C(F)(F)F.[K+],CCCn1cc(C(=O)C(F)(F)F)c2ccc(Cl)cc21
BrCc1ccc2ccccc2c1.COC1(C#CCO)CCOCC1.Cn1c(=O)ccc2cc(CBr)ccc21,COC1(/C=C/COCc2ccc3c(ccc(=O)n3C)c2)CCOCC1
C1COCCO1.CC(C)(C)OC(=O)N[C@H]1COCC[C@H]1N.CCN(C(C)C)C(C)C.CCOC(C)=O.Cc1cccc(Nc2cc(Cl)nnc2C(N)=O)n1.O,Cc1cccc(Nc2cc(N[C@@H]3CCOC[C@@H]3NC(=O)OC(C)(C)C)nnc2C(N)=O)n1
CC(=O)OC[C@H]1OC(OC(C)=O)[C@H](OC(C)=O)[C@@H](N=[N+]=[N-])[C@H]1OC(C)=O.CCO.CCOCC.Cl.[Pd],COc1cc(OC)cc(C(=O)N[C@@H]2[C@@H](OC(C)=O)C(OC(C)=O)O[C@H](COC(C)=O)[C@@H]2OC(C)=O)c1
Brc1ccc2nc(NCC3CCCCC3)sc2c1.CCO.COc1ccc(S(=O)(=O)Nc2cc(B3OC(C)(C)C(C)(C)O3)cnc2Cl)cc1.O=C([O-])O.[Na+].c1ccc([PH](c2ccccc2)(c2ccccc2)[Pd]([PH](c2ccccc2)(c2ccccc2)c2ccccc2)([PH](c2ccccc2)(c2ccccc2)c2ccccc2)[PH](c2ccccc2)(c2ccccc2)c2ccccc2)cc1,COc1ccc(S(=O)(=O)Nc2cc(-c3ccc4nc(NCC5CCCCC5)sc4c3)cnc2Cl)cc1
C1CCOC1.CCO.CCOC(=O)C(=O)c1c(C)sc(Cl)c1Br.[BH4-].[Na+],CCOC(=O)C(O)c1c(C)sc(Cl)c1Br
COC(=O)c1ccc(OCc2c(-c3ccc(Cl)cc3)noc2C)nc1.NC1CCOCC1,Cc1onc(-c2ccc(Cl)cc2)c1COc1ccc(C(=O)NC2CCOCC2)cn1
Cc1n[nH]c(=O)c2cc3ccccn3c12.O=P(Cl)(Cl)Cl.[Na+].[OH-],Cc1nnc(Cl)c2cc3ccccn3c12
CCOC(=O)C(C)Br.CN(C)C=O.O=C([O-])[O-].[K+].c1c[nH]cn1,CCOC(=O)C(C)n1ccnc1
Nc1ccc(Cc2ccccc2)cc1Br.OB(O)c1ccc(F)c(Cl)c1,Nc1ccc(Cc2ccccc2)cc1-c1ccc(F)c(Cl)c1
CN(C)C=O.Cl.O=C(O)Cc1ccncc1.On1nnc2ccccc21.c1ccc2c(c1)CCc1ccccc1C2=C1CCNCC1,O=C(Cc1ccncc1)N1CCC(=C2c3ccccc3CCc3ccccc32)CC1
Cl.[Rh].c1ccc(-c2ncc[nH]2)cc1,c1c[nH]c(C2CCCCC2)n1
C[C@H](N)C(=O)O.O=C(Cl)c1ccc([N+](=O)[O-])cc1.[Na+].[OH-],C[C@H](NC(=O)c1ccc([N+](=O)[O-])cc1)C(=O)O
CC(C)(C)OC(=O)N1[C@H](CN)C[C@@H]2C[C@@H]21.O=C(O)c1noc2ccccc12,CC(C)(C)OC(=O)N1[C@H](CNC(=O)c2noc3ccccc23)C[C@@H]2C[C@@H]21
CCOC(=O)Cl.Nc1ccc(Oc2ccccc2)cc1.c1ccncc1,CCOC(=O)Nc1ccc(Oc2ccccc2)cc1
C1COCCO1.CC(C)(C)OC(=O)NCC1(CCO[Si](C)(C)C(C)(C)C)CCN(c2nc(Nc3ccc4c(c3)NC(=O)C(C)(C)O4)nc3ccoc23)CC1.CC(C)(C)OC(=O)OC(=O)OC(C)(C)C.CC(C)(C)[Si](C)(C)Cl.CC(C)(C)[Si](C)(C)OCCI.CC1(C)Oc2ccc(N)cc2NC1=O.Cl.Clc1nc(Cl)c2occc2n1.N#CC1CCN(Cc2ccccc2)CC1.OCCI,CC1(C)Oc2ccc(Nc3nc(N4CCC(CN)(CCO)CC4)c4occc4n3)cc2NC1=O
CC(C)=O.COS(=O)(=O)OC.O.O=C([O-])[O-].Oc1cc(F)ccc1F.[K+],COc1cc(F)ccc1F
N=C(NO)c1ccc(S(N)(=O)=O)cc1.O=C(O)c1cnc2ccc(-c3ccc(C(F)(F)F)cc3)cn12,NS(=O)(=O)c1ccc(-c2noc(-c3cnc4ccc(-c5ccc(C(F)(F)F)cc5)cn34)n2)cc1
CN(C)c1ccncc1.COC(=O)c1sccc1N.ClCCl.O=S(=O)(Cl)c1ccc(C(F)(F)F)cc1Br.c1ccncc1,COC(=O)c1sccc1NS(=O)(=O)c1ccc(C(F)(F)F)cc1Br
CN(C)C=O.Fc1ccc(-n2cccc2)cc1.O=C([O-])[O-].O=P(Cl)(Cl)Cl.[K+],O=Cc1cccn1-c1ccc(F)cc1
C1CCOC1.CC(C)(C)[PH]([Pd][PH](C(C)(C)C)(C(C)(C)C)C(C)(C)C)(C(C)(C)C)C(C)(C)C.CC1=Cc2c(ccc(C)c2Br)C1[Si](C)(C)C1C(C)=Cc2c1ccc(C)c2Br.FC(F)(F)c1cc([Mg]Br)cc(C(F)(F)F)c1.[Cl-].[Zn+2],CC1=Cc2c(ccc(C)c2-c2cc(C(F)(F)F)cc(C(F)(F)F)c2)C1[Si](C)(C)C1C(C)=Cc2c1ccc(C)c2-c1cc(C(F)(F)F)cc(C(F)(F)F)c1
C1COCCO1.CC(=O)Cn1cc(Br)cn1.Cc1cc(Nc2nccc(C(F)F)n2)cc(B2OC(C)(C)C(C)(C)O2)c1.ClCCl.Cl[Pd]Cl.O.O=C([O-])[O-].[Fe+2].[Na+].c1ccc(P(c2ccccc2)[c-]2cccc2)cc1,CC(=O)Cn1cc(-c2cc(C)cc(Nc3nccc(C(F)F)n3)c2)cn1
CC(C)(C)OC(=O)N1CCCCC1CONC(=O)[C@@H]1CC[C@@H]2CN1C(=O)N2OCc1ccccc1.CO.[Pd],CC(C)(C)OC(=O)N1CCCCC1CONC(=O)[C@@H]1CC[C@@H]2CN1C(=O)N2O
BrB(Br)Br.COc1cccc(Cn2nnc3c(-c4ccco4)nc(N)nc32)c1.ClCCl,Nc1nc(-c2ccco2)c2nnn(Cc3cccc(O)c3)c2n1
CC(=O)O.CCO.Cc1ccc(C=O)s1.NNC(=O)c1ccc(O)cc1,Cc1ccc(C=NNC(=O)c2ccc(O)cc2)s1
C1CCOC1.CCN=C=O.CCO.Cc1ccn2c(Cc3ccc(O)c(N)c3)c(C)nc2c1,CCNC(=O)Nc1cc(Cc2c(C)nc3cc(C)ccn23)ccc1O
CCOC(C)=O.CO.COC(=O)c1cc(C(C)=O)ccc1OC.COC(OC)N(C)C,COC(=O)c1cc(C(=O)/C=C/N(C)C)ccc1OC
CC#N.CC(C)(C)ON=O.CCOC(=O)c1cc(Cl)c(C)[nH]1.COCc1nc(N)sc1C(=O)OC,COCc1nc(Cl)sc1C(=O)OC
C1CCOC1.CC(C)(C)[Si](C)(C)O[C@@H]1C[C@@H](C=O)N(Cc2ccccc2)C1.CCCCCC.Cn1cncn1.[Li]CCCC,Cn1ncnc1C(O)[C@@H]1C[C@@H](O[Si](C)(C)C(C)(C)C)CN1Cc1ccccc1
C1CCNCC1.COc1c(C)c(C=O)c(OC)c(OC)c1OC.O=C(O)CC(=O)O.c1ccncc1,COC1=C(OC)C(OC)C(C=CC(=O)O)(OC)C=C1C
Cc1ccc(C(=O)CC(=O)C(F)(F)F)cc1C(F)(F)F.Nc1n[nH]cc1-c1cccnc1,Cc1ccc(-c2cc(C(F)(F)F)n3ncc(-c4cccnc4)c3n2)cc1C(F)(F)F
CCN(C(C)C)C(C)C.COCCOCCl.ClCCl.O=C([O-])O.[Na+].c1cn[nH]c1,COCCOCn1cccn1
CCCCC.CI.CN(C)C=O.O=C1CCCc2cc(CCN3CCN(c4nsc5ccccc45)CC3)ccc2N1.[H-].[Na+],CN1C(=O)CCCc2cc(CCN3CCN(c4nsc5ccccc45)CC3)ccc21
CC(Br)OC(=O)C(C)C.CON=C(C(=O)NC1C(=O)N2C(C(=O)[O-])=CCS[C@H]12)c1csc(N)n1.[I-].[Na+],CON=C(C(=O)NC1C(=O)N2C(C(=O)OC(C)OC(=O)C(C)C)=CCS[C@H]12)c1csc(N)n1
CN(C)C=O.CN1CCN(Cc2ccc(I)cc2F)CC1.Cc1c[nH]c(=O)c(C)c1.ClCCl.O.O=C([O-])[O-].[Cu]I.[K+],Cc1cc(C)c(=O)n(-c2ccc(CN3CCN(C)CC3)c(F)c2)c1
FC(F)CI.FCCBr.O=C(Nc1cccc(C2CCNCC2)n1)Nc1ccnc2c(F)cccc12,O=C(Nc1cccc(C2CCN(CC(F)F)CC2)n1)Nc1ccnc2c(F)cccc12
CCCCCCCN.CCN=C=NCCCN(C)C.CCOC(=O)CCCc1cc(C(=O)c2cccc(NC(C)C(=O)O)c2)c2ccccn12.Cl.ClCCl.On1nnc2ccccc21,CCCCCCCNC(=O)C(C)Nc1cccc(C(=O)c2cc(CCCC(=O)OCC)n3ccccc23)c1
CC(=O)c1cc(Cl)ccc1O.CCO.Cc1ccc(C=O)cc1.Cl.OO.[Na+].[OH-],Cc1ccc(-c2oc3ccc(Cl)cc3c(=O)c2O)cc1
C1CCOC1.CC(C)C(=O)Nc1cccc(C2CCN(CCCN)CC2)c1.Cc1ccc(S(=O)(=O)Cl)cc1.O,Cc1ccc(S(=O)(=O)NCCCN2CCC(c3cccc(NC(=O)C(C)C)c3)CC2)cc1
CC(C)=O.CCOC(=O)CBr.C[C@H](Nc1nccc(-n2cnc3ccccc32)n1)[C@@H]1CN(C(=O)Nc2cccc3ccccc23)CCN1.O.O=C([O-])[O-].[K+],CCOC(=O)CN1CCN(C(=O)Nc2cccc3ccccc23)C[C@H]1[C@H](C)Nc1nccc(-n2cnc3ccccc32)n1
CCOC(=O)C(=CNc1ccc(C#N)cc1Br)C(=O)OCC.c1ccc(Oc2ccccc2)cc1,CCOC(=O)c1cnc2c(Br)cc(C#N)cc2c1O
CCO.Cc1c([C@@H](O)CN2CCNCC2)ccc2c1COC2=O.Cc1cc(C2CO2)ncc1C#N,Cc1cc(C(O)CN2CCN(C[C@H](O)c3ccc4c(c3C)COC4=O)CC2)ncc1C#N
C1CCC2=NCCCN2CC1.C1CCOC1.CCOC(C)=O.COC(=O)[C@H](Cc1ccc(-c2ccccc2C(=O)O)cc1)NC(=O)c1c(Cl)cccc1Cl.CS(N)(=O)=O.O=C(n1ccnc1)n1ccnc1,COC(=O)[C@H](Cc1ccc(-c2ccccc2C(=O)NS(C)(=O)=O)cc1)NC(=O)c1c(Cl)cccc1Cl
CC#N.CC(C)(C)c1ccc(C(=O)Cl)cc1.CS(=O)(=O)O.Cl.NCc1ccc2c(c1)CN(C1CCC(=O)NC1=O)C2=O,CC(C)(C)c1ccc(C(=O)NCc2ccc3c(c2)CN(C2CCC(=O)NC2=O)C3=O)cc1
C1CCOC1.CCN(C(C)C)C(C)C.CN(C)C(On1nnc2ccccc21)=[N+](C)C.COCC[C@H](N)c1nc2cc(Cl)ccc2[nH]1.Cc1cc(C(=O)O)ccc1N1CCOCC1=O.F[B-](F)(F)F,COCC[C@H](NC(=O)c1ccc(N2CCOCC2=O)c(C)c1)c1nc2cc(Cl)ccc2[nH]1
C1CCOC1.CN1CCNCC1.O=C(O)CCNS(=O)(=O)c1ccccc1[N+](=O)[O-].O=C(n1ccnc1)n1ccnc1,CN1CCN(C(=O)CCNS(=O)(=O)c2ccccc2[N+](=O)[O-])CC1
CCN(C(C)C)C(C)C.CN1CCCC1=O.Cl.NC(=O)c1c2c(c(Cl)n3c1nc1ccccc13)CCC2.O.OCC12CCNCC1C2,NC(=O)c1c2c(c(N3CCC4(CO)CC4C3)n3c1nc1ccccc13)CCC2
Cc1nc(O)c([N+](=O)[O-])c(C)c1C#N.O.O=P(Cl)(Cl)Cl,Cc1nc(Cl)c([N+](=O)[O-])c(C)c1C#N
CCN(CC)CC.CS(C)=O.ClCCl.O=C(CCc1ccccc1)N1CCC(O)CC1.O=C(Cl)C(=O)Cl,O=C1CCN(C(=O)CCc2ccccc2)CC1
C=C(C)[C@@H]1CC[C@]2(C=O)CC[C@]3(C)[C@H](CC[C@@H]4[C@@]5(C)CC=C(c6ccc(C(=O)OC(C)(C)C)cc6)C(C)(C)[C@@H]5CC[C@]43C)[C@@H]12.CC(=O)O.CC(=O)O[BH-](OC(C)=O)OC(C)=O.CN(C)CCN.ClCCCl.[Na+],C=C(C)[C@@H]1CC[C@]2(CNCCN(C)C)CC[C@]3(C)[C@H](CC[C@@H]4[C@@]5(C)CC=C(c6ccc(C(=O)OC(C)(C)C)cc6)C(C)(C)[C@@H]5CC[C@]43C)[C@@H]12
CN(C)C=O.Nc1cc[nH]n1.Nc1ccc(F)c(F)c1.Nc1ccccc1.O,NC1=NN=CC1=NNc1ccc(F)c(F)c1
CC#N.COC(=O)c1cccc(-c2ccc(C)nn2)c1.Cc1ccc(Cl)nn1.O=C(O)c1cccc(B(O)O)c1.O=C([O-])[O-].O=S(Cl)Cl.[Na+],Cc1ccc(-c2cccc(C(=O)CC(=O)OC(C)(C)C)c2)nn1
CN(C)S(=O)(=O)NC(=O)c1cc(Cl)c(F)cc1F.CS(=O)(=O)NC(=O)c1cc(Cl)c(F)cc1F.OCC12CC3CC(CC(C3)C1)C2.OCC12CC3CC(CC(Cl)(C3)C1)C2,CN(C)S(=O)(=O)NC(=O)c1cc(Cl)c(OCC23CC4CC(CC(Cl)(C4)C2)C3)cc1F
CC(C)(C)C(=O)n1ncc2cc(NC3C4CCC3N(Cc3ccccc3)C4)ccc21.CO.O=C([O-])[O-].[K+],c1ccc(CN2CC3CCC2C3Nc2ccc3[nH]ncc3c2)cc1
C1CCOC1.CC(C)(C)c1cc([N+](=O)[O-])c(C(=O)O)[nH]1.CCN=C=NCCCN(C)C.CN.CN(C)C=O.CN1CCOCC1.Cl.O.O=C(O)CC(O)(CC(=O)O)C(=O)O,CNC(=O)c1[nH]c(C(C)(C)C)cc1[N+](=O)[O-]
COc1ccc([C@@H](C)N2C[C@H]([C@@H](C)Oc3nc(-c4ccc(OC)c(OC)c4)cc4ncn(C5CC5)c34)CC2=O)cc1.O=C(O)C(F)(F)F,COc1ccc(-c2cc3ncn(C4CC4)c3c(O[C@H](C)[C@H]3CNC(=O)C3)n2)cc1OC
CO.O=C1OCC(c2ccccc2)=N[C@H]1Cc1ccccc1.[Pd],O=C1OC[C@@H](c2ccccc2)N[C@H]1Cc1ccccc1
BrCc1cccc2ccccc12.CC1(C)NN(C2C3CC4CC(C3)CC2C4)C1=O,CC1(C)C(=O)N(C2C3CC4CC(C3)CC2C4)N1Cc1cccc2ccccc12
C1COCCO1.CC(C)N=C=O.Cc1ccc(N)cc1C(=O)c1ccc(Nc2ccc(F)cc2F)cc1Cl,Cc1ccc(NC(=O)NC(C)C)cc1C(=O)c1ccc(Nc2ccc(F)cc2F)cc1Cl
CCO.CC[O-].Cc1ccc(S)cc1.O=[N+]([O-])C(=C(Cl)Cl)C(Cl)=C(Cl)Cl.[Na+],Cc1ccc(SC(Sc2ccc(C)cc2)=C(C(Cl)=C(Cl)Cl)[N+](=O)[O-])cc1
C1CCNCC1.CCO.CCc1ccc(CCOc2ccc(C=O)cc2)nc1.O=C1CSC(=O)N1,CCc1ccc(CCOc2ccc(C=C3SC(=O)NC3=O)cc2)nc1
C1COCCO1.Cl.O.O=C(O)c1cn(C2CC2)c2c(F)c(N3CCNCC3)c(F)cc2c1=O.O=C1CCC(=O)O1.[Na+].[OH-],O=C(O)CCC(=O)N1CCN(c2c(F)cc3c(=O)c(C(=O)O)cn(C4CC4)c3c2F)CC1
COc1cccc(C(=O)NNC(=O)c2cc(I)cc(I)c2)c1.O=P(Cl)(Cl)Cl,COc1cccc(-c2nnc(-c3cc(I)cc(I)c3)o2)c1
C1COCCO1.CC[C@@H](Nc1cnc(Cl)c(C(OC)OC)c1)c1ccc(Cl)c(C)c1.C[Zn]C.ClCCl.Cl[Pd]Cl.[Fe+2].c1ccc(P(c2ccccc2)[c-]2cccc2)cc1,CC[C@@H](Nc1cnc(C)c(C(OC)OC)c1)c1ccc(Cl)c(C)c1
CO.COC(=O)C1=CO[C@@H](O[C@@H]2O[C@H](CO)[C@@H](O)[C@H](O)[C@H]2O)[C@@H]2C(CO)=CC[C@H]12.ClC(Cl)Cl.O.O=S(=O)(O)O,COC(=O)C1=CO[C@@H](O)[C@@H]2C(CO)=CC[C@H]12
CCCCCCC(=O)N(C)Cc1cccc(-c2ccc(C=C(CC(=O)OCC)C(=O)OC)cc2)c1.CCOC(C)=O.[Pd],CCCCCCC(=O)N(C)Cc1cccc(-c2ccc(CC(CC(=O)OCC)C(=O)OC)cc2)c1
CCN1C(=O)C(C)(C)C(=O)N(C)c2cc(CCCN(CCn3ccc4ccccc4c3=O)S(=O)(=O)c3ccccc3[N+](=O)[O-])ccc21.CN(C)C=O.O.O=C(O)CS.[Li+].[OH-],CCN1C(=O)C(C)(C)C(=O)N(C)c2cc(CCCNCCn3ccc4ccccc4c3=O)ccc21
CN1CCCC1=O.O=C(Nc1cc[nH]c(=O)c1)c1ccc(C(F)(F)F)cc1F.O=C([O-])[O-].OCc1cc(F)ccc1O.[K+],O=C(Nc1cc[nH]c(=O)c1)c1ccc(C(F)(F)F)cc1Oc1ccc(F)cc1CO
CCO.Cc1nc2cccc3n(CCCN4C(=O)c5ccccc5C4=O)c(=O)c1n23.NN.O,Cc1nc2cccc3n(CCCN)c(=O)c1n23
CC(=O)OI1(OC(C)=O)(OC(C)=O)OC(=O)c2ccccc21.CC1CCN(C(=O)OC(C)(C)C)CC1CO.ClCCl,CC1CCN(C(=O)OC(C)(C)C)CC1C=O
CCN(C(C)C)C(C)C.CN(C)C=O.Cl.ClCCCl.O.O=C(O)C1CN2CCC1CC2.OC(c1cccc(F)c1)c1cccc(F)c1.On1nnc2ccccc21,O=C(OC(c1cccc(F)c1)c1cccc(F)c1)C1CN2CCC1CC2
CS(=O)(=O)c1ccc(-c2ccc(=O)[nH]c2-c2ccc(F)cc2)cc1.O=P(Cl)(Cl)Cl,CS(=O)(=O)c1ccc(-c2ccc(Cl)nc2-c2ccc(F)cc2)cc1
C1COCCN1.CC(C)(C)OC(=O)NN.CCN(C(C)C)C(C)C.CCO.ClCCl.Clc1cc(Cl)ncn1.O=C(O)C(F)(F)F,NNc1cc(N2CCOCC2)ncn1
C=O.Cc1ccccc1C.Cc1nncn1-c1ccc(Cl)cc1C(=O)c1ccccc1Cl,Cc1nnc(CO)n1-c1ccc(Cl)cc1C(=O)c1ccccc1Cl
CCN(CC)CC.CN(C)C(On1nnc2ccccc21)=[N+](C)C.CN(C)C=O.COc1cc(C(=O)O)cc(Cl)n1.F[B-](F)(F)F.Fc1ccc2c(c1)CCN2,COc1cc(C(=O)N2CCc3cc(F)ccc32)cc(Cl)n1
BrCCBr.C1CCOC1.C=C.CC(=O)N(C)C.COC(=O)[C@H](Cc1ccc(I)c(C)c1)NC(=O)OCc1ccccc1.C[Si](C)(C)Cl.Cc1c(I)c(=O)n(C)c(=O)n1C.O=C(/C=C/c1ccccc1)/C=C/c1ccccc1.[Cl-].[NH4+].[Pd].[Zn].c1coc(P(c2ccco2)c2ccco2)c1,COC(=O)[C@H](Cc1ccc(-c2c(C)n(C)c(=O)n(C)c2=O)c(C)c1)NC(=O)OCc1ccccc1
CCOCC.ClCCl.O=C(N[C@H]1CC[C@H](O)CC1)OCc1ccccc1.O=[Cr](=O)([O-])Cl.c1cc[nH+]cc1,O=C1CCC(NC(=O)OCc2ccccc2)CC1
CN(C)C=O.CS(=O)(=O)c1ccc([C@@H](CC2CCCC2)C(=O)O)cc1Cl.ClCCl.Nc1cnc(C2OCCO2)cn1.O=C(Cl)C(=O)Cl.c1ccncc1,CS(=O)(=O)c1ccc([C@@H](CC2CCCC2)C(=O)Nc2cnc(C3OCCO3)cn2)cc1Cl
CN(C)C(=O)c1c2c(c(O)c(=O)n1C)C(=O)NCC2.CN(C)C=O.Fc1ccc(CBr)cc1Cl.O=C([O-])[O-].[Cs+].[H-].[Na+],CN(C)C(=O)c1c2c(c(OCc3ccc(F)c(Cl)c3)c(=O)n1C)C(=O)N(Cc1ccc(F)c(Cl)c1)CC2
CC(C)=O.O=C([O-])[O-].OCCCBr.Oc1cccc(F)c1.[K+],OCCCOc1cccc(F)c1
Brc1cccc2ccccc12.CC(C)(C)O[Na].CC(C)(C)P(C(C)(C)C)C(C)(C)C.Cc1ccccc1.Nc1ccccc1-c1ccccc1,c1ccc(-c2ccccc2Nc2cccc3ccccc23)cc1
CC(NC(=O)c1coc(Cl)n1)c1cc(F)c(NS(C)(=O)=O)c(F)c1.Cl[Pd](Cl)([PH](c1ccccc1)(c1ccccc1)c1ccccc1)[PH](c1ccccc1)(c1ccccc1)c1ccccc1.O=C([O-])[O-].OB(O)c1ccc(Cl)c(C(F)(F)F)c1.[Cs+],CC(NC(=O)c1coc(-c2ccc(Cl)c(C(F)(F)F)c2)n1)c1cc(F)c(NS(C)(=O)=O)c(F)c1
Cc1nc(I)c(C)[nH]1.Fc1ccnc(Cl)c1,Cc1nc(I)c(C)n1-c1ccnc(Cl)c1
CC(=O)c1ccc(F)c(C(F)(F)F)c1.CCOCC.Cc1ccc(S(=O)(=O)OC[C@H](O)c2ccc(Cl)c(F)c2)cc1.[Na+].[OH-],Fc1cc([C@@H]2CO2)ccc1Cl
C1N2CN3CN1CN(C2)C3.CC(C)(C)c1cccc(O)c1.O.O=C(O)C(F)(F)F,CC(C)(C)c1ccc(C=O)c(O)c1
CN(C)C=O.Fc1cnc2[nH]ccc2c1Cl.O=C1CCC(=O)N1I,Fc1cnc2[nH]cc(I)c2c1Cl
BrCCCCBr.C1CCOC1.CC(C)NC(C)C.COC(=O)C1CCCC1.[Li]CCCC,COC(=O)C1(CCCCBr)CCCC1
CC(C)=O.COC(=O)c1cc(C#C[Si](C)(C)C)c(F)c(F)c1Nc1ccccc1F.O=S(=O)(O)O,COC(=O)c1cc(C(C)=O)c(F)c(F)c1Nc1ccccc1F
CCN(C(C)C)C(C)C.CNC(=O)Oc1ccc([N+](=O)[O-])cc1.ClCCl.NNC(=O)c1ccc(Cl)cc1,CNC(=O)NNC(=O)c1ccc(Cl)cc1
CN(C)C=O.N#CCBr.O=c1[nH]n2c(-c3ccccc3)nnc2cc1-c1ccccc1.[H-].[Na+],N#CCOc1nn2c(-c3ccccc3)nnc2cc1-c1ccccc1
CCN(CC)CC.CCOC(C)=O.COc1ccc2c(ccn2C(=O)[C@H]2CCCN2C(=O)OCc2ccccc2)c1,COc1ccc2[nH]cc(C[C@H]3CCCN3C)c2c1
CCCCC[C@H]1CC[C@H](CCC2CCC(=O)CC2)CC1.CCOC(C)=O.Cl.O.Oc1ccccc1.[Ca+2].[Cl-],CCCCC[C@H]1CC[C@H](CCC2CCC(c3ccc(O)cc3)(c3ccc(O)cc3)CC2)CC1
CCOC(=O)C(Cc1ccc(O)c2c1CCCC2)OCC.CCOC(=O)N=NC(=O)OCC.COc1ccc(-c2nc(CCCO)c(C)o2)cc1.c1ccc(P(c2ccccc2)c2ccccc2)cc1,CCOC(=O)C(Cc1ccc(OCCCc2nc(-c3ccc(OC)cc3)oc2C)c2c1CCCC2)OCC
C[Si](C)(C)CCOCn1ccc2nc(NC(=O)NC3CCCNC3)cnc21.Cl.O=S(=O)(Cl)C1CC1,C[Si](C)(C)CCOCn1ccc2nc(NC(=O)NC3CCCN(S(=O)(=O)C4CC4)C3)cnc21
CCN(CC)S(F)(F)F.CS(=O)c1ccc([C@H]2OC(C)(C)N(C(=O)OC(C)(C)C)[C@@H]2CF)cc1.ClCCl.Cl[Sb](Cl)Cl.O=C([O-])O.[Na+],CC(C)(C)OC(=O)N1[C@H](CF)[C@@H](c2ccc(SCF)cc2)OC1(C)C
CCOC(C)=O.COC(=O)C1(NCC(C)(NC(=O)OC(C)(C)C)c2cc(F)cc(F)c2)CCCCC1.Cl.O=C([O-])O.[Na+],COC(=O)C1(NCC(C)(N)c2cc(F)cc(F)c2)CCCCC1
CCON=C1C[C@@H](C(=O)O)N(C(=O)OC(C)(C)C)C1.CCn1c2ccccc2c2cc(N)ccc21.O=C(Cl)c1ccc(Oc2ccccc2)cc1,CCON=C1C[C@@H](C(=O)Nc2ccc3c(c2)c2ccccc2n3CC)N(C(=O)c2ccc(Oc3ccccc3)cc2)C1
CS(=O)(=O)N(Cc1cccnc1)Cc1cccc(-c2ccnc(Cl)n2)c1.NCCc1ccc(O)cc1,CS(=O)(=O)N(Cc1cccnc1)Cc1cccc(-c2ccnc(NCCc3ccc(O)cc3)n2)c1
Cc1cc(CO)ccc1C(=O)Cn1ccc(OCc2ccccc2)cc1=O.O=c1cc(OCc2ccc(Cl)cn2)cc[nH]1,Cc1cc(CO)ccc1C(=O)Cn1ccc(OCc2ccc(Cl)cn2)cc1=O
C1CCOC1.CC(C)(C)OC(=O)C=CCCCCc1ccccc1.Sc1ccccc1.[Li]CCCC,CC(C)(C)OC(=O)CC(CCCCc1ccccc1)Sc1ccccc1
CC(C)(C)OC(=O)N1CCC(NCc2ccc(F)cc2)CC1.CCN(C(C)C)C(C)C.COc1ccc(CC(=O)Cl)cc1.ClCCl.O,COc1ccc(CC(=O)N(Cc2ccc(F)cc2)C2CCN(C(=O)OC(C)(C)C)CC2)cc1
C1COCCO1.CCCC[Sn](CCCC)(CCCC)c1ncccn1.Cc1cc(C)nc(N2CC3CN(C=O)CC3C2)n1.I[Cu]I.c1ccc([PH](c2ccccc2)(c2ccccc2)[Pd]([PH](c2ccccc2)(c2ccccc2)c2ccccc2)([PH](c2ccccc2)(c2ccccc2)c2ccccc2)[PH](c2ccccc2)(c2ccccc2)c2ccccc2)cc1,Cc1cc(C)nc(N2CC3CN(C(=O)c4cccnc4-c4ncccn4)CC3C2)n1
CC(=O)N(C)C.CC(NC(=O)OC(C)(C)C)C(=O)O.CCN(C(C)C)C(C)C.CN(C)C(On1nnc2cccnc21)=[N+](C)C.F[P-](F)(F)(F)(F)F.Nc1cc2ccccc2c(Br)n1,CC(NC(=O)OC(C)(C)C)C(=O)Nc1cc2ccccc2c(Br)n1
C=C[Si](C)(C)C.C=Cc1ccc(Br)cc1C.CCOc1cc(Br)ccc1I,C=Cc1ccc(Br)cc1OCC
C1CCOC1.CC(C)COC(=O)Cl.CCN(CC)CC.CCNCCCCCC(C)O.CS(=O)(=O)Nc1ccc(C(=O)CCC(=O)O)cc1.Cl,CCN(CCCCCC(C)O)C(=O)CCC(=O)c1ccc(NS(C)(=O)=O)cc1
C1CCOC1.COc1nc2ccc(C(=O)c3oc(C)nc3C)cc2c(Cl)c1Cc1ccc(C(F)(F)F)cc1.Cn1ccnn1.[Li]CCCC,COc1nc2ccc(C(O)(c3oc(C)nc3C)c3cnnn3C)cc2c(Cl)c1Cc1ccc(C(F)(F)F)cc1
CC(N)CCCC(C)(C)c1ccc(N)cc1.CCOCC.Cl.[H][H],CC(N)CCCC(C)(C)[C@H]1CC[C@H](N)CC1
CC(=O)c1cccc(B(O)O)c1.CN(C)C=O.FC(F)(F)Oc1ccc(Nc2cc(Cl)nc(N3CCOCC3)n2)cc1.O.O=C([O-])[O-].[Na+],CC(=O)c1cccc(-c2cc(Nc3ccc(OC(F)(F)F)cc3)nc(N3CCOCC3)n2)c1
C1CCOC1.CCOC(=O)c1c(C)c[nH]c1CC(=O)NCCN(C)C.Cl.O.[Na+].[OH-],CCOC(=O)c1c(C)c[nH]c1CCNCCN(C)C
CO.COC(=NC#N)c1ccccn1.COc1ccc(N)cc1,COc1ccc(N=C(NC#N)c2ccccn2)cc1
Br.CCN(CC)CC.ClCCl.N#Cc1ccc(S(=O)(=O)Cl)cc1.NCCBr,N#Cc1ccc(S(=O)(=O)NCCBr)cc1
CCCCCCNC(=N)NC#N.CCNCC.CO.S,CCCC(CC)NC(=N)NC(N)=S
CCCCCC.Cc1cc(Br)ncc1C(Sc1ccc(F)cc1)c1cc(F)ccc1F.Cc1ccccc1.O=C=O.[Li]CCCC,Cc1cc(C(=O)O)ncc1C(Sc1ccc(F)cc1)c1cc(F)ccc1F
CCCCBr.CN(C)C=O.COC(=O)/C=C/c1ccc2c(c1)C(=O)NC1(CCN(C(=O)OC(C)(C)C)CC1)O2.[H-].[Na+],CCCCN1C(=O)c2cc(/C=C/C(=O)OC)ccc2OC12CCN(C(=O)OC(C)(C)C)CC2
CCCNC(=O)c1ccc(NC(=O)N2Cc3ccc([N+](=O)[O-])cc3C2)cc1.CN(C)C=O.[H][H].[Pd],CCCNC(=O)c1ccc(NC(=O)N2Cc3ccc(N)cc3C2)cc1
CC#N.FC(F)(F)Oc1ccc2nc(CBr)sc2c1,C#CCN(C)Cc1nc2ccc(OC(F)(F)F)cc2s1
CC(=O)CC(C)C.Cc1cc(C)nc(Cl)n1.O.O=C([O-])[O-].Oc1cccc(Oc2ncc(Cl)cn2)c1.[K+],Cc1cc(C)nc(Oc2cccc(Oc3ncc(Cl)cn3)c2)n1
CCOC(=O)c1ccnc(SC(C)C)n1.CO.O.[BH4-].[Na+],CC(C)Sc1nccc(CO)n1
CC(C)(C)OC(=O)N[C@H]1CCCN(C(=O)OCc2ccccc2)C1.CCBr.CN(C)C=O.O.[H-].[Na+],CCN(C(=O)OC(C)(C)C)[C@H]1CCCN(C(=O)OCc2ccccc2)C1
C1CCOC1.CCCCCC.C[Si](C)(C)CCOCn1ccc2c(-n3cc(Br)cn3)ccnc21.O=CC1CCCCC1.[Li]CCCC,C[Si](C)(C)CCOCn1ccc2c(-n3cc(C(O)C4CCCCC4)cn3)ccnc21
C1CCOC1.CC(=O)OC(C)=O.NC1CCc2c(-c3ccccc3)[nH]c3cccc1c23.O=CO,CNC1CCc2c(-c3ccccc3)[nH]c3cccc1c23
CC(C)C[AlH]CC(C)C.COC(=O)c1ccc(CSc2ccc(-c3ccccc3)c(C(F)(F)F)c2)cc1.Cc1ccccc1,OCc1ccc(CSc2ccc(-c3ccccc3)c(C(F)(F)F)c2)cc1
COc1ccccc1-n1ncc(C#N)c1N.NNC1CCC1,N#Cc1cnn(C2CCC2)c1N
CCCC(C)C(C)n1ccc2cc(/C(C)=C/C(=O)O)ccc21.CCOC(=O)CCCOc1ccccc1N,CCCC(C)C(C)n1ccc2cc(/C(C)=C/C(=O)Nc3ccccc3OCCCC(=O)O)ccc21
C1CCOC1.CCN(CC)CC.CN(C)c1ccncc1.Nc1ccc([N+](=O)[O-])cc1.O.O=C(Cl)c1ccc([N+](=O)[O-])cc1,O=C(Nc1ccc([N+](=O)[O-])cc1)c1ccc([N+](=O)[O-])cc1
CC(=O)O.CC(=O)O[BH-](OC(C)=O)OC(C)=O.CCOC(=O)c1ncc(Cc2ccc(F)cc2)cc1N.CN(CCC=O)C(=O)OCc1ccccc1.[Na+],CCOC(=O)c1ncc(Cc2ccc(F)cc2)cc1NCCCN(C)C(=O)OCc1ccccc1
CCO.CC[O-].Cc1c(Cl)nn2c(NCC(F)(F)F)nnc2c1C.O.[Na+],CCOc1nn2c(NCC(F)(F)F)nnc2c(C)c1C
COc1ccc(S(=O)(=O)N2CCN(Cc3nc4ccccc4c(=O)[nH]3)CC2)cc1.O=P(Cl)(Cl)Cl.OC1CCCCC1,COc1ccc(S(=O)(=O)N2CCN(Cc3nc(OC4CCCCC4)c4ccccc4n3)CC2)cc1
CCCC(C)C1(C(C)CCC)C=CC=C1CCN(C)C.CCCCN(CCCC)C(C)O.Cc1ccc(S(=O)(=O)[O-])cc1,CCCCN(CCCC)CCC1=CC=CC1(C(C)CCC)C(C)CCC
C1CCOC1.CC1(C)OC[C@H](CCN)O1.CCN(C(C)C)C(C)C.CN(C)C(On1nnc2cccnc21)=[N+](C)C.Cc1cc(Cl)ccc1C1(C#N)C(CC(C)(C)C)NC(C(=O)O)C1c1cccc(Cl)c1F.Cl.ClCCl.F[P-](F)(F)(F)(F)F.O=C(O)C(F)(F)F,Cc1cc(Cl)ccc1C1(C#N)C(CC(C)(C)C)NC(C(=O)NCC[C@H](O)CO)C1c1cccc(Cl)c1F
CC(C)[C@@H](CS(=O)(=O)N1CCN(c2ncc(-c3ccc(C#N)cc3)cn2)CC1)C(=O)O.CC(C)[C@@H](CS(=O)(=O)N1CCN(c2ncc(-c3ccc(F)cc3)cn2)CC1)C(=O)NO,CC(C)[C@@H](CS(=O)(=O)N1CCN(c2ncc(-c3ccc(C#N)cc3)cn2)CC1)C(=O)NO
COc1ccc2c(c1)CC(=O)N2.Cc1c(C=O)[nH]c2c1C(=O)N(CCN1CCCCC1)CC2,COc1ccc2c(c1)C(=Cc1[nH]c3c(c1C)C(=O)N(CCN1CCCCC1)CC3)C(=O)N2
CC#N.Fc1cc(F)c(F)nc1F.NCc1ccccc1,Fc1cc(F)c(NCc2ccccc2)nc1F
CC(C)Oc1ccc(-c2nc(-c3ccc4[nH]ncc4c3)no2)cc1C#N.CCOC(=O)C(C)(C)CBr.CCOC(C)=O.CN(C)C=O.O=C([O-])[O-].[Cs+],CCOC(=O)C(C)(C)Cn1ncc2cc(-c3noc(-c4ccc(OC(C)C)c(C#N)c4)n3)ccc21
C1CCOC1.CCN(C(C)C)C(C)C.CN(C)C(On1nnc2ccccc21)=[N+](C)C.CN(C)C=O.COc1ccc(COc2ccc(S(N)(=O)=O)cc2C(=O)O)cc1.F[B-](F)(F)F.N#Cc1ccc(N2CCNCC2)c(F)c1,N#Cc1ccc(N2CCN(C(=O)c3cc(S(N)(=O)=O)ccc3O)CC2)cc1F
Cc1cccc2c(Cl)cc(C(Cl)(Cl)Cl)nc12.Cl.ClCCl.Cl[Sb](Cl)(Cl)(Cl)Cl.F[Sb](F)(F)(F)F,Cc1cccc2c(Cl)cc(C(F)(Cl)Cl)nc12
C1CCOC1.CCCCCC.CCN(CC)CC.CCOC(=O)CC(=O)[O-].CCOC(C)=O.O=C(O)CC(O)(CC(=O)O)C(=O)O.O=C(O)c1ccc(Cl)c(Cl)c1Cl.O=C(n1ccnc1)n1ccnc1.[Cl-].[K+].[Mg+2],CCOC(=O)CC(=O)c1ccc(Cl)c(Cl)c1Cl
CC(=O)OC1C2O[Si](C(C)(C)C)(C(C)(C)C)OCC2OC1n1c(=O)sc2cnc(N)nc21.CO.c1ccncc1,CC(=O)OC1C(O)C(CO)OC1n1c(=O)sc2cnc(N)nc21
CO.COC(=O)c1ccc(OCC(=O)c2cc3cc(C(C)(C)C)ccc3o2)cc1.[BH4-].[Na+],COC(=O)c1ccc(OCC(O)c2cc3cc(C(C)(C)C)ccc3o2)cc1
COc1cccc2c1OCC2=O.Cc1ccc(C)cc1.N#CC=P(c1ccccc1)(c1ccccc1)c1ccccc1,COc1cccc2cc(CC#N)oc12
CC(=O)Nc1cc(-n2cccc2)cc(-n2cnc3cc(-c4cn(CCC(C)(C)O)nn4)ccc32)c1.CCO.[Na+].[OH-],CC(C)(O)CCn1cc(-c2ccc3c(c2)ncn3-c2cc(N)cc(-n3cccc3)c2)nn1
COC(=O)C(=NNC(=O)C1CCCCC1)c1ccccc1.NN.O.c1ccncc1,Nn1c(C2CCCCC2)nnc(-c2ccccc2)c1=O
CC(=O)O.CC(=O)[O-].COC(=O)c1ccc2nc(NN)c(Cl)nc2c1.COc1ccc(C=O)cc1.O.[Cu+2],COC(=O)c1ccc2c(c1)[nH]c(=O)c1nnc(-c3ccc(OC)cc3)n12
CCOC(C)=O.NS(=O)(=O)c1c(Cl)cnc([N+](=O)[O-])c1O.[Pd],Nc1ncc(Cl)c(S(N)(=O)=O)c1O
C(#Cc1ccccc1)c1ccccc1.Cl[SiH](Cl)C[SiH](Cl)Cl.c1ccccc1,Cl[Si]1(Cl)C[Si](Cl)(Cl)C(c2ccccc2)C1c1ccccc1
C1CCOC1.CCCI.CCc1c(C)sc2nc(C)c(CC(=O)OC)c(-c3ccc(C)cc3)c12.CN(C)C=O.C[Si](C)(C)[N-][Si](C)(C)C.[Li+],CCCC(C(=O)OC)c1c(C)nc2sc(C)c(CC)c2c1-c1ccc(C)cc1
CC(=O)CCC(C)=O.Nc1cccc(Cl)n1,Cc1ccc(C)n1-c1cccc(Cl)n1
C1CCOC1.CCN(CC)CC.CN(C)C=O.COC(=O)C[C@@H](C)C(=O)O.Cn1ccc(N)n1.O=C(Cl)C(=O)Cl,COC(=O)C[C@@H](C)C(=O)Nc1ccn(C)n1
CCO.C[Si](C)(C)CCOCn1ccc2c(=O)[nH]c(Cl)nc21.O=C([O-])[O-].OB(O)c1ccc(C(F)(F)F)cc1.[Na+].c1ccc([PH](c2ccccc2)(c2ccccc2)[Pd]([PH](c2ccccc2)(c2ccccc2)c2ccccc2)([PH](c2ccccc2)(c2ccccc2)c2ccccc2)[PH](c2ccccc2)(c2ccccc2)c2ccccc2)cc1,C[Si](C)(C)CCOCn1ccc2c(=O)[nH]c(-c3ccc(C(F)(F)F)cc3)nc21
COc1ccc(CN)cc1.FC(F)(F)c1cc(Cl)nc(Cl)c1.c1ccncc1,COc1ccc(CNc2cc(C(F)(F)F)cc(Cl)n2)cc1
Cc1cc(C)[nH]n1.Clc1nc(Cl)c2ccccc2n1.Nc1cccc(C(F)(F)F)c1,Cc1cc(C)n(-c2nc(Nc3cccc(C(F)(F)F)c3)c3ccccc3n2)n1
CC(C)CCBr.CCCCC.Clc1ccc2c(c1)Cc1cc(Cl)ccc1-2,CC(C)CCC1(CCC(C)C)c2cc(Cl)ccc2-c2ccc(Cl)cc21
O.O=P(O)(O)O.O=P([O-])(O)O.OC(c1ccco1)C1C=CCCC1.[Cl-].[K+].[Na+].[OH-],O=C1CC(O)C=C1C1C=CCCC1
CC(C)CCN1C(=O)C(=O)c2cc(Cl)ccc21.CCCN1C(=O)C(OC(=O)c2ccccc2)c2ccccc21,CC(C)CCN1C(=O)C(OC(=O)c2ccccc2)c2cc(Cl)ccc21
CC(C)(C)OC(=O)N(CCCCO)Cc1ccccc1.CS(=O)(=O)Cl.ClCCl.c1ccncc1,CC(C)(C)OC(=O)N(CCCCS(C)(=O)=O)Cc1ccccc1
C1CCOC1.CC(C)=O.COC(=O)c1ccc(C(=O)c2ccsc2N)cc1.N.O=C=O.[I-].[Na+],COC(=O)c1ccc(C(=O)c2ccsc2NC(=O)CN)cc1
CCN(CC)CC.COc1ccc(C(=O)O)c(OC)c1OC.CSC(=S)N1CCNCC1.ClCCl.O=S(Cl)Cl,COc1ccc(C(=O)N2CCN(C(=S)SC)CC2)c(OC)c1OC
C1CCOC1.CC(C)[Si](OCc1cc(Br)ccc1Cl)(C(C)C)C(C)C.O=C1O[C@H](CO)[C@@H](O)[C@H](O)[C@H]1O.[Li]CCCC,CC(C)[Si](OCc1cc(C2(O)O[C@H](COCc3ccccc3)[C@@H](OCc3ccccc3)[C@H](OCc3ccccc3)[C@H]2OCc2ccccc2)ccc1Cl)(C(C)C)C(C)C
CC(C)(C)OC(=O)N1CCN(Cc2cc(OS(C)(=O)=O)ccc2F)C(=O)C1.CC(C)(C)[O-].CCO.O.[K+],CC(C)(C)OC(=O)N1CCN(Cc2cc(O)ccc2F)C(=O)C1
CC#N.CC(=O)O.CC(=O)O[BH-](OC(C)=O)OC(C)=O.CC(Cl)Cl.Cc1c(NCc2ccccc2)cccc1NS(C)(=O)=O.O=C([O-])O.O=Cc1ccc([N+](=O)[O-])cc1.[Na+],Cc1c(NS(C)(=O)=O)cccc1N(Cc1ccccc1)Cc1ccc([N+](=O)[O-])cc1
CC(C)(C#N)c1ccc(-c2cc(C(N)=O)c([N+](=O)[O-])s2)cn1.Cl[Fe](Cl)Cl.NN.O,CC(C)(C#N)c1ccc(-c2cc(C(N)=O)c(N)s2)cn1
CCOC(=O)c1coc(-c2ccccc2)n1.ClC(Cl)Cl.O=C1CCC(=O)N1Cl.O=S(=O)(O)O,CCOC(=O)c1nc(-c2ccccc2)oc1Cl
CC[C@H](C)[C@H](N)C(=O)NCc1ccccc1.O=C(CCl)c1ccccc1Oc1ccccc1.O=C(O)[C@@H]1CCCN1.O=C(O)c1ccccc1Oc1ccccc1,CC[C@H](C)[C@H](N)C(=O)N(Cc1ccccc1)C(=O)[C@@H]1CCCN1CC(=O)c1ccccc1Oc1ccccc1
CS(C)=O.O.O=C(Nc1ccccc1O)c1c(Br)sc2c1CCCC2.O=C([O-])[O-].[K+],O=C1Nc2ccccc2Oc2sc3c(c21)CCCC3
CC(C)N(C(C)C)C(C)C.CN1CCNCC1.CS(C)=O.O=C(Nc1cn2nc(Oc3cccc(NC(=O)c4cccc(C(F)(F)F)c4)c3)ccc2n1)OCC(Cl)(Cl)Cl,CN1CCN(C(=O)Nc2cn3nc(Oc4cccc(NC(=O)c5cccc(C(F)(F)F)c5)c4)ccc3n2)CC1
CCN1CCNCC1.Clc1ccc(OCCOc2nccnc2Cl)cc1,CCN1CCN(c2nccnc2OCCOc2ccc(Cl)cc2)CC1
CCOC(=O)c1ccc(CCCc2ccccc2Br)cc1.CCOCC.CN1CCCC1=O.NCCN.O.[Cu].c1ccc(SSc2ccccc2)cc1,CCOC(=O)c1ccc(CCCc2ccccc2Sc2ccccc2)cc1
CC(=O)[O-].CCCC[N+](CCCC)(CCCC)CCCC.O.O=C([O-])[O-].OB(O)c1ccc(F)cc1.OCCC1CCN(c2cccc(Br)n2)CC1.[Br-].[K+].[Pd+2],OCCC1CCN(c2cccc(-c3ccc(F)cc3)n2)CC1
CC#N.CC1(C2=NCCN2)OCCc2c(Br)cccc21.Cl[Pd](Cl)([PH](c1ccccc1)(c1ccccc1)c1ccccc1)[PH](c1ccccc1)(c1ccccc1)c1ccccc1.O.O=C([O-])[O-].OB(O)C1CC1.[Na+],c1cc(C2CC2)c2c(c1)C(C1=NCCN1)OCC2
C1CCOC1.CCOC(=O)C=Cc1cccc(NC(=O)c2ccc3oc4ccccc4c3c2)c1.CO.COC(C)(C)C.Cl,O=C(O)C=Cc1cccc(NC(=O)c2ccc3oc4ccccc4c3c2)c1
CCOC(=O)c1sc2cc(CBr)ccc2c1Cl.CN(C)C=O.[H-].[Na+].c1c[nH]cn1,CCOC(=O)c1sc2cc(Cn3ccnc3)ccc2c1Cl
CC(C)(C)[O-].CCCCCCCCCCCC.CCCCCCN.CCOCC.COCCOC.O=C(/C=C/c1ccccc1)/C=C/c1ccccc1.O=P([O-])([O-])[O-].O=[N+]([O-])c1ccccc1Cl.[K+].[Na+].[Pd],CCCCCCNc1ccccc1[N+](=O)[O-]
CC(=O)O[BH-](OC(C)=O)OC(C)=O.ClCCl.Fc1cccc(OC2CNC2)c1.N#Cc1ccc2[nH]cc(C3CCC(=O)CC3)c2c1.[Na+],N#Cc1ccc2[nH]cc([C@H]3CC[C@@H](N4CC(Oc5cccc(F)c5)C4)CC3)c2c1
C1CCOC1.CCOCC.CO.C[Si](C)(C)C#CC(=O)C(F)(F)F.Cl.Clc1ccc([C@@H]2C[C@H]2Br)cc1Cl.O.[Li]C(C)(C)C,C#CC(O)(C1CC1c1ccc(Cl)c(Cl)c1)C(F)(F)F
CN(C)C=O.ClCCl.N#Cc1cncnc1N.O=C(Cl)C(=O)Cl.O=C(O)CCCCc1ccccc1.c1ccncc1,N#Cc1cncnc1NC(=O)CCCCc1ccccc1
CO.COC(=O)c1ccc([C@H](C)Oc2cccc(Br)c2)cc1.O.[Li+].[OH-],C[C@H](Oc1cccc(Br)c1)c1ccc(C(=O)O)cc1
CCO.Cc1c(Cl)ncnc1OCCCc1ccc2cccnc2n1.O=[Pt],Cc1c(Cl)ncnc1OCCCc1ccc2c(n1)NCCC2
C1CCOC1.O=C(O)c1ccc(Br)c(OCC2CC2)n1.O=C1COC1.[Li]CCCC,O=C(O)c1ccc(C2(O)COC2)c(OCC2CC2)n1
CO.COC(=O)c1ccc(Cl)cc1.Cc1ccccc1.O=C1CC[C@H](c2cccc(F)c2)N1c1ccc(OC(F)(F)F)cc1.[Cl-].[H-].[NH4+].[Na+],O=C(c1ccc(Cl)cc1)C1C[C@H](c2cccc(F)c2)N(c2ccc(OC(F)(F)F)cc2)C1=O
CC(=O)N(O)c1ccccc1.CN(C)C=O.Clc1cnccn1.O.[H-].[Na+],CC(=O)Nc1ccc(-c2c[nH]c(=O)cn2)cc1
O=C(O)c1cc(-c2ccc3c(c2)CCO3)nn(Cc2ccc(F)cc2)c1=O.O=c1c(CO)cc(-c2ccc3c(c2)CCO3)nn1CC1CC1,O=c1c(CO)cc(-c2ccc3c(c2)CCO3)nn1Cc1ccc(F)cc1
CCCCCC.CCOC(C)=O.CN(C)C=O.Cl.O.O=C([O-])[O-].O=[N+]([O-])c1cc(Cl)cc([N+](=O)[O-])c1.OCc1ccc(Br)cc1.[K+],O=[N+]([O-])c1cc(Cl)cc(OCc2ccc(Br)cc2)c1
CC(=O)Nc1ccc(S(=O)(=O)CI)cc1.O=S(=O)(O)O,Nc1ccc(S(=O)(=O)CI)cc1
Brc1cnn(-c2ccccn2)c1.COCCOC.COc1cccc(B(O)O)c1.O.O=C([O-])[O-].[K+].c1ccc([PH](c2ccccc2)(c2ccccc2)[Pd]([PH](c2ccccc2)(c2ccccc2)c2ccccc2)([PH](c2ccccc2)(c2ccccc2)c2ccccc2)[PH](c2ccccc2)(c2ccccc2)c2ccccc2)cc1,COc1cccc(-c2cnn(-c3ccccn3)c2)c1
C1CCOC1.CC(=O)c1ccc(C)cc1.CCI.Cc1ccc(Br)cc1.II.O=S(=O)(O)O.[Mg],C=C(c1ccc(C)cc1)c1ccc(C)cc1
CCN(C(C)C)C(C)C.CN(C)C(On1nnc2ccccc21)=[N+](C)C.CN(C)C=O.F[P-](F)(F)(F)(F)F.Nc1ccccn1.O=C(O)C(CC1CCCC1)c1ccc(-c2ccccc2)cc1,O=C(Nc1ccccn1)C(CC1CCCC1)c1ccc(-c2ccccc2)cc1
CCC[C@@H](CCO)Nc1nc(N)nc(C)c1Cc1ccc(CN(CC)CC(=O)OCC)cc1OC.CO.Cl.[Na+].[OH-],CCC[C@@H](CCO)Nc1nc(N)nc(C)c1Cc1ccc(CN(CC)CC(=O)O)cc1OC
CC(C)(C)OC(=O)Nc1cc(N2CCN(C(=O)OC(C)(C)C)CC2)c2ccc(Cl)cc2n1.ClCCl.O=C(O)C(F)(F)F,Nc1cc(N2CCNCC2)c2ccc(Cl)cc2n1
CO.O=c1[nH]c2ccc(Br)c(O)c2c(=O)o1,COC(=O)c1c(N)ccc(Br)c1O
C1COCCO1.CCO.CCOC(=O)c1cnn(-c2nc3cc(S(=O)(=O)c4ccc(Cl)cc4)c(Cl)cc3n2COCCOC)c1.Cl,CCOC(=O)c1cnn(-c2nc3cc(S(=O)(=O)c4ccc(Cl)cc4)c(Cl)cc3[nH]2)c1
CO.Cc1c(OCc2ccccc2)c(=O)ccn1CC(F)(F)F.[Pd],Cc1c(O)c(=O)ccn1CC(F)(F)F
C1CCOC1.CCCCCC.COC(=O)Cc1ccccc1F.C[Si](C)(C)[N-][Si](C)(C)C.O.O=C(Cl)c1cccnc1Cl.[Cl-].[Li+].[NH4+].[Na+],O=C(Cc1ccccc1F)c1cccnc1Cl
C1CCOC1.CC(C)NC(C)C.CCCCCC.CCOC(=O)c1cc(OCc2ccc(OC)cc2)ccc1-c1cc(OC)ccc1F.N#CC1CCCCC1.[Cl-].[Li]CCCC.[NH4+],COc1ccc(COc2ccc(-c3cc(OC)ccc3F)c(CC3(C#N)CCCCC3)c2)cc1
C1CCOC1.COC(=O)c1cnc(C(=O)c2ccccc2)nc1.O.[Li+].[OH-],O=C(O)c1cnc(C(=O)c2ccccc2)nc1
Cc1ccccc1.Cc1oc(-c2ccccc2)nc1COc1ccc(CO)cn1.O=C([O-])O.O=S(Cl)Cl.[Na+],Cc1oc(-c2ccccc2)nc1COc1ccc(CCl)cn1
CNS(C)(=O)=O.O.O=C([O-])[O-].O=[N+]([O-])c1ccccc1CCl.[K+],CN(Cc1ccccc1[N+](=O)[O-])S(C)(=O)=O
CCCBr.COc1ccc(-c2nc(CCC(=O)c3ccccc3OCC(F)F)co2)cc1O,CCCOc1cc(-c2nc(CCC(=O)c3ccccc3OCC(F)F)co2)ccc1OC
COC(=O)C(=NOCF)c1nsc(NC=O)n1.Cl.O.[Na+].[OH-],Nc1nc(C(=NOCF)C(=O)O)ns1
C1COCCN1.CS(C)=O.Cc1oc(-c2ccc(C(=O)NCc3cccnc3)cc2)nc1CS(=O)(=O)c1ccc(F)cc1,Cc1oc(-c2ccc(C(=O)NCc3cccnc3)cc2)nc1CS(=O)(=O)c1ccc(N2CCOCC2)cc1
CCCCCC.CCO.Cn1nccc1[C@H]1CCCC[C@@H]1O,Cn1nccc1[C@@H]1CCCC[C@H]1O
CC(C)(C)OC(=O)Nc1ccnc(C#Cc2cccc(N)c2)c1.CN(C)C=O.Clc1ncc(Cl)c(Cl)n1.O=C([O-])[O-].[K+],CC(C)(C)OC(=O)Nc1ccnc(C#Cc2cccc(Nc3nc(Cl)ncc3Cl)c2)c1
CCOC(=O)[C@H](Cc1ccc(OCCCBr)cc1)OC.O=C(Nc1ccc(O)cc1)c1ccc(Cl)cc1.[Na+].[OH-],CO[C@@H](Cc1ccc(OCCCOc2ccc(NCc3ccc(Cl)cc3)cc2)cc1)C(=O)O
CCN(CCO)c1cccc(C)c1.COc1cc([N+](=O)[O-])ccc1N.O=N[O-].[Na+],CCN(CCO)c1ccc(N=Nc2ccc([N+](=O)[O-])cc2OC)c(C)c1
CC(C)CO.CCN(CC)CC.O=C1CCCc2c1ccc(O)c2CCl,CC(C)COCc1c(O)ccc2c1CCCC2=O
BrCCC1CCCCO1.CCC[C@@H](C)Oc1nc2nc(OC)nc-2c(N)[nH]1.O=C(O)C(F)(F)F,CCC[C@@H](C)Oc1nc(N)c2nc(OC)n(CCC3CCCCO3)c2n1
CCCC(N)c1ccc(OCCOCCOCCN(C(=O)OC(C)(C)C)C(=O)OC(C)(C)C)cc1.CCCC(NC(=O)CC#N)c1ccc(OCCN(CC)CC)cc1,CCCC(NC(=O)CC#N)c1ccc(OCCOCCOCCN(C(=O)OC(C)(C)C)C(=O)OC(C)(C)C)cc1
C1COCCO1.CCO.N#Cc1ccc(CN)cc1.O=Cc1c(F)cc(Br)cc1F,CCOC(C(=O)NCc1ccc(C#N)cc1)c1c(F)cc(Br)cc1F
C1COCCO1.CC1(C)OB(c2ccc(OC(F)F)cc2)OC1(C)C.O=C([O-])C1CCN(CCOc2ccc(Nc3ncc(Br)cn3)cc2)CC1.O=C([O-])[O-].[Na+].c1ccc([PH](c2ccccc2)(c2ccccc2)[Pd]([PH](c2ccccc2)(c2ccccc2)c2ccccc2)([PH](c2ccccc2)(c2ccccc2)c2ccccc2)[PH](c2ccccc2)(c2ccccc2)c2ccccc2)cc1,O=C(O)C1CCN(CCOc2ccc(Nc3ncc(-c4ccc(OC(F)F)cc4)cn3)cc2)CC1
CC(=O)OC(C)=O.CCO.O=[N+]([O-])C1CC1c1ccccc1.O=[N+]([O-])O.O=[N+]([O-])c1ccc(C2CC2)cc1.O=[Pt]=O.[Na+].[OH-].c1ccc(C2CC2)cc1,Nc1ccccc1C1CC1
C1CCOC1.COC(=O)C(CC(C)C)NC(=O)CCc1ccc(O)c(O)c1.Cl.[Li+].[OH-],CC(C)CC(NC(=O)CCc1ccc(O)c(O)c1)C(=O)O
CC#N.CCN(C(C)C)C(C)C.NCc1cc(Cl)cc(Cl)c1.O=[N+]([O-])c1ccc(F)cc1F,O=[N+]([O-])c1ccc(F)cc1NCc1cc(Cl)cc(Cl)c1
BrB(Br)Br.COc1cccc(CC(=O)c2cc(OC)ccc2OC)c1.ClCCl,O=C(Cc1cccc(O)c1)c1cc(O)ccc1O
CC(C)=CCOCCn1c(C(=O)C2CCNCC2)nc2ccccc21.CN(CC(CCS(C)(=O)=O)c1ccccc1)C(=O)c1ccccc1,CC(C)=CCOCCn1c(C(=O)C2CCN(CCC(CN(C)C(=O)c3ccccc3)c3ccccc3)CC2)nc2ccccc21
CC(C)(C)NN=C(O)C(=O)c1ccccc1.CCN(CC)CC.CCOCC.Cc1ccccc1.N#N.[N-]=[N+]=NP(=O)(c1ccccc1)c1ccccc1,CC(C)(C)n1nc(C2=CCCC=C2)[nH]c1=O
CCO.CCOC(=O)c1cccc(-c2cccc3nc(Nc4ccc(OCCN5CCCC5)cc4)nn23)c1.[K+].[OH-],O=C(O)c1cccc(-c2cccc3nc(Nc4ccc(OCCN5CCCC5)cc4)nn23)c1
COc1cc(C)c(C(O)c2c(OC)ncc(Cl)c2Cl)c(OC)c1OC.Cc1ccccc1.[Mn+4].[O-2],COc1cc(C)c(C(=O)c2c(OC)ncc(Cl)c2Cl)c(OC)c1OC
Nc1ccc2ccccc2n1.O=C(CCC1c2c(F)cccc2C(=O)N1Cc1ccc(F)cc1)Nc1ccc(C(=O)O)cn1,O=C(CCC1c2c(F)cccc2C(=O)N1Cc1ccc(F)cc1)Nc1ccc2ccccc2n1
CCOCCO.Clc1ncnc2c1sc1ncccc12.Nc1cccc(Cl)c1,Clc1cccc(Nc2ncnc3c2sc2ncccc23)c1
CCN(C(C)C)C(C)C.CN(C)C(On1nnc2ccccc21)=[N+](C)C.CNC.C[C@H](c1c(Cl)ccc(F)c1Cl)c1c[nH]c2ncc(-c3cnn(CC(=O)O)c3)cc12.Cl.ClCCl.F[B-](F)(F)F,C[C@H](c1c(Cl)ccc(F)c1Cl)c1c[nH]c2ncc(-c3cnn(CC(N)=O)c3)cc12
CCO.S=C(Cc1ccc2c(c1)NCCC2)N1CCOCC1.[Ba+2].[OH-].[OH-],O=C(O)Cc1ccc2c(c1)NCCC2
BrB(Br)Br.COc1cccc(Cc2c(N)ncnc2N[C@@H](C)c2nn3ccc(C)c3c(=O)n2-c2ccccc2)c1.ClCCl,Cc1ccn2nc([C@H](C)Nc3ncnc(N)c3Cc3cccc(O)c3)n(-c3ccccc3)c(=O)c12
CCOC(=O)C(C(=O)OCC)c1ncc(Br)cc1Cl.Cl,Cc1ncc(Br)cc1Cl
CC(C)N=C=S.CCOC(C)=O.Cc1ccc(N)c(S(N)(=O)=O)c1,Cc1ccc2c(c1)S(=O)(=O)N=C(NC(C)C)N2
CC(C)(C)OC(=O)OC(=O)OC(C)(C)C.CNCCNCc1cccc(C)c1.ClC(Cl)Cl,Cc1cccc(CNCCN(C)C(=O)OC(C)(C)C)c1
CC(=O)[O-].C[C@H]1C(=O)N(Cc2ccc3c(Cl)ccnc3c2)CCN1C(=O)C=Cc1cc(Br)cs1.Oc1ccccc1.[NH4+],C[C@H]1C(=O)N(Cc2ccc3c(N)ccnc3c2)CCN1C(=O)C=Cc1cc(Br)cs1
Br.CCN(CC)CC.ClCCCl.Nc1ccc(CN2C(=O)[C@H]3CCC[C@H]3N(C(=O)CN3C(=O)c4ccccc4C3=O)c3ccccc32)cc1.O=C([O-])O.O=S(=O)(Cl)c1ccccc1.[Na+],O=C1c2ccccc2C(=O)N1CC(=O)N1c2ccccc2N(C(NS(=O)(=O)c2ccccc2)c2ccccc2)C(=O)[C@H]2CCC[C@H]21
COC(=O)[C@H](Cc1ccc(-c2ccnc(C)c2C)cc1)NC(=O)[C@@H]1Cc2cc3c(cc2CN1)O[C@@H](c1ccc(OCc2ccc(Cl)c(Cl)c2)cc1)CO3.Cc1cccc(C=O)n1.Cl,COC(=O)[C@H](Cc1ccc(-c2ccnc(C)c2C)cc1)NC(=O)[C@@H]1Cc2cc3c(cc2CN1Cc1cccc(C)n1)O[C@@H](c1ccc(OCc2ccc(Cl)c(Cl)c2)cc1)CO3
CCCCCC.CCN=C=NCCCN(C)C.CCOC(C)=O.CN(C)C=O.CS(=O)(=O)c1ccc(Oc2cc(OC3CCOCC3)c3[nH]c(C4=NCC(CC(=O)O)S4)cc3c2)cn1.Cl.NCC(F)(F)F.O.On1nnc2ccccc21,CS(=O)(=O)c1ccc(Oc2cc(OC3CCOCC3)c3[nH]c(C4=NCC(CC(=O)NCC(F)(F)F)S4)cc3c2)cn1
C=CCN(C(=O)C(F)(F)F)c1ccc(CC(=O)Cl)cc1.CCN(CC)CC.CCOC(=O)C(O)C(O)C(=O)OCC.CCOCC,C=CCNc1ccc(CC(=O)OC(C(=O)OCC)C(O)C(=O)OCC)cc1
CCN(CC)CCCl.N=S(=O)(c1ccccc1)c1ccco1,CCN(CC)CCN=S(=O)(c1ccccc1)c1ccco1
CC#N.COCCBr.Cl.Fc1c(C2CCNCC2)cccc1C(F)(F)F.O=C([O-])[O-].[K+],COCCN1CCC(c2cccc(C(F)(F)F)c2F)CC1
CC(=O)O.CI.CN(C)C=O.O=S(=O)(NC1CCc2cc3ccccc3n2C1)c1ccc(F)cc1.[H-].[Na+],CN(C1CCc2cc3ccccc3n2C1)S(=O)(=O)c1ccc(F)cc1
C1CCOC1.CC(C)(Br)C(=O)C#N.CSc1ccc(C(=O)Cc2ccccc2)c(Cl)c1.[H-].[Na+],CSc1ccc(C2=C(c3ccccc3)C(=O)C(C)(C)O2)c(Cl)c1
CC(=O)O.COc1ccc(C#N)cc1OCc1ccccc1.O.O=[N+]([O-])O,COc1cc([N+](=O)[O-])c(C#N)cc1OCc1ccccc1
CCCCS(=O)(=O)Cl.CCN(CC)CC.On1nnc2ccccc21.c1ccccc1,CCCCS(=O)(=O)On1nnc2ccccc21
COC(=O)CCCCC(N)c1c(OC)cccc1OC.O=Cc1cnn(-c2ccccc2)c1,COc1cccc(OC)c1C1CCCCC(=O)N1Cc1cnn(-c2ccccc2)c1
CC(C)Nc1cc(C(=O)O)cc(N2CCCC2=O)c1.Cl.N[C@@H](Cc1ccccc1)[C@H](O)CNC(=O)OCc1ccccc1,CC(C)Nc1cc(C(=O)N[C@@H](Cc2ccccc2)[C@H](O)CNC(=O)OCc2ccccc2)cc(N2CCCC2=O)c1
C=CC(C)(C)[C@@H](O)c1cc(COc2cccc([C@H](CC(=O)O)C3CC3)c2)ccc1-c1cc(OC)ccc1F.CN(C)C=O.COc1cccc(B(O)O)c1.O.O=C([O-])[O-].[Cl-].[K+].[Na+].c1ccc([PH](c2ccccc2)(c2ccccc2)[Pd]([PH](c2ccccc2)(c2ccccc2)c2ccccc2)([PH](c2ccccc2)(c2ccccc2)c2ccccc2)[PH](c2ccccc2)(c2ccccc2)c2ccccc2)cc1,COC(=O)c1ccc(-c2cccc(OC)c2)c(C2=CCCC2(C)C)c1
Br.BrCCOC1=CC=CNC=C1.COC=O.O.O=C([O-])[O-].[K+],O=CN1C=CC=C(OCCBr)C=C1
CC(C)(C)OC(=O)N1CCN(c2ccc(CC(=O)O)cc2F)CC1.CO.C[Si](C)(C)C=[N+]=[N-].c1ccccc1,COC(=O)Cc1ccc(N2CCN(C(=O)OC(C)(C)C)CC2)c(F)c1
BrCCBr.CCCC[N+](CCCC)(CCCC)CCCC.ClCCl.O=S(=O)([O-])O.O=c1n(-c2ccc(O)cc2)ccn1-c1ccc(Oc2ccccc2)cc1.[Na+].[OH-],O=c1n(-c2ccc(OCCBr)cc2)ccn1-c1ccc(Oc2ccccc2)cc1
CC#N.COC(=O)c1cccc([N+](=O)[O-])c1NC(=O)OC(C)(C)C.NC(=O)c1ccccc1-c1ccc(CBr)cc1.O.O=C([O-])[O-].[K+],COC(=O)c1cccc([N+](=O)[O-])c1N(Cc1ccc(-c2ccccc2C(N)=O)cc1)C(=O)OC(C)(C)C
COC(=O)[C@H](C(C)C)N1Cc2ccc(-c3ccc(N)cc3)cc2C1=O.Cc1oc(-c2ccccc2)nc1C(=O)O,COC(=O)[C@H](C(C)C)N1Cc2ccc(-c3ccc(NC(=O)c4nc(-c5ccccc5)oc4C)cc3)cc2C1=O
ClCCl.Nc1ccc(CC(F)(F)F)cc1.O=C(O)c1cccc(-c2cncnc2)c1,O=C(Nc1ccc(CC(F)(F)F)cc1)c1cccc(-c2cncnc2)c1
C1CCOC1.CCOC(=O)/N=N/C(=O)OCC.CCOC(=O)[C@@H](OC(C)(C)C)c1c(C)nc(C)c(-c2ccc(O)cc2)c1N1CCC(C)(C)CC1.N#Cc1ccc(CCO)cc1.c1ccc(P(c2ccccc2)c2ccccc2)cc1,CCOC(=O)[C@@H](OC(C)(C)C)c1c(C)nc(C)c(-c2ccc(OCCc3ccc(C#N)cc3)cc2)c1N1CCC(C)(C)CC1
CC#CC(=O)OCC.CCN(CC)CC.CCOCC.ON=C(Cl)c1c(F)cccc1I,CCOC(=O)c1c(-c2c(F)cccc2I)noc1C
C=CCBr.CC#N.CCN(CC)CC.Cl.Oc1ccc(C2(c3ccccc3)CCNCCO2)cc1,C=CCN1CCOC(c2ccccc2)(c2ccc(O)cc2)CC1
C1CCOC1.CC(C)(C)[Si](C)(C)OCc1cc(C(F)(F)F)ccc1C1(O)CCCCC1.CI.[H-].[Na+],COC1(c2ccc(C(F)(F)F)cc2CO[Si](C)(C)C(C)(C)C)CCCCC1
CCN(C(C)C)C(C)C.COC(=O)c1c(CN)c(=O)c2ccc(Cl)cc2n1-c1ccccc1.Cl.ClCCl.O=C(Cl)Oc1ccccc1,COC(=O)c1c(CNC(=O)Oc2ccccc2)c(=O)c2ccc(Cl)cc2n1-c1ccccc1
CC(=O)O.CC(C)(C)C(=O)COc1n[nH]c(-c2ccc(S(C)(=O)=O)cc2)c1-c1ccccc1.Cc1ccc(S(=O)(=O)O)cc1.Cc1ccccc1.O,CC(C)(C)c1coc2c(-c3ccccc3)c(-c3ccc(S(C)(=O)=O)cc3)nn12
CC(C)=O.CCCC1C=C(S(=O)(=O)[O-])C=CC1(C)OC.O=C([O-])[O-].Oc1ccccc1S.[I-].[K+],COCC(C)Sc1ccccc1O
CC(=O)C(=O)O.CC(=O)c1c(C)c[nH]c1C.I.O=[PH2]O,CC(=O)c1c(C)[nH]c(C(C)C(=O)O)c1C
C1CCOC1.CO.COC(=O)c1ccc(OC(C)=O)c(CC=C(C)C)c1.Cl.O.[Li+].[OH-],CC(C)=CCc1cc(C(=O)O)ccc1O
CC(C)O.CN(C)C=O.Cc1sc(C(=O)O)cc1Br.ClCCl.O=C(Cl)C(=O)Cl.c1ccncc1,Cc1sc(C(=O)OC(C)C)cc1Br
CC1([C@H]2C[C@@H](CO)[C@](N)(c3ccc(F)cc3F)CO2)CC1.ClCCl.O=C(N=C=S)c1ccccc1,CC1([C@H]2C[C@@H](CO)[C@](NC(=S)NC(=O)c3ccccc3)(c3ccc(F)cc3F)CO2)CC1
Cl.NNC(=S)Nc1ccccc1.O.O=c1c(=O)c2ccc(O)cc2c1=O,O=c1c(=NNC(=S)Nc2ccccc2)c(=O)c2cc(O)ccc12
CCN=C=NCCCN(C)C.CCOC(C)=O.CN(C)C=O.NOC1CCCCO1.O.O=C(O)/C=C/c1ccc(NC2CCN(Cc3ccccc3)CC2)nc1.On1nnc2ccccc21,O=C(/C=C/c1ccc(NC2CCN(Cc3ccccc3)CC2)nc1)NOC1CCCCO1
COc1ccccc1COCCCOc1ccc([C@H]2CCN(C(=O)OC(C)(C)C)C[C@@H]2O)cc1.C[Si](C)(C)CCOCOc1ccc2ccc(CCl)cc2c1.[H-].[Na+],COc1ccccc1COCCCOc1ccc([C@H]2CCN(C(=O)OC(C)(C)C)C[C@@H]2OCc2ccc3ccc(OCOCC[Si](C)(C)C)cc3c2)cc1
C1CCOC1.CC(C)[P+](c1ccccc1)(c1ccccc1)c1ccccc1.COCC1CN(c2ccc(C3CCC(=O)CC3)cc2)C(=O)O1.O.[Br-].[NH2-].[Na+],COCC1CN(c2ccc(C3CCC(=C(C)C)CC3)cc2)C(=O)O1
CC(C)(C)OC(=O)N1CCC(c2cc(O)n3nccc3n2)CC1.Clc1cc(C2CCC3(CC2)OCCO3)nc2ccnn12.Oc1cc(C2CCC3(CC2)OCCO3)nc2ccnn12,CC(C)(C)OC(=O)N1CCC(c2cc(Cl)n3nccc3n2)CC1
CN1CCCC1=O.CNCCNC.Cc1cc[nH]c(=O)c1N1CCc2nc(N)ncc2C1.Cc1cccc(I)c1.I[Cu]I.O=P([O-])([O-])[O-].[K+],CC1=CCN(c2cccc(C)c2)C(=O)C1N1CCc2nc(N)ncc2C1
CC(=O)c1ccc2c(c1)C13CC2c2ccccc2C1CN(CC1CCCC1)C3.CCO.Cl.ClCCl.NO.O.[Na+].[OH-],CC(=NO)c1ccc2c(c1)C13CC2c2ccccc2C1CN(CC1CCCC1)C3
COc1ccccc1[N+]1([O-])CCN(C(=O)[O-])C(C(C)(C)C)C1.O=C(O)C(F)(F)F,COc1ccccc1[N+]1([O-])CCNCC1
CC(C)C(C#N)(CCCN1CCN(CCOc2cccc(C#N)c2)CC1)c1cc(Br)sc1Br.CCOCC.CN(C)C=O.N.O.[C-]#N.[Fe+2].[Zn+2].c1ccc(P(c2ccccc2)[c-]2cccc2)cc1.c1ccc(P(c2ccccc2)[c-]2cccc2)cc1,CC(C)C(C#N)(CCCN1CCN(CCOc2cccc(C#N)c2)CC1)c1cc(C#N)sc1Br
CC(C)[Si](Cl)(C(C)C)C(C)C.CCOC(C)=O.CN(C)C=O.COc1ccc(C(OC[C@H]2O[C@@H](n3cc(C)c(=O)[nH]c3=O)C[C@@H]2O)(c2ccccc2)c2ccc(OC)cc2)cc1.c1c[nH]cn1.c1ccncc1,COc1ccc(C(OC[C@H]2O[C@@H](n3cc(C)c(=O)[nH]c3=O)C[C@@H]2O[Si](C(C)C)(C(C)C)C(C)C)(c2ccccc2)c2ccc(OC)cc2)cc1
C(=NC1CCCCC1)=NC1CCCCC1.ClCCl.N=C1NC(C(F)(F)F)(C(F)(F)F)C(=C(F)C(F)(F)F)S1.O=C(O)c1cccc(F)c1,O=C(NC1=NC(C(F)(F)F)(C(F)(F)F)C(=C(F)C(F)(F)F)S1)c1cccc(F)c1
ClCCl.N#CC1=C(C#N)C(=O)C(Cl)=C(Cl)C1=O.O=S(=O)(Oc1ccc2ccccc2c1C1N[C@@H](c2ccccc2)Cc2ccccc21)C(F)(F)F,O=S(=O)(Oc1ccc2ccccc2c1C1=N[C@@H](c2ccccc2)Cc2ccccc21)C(F)(F)F
C1CCOC1.CCCC[Sn](Cl)(Cl)CCCC.Cc1nc(N)ccc1Br.O=Cc1ccc(C(F)(F)F)cc1.[SiH3]c1ccccc1,Cc1nc(NCc2ccc(C(F)(F)F)cc2)ccc1Br
CCO.CCOC(=O)C(CC)Cc1ccc(OC)c(C(=O)NCc2ccc(C(F)(F)F)cc2)c1.[Na+].[OH-],CCC(Cc1ccc(OC)c(C(=O)NCc2ccc(C(F)(F)F)cc2)c1)C(=O)O
C1CCOC1.CN(C)C(=O)[C@@H]1C[C@H]1C(=O)c1c[nH]c2ccc(F)cc12.[Al+3].[H-].[Li+],CN(C)CC1CC1Cc1c[nH]c2ccc(F)cc12
CC(C)CCN.COc1cc(C=O)ccc1Oc1ccc(C(N)=O)cn1,COc1cc(CNCCC(C)C)ccc1Oc1ccc(C(N)=O)cn1
CC(C)(C)N.CCCC(=O)c1ccc2c(c1)CCCN2C.ClCCl.Cl[Ti](Cl)(Cl)Cl,CCCC(=NC(C)(C)C)c1ccc2c(c1)CCCN2C
ClCCl.O=C(O)C(F)(F)F.[N-]=[N+]=NCCO[C@H]1O[C@H](C(O)C(c2ccccc2)(c2ccccc2)c2ccccc2)[C@@H](OC(=O)c2ccccc2)[C@H](OC(=O)c2ccccc2)[C@@H]1OC(=O)c1ccccc1,[N-]=[N+]=NCCO[C@H]1O[C@H](CO)[C@@H](OC(=O)c2ccccc2)[C@H](OC(=O)c2ccccc2)[C@@H]1OC(=O)c1ccccc1
C1CCN([PH+](N2CCCC2)N2CCCC2)C1.CCN(CC)CC.CN(C)C=O.Cl.F[P-](F)(F)(F)(F)F.NCc1ccnc(Br)c1.O=C(O)c1cccn2c(-c3ccc(F)cc3)ncc12.[Cl-].[NH4+],O=C(NCc1ccnc(Br)c1)c1cccn2c(-c3ccc(F)cc3)ncc12
C1CCOC1.CC(C)(C)c1cc(N=C=O)no1.CON,CONC(=O)Nc1cc(C(C)(C)C)on1
C1CCOC1.CO.Cc1c(C)c2c3c(cc(C)c2[nH]c1=O)CC(CN=[N+]=[N-])O3.[H][H].[Pd],Cc1c(C)c2c3c(cc(C)c2[nH]c1=O)CC(CN)O3
CC(C)C(=O)c1ccccc1.CCC(=O)O.O.O=C(O)c1ccccc1,CCC(=O)c1ccccc1
CC(N)c1ccc(Br)cc1.Fc1cnc(Cl)nc1Cl,CC(Nc1nc(Cl)ncc1F)c1ccc(Br)cc1
C#CC(C)(O)CCC=C(C)C.COC(C)(C)C,C#CC1(C)CCCC(C)(C)O1
CCOc1cc(C)c2[nH]c(=O)sc2c1.Cl.c1ccncc1,Cc1cc(O)cc2sc(=O)[nH]c12
C1CCOC1.CC(C)(C)[O-].Cc1cccc(C[P+](c2ccccc2)(c2ccccc2)c2ccccc2)c1C.ClCCl.O=Cc1cccc(CCCN2C(=O)c3ccccc3C2=O)c1.[Br-].[K+],Cc1cccc(/C=C\c2cccc(CCCN3C(=O)c4ccccc4C3=O)c2)c1C
CCN(C(C)C)C(C)C.CN(C)C(On1nnc2cccnc21)=[N+](C)C.CN(C)C=O.F[P-](F)(F)(F)(F)F.N#Cc1cccc(C2CCNCC2)c1.O=C(O)c1cncc(C#Cc2ccccc2)c1,N#Cc1cccc(C2CCN(C(=O)c3cncc(C#Cc4ccccc4)c3)CC2)c1
BrCc1cccc2ccccc12.CCOC(=O)CCc1c(C(=O)OCC)[nH]c2ccccc12,O=C(O)CCc1c(C(=O)O)n(Cc2cccc3ccccc23)c2ccccc12
CCC=O.CO.NC(=O)c1cccc2nc(-c3ccc(C4CCCCN4)cc3F)oc12.[Pd],CCCN1CCCCC1c1ccc(-c2nc3cccc(C(N)=O)c3o2)c(F)c1
C=CC(=O)OCC12CC3CC(CC(O)(C3)C1)C2.OC12CC3(O)CC(O)(C1)CC(O)(C2)C3,C=CC(=O)OC12CC3(O)CC(O)(CC(O)(C3)C1)C2
CON(C)C(=O)C1CCOCC1.C[C@H]1CN(c2c(CO[Si](c3ccccc3)(c3ccccc3)C(C)(C)C)ccc(F)c2F)C[C@@H](C)O1,C[C@H]1CN(c2c(CO[Si](c3ccccc3)(c3ccccc3)C(C)(C)C)cc(C(=O)C3CCOCC3)c(F)c2F)C[C@@H](C)O1
B.C1CCOC1.C=CCCCCC(COCCCCCCCCCCCCCCCC)OC.O.OO.[Na+].[OH-],CCCCCCCCCCCCCCCCOCC(CCCCCCO)OC
CCOC(C)=O.C[C@]12CC[C@@H]3c4ccc(O)cc4CC[C@H]3[C@@H]1CCC2=O.[BH4-].[Br-].[Li+].[Na+].c1ccccc1,C[C@]12CC[C@@H]3c4ccc(O)cc4CC[C@H]3[C@@H]1C[C@@H](Br)C2=O
C=CCN.c1ccc(COC[C@H]2CO2)cc1,C=CCNC[C@@H](O)COCc1ccccc1
CCN(C(C)C)C(C)C.CN1CCCC1=O.COC(=O)c1cc2c(Cl)ccnc2o1.O.O=[N+]([O-])c1ccc(O)cc1,COC(=O)c1cc2c(Oc3ccc([N+](=O)[O-])cc3)ccnc2o1
COCCOC.O=C1Cc2ccccc2N1.S=C=NCCCl.[H-].[Na+],O=C1Cc2ccccc2N1C1=NCCS1
NC1CCN(Cc2ccc(Cl)c(Cl)c2)CC1.O=C(Nc1ccccc1OCC1CO1)c1ccccc1,O=C(Nc1ccccc1OCC(O)CNC1CCN(Cc2ccc(Cl)c(Cl)c2)CC1)c1ccccc1
CCOC(=O)CCNC(=O)c1cc(OCc2ccc(C#N)cc2)ccc1N.ClCCl.O.O=C(Br)CBr,CCOC(=O)CCNC(=O)c1cc(OCc2ccc(C#N)cc2)ccc1NC(=O)CBr
O=C(O)COc1ncc(C(=O)Nc2ccc(F)cc2)cn1.Oc1ccc(F)cc1,O=C(COc1ncc(C(=O)Nc2ccc(F)cc2)cn1)Oc1ccc(F)cc1
CCO.CCc1c(C)nc(-c2ccc(Cl)s2)nc1Nc1ccc(Cc2nc(C(=O)OC)c[nH]2)cc1.N,CCc1c(C)nc(-c2ccc(Cl)s2)nc1Nc1ccc(Cc2nc(C(N)=O)c[nH]2)cc1
CCO.N[C@@H]1CCCC[C@H]1O.O=C1NC(=S)CS1,O=C1N=C(N[C@@H]2CCCC[C@H]2O)CS1
NC(=O)c1c(N)cccc1Br.O=C1Nc2cccc(Br)c2C1=O.[N-]=C=O.[Na+],O=c1[nH]c(=O)c2c(Br)cccc2[nH]1
Brc1c(C2OCCO2)oc2ccccc12.CCOC(C)=O.CCOCC.CN(C)C=O.O.O=C(O)C(=O)O,O=Cc1c(C2OCCO2)oc2ccccc12
C=O.COCCN(Cc1ccc(Nc2cc(Cl)nn(C)c2=O)nc1)C(=O)OC(C)(C)C.O.O=CO,COCCN(C)Cc1ccc(Nc2cc(Cl)nn(C)c2=O)nc1
C[C@@]1(N)CCCNC1.N#Cc1ccccc1Cn1c(Cl)ncc(Cl)c1=O,C[C@@]1(N)CCCN(c2ncc(Cl)c(=O)n2Cc2ccccc2C#N)C1
Cc1cccc(C)n1.ClCCl.Cn1ncc(I)c1C(N)=O.O=C(OC(=O)C(F)(F)F)C(F)(F)F.O=C([O-])O.[Na+],Cn1ncc(I)c1C#N
CC(=O)OC(C)=O.ON=c1c2nccc3cccc(c32)n2cccc12.c1ccncc1,CC(=O)ON=c1c2nccc3cccc(c32)n2cccc12
CCO.CCOC(CN)OCC.CCOC1=NC[C@@H](O[Si](C)(C)C(C)(C)C)C1.Cl,CCOC(CNC1=NC[C@@H](O[Si](C)(C)C(C)(C)C)C1)OCC
CO.COC(=O)c1cc(Oc2ccc(C(=O)OC(C)(C)C)c(F)c2)c2c(c1)OC(C)(C)C2.[Na+].[OH-],CC(C)(C)OC(=O)c1ccc(Oc2cc(C(=O)O)cc3c2CC(C)(C)O3)cc1F
CC(C)c1cc(O)c(O)c(C(C)C)c1.CCOC(=O)Cl,CCOC(=O)Oc1cc(C(C)C)cc(C(C)C)c1OC(=O)OCC
CCC(=O)c1cccnc1Cl.CCO.Cl.NNc1ccc(OCc2ccccc2)cc1,CCc1nn(-c2ccc(OCc3ccccc3)cc2)c2ncccc12
C1CCOC1.CCc1ccc(Nc2nnc(C(=O)Nc3ccc([C@H]4CC[C@H](CC(=O)OC)CC4)cc3)o2)cc1.CO.Cl.O.[Li+].[OH-],CCc1ccc(Nc2nnc(C(=O)Nc3ccc([C@H]4CC[C@H](CC(=O)O)CC4)cc3)o2)cc1
CC(=O)[O-].CCOC(=O)/C=C\C(=O)OCC.CN(C)C=O.Cc1ccc2cc(Br)ccc2n1.Cc1ccccc1P(c1ccccc1C)c1ccccc1C.O=C([O-])[O-].[K+].[Pd+2],CCOC(=O)C=C(C(=O)OCC)c1ccc2nc(C)ccc2c1
Cn1cc(C(=O)NCc2ccc(Cl)cc2)c(=O)c2cc(CCl)sc21.OC(c1ccccn1)C1CCCN1,Cn1cc(C(=O)NCc2ccc(Cl)cc2)c(=O)c2cc(CN3CCC[C@@H]3[C@@H](O)c3ccccn3)sc21
C1COCCO1.CC(=O)O.CCCCCC(C)(O)C=CC1CCC2(OCCO2)C1CCCCCCCO[Si](C)(C)C.Cc1ccccc1.O,CCCCCC(C)(O)C=CC1CCC(=O)C1CCCCCCCO
CCO.CCOC(=O)C(=CN(C)C)C(=O)c1ccc(F)c(F)c1F.CS(C)=O.C[C@H](N)CO.ClC(Cl)Cl.[Ca+2].[F-],CCOC(=O)c1cn2c3c(c(F)ccc3c1=O)OC[C@@H]2C
CN(C)C=O.O=C1NC(=O)c2ccccc21.O=S(=O)(O)O[C@H](CCl)[C@H](O)CCl.[K],O=C1c2ccccc2C(=O)N1[C@@H](CCl)[C@H](O)CCl
CC(C)(C)OC(=O)N1CCN(c2cccc(I)c2)CC1.CCOC(C)=O.CN(C)C=O.C[Si](C)(C)C(F)(F)F.[Cu]I.[F-].[K+],CC(C)(C)OC(=O)N1CCN(c2cncc(C(F)(F)F)c2)CC1
C1CCOC1.CN.ClCCl.NS(=O)(=O)c1ccc(F)c(C(=O)O)c1,CNC(=O)c1cc(S(N)(=O)=O)ccc1F
COc1cc2c(cc1OC)CC(NCC(O)CC(=O)O)CC2.C[Si](C)(C)N[Si](C)(C)C.Cc1ccccc1C.Cl,COc1cc2c(cc1OC)CC(N1CC(O)CC1=O)CC2
C=CC(C)(C)CC1NC(C(=O)NCC[C@H]2COC(C)(C)O2)C(c2cccc(Cl)c2F)C1(C#N)c1ccc(Cl)cc1F.CCOC(C)=O.O=[Pt]=O,CCC(C)(C)CC1NC(C(=O)NCC[C@H]2COC(C)(C)O2)C(c2cccc(Cl)c2F)C1(C#N)c1ccc(Cl)cc1F
C#CCN(CCN(C(=O)C(=O)OCC)C(C)C)C(=O)OC(C)(C)C.C1CCNCC1.Cc1ccccc1.Ic1cccs1.[Cu]I,CCOC(=O)C(=O)N(CCN(CC#Cc1cccs1)C(=O)OC(C)(C)C)C(C)C
NCCCn1ccnc1.O=C(O)c1ccc(C(=O)Nc2ccc(Cl)c(-c3ccccn3)c2)c(Cl)c1,O=C(NCCCn1ccnc1)c1ccc(C(=O)Nc2ccc(Cl)c(-c3ccccn3)c2)c(Cl)c1
CC(C)(NC(=O)[C@@H](N)CCCCNC(=O)OCc1ccccc1)c1ccccc1.ClCCl.O=C(Cl)c1ccccc1.c1ccncc1,CC(C)(NC(=O)[C@H](CCCCNC(=O)OCc1ccccc1)NC(=O)c1ccccc1)c1ccccc1
CCN(C(C)C)C(C)C.CN(C)C=O.CN(N)C(=O)c1ccc[nH]1.ClCCCl.O=C(O)c1ccc(I)cc1.On1nnc2ccccc21,CN(NC(=O)c1ccc(I)cc1)C(=O)c1ccc[nH]1
C=CS(=O)(=O)C=C.CCO.C[C@@H](N)c1ccc(C#N)c(-c2ccc3c(n2)n(C)c(=O)n3CC(C)(C)C)c1,C[C@H](c1ccc(C#N)c(-c2ccc3c(n2)n(C)c(=O)n3CC(C)(C)C)c1)N1CCS(=O)(=O)CC1
CCO.Cc1ccccc1Nn1cc(Br)c(=O)[nH]c1=O.[C-]#N.[Na+],Cc1ccccc1Nn1c(C#N)cc(=O)[nH]c1=O
CC(C)(C)OC(=O)NC(C(=O)c1ccc(I)cc1)c1ccc(Cl)c(Cl)c1.CC(C)Oc1ccc(F)c(B(O)O)c1,CC(C)Oc1ccc(F)c(-c2ccc(C(=O)C(NC(=O)OC(C)(C)C)c3ccc(Cl)c(Cl)c3)cc2)c1
CCCCC.CN(C)C=O.COc1cccc([C@@]23CCCC[C@H]2C(=O)NC(=O)C3)c1.CS(=O)(=O)OCCc1ccco1.[H-].[Na+],COc1cccc([C@@]23CCCC[C@@H]2C(=O)N(CCc2ccco2)C(=O)C3)c1
CC(C)(C)OC(=O)N1CC[C@H](CN)[C@H](F)C1.CCCCc1nnc(C(=O)Oc2c(F)c(F)c(F)c(F)c2F)cc1-c1ccc(OC2CCCCC2)cc1.ClCCl,CCCCc1nnc(C(=O)NC[C@H]2CCN(C(=O)OC(C)(C)C)C[C@H]2F)cc1-c1ccc(OC2CCCCC2)cc1
CN(C)C=O.CN1C(=O)CC(=O)N(C)C1=O.O=P(Cl)(Cl)Cl,Cn1c(Cl)c(C=O)c(=O)n(C)c1=O
CS(C)=O.Cc1cc(Cl)c2cccc(OCCNC(=O)OC(C)(C)C)c2n1.NCc1ccc(Cl)c(Cl)c1.O.O=S(=O)([O-])[O-].[Cu+2],Cc1cc(NCc2ccc(Cl)c(Cl)c2)c2cccc(OCCNC(=O)OC(C)(C)C)c2n1
CC(=O)N(C)C.Cc1ccc(NC(=O)c2cccc(N(C)C)c2)cc1NC(=O)c1ccc(O)cc1.ClCCCN1CCOCC1.O.O=C([O-])[O-].[K+],Cc1ccc(NC(=O)c2cccc(N(C)C)c2)cc1NC(=O)c1ccc(OCCCN2CCOCC2)cc1
CCN(C(C)C)C(C)C.COC(=O)c1ccc(C(=O)O)nc1.ClCCl.Nc1c(N)n(CC2CCCCC2)c(=O)n(CC2CCCCC2)c1=O,O=C(O)c1ccc(-c2nc3c(=O)n(CC4CCCCC4)c(=O)n(CC4CCCCC4)c3[nH]2)nc1
C#C[Mg]Br.C1CCOC1.CC(=O)c1cc(COC2CCCCO2)on1,C#CC(C)(O)c1cc(COC2CCCCO2)on1
CC(=O)[O-].CN(C)C=O.COC1(C)C(I)=C(Br)C=C2NC(=O)OC(=O)C21.[NH4+],COc1c(N)c(C(N)=O)c(C)c(I)c1Br
CCN=C=NCCCN(C)C.CN(C)c1ccncc1.COc1ccc(C(=O)O)c2cc(C(C)OC3CCNCC3)oc12.Cl.ClCCl.O=[N+]([O-])c1ccc(O)cc1,COc1ccc(C(=O)Oc2ccc([N+](=O)[O-])cc2)c2cc(C(C)OC3CCNCC3)oc12
BrBr.CC(=O)CCCCl.CCCS.CO.ClCCl.[K+].[OH-],CCCSC1(C(C)=O)CC1
C1COCCO1.CC1(C)OB(C2CC2)OC1(C)C.CCOC(=O)c1cc(Br)ccc1Cl.ClCCl.O.O=C([O-])[O-].[Cs+],CCOC(=O)c1cc(C2CC2)ccc1Cl
CC(C)(C)OC(=O)Cc1ccc(Br)cn1.CN(C)C=O.Cc1cc(Nc2nccc(C(F)(F)F)n2)cc(B2OC(C)(C)C(C)(C)O2)c1.Cl[Pd]Cl.O=C([O-])[O-].[Na+],Cc1cc(Nc2nccc(C(F)(F)F)n2)cc(-c2ccc(CC(=O)OC(C)(C)C)nc2)c1
CN.Nc1ncccc1C(=O)O.O=Cc1ccc(OCCCN2CCCC2)cc1,Cn1c(-c2ccc(OCCCN3CCCC3)cc2)nc2ncccc2c1=O
Br.BrBr.CC(=O)O.CO.COC(=O)c1ccc(C(C)=O)cc1.O,COC(=O)c1ccc(C(=O)CBr)cc1
C=Cc1ccc2ncn(-c3ccc4c(c3)CCN4)c2n1.CCN(C(C)C)C(C)C.ClCCl.O=S(=O)(Cl)CCCCl,C=Cc1ccc2ncn(-c3ccc4c(c3)CCN4S(=O)(=O)CCCCl)c2n1
CC(=O)O[BH-](OC(C)=O)OC(C)=O.CO.Nc1cccc2c1CN(C1CCC(=O)NC1=O)C2=O.O=Cc1ccco1.[Na+],O=C1CCC(N2Cc3c(NCc4ccco4)cccc3C2=O)C(=O)N1
COC(=O)c1ccc(-c2nc(CS(=O)(=O)c3ccc(Cl)cc3)c(C)o2)cc1.Cl,Cc1oc(-c2ccc(C(=O)O)cc2)nc1CS(=O)(=O)c1ccc(Cl)cc1
CCO.COc1ccc(Cc2ncnn2-c2cc(C#Cc3ccc(C)cn3)nc(C)n2)cc1OC.ClCCl.[Pd],COc1ccc(Cc2ncnn2-c2cc(CCc3ccc(C)cn3)nc(C)n2)cc1OC
C=CCN(C(=O)OCC)C(C)C=O.CNCC(=O)O.Cc1ccccc1.O,CCOC(=O)N1CC2CCN(C)C2C1C
CN(C)C=O.Cc1ccc2c(n1)Oc1ccc(C(C)C(=O)O)cc1C2.NC(=O)CCl.O=C([O-])[O-].[K+],Cc1ccc2c(n1)Oc1ccc(C(C)C(=O)OCC(N)=O)cc1C2
C1CCOC1.COC(=O)[C@@H](Cc1cc(C)c2[nH]cnc2c1)OC(=O)N1CCC(N2CCc3ccccc3NC2=O)CC1.Cl.O.[Li+].[OH-],Cc1cc(C[C@@H](OC(=O)N2CCC(N3CCc4ccccc4NC3=O)CC2)C(=O)O)cc2nc[nH]c12
C1COCCO1.COc1cc(C(=O)OC(C)(C)C)cc(N2CCCC2=O)n1.Cl,COc1cc(C(=O)O)cc(N2CCCC2=O)n1
BrCCOC(c1ccccc1)(c1ccccc1)c1ccccc1.CC(C)OP(=O)(CP(=O)(OC(C)C)OC(C)C)OC(C)C.CCOC(C)=O.Cc1ccccc1.[Cl-].[H-].[NH4+].[Na+],CC(C)OP(=O)(OC(C)C)C(CCOC(c1ccccc1)(c1ccccc1)c1ccccc1)P(=O)(OC(C)C)OC(C)C
CC(=O)O.COc1cccc2c1sc1ccccc12.O.O=[N+]([O-])O,COc1ccc([N+](=O)[O-])c2c1sc1ccccc12
CC(O)C(=O)OCCCl.CCOCC.COC(=O)CO,COC(=O)COC(=O)C(C)O
CO.COC(=O)C[C@H](N)C(=O)O.Cl.ClCc1ccccc1.O=C([O-])[O-].[Na+],COC(=O)C[C@H](NCc1ccccc1)C(=O)O
C1COCCO1.Clc1ccc(OC2CCN(C3CCNCC3)CC2)cc1Cl.NS(N)(=O)=O,NS(=O)(=O)N1CCC(N2CCC(Oc3ccc(Cl)c(Cl)c3)CC2)CC1
COC(=O)C1=C(C)CC(C)(C)CC1.[Na+].[OH-],CC1=C(C(=O)O)CCC(C)(C)C1
C1CCOC1.CC(=O)O.CCOC(C)=O.COC(=O)c1ccnc(N)c1.O=Cc1cccc(C(F)(F)F)c1.[Na],COC(=O)c1ccnc(NCc2cccc(C(F)(F)F)c2)c1
COCCOCCN(CCOCCOC)CCOCCOC.ClCCl.O=C([O-])[O-].O=Cc1ccc2nccnc2c1.[Br-].[K+].c1ccc([P+](CC2OCCO2)(c2ccccc2)c2ccccc2)cc1,O=C/C=C/c1ccc2nccnc2c1
C1CCOC1.CC(C)(C)OC(=O)N1CCCC1.COB(OC)OC.[Li]C(C)CC,CC(C)(C)OC(=O)N1CCCC1B(O)O
CCN(C(C)C)C(C)C.ClCCl.FC(F)(F)c1ccc(C2NCCc3ccccc32)cc1.O=C=NCc1ccccc1,O=C(NCc1ccccc1)N1CCc2ccccc2C1c1ccc(C(F)(F)F)cc1
CCOC(C)=O.CI.CN(C)C=O.Cn1c(=O)oc2ccc(-c3cncc(NS(=O)(=O)C4CC4)c3)cc21.O=C([O-])[O-].[K+],CN(c1cncc(-c2ccc3oc(=O)n(C)c3c2)c1)S(=O)(=O)C1CC1
C1CCOC1.N#Cc1cc(Cl)cc(Oc2c(Cl)ccc(CN=[N+]=[N-])c2F)c1Cl.O.c1ccc(P(c2ccccc2)c2ccccc2)cc1,N#Cc1cc(Cl)cc(Oc2c(Cl)ccc(CN)c2F)c1Cl
C#CCOC.C1CCOC1.CCN(CC)CC.COC(=O)c1ncc(Br)cc1N.Cl[Pd](Cl)([PH](c1ccccc1)(c1ccccc1)c1ccccc1)[PH](c1ccccc1)(c1ccccc1)c1ccccc1.O.[Cu]I,COCC#Cc1cnc(C(=O)OC)c(N)c1
CC(C)(CNc1ncc(-c2ccc(F)c(C#N)c2)cn1)c1ccc(F)cc1.CCCO.NN,CC(C)(CNc1ncc(-c2ccc3[nH]nc(N)c3c2)cn1)c1ccc(F)cc1
C1CCOC1.CCO.CN(CCN1CCSc2cc([N+](=O)[O-])ccc21)C(=O)Oc1ccccc1.[Pd],CN(CCN1CCSc2cc(N)ccc21)C(=O)Oc1ccccc1
CN(C)C=O.Clc1ncnc2[nH]cc(Br)c12.O.O=S(=O)(Cl)c1ccccc1.[H-].[Na+],O=S(=O)(c1ccccc1)n1cc(Br)c2c(Cl)ncnc21
Cc1ccc(S(=O)(=O)Cl)cc1.ClCCl.NCCCNC/C=C/CNCCCN.[Na+].[OH-],Cc1ccc(S(=O)(=O)NCCCN(C/C=C/CN(CCCNS(=O)(=O)c2ccc(C)cc2)S(=O)(=O)c2ccc(C)cc2)S(=O)(=O)c2ccc(C)cc2)cc1
CCO.COc1cc(NC(N)=S)ccc1-n1cnc(C)c1.O=C1C(Br)CCCC1c1ccccc1Cl,COc1cc(Nc2nc3c(s2)CCCC3c2ccccc2Cl)ccc1-n1cnc(C)c1
C1CCOC1.CN(C)c1ccncc1.CS(=O)(=O)Nc1cccc2c1C(=O)N(CC(=O)O)C2=O.ClCCCl.O.[O-][n+]1cc(Cl)c(C[C@H](O)c2ccc(OC(F)F)c(OCC3CC3)c2)c(Cl)c1,CS(=O)(=O)Nc1cccc2c1C(=O)N(CC(=O)O[C@@H](Cc1c(Cl)c[n+]([O-])cc1Cl)c1ccc(OC(F)F)c(OCC3CC3)c1)C2=O
COC(=O)[C@@H]1[C@H](NC(=O)/C(=N\OC(C)(C)C(=O)OC(C)(C)C)c2csc(N)n2)C(=O)N1S(=O)(=O)O.O=C(O)C(F)(F)F,COC(=O)[C@@H]1[C@H](NC(=O)/C(=N\OC(C)(C)C(=O)O)c2csc(N)n2)C(=O)N1S(=O)(=O)O
C1CCOC1.CC(C)[C@H]1COC(=O)N1.CCCCCCC(=O)Cl.[Cl-].[Li]CCCC.[NH4+],CCCCCCC(=O)N1C(=O)OC[C@@H]1C(C)C
CC(C)=O.CCOC(C)=O.O=C1CCC(=O)O1.OCC(CO)(CO)CO,O=C(O)C#CC(=O)OCC(COC(=O)C#CC(=O)O)(COC(=O)C#CC(=O)O)COC(=O)C#CC(=O)O
CO.COC(=O)c1ccc(/C=C/C(C)(C)C)cc1C.Cl.O.[Li+].[OH-],Cc1cc(/C=C/C(C)(C)C)ccc1C(=O)O
CC(=O)Nc1ccc(S(=O)(=O)Cl)cc1.CCN(CC)CC.CN1CCNCC1.ClCCl.O,CC(=O)Nc1ccc(S(=O)(=O)N2CCN(C)CC2)cc1
CN(C)C=O.Cn1c(CCl)nc2ccccc21.[H-].[Na+].c1ccc(Nc2ccccn2)nc1,Cc1cccc(CN(c2ccccn2)c2ccccn2)n1
C1CCOC1.CS(=O)(=O)N1CCC(N)CC1.O=S(=O)(Nc1cccc(-c2nc(C3CCC3)sc2-c2ccnc(Cl)n2)c1F)c1cc(F)ccc1F,CS(=O)(=O)N1CCC(Nc2nccc(-c3sc(C4CCC4)nc3-c3cccc(NS(=O)(=O)c4cc(F)ccc4F)c3F)n2)CC1
CNC(=O)C(=O)N(c1ccccc1)c1ccccc1C(=O)CCC1CCN(C(=O)OC(C)(C)C)CC1.CO.O=C([O-])[O-].[K+],CNC(=O)c1c(CC2CCN(C(=O)OC(C)(C)C)CC2)c(=O)c2ccccc2n1-c1ccccc1
CCN(C(C)C)C(C)C.CCc1cnc(Cl)c(C(=O)O)c1.CN(C)C(On1nnc2ccccc21)=[N+](C)C.Cl.F[B-](F)(F)F.N=C(N)COCCc1cc(F)ccc1F,CCc1cnc(Cl)c(C(=O)NC(=N)COCCc2cc(F)ccc2F)c1
CC(C)(C)C(=O)CBr.Cl.Nc1ncccc1C=O.[Na+].[OH-],CC(C)(C)c1nc2ncccc2cc1O
BrBr.COC(=O)c1cc(OC)cc(O)c1C.ClC(Cl)Cl,COC(=O)c1c(C)c(O)cc(OC)c1Br
CCOC(C)=O.Cl[Sn]Cl.O=[N+]([O-])c1cc(Br)ccc1N1CCOCC1,Nc1cc(Br)ccc1N1CCOCC1
CCO.N#Cc1ccccc1Oc1ccc(Cl)cc1Cl.O.[K+].[OH-],O=C(O)c1ccccc1Oc1ccc(Cl)cc1Cl
BrB(Br)Br.COc1cc(N2CCCCC2)c(Cl)cc1CCO.ClCCl.O=C([O-])[O-].[Na+],Oc1cc(N2CCCCC2)c(Cl)cc1CCBr
C1CCOC1.CC[C@@H](NCc1ccnc2c1c(C(=O)OC)cn2C(=O)OC(C)(C)C)C(=O)N1CCCC1.CO.[Na+].[OH-],CC[C@@H](NCc1ccnc2[nH]cc(C(=O)O)c12)C(=O)N1CCCC1
CCOC(=O)c1cnn2c(Cl)c(C(=O)N3CCC4(CC3)COc3cccc(F)c34)cnc12.Cc1cc(F)ccc1N,CCOC(=O)c1cnn2c(Nc3ccc(F)cc3C)c(C(=O)N3CCC4(CC3)COc3cccc(F)c34)cnc12
C1CCOC1.CCCC[N+](CCCC)(CCCC)CCCC.COC(=O)C(C)c1ccccc1C#C[Si](C)(C)C.[F-],C#Cc1ccccc1C(C)C(=O)OC
CC[C@H](C)[C@@H](C(=O)OC(C)(C)C)N1CCN(Cc2cccnc2C)C1=O.ClCCl.O=C(O)C(F)(F)F,CC[C@H](C)[C@@H](C(=O)O)N1CCN(Cc2cccnc2C)C1=O
C1CCOC1.CC(C)COC(=O)Cl.CCN1CCOCC1.CC[NH3+].CN(C)C=O.C[C@H](NC(=O)OCc1ccccc1)C(=O)N1CCC[C@H]1C(=O)O.[Cl-],CCNC(=O)[C@@H]1CCCN1C(=O)[C@H](C)NC(=O)OCc1ccccc1
C1CCOC1.CCCC[N+](CCCC)(CCCC)CCCC.CO.Cc1ccc(-n2nc(C(C)(C)C)cc2NC(=O)N[C@H]2CC[C@@H](Oc3ccc4nnc(N5CCCC(O[Si](C(C)C)(C(C)C)C(C)C)[C@H]5C)n4c3)c3ccccc32)cc1.ClCCl.[F-],Cc1ccc(-n2nc(C(C)(C)C)cc2NC(=O)N[C@H]2CC[C@@H](Oc3ccc4nnc(N5CCC[C@@H](CO)C5)n4c3)c3ccccc32)cc1
CN(C)C=O.O=C(O)CS.O=[N+]([O-])c1ccccc1S(=O)(=O)N1C2COCC1C(F)(F)c1[nH]ncc12.[Li+].[OH-],FC1(F)c2oncc2C2COCC1N2
CCC(NC(=O)c1cncc2c1cnn2-c1ccc(F)cc1)C1CCCNC1.CCN(CC)CC.CS(=O)(=O)Cl.ClCCl,CCC(NC(=O)c1cncc2c1cnn2-c1ccc(F)cc1)C1CCCN(S(C)(=O)=O)C1
CI.CN(C)C=O.Cc1ccc2c(Cc3cccc(C(=O)NS(C)(=O)=O)n3)c(-c3ccccc3)[nH]c2c1.O.O=C([O-])[O-].[Cs+],Cc1ccc2c(Cc3cccc(C(=O)NS(C)(=O)=O)n3)c(-c3ccccc3)n(C)c2c1
Cl.O.O=C(O)CCBr.Oc1ccccc1F.[Na+].[OH-],O=C(O)CCOc1ccccc1F
C1CCOC1.CO.COc1cc(C(F)(F)F)ccc1-c1nccc2cc(S(=O)(=O)Oc3c(F)c(F)c(F)c(F)c3F)ccc12.COc1ccc(CNc2ncns2)c(OC)c1.C[Si](C)(C)[N-][Si](C)(C)C.ClCCl.O=C(O)C(F)(F)F.[Cl-].[Li+].[NH4+],COc1cc(C(F)(F)F)ccc1-c1nccc2cc(S(=O)(=O)Nc3ncns3)ccc12
CS(C)=O.Cc1c[nH]c(=O)nc1-c1cccnc1.ClCCCCBr.O.[H-].[Na+],Cc1cn(CCCCCl)c(=O)nc1-c1cccnc1
COC(=O)c1c(OS(=O)(=O)C(F)(F)F)c2cc(Cl)ccc2c(=O)n1Cc1ccccc1.OB(O)c1ccc(F)c(Cl)c1,COC(=O)c1c(-c2ccc(F)c(Cl)c2)c2cc(Cl)ccc2c(=O)n1Cc1ccccc1
CC(C)(C)[Si](Cl)(c1ccccc1)c1ccccc1.Cc1ccc(O)cn1.ClCCl.c1c[nH]cn1,Cc1ccc(O[Si](c2ccccc2)(c2ccccc2)C(C)(C)C)cn1
CCBr.CCO.CC[C@@]12C=C(C(=O)O)n3c4c(c5ccccc53)CCN(CCC1)[C@H]42.[K+].[OH-],CCOC(=O)C1=C[C@]2(CC)CCCN3CCc4c(n1c1ccccc41)[C@@H]32
C#CC(C)(O)CCC=C(C)CCCC(C)C.C=CC(C)(O)CCC=C(C)CCCC(C)C.C[O-].[Na+],CC(=O)CCC=C(C)CCCC(C)C
BrB(Br)Br.CCOC(C)=O.COc1ccc(C2(C)CC(C)(C)N(C(C)=O)c3ccc(NC(=O)c4ccc(-c5ccccc5)cc4)cc32)cc1.Cl.ClCCl.[Na+].[OH-],CC(=O)N1c2ccc(NC(=O)c3ccc(-c4ccccc4)cc3)cc2C(C)(c2ccc(O)cc2)CC1(C)C
C=C(C)CC(C(C)=O)C(C)=O.CCN(C(C)C)C(C)C.ClCCl.O=S(=O)(OS(=O)(=O)C(F)(F)F)C(F)(F)F,C=C(C)CC(C(C)=O)=C(C)OS(=O)(=O)C(F)(F)F
COc1ccc(CN(C(=O)NCCCl)C2OC[C@H](O)[C@H](O)[C@H]2O)cc1.O=[N+]([O-])[N+](=O)[O-],COc1ccc(CN(C(=O)N(CCCl)N=O)C2OC[C@H](O)[C@H](O)[C@H]2O)cc1
CN(C)C=O.CSCc1cccc2c(C(CCOS(C)(=O)=O)c3ccc(F)cc3C)c[nH]c12.[C-]#N.[K+],CSCc1cccc2c(C(CCC#N)c3ccc(F)cc3C)c[nH]c12
CCN(CC)CC.COCCCOc1ccnc(CS(=O)c2nc3ccccc3[nH]2)c1C.Cc1ccc(S(=O)(=O)CCOC(=O)c2cccc(S(=O)(=O)Cl)c2)cc1.ClCCl.O.O=C([O-])O.O=S(=O)(Cl)Cl.[Na+].[Na],COCCCOc1ccnc(CS(=O)c2nc3ccccc3n2S(=O)(=O)c2cccc(C(=O)OCCS(=O)(=O)c3ccc(C)cc3)c2)c1C
CC(=O)O.CC(=O)O[BH-](OC(C)=O)OC(C)=O.Cl.ClCCl.O.O=Cc1cc(C(=O)O)cc(S(F)(F)(F)(F)F)c1.OC1CNC1.[Na+],O=C(O)c1cc(CO)cc(S(F)(F)(F)(F)F)c1
CCOC(C)=O.COCOc1ccc(C=O)cc1C(C)C.Cc1cc(O)ccc1Br,COCOc1ccc(Cc2ccc(O)cc2C)cc1C(C)C
CC(C)CB(O)O.CCOC(C)=O.ClCCl.O.O=C(Nc1c(Br)cc(-c2ccccc2)cc1Br)c1ccccc1.O=P([O-])([O-])[O-].[K+],CC(C)Cc1cc(-c2ccccc2)cc(CC(C)C)c1NC(=O)c1ccccc1
CCOC(C)=O.CN(C)C=O.Cc1ccc(-n2nc(C(C)(C)C)cc2C(=O)C(=O)O)cc1.Nc1ccc(OCCN2CCOCC2)c2ccccc12.O=C(Cl)C(=O)Cl.O=C([O-])O.[Na+],Cc1ccc(-n2nc(C(C)(C)C)cc2C(=O)C(=O)Nc2ccc(OCCN3CCOCC3)c3ccccc23)cc1
CCN(CC)CC.ClCCl.Nc1ccn(Cc2ccc(Cl)cc2Cl)n1.O=C(Cl)c1c(F)cccc1F,O=C(Nc1ccn(Cc2ccc(Cl)cc2Cl)n1)c1c(F)cccc1F
CCOC(=O)c1noc2c(F)c(N3C[C@H](C)O[C@H](C)C3)c(CO[Si](c3ccccc3)(c3ccccc3)C(C)(C)C)cc12.CN1CC(N)C1,C[C@H]1CN(c2c(CO)cc3c(C(=O)NC4CN(C)C4)noc3c2F)C[C@@H](C)O1
CO.COC(=O)c1ccc2nc(-c3ccccc3)c(N(C)CCc3ccccc3)nc2c1.O.[Na+].[OH-],CN(CCc1ccccc1)c1nc2cc(C(=O)O)ccc2nc1-c1ccccc1
CCOC(C)=O.COCCOCO[C@@H]1CC=CCOC1.[Pd],COCCOCO[C@@H]1CCCCOC1
C1=NCCCN1.CC(C)=O.O=CCCl,O=CCN1C=NCCC1
CCO.Cc1cc(CCc2ccccc2)nc(-n2c(C)ccc2C)c1.Cl.NO.O.[K+].[OH-],Cc1cc(N)nc(CCc2ccccc2)c1
C1CCOC1.CN(C(=O)OC(C)(C)C)c1ccc([N+](=O)[O-])cc1.CO.O.[Fe],CN(C(=O)OC(C)(C)C)c1ccc(N)cc1
CCCCCC.CCOC(C)=O.COC(=O)Cc1ccccn1.Cc1ccccc1C.Nc1cccnc1SCCS(=O)(=O)c1cccc(C(F)(F)F)c1,O=C(Cc1ccccn1)Nc1cccnc1SCCS(=O)(=O)c1cccc(C(F)(F)F)c1
CC(C)(C)C(=O)Cl.Cc1cc(Br)cc(F)c1N.Cl.O.c1ccncc1,Cc1cc(Br)cc(F)c1NC(=O)C(C)(C)C
CC(C)(C)OC(=O)OC(=O)OC(C)(C)C.CCN(C(C)C)C(C)C.CO.Cc1ccc(S(=O)(=O)O[C@@H]2CCN(C(=O)OCc3ccccc3)C[C@H]2N)cc1,CC(C)(C)OC(=O)N1[C@H]2CCN(C(=O)OCc3ccccc3)C[C@H]21
CCC1(CC)c2cc(O)ccc2CC2C1N2C(=O)OC(C)(C)C.CO.Cc1ccc(S(=O)(=O)[O-])cc1.c1cc[nH+]cc1,CCC1(CC)c2cc(O)ccc2C[C@@H](OC)[C@@H]1NC(=O)OC(C)(C)C
CC#N.CCN(CC)CC.Cc1cn(-c2ccc3c(c2)OC(F)(F)C(F)(F)O3)c(=N)s1.O=C(Cl)N1CCCCC1,Cc1cn(-c2ccc3c(c2)OC(F)(F)C(F)(F)O3)/c(=N/C(=O)N2CCCCC2)s1
CNc1cc(N2CCC(F)(F)C2)c(C(=O)OC)cc1[N+](=O)[O-].CO.[Pd],CNc1cc(N2CCC(F)(F)C2)c(C(=O)OC)cc1N
COCC(=O)Cl.Cc1ccc(OCC2CC2)c(-c2ccnc3c(C(=O)NC4CCNCC4)c(C)[nH]c23)c1.Cl,COCC(=O)N1CCC(NC(=O)c2c(C)[nH]c3c(-c4cc(C)ccc4OCC4CC4)ccnc23)CC1
O=C(O)c1ccc(NC(=O)c2cccc(NS(=O)(=O)c3cccc(F)c3)c2)cc1.O=S(=O)(Cl)c1cccc(F)c1,CCOC(=O)c1ccc(NC(=O)c2cccc(NS(=O)(=O)c3cccc(F)c3)c2)cc1
COCC(=O)C(C)(CC(C)=O)C(=O)OC.O=C([O-])[O-].[Na+],COC1=C(C)CC(C)C1=O
CC#N.CCN(CC)CC.COC(C)(C)[C@H]1C(=O)N[C@@H]1CC(=O)CC(=O)OCc1ccc([N+](=O)[O-])cc1.Cc1ccc(S(=O)(=O)N=[N+]=[N-])cc1,COC(C)(C)[C@H]1C(=O)N[C@@H]1CC(=O)C(=[N+]=[N-])C(=O)OCc1ccc([N+](=O)[O-])cc1
C1CCOC1.CC(C)(C)[Mg]Cl.COC(=O)C(=O)N1CCCCC1C(=O)C(CCc1ccccc1)CCc1ccccc1.[Cl-].[NH4+],CC(C)(C)C(=O)C(=O)N1CCCCC1C(=O)C(CCc1ccccc1)CCc1ccccc1
CNc1nc(Cl)nc(Cl)n1.O=C(NCc1ccccc1C(F)(F)F)C1CCNCC1.[Na+].[OH-],CNc1nc(Cl)nc(N2CCC(C(=O)NCc3ccccc3C(F)(F)F)CC2)n1
CO.COc1ccc(CS(=O)(=O)c2cc(OC)c(OC)c(OC)c2)cc1[N+](=O)[O-].Cl[Sn]Cl.O,COc1ccc(CS(=O)(=O)c2cc(OC)c(OC)c(OC)c2)cc1N
CC(C)N.CN1N=C(c2ccccc2OCC2CO2)CCC1=O.CO.Oc1ccccc1,CC(C)NCC(O)COc1ccccc1C1=NN(C)C(=O)CC1
CC(C)(C)OC(=O)N1CC=C(B2OC(C)(C)C(C)(C)O2)CC1.CN(C)C=O.Cc1cc(Br)ccc1NC(=O)OCc1ccccc1.O=C([O-])[O-].[K+],Cc1cc(C2=CCN(C(=O)OC(C)(C)C)CC2)ccc1NC(=O)OCc1ccccc1
CC(C)c1nn(C2CCC2)c2cc(N3CCN[C@@H](Cc4ccccc4)C3)ccc12.Cc1nc(CC(=O)O)n[nH]1,Cc1nnc(CC(=O)N2CCN(c3ccc4c(C(C)C)nn(C5CCC5)c4c3)C[C@@H]2Cc2ccccc2)[nH]1
CC(C)(C)C(=O)OCI.CCOC(=O)Oc1ccc(CC(C)(NN)C(=O)OCOC(C)=O)cc1OC(=O)OCC,CCOC(=O)Oc1ccc(CC(C)(NN)C(=O)OCOC(=O)C(C)(C)C)cc1OC(=O)OCC
CC(=O)[O-].CCO.COC(=O)c1ccc(C(=O)c2ccc(C(=O)OC)cc2)cc1.Cl.NO.O=C([O-])O.[Na+],COC(=O)c1ccc(C(=NO)c2ccc(C(=O)OC)cc2)cc1
BrCCOC1CCCCO1.CN(C)C=O.FC(F)(F)c1ccc(OC2CCNCC2)cc1.O.O=C([O-])[O-].[I-].[K+].[Na+],FC(F)(F)c1ccc(OC2CCN(CCOC3CCCCO3)CC2)cc1
CC1(C)OB(c2cnc3[nH]ccc3c2)OC1(C)C.CS(=O)(=O)NCc1cccc(-c2nc3c(N4CCOCC4)nc(Cl)nc3s2)c1,CS(=O)(=O)NCc1cccc(-c2nc3c(N4CCOCC4)nc(-c4cnc5[nH]ccc5c4)nc3s2)c1
CC(c1cc2ccsc2nc1-c1ccccn1)N1C(=O)c2ccccc2C1=O.CCO.NN.O,CC(N)c1cc2ccsc2nc1-c1ccccn1
C1CCOC1.CCNc1nc(SC)nc(C)c1C=O.CCOC(=O)C=P(c1ccccc1)(c1ccccc1)c1ccccc1,CCNc1nc(SC)nc(C)c1/C=C/C(=O)OCC
Brc1ccccn1.CC(=O)[O-].CC(C)(C)OC(=O)Cn1c(=O)[nH]c2ccccc21.Cl[Cu].[Cu].[K+].c1ccncc1,CC(C)(C)OC(=O)Cn1c(=O)n(-c2ccccn2)c2ccccc21
C1CCOC1.CCN(CC)CC.CCN=C=NCCCN(C)C.CCO.CCOC(=O)CCNC.CCc1sc(C2CCSCC2)cc1C(Nc1ccc(C(=O)O)cc1)C1CCCCC1.CN(C)C=O.Cl.O.On1nnc2ccccc21.[Na+].[OH-],CCc1sc(C2CCSCC2)cc1C(Nc1ccc(C(=O)N(C)CCC(=O)O)cc1)C1CCCCC1
CCO.COC(=O)Cc1cc(SC)c(C(=O)c2ccc(Cl)cc2)n1C.[Na+].[OH-],CSc1cc(CC(=O)O)n(C)c1C(=O)c1ccc(Cl)cc1
C1CCOC1.C=CCBr.CC1C[C@@H](C(=O)Nc2ccccc2)n2c1ncc(N(Cc1cccc(C(F)(F)F)c1)C(=O)OCc1ccccc1)c2=O,C=CC[C@]1(C)C[C@@H](C(=O)Nc2ccccc2)n2c1ncc(N(Cc1cccc(C(F)(F)F)c1)C(=O)OCc1ccccc1)c2=O
Brc1ccccn1.COc1ccccc1-c1cccc(-n2cnc(C(=O)N(C)OC)c2)c1,COc1ccccc1-c1cccc(-n2cnc(C(=O)c3ccccn3)c2)c1
CC(=O)O.CCOC(=O)c1cn(-c2ccc(F)cc2F)c2cc(Cl)c(F)c(Cl)c2c1=O.O.O=S(=O)(O)O,O=C(O)c1cn(-c2ccc(F)cc2F)c2cc(Cl)c(F)c(Cl)c2c1=O
CCC#CC(=O)C(OC)OC.CCCCCC.CC[P+](c1ccccc1)(c1ccccc1)c1ccccc1.[Br-].[Li]CCCC.c1ccccc1,CC=C(C#CCC)C(OC)OC
C1CCOC1.CC(C)(C)OC(=O)OC(=O)OC(C)(C)C.CI.Nc1ccc(Br)cc1.O=P(O)(O)O.[H-].[Na+],CN(C(=O)OC(C)(C)C)c1ccc(Br)cc1
CC(=O)OC(C)=O.NCC(CCCO)(c1ccccc1)c1ccccc1.O=CO,O=CNCC(CCCO)(c1ccccc1)c1ccccc1
CCN(CC)CC.COc1ncnc2sc(NC(=O)N3CCC(N)CC3)nc12.ClCCl.O.O=C(Cl)c1ccc(F)c(C(F)(F)F)c1.O=C(O)C(F)(F)F,COc1ncnc2sc(NC(=O)N3CCC(NC(=O)c4ccc(F)c(C(F)(F)F)c4)CC3)nc12
C1COCCO1.COC(=O)c1ccnc(C#Cc2c(-c3ccccc3)noc2C)c1.C[Al](C)C.Cc1csc(N)n1.O.O=S(=O)([O-])[O-].[Mg+2],Cc1csc(NC(=O)c2ccnc(C#Cc3c(-c4ccccc4)noc3C)c2)n1
CCOCC.N#CCCCc1ccccn1.O.[Al+3].[H-].[Li+].[Na+].[OH-],NCCCCc1ccccn1
CCCCCCN(CCCCCC)CCCCCC.COc1ccc(CBr)cc1F.O.[C-]#N.[Na+],COc1ccc(CC#N)cc1F
COCCCC[C@H]1CN(C(=O)OC(C)(C)C)CCN1C(=O)OC(C)(C)C.ClCCl.O=C(O)C(F)(F)F,COCCCC[C@H]1CNCCN1
CO.COc1cc2c(cc1N1CCN(C)CC1)C/C(=C\c1cccc(C(F)(F)F)c1)C2=O.[Ni],COc1cc2c(cc1N1CCN(C)CC1)CC(Cc1cccc(C(F)(F)F)c1)C2=O
C1CCOC1.CCOC(=O)c1nc(N[C@@H](C)c2ncc(F)cn2)nc(Nc2cc(C)[nH]n2)c1[N+](=O)[O-].CO.O.[Li+].[OH-],Cc1cc(Nc2nc(N[C@@H](C)c3ncc(F)cn3)nc(C(=O)O)c2[N+](=O)[O-])n[nH]1
O=[N+]([O-])c1cc(OCc2cc(F)ccc2F)ccc1Sc1ccc(O)cc1.[Cl-].[Fe].[NH4+],Nc1cc(OCc2cc(F)ccc2F)ccc1Sc1ccc(O)cc1
CC(C)(C)OO.CO.C[C@]1(c2cc(N[C@H]3CCc4cc(Cl)cnc43)ccc2F)NC(=S)COCC1(F)F.N.O=C([O-])[O-].[Na+],C[C@]1(c2cc(N[C@H]3CCc4cc(Cl)cnc43)ccc2F)N=C(N)COCC1(F)F
BrCc1ccccc1.CCOC(=O)c1cc2cccnc2[nH]c1=O.CN(C)C=O.O.O=C([O-])[O-].[K+],CCOC(=O)c1cc2cccnc2n(Cc2ccccc2)c1=O
C[C@@H](c1ccccc1)N1CC[C@@H](CN2CCOCC2)[C@H]1C(N)=O.O.[Pd],NC(=O)[C@H]1NCC[C@H]1CN1CCOCC1
CC(C)(C)OC(=O)N1CCC(Oc2cc(Cl)cc(Cl)c2)CC1.ClCCl.O=C(O)C(F)(F)F,Clc1cc(Cl)cc(OC2CCNCC2)c1
C1COCCO1.CC(=O)[O-].CCN(CC)CC.COC(=O)c1ccc2nc(-c3cn[nH]c3)c(N(C)C(C)C)nc2c1.OB(O)c1ccccc1.[Cu+2].c1ccncc1,COC(=O)c1ccc2nc(-c3cnn(-c4ccccc4)c3)c(N(C)C(C)C)nc2c1
C/C(=C\c1ccc(F)cc1)[N+](=O)[O-].C1CCC2=NCCCN2CC1.C1CCOC1.[C-]#[N+]CC(=O)OCC,CCOC(=O)c1[nH]cc(C)c1-c1ccc(F)cc1
CN(C)C=O.Cc1ccccc1.ClCCOCCOC1CCCCO1.OCC/C(=C(/c1ccc(O)cc1)c1ccc(Cl)cc1)c1ccccc1.[Cl-].[H-].[NH4+].[Na+],OCC/C(=C(\c1ccc(Cl)cc1)c1ccc(OCCOCCOC2CCCCO2)cc1)c1ccccc1
CCO.CCOC(=O)Nc1ccc(NCc2coc3ccc(F)cc23)cc1[N+](=O)[O-].Cl.[Fe],CCOC(=O)Nc1ccc(NCc2coc3ccc(F)cc23)cc1N
C#CCO.CCOCC.O.O=C(Cl)c1ccc(C(=O)Cl)cc1.c1ccncc1,C#CCOC(=O)c1ccc(C(=O)OCC#C)cc1
CC(C)(C)OC(=O)N1CCC[C@H]1Cc1cccc(I)c1.CC(C)C.c1c[nH]nn1,CC(C)(C)OC(=O)N1CCC[C@H]1Cc1cccc(-n2nccn2)c1
CN(C)S(=O)(=O)c1cc(C(=O)O)cc(C(F)(F)F)c1.CNc1cnccc1-c1ccccc1C,Cc1ccccc1-c1ccncc1N(C)C(=O)c1cc(C(F)(F)F)cc(S(=O)(=O)N(C)C)c1
CC(=O)OC[C@H]1OC(Br)[C@H](OC(C)=O)[C@@H](OC(C)=O)[C@@H]1OC(C)=O.CN1CCCC1c1ccc[nH]c1=O.ClCCl.O=C([O-])[O-].[Ag+2].[Al],CC(=O)OC[C@H]1O[C@@H](Oc2ncccc2C2CCCN2C)[C@H](OC(C)=O)[C@@H](OC(C)=O)[C@@H]1OC(C)=O
C#CCBr.CC#N.CC1(C)CC(=O)NN1.O=C([O-])[O-].[I-].[K+].[Li+],C#CCN1NC(=O)CC1(C)C
C1CCOC1.CC(C)(C)OC(=O)OC(=O)OC(C)(C)C.Nc1ccc(Oc2ccc([N+](=O)[O-])cn2)cc1,CC(C)(C)OC(=O)Nc1ccc(Oc2ccc([N+](=O)[O-])cn2)cc1
C1CCOC1.CCOC(=O)/N=N/C(=O)OCC.CCOC(=O)[C@@H](OC(C)(C)C)c1c(C)nc2cc(C=CCc3ccc(F)cc3O)nn2c1N1CCC(C)(OCCCC[C@@H](C)O)CC1.c1ccc(P(c2ccccc2)c2ccccc2)cc1,Cc1nc2cc3nn2c(c1[C@H](OC(C)(C)C)C(=O)O)N1CCC(C)(CC1)OCCCC[C@H](C)Oc1cc(F)ccc1CC=C3
C1CCOC1.C=C[B-](F)(F)F.Cl[Pd]Cl.O=C([O-])[O-].O=[N+]([O-])c1cc(Cl)ccc1Br.[Cs+].[Fe+2].[K+].c1ccc(P(c2ccccc2)[c-]2cccc2)cc1,C=Cc1ccc(Cl)cc1[N+](=O)[O-]
CCCCC1c2nc(-c3ccccc3OC)cn2CCN1C(=O)CCc1cnc[nH]1.CC[C@H](C)[C@H](NC(=O)OCc1ccccc1)C(=O)O,COc1ccccc1-c1cn2c(n1)C(C(C)C)NCC2
Clc1ccc(Br)cc1.O=C([O-])[O-].O=C1c2cc(O)ccc2CCN1Cc1cccnc1.[K+].c1ccncc1,O=C1c2cc(Oc3ccc(Cl)cc3)ccc2CCN1Cc1cccnc1
CC(C)(C)C(=Cc1cn(C(c2ccccc2)(c2ccccc2)c2ccccc2)cn1)c1ccccc1.CO.ClCCl.[Pd],CC(C)(C)C(Cc1c[nH]cn1)c1ccccc1
C1CCOC1.CC(C)NC(C)C.CON(C)C(C)=O.O=Cc1c(C2CC2)nc2ccccc2c1-c1ccc(F)cc1.[Li]CCCC,CON(C)C(=O)CC(O)c1c(C2CC2)nc2ccccc2c1-c1ccc(F)cc1
CC(C)(C)CC1NC(C(=O)O)C(c2cccc(Cl)c2F)C1(C#N)c1ccc(Cl)cc1F.CC(C)(C)OC(=O)c1ccc(N)cc1F.CCN(C(C)C)C(C)C.CN(C)C(On1nnc2cccnc21)=[N+](C)C.ClCCl.F[P-](F)(F)(F)(F)F,CC(C)(C)C[C@@H]1N[C@@H](C(=O)Nc2ccc(C(=O)OC(C)(C)C)c(F)c2)[C@H](c2cccc(Cl)c2F)[C@@]1(C#N)c1ccc(Cl)cc1F
C/C(=C\c1ccccc1)C(=O)O.CCN(CC)CC.ClCCl.O=C(Cl)C(=O)Cl.[N-]=[N+]=NCCN,C/C(=C\c1ccccc1)C(=O)NCCN=[N+]=[N-]
CC(C)(C)OC(=O)c1cc(O)cc(Br)c1.CC(C)=O.CCOC(=O)CCCOc1cccc(CCCCCCBr)c1CCC(=O)OCC.CN(C)C=O.Cl.O.O=C([O-])[O-].[K+],CCOC(=O)CCCOc1cccc(CCCCCCOc2cc(Br)cc(C(=O)OC(C)(C)C)c2)c1CCC(=O)OCC
CCOC(=O)CCCOc1cccc(CCCCCCOc2cc(Br)cc(C(=O)N(C)C)c2)c1CCC(=O)OCC.OB(O)c1cc(F)cc(F)c1,CN(C)C(=O)c1cc(OCCCCCCc2cccc(OCCCC(=O)O)c2CCC(=O)O)cc(-c2cc(F)cc(F)c2)c1
C1COCCO1.CCN(CC)CC.Fc1ccc(-c2cc3c(Cl)ncnc3s2)cc1.O=C(COc1ccc(Cl)cc1)N1CCNCC1,O=C(COc1ccc(Cl)cc1)N1CCN(c2ncnc3sc(-c4ccc(F)cc4)cc23)CC1
CC(C)(C)OC(=O)n1nc(I)c2cc(NS(=O)(=O)c3ccccc3S(C)(=O)=O)ccc21.CN(C)C=O.O=C([O-])O.OB(O)c1ccc2ccccc2c1.[Na+],CS(=O)(=O)c1ccccc1S(=O)(=O)Nc1ccc2[nH]nc(-c3ccc4ccccc4c3)c2c1
ClCCl.Nc1ncccc1CSc1nc2ccccc2[nH]1.Nc1ncccc1CSc1nc2ccccc2[nH]1.O.O=C(OO)c1cccc(Cl)c1,Nc1ncccc1CS(=O)(=O)c1nc2ccccc2[nH]1
CC1(CN)CCOC1.CSc1ncc2ccnc(Cl)c2n1,CSc1ncc2ccnc(NCC3(C)CCOC3)c2n1
CCCCCCCCCCCCN.CCOC(=O)C(=O)NCCCCCCNC(=O)C(=O)OCC.ClC(Cl)Cl,CCCCCCCCCCCCNC(=O)C(=O)NCCCCCCNC(=O)C(=O)NCCCCCCCCCCCC
CC#N.CN1Cc2cc(-c3ccc(C[C@@H](C#N)NC(=O)C4(NC(=O)OC(C)(C)C)CCOCC4)cc3)ccc2C1=O.CO.O.O=CO,CN1Cc2cc(-c3ccc(C[C@@H](C#N)NC(=O)C4(N)CCOCC4)cc3)ccc2C1=O
CCO.Cc1cc([N+](=O)[O-])ccc1Cn1ccc(NC(=O)c2c(F)cccc2F)n1.[Pd],Cc1cc(N)ccc1Cn1ccc(NC(=O)c2c(F)cccc2F)n1
C1CCOC1.CCCCCCCC(=O)O.COC(=O)c1cc(Br)nc(-c2ccc(Cl)cc2)c1N=[N+]=[N-].ClCCCl.[Rh],COC(=O)c1cc(Br)nc2c1[nH]c1cc(Cl)ccc12
CCC(=O)N1CCC(Oc2ccc([N+](=O)[O-])c(C)n2)C1.CO.[Pd],CCC(=O)N1CCC(Oc2ccc(N)c(C)n2)C1
C1COCCO1.CCN=C=O.Cc1cc2sc(N)nc2cc1O,CCNC(=O)Nc1nc2cc(O)c(C)cc2s1
CO.COc1cccc2c1SC(c1ccccc1)C(C=O)=C2Cl.[BH4-].[Na+],COc1cccc2c1SC(c1ccccc1)C(CO)=C2Cl
C=C(C)C.CC(=O)O[C@H](Cc1ccccc1)C(=O)O.ClCCl.O=C([O-])O.O=S(=O)(O)O.[Na+],CC(=O)O[C@H](Cc1ccccc1)C(=O)OC(C)(C)C
C1CCOC1.CC(C)C[Al+]CC(C)C.COC(=O)c1cc([C@@H](O)CNCCCCc2ccc(CCCCNC(=O)OCc3ccccc3)cc2)ccc1OCc1ccccc1.[H-],O=C(NCCCCc1ccc(CCCCNC[C@H](O)c2ccc(OCc3ccccc3)c(CO)c2)cc1)OCc1ccccc1
CCN=C=NCCCN(C)C.CN(C)C=O.Cl.Nc1cc(F)c(F)cc1O.O=C([O-])Cc1nc(N2CCOCC2)cc(=O)[nH]1.[Na+].c1ccncc1,O=C(Cc1nc(N2CCOCC2)cc(=O)[nH]1)Nc1cc(F)c(F)cc1O
C1CNC1.CCN(C(C)C)C(C)C.Cl.ClCCl.Nc1cnc2ccc(N3CCC[C@@H]3c3cc(F)ccc3F)nn12.O=C(n1ccnc1)n1ccnc1.OC1CNC1,O=C(Nc1cnc2ccc(N3CCC[C@@H]3c3cc(F)ccc3F)nn12)N1CC(O)C1
CCCOc1cc2c(cc1Br)C(C)(C)CCC2(C)C.OBO,CCCOc1ccc2c(c1B(O)O)C(C)(C)CCC2(C)C
COC(=O)C(Cc1ccc(C(F)(F)P(=O)(OC(C)(C)C)OC(C)(C)C)cc1)(Cc1ccc(C(F)(F)P(=O)(OC(C)(C)C)OC(C)(C)C)cc1)C(=O)O.O.O=C(O)C(F)(F)F,COC(=O)C(Cc1ccc(C(F)(F)P(=O)(O)O)cc1)(Cc1ccc(C(F)(F)P(=O)(O)O)cc1)C(=O)O
CC(=O)OC(C)=O.CCNC(=O)c1cc(-c2cc(Cl)c(OCc3ccccc3)cc2OCc2ccccc2)on1.O=[N+]([O-])O,CCNC(=O)c1noc(-c2cc(Cl)c(OCc3ccccc3)cc2OCc2ccccc2)c1[N+](=O)[O-]
CCOS(=O)(=O)OCC.CN(C)C=O.[H-].[Na+].c1ccc(CNc2ccccn2)nc1,CCN(Cc1ccccn1)c1ccccn1
C1COCCO1.CCOC(=O)c1cc(C#N)c(SC)s1.[Na+].[OH-],CSc1sccc1C#N
Nc1ccc(Cl)c2cccnc12.O=S(=O)(Cl)c1cccnc1,O=S(=O)(Nc1ccc(Cl)c2cccnc12)c1cccnc1
C1CCOC1.CC(=O)OCC1=C(C(=O)O)N2C(=O)C(NC(=O)Cc3csc(=O)s3)C2SC1.CC(C)OC(C)C.Cl.Cn1nnc(=S)[nH]1.N#C[S-].O.O=C([O-])O.[K+].[Na+].[Na],Cn1nnc(SCC2=C(C(=O)O)N3C(=O)C(NC(=O)Cc4csc(=O)s4)C3SC2)n1
C[C@H]1[C@H]2[C@H](C[C@H]3[C@@H]4CC[C@H]5C[C@@H](O)CC[C@]5(C)[C@H]4[C@H]4O[C@H]4[C@@]32C)O[C@@]12OC[C@H](C)CC2Br.Cc1ccccc1.O=C(O)C(Cl)(Cl)Cl,C[C@H]1[C@H]2[C@H](C[C@H]3[C@@H]4CC[C@H]5C[C@@H](O)CC[C@]5(C)[C@H]4[C@@H](O)[C@H](OC(=O)C(Cl)(Cl)Cl)[C@@]32C)O[C@@]12OC[C@H](C)CC2Br
CC(=O)OC(C)=O.Cc1ccc(B(O)O)cc1.N#Cc1cccnc1Br,Cc1ccc(-c2ncccc2C#N)cc1
CC(Cc1ccc2c(c1)OC(CCl)CO2)N1CC(c2cccc(Cl)c2)OC1=O.CS(C)=O.O.[K+].[SH-],CC(Cc1ccc2c(c1)OCC(SCO)O2)N1CC(c2cccc(Cl)c2)OC1=O
C1CCOC1.CCCC[N+](CCCC)(CCCC)CCCC.C[Si](C)(C)Cn1cc(-c2cc3ncnc(Cl)c3s2)nn1.O.[F-],Cn1cc(-c2cc3ncnc(Cl)c3s2)nn1
C1CCOC1.CI.Cc1cc(C(=O)C[C@H](c2ccc(Br)cc2)c2ccc(Cl)cc2C)ccn1.[H-].[Na+],Cc1cc(C(=O)C(C)[C@H](c2ccc(Br)cc2)c2ccc(Cl)cc2C)ccn1
CCC(=O)OC[C@H]1O[C@@H](n2cnc(C(N)=O)c2N)[C@H](OC(=O)CC)[C@@H]1OC(=O)CC.CCN(CC)CC.ClCCl.O.O=P(Cl)(Cl)Cl,CCC(=O)OC[C@H]1O[C@@H](n2cnc(C#N)c2N)[C@H](OC(=O)CC)[C@@H]1OC(=O)CC
C(=NC1CCCCC1)=NC1CCCCC1.ClCCl.NCc1ccc(Cl)c(Cl)c1.O=C(O)c1nc2c3c(N4CCOCC4)cccc3on2c(=O)c1OCc1ccccc1.On1nnc2ccccc21,O=C(NCc1ccc(Cl)c(Cl)c1)c1nc2c3c(N4CCOCC4)cccc3on2c(=O)c1OCc1ccccc1
C1COCCO1.ClCCl.O=[Se]=O.OCc1nccc2c1CCCC2,O=Cc1nccc2c1CCCC2
CN(C(=O)Cl)c1ccccc1.Oc1ccc(-n2ccnc2)cc1,CN(C(=O)Oc1ccc(-n2ccnc2)cc1)c1ccccc1
CN(C)C=O.COC(OC)N(C)C.NC(=O)c1ccc(CN2CCCCCC2)s1,CN(C)C=Nc1ccc(CN2CCCCCC2)s1
C1CCOC1.CCCCCCOC1C2OC3(OCC45CC6C(C)CCC6C6(C=O)CC4C=C(C(C)C)C65C(=O)OC(c4ccccc4)c4ccccc4)OC2OC1C3O[Si](C)(C)C(C)(C)C.CCCC[N+](CCCC)(CCCC)CCCC.[F-],CCCCCCOC1C2OC3(OCC45CC6C(C)CCC6C6(C=O)CC4C=C(C(C)C)C65C(=O)OC(c4ccccc4)c4ccccc4)OC2OC1C3O
C=CC(=O)O.CC1CCC(C(C)C)C(O)C1.Cc1ccc(S(=O)(=O)O)cc1.Cc1ccccc1,C=CC(=O)OC1CC(C)CCC1C(C)C
CCN(CC)CC.CN(C)C=O.Cc1cn2c(Cl)cccc2n1.Nc1ccc(S)cc1.O,Cc1cn2c(Sc3ccc(N)cc3)cccc2n1
C#Cc1ccccc1N(C)S(C)(=O)=O.C1COCCO1.CC(=O)[O-].Fc1ccc(-c2cc3c(Cl)c(C(F)(F)F)cnc3[nH]2)cc1.O=C([O-])[O-].[Cs+].[Pd+2],CN(c1ccccc1C#Cc1c(C(F)(F)F)cnc2[nH]c(-c3ccc(F)cc3)cc12)S(C)(=O)=O
O=C(CCN1CCCCC1)C1CC2C=CC1C2.[Mg]c1ccccc1,OC(CCN1CCCCC1)(c1ccccc1)C1CC2C=CC1C2
CC(=O)O.ClI.Nc1ccc(-c2nc(-c3ccc(F)cc3)c(-c3ccncc3)[nH]2)cc1.[Na+].[OH-],Nc1ccc(-c2nc(-c3ccc(F)cc3)c(-c3ccncc3)[nH]2)cc1I
CC(C)O.CC1Cc2ccccc2C(O)(C2CCN(C)CC2)c2ccsc21.Cl,CC1Cc2ccccc2C(=C2CCN(C)CC2)c2ccsc21
C1CCOC1.CCOC(C)=O.Cc1ccc(NC(=O)c2cccc(C(F)(F)F)c2)cc1NC(=O)c1cccc2c(NC(C)(C)C)nccc12.O=C(O)C(F)(F)F.O=C([O-])O.[Na+],Cc1ccc(NC(=O)c2cccc(C(F)(F)F)c2)cc1NC(=O)c1cccc2c(N)nccc12
C=COCCOCCOC(=O)C=C.Cc1cc(C(C)(C)C)c(O)c(C(C)(C)C)c1.O=C(O)C(F)(F)F.O=c1c2ccccc2sc2c(O)ccc(F)c12,C=CC(=O)OCCOCCOC(C)Oc1ccc(F)c2c(=O)c3ccccc3sc12
CC(=O)OC(C)=O.Nc1ccc(O)c(Cl)c1.O,CC(=O)Nc1ccc(O)c(Cl)c1
CCN(CC)CC.CCOP(=O)(C#N)OCC.Cl.ClCCl.O=C(O)c1ccc(C(=O)c2ccco2)cc1.[Na+].[OH-].c1cc2c(o1)CNCC2,O=C(c1ccc(C(=O)N2CCc3ccoc3C2)cc1)c1ccco1
CC(C)(N)CO.CCOC(=O)c1c(O)c2ncc(Cc3ccc(F)cc3)cc2[nH]c1=O.CN(C)C=O,CC(C)(CO)NC(=O)c1c(O)c2ncc(Cc3ccc(F)cc3)cc2[nH]c1=O
C1CCOC1.CC(C)(C)OC(=O)N1CCC(c2ncnc3cc(F)ccc23)CC1.CC(C)(C)O[K].O=C1CCCN1CCCO,CC(C)(C)OC(=O)N1CCC(c2ncnc3cc(OCCCN4CCCC4=O)ccc23)CC1
CN1CCCC1Cc1ccccc1.O=S(=O)(O)O.O=[N+]([O-])O.[Na+].[OH-],CN1CCCC1Cc1ccc([N+](=O)[O-])cc1
FC(F)(F)c1nc(Cl)ncc1Br.O=C1CCNCCN1,O=C1CCN(c2ncc(Br)c(C(F)(F)F)n2)CCN1
C[C@H]1CN(c2ccc3c(Cl)cccc3n2)C[C@@H](C)N1.O=C(NCc1ccc(F)cc1)C1(CCCCBr)c2ccccc2-c2ccccc21,C[C@H]1CN(c2ccc3c(Cl)cccc3n2)C[C@@H](C)N1CCCCC1(C(=O)NCc2ccc(F)cc2)c2ccccc2-c2ccccc21
CCCCC(=O)Cl.CN1CCC(c2c[nH]c3ccc(N)nc23)CC1,CCCCC(=O)Nc1ccc2[nH]cc(C3CCN(C)CC3)c2n1
C=C(C)[C@@H]1CC[C@]2(C(=O)N[C@@H]3C[C@H](C(=O)OCc4ccccc4)C3(C)C)CC[C@]3(C)[C@H](CC[C@@H]4[C@@]5(C)CC[C@H](OC(=O)CC(C)(C)C(=O)O)C(C)(C)[C@@H]5CC[C@]43C)[C@@H]12.CCOC(C)=O.[Pd],CC(C)[C@@H]1CC[C@]2(C(=O)N[C@@H]3C[C@H](C(=O)O)C3(C)C)CC[C@]3(C)[C@H](CC[C@@H]4[C@@]5(C)CC[C@H](OC(=O)CC(C)(C)C(=O)O)C(C)(C)[C@@H]5CC[C@]43C)[C@@H]12
C#CCOCCOCCN=[N+]=[N-].C1CCOC1.O.c1ccc(P(c2ccccc2)c2ccccc2)cc1,C#CCOCCOCCN
BrCc1ccc(Br)cc1.C1CCOC1.CCOC(=O)c1[nH]cc(C)c1-c1ccc(C)cc1.ClCCl.O.[Cl-].[H-].[Na+],CCOC(=O)c1c(-c2ccc(C)cc2)c(C)cn1Cc1ccc(C)cc1
C1CCC2=NCCCN2CC1.CCN(CC)c1cccc2nc(C(O)c3ccc(Cl)cc3Cl)n(CCC(=O)OC)c12.CCN=C=NCCCN(C)C.CCOC(C)=O.Cc1ccccc1.Cl.[N-]=[N+]=NP(=O)(c1ccccc1)c1ccccc1,CCN(CC)c1cccc2nc3n(c12)CCC(=O)NC3c1ccc(Cl)cc1Cl
CC(=O)[O-].COCCOC.COc1ccc(B(O)O)cc1.Cc1cc2c(c(Cl)n1)c(=O)cc(Nc1ccccc1)n2-c1ccccc1.O.O=C([O-])[O-].[K+].[Pd+2].c1ccc(P(c2ccccc2)c2ccccc2)cc1,COc1ccc(-c2nc(C)cc3c2c(=O)cc(Nc2ccccc2)n3-c2ccccc2)cc1
CC(=O)O.CC(C)(C)[Si](C)(C)OCCCO.CO.Nc1ccc2cc(-c3ccccc3C(F)(F)F)[nH]c(=O)c2c1.O=C([O-])O.[Na+],CC(C)(C)[Si](C)(C)OCCCNc1ccc2cc(-c3ccccc3C(F)(F)F)[nH]c(=O)c2c1
CCCCCCCCCCCCCCC(CCCCCCCCCCCCCC)C(=O)O.O=S(Cl)Cl.c1ccccc1,CCCCCCCCCCCCCCC(CCCCCCCCCCCCCC)C(=O)Cl
C1CCOC1.CC(C)NC(C)C.CC1CCOC1=O.CSSC.[Li]CCCC,CSC1(C)CCOC1=O
CCc1cccc(NC(C)=O)c1.O=C1c2ccccc2C(=O)C1(O)O.O=S(=O)(O)O,CCc1ccc(C2(O)C(=O)c3ccccc3C2=O)c(NC(C)=O)c1
C=CCOC(=O)N1C[C@H](OS(C)(=O)=O)C[C@H]1CN1CCN(C)CC1=O.CC(C)(C)[O-].CC(O)=S.CN(C)C=O.O,C=CCOC(=O)N1C[C@@H](SC(C)=O)C[C@H]1CN1CCN(C)CC1=O
COC(=O)N(CC(=O)OC(C)(C)C)C(=O)c1cccc2c(C(F)(F)F)c(OC)ccc12.ClC(Cl)Cl.O=C(O)C(F)(F)F,COC(=O)N(CC(=O)O)C(=O)c1cccc2c(C(F)(F)F)c(OC)ccc12
CO.NC(=O)c1c(C(=O)O)cnn1-c1cc(Cl)cc(Cl)c1,COC(=O)c1cnn(-c2cc(Cl)cc(Cl)c2)c1C(N)=O
BrP(Br)Br.ClCC(Cl)(Cl)Cl.O.OCC1COc2ccccc2O1,BrCC1COc2ccccc2O1
CCCP1(=O)OP(=O)(CCC)OP(=O)(CCC)O1.CCOC(C)=O.CCOc1cc(-c2ccc(CC(=O)O)c(F)c2)cnc1OCc1ccc(OC)cc1.Nc1cc(-c2nn[nH]n2)cc(C(F)(F)F)c1.c1ccncc1,CCOc1cc(-c2ccc(CC(=O)Nc3cc(-c4nn[nH]n4)cc(C(F)(F)F)c3)c(F)c2)cnc1OCc1ccc(OC)cc1
C1COCCO1.CN(C)C=O.CS(=O)(=O)Cc1ccc(C(=O)O)cc1O.ClCCl.Nc1ccc(Cl)c(-c2ccccn2)c1.O.O=C(O)CC(O)(CC(=O)O)C(=O)O.O=S(Cl)Cl,CS(=O)(=O)Cc1ccc(C(=O)Nc2ccc(Cl)c(-c3ccccn3)c2)cc1O
CO.C[O-].O=Cc1ccc(I)n2nc(C(F)(F)F)cc12.[Na+],COc1ccc(C=O)c2cc(C(F)(F)F)nn12
CCCC(=O)C(Cl)CC.CO.C[O-].[Na+],CCCC(=O)C(CC)OC
CC(C)S(=O)(=O)c1cc(O)cc(Br)c1.CCOC(=O)CCCOc1cccc(CCCCCCBr)c1CCC(=O)OCC.O=C([O-])[O-].[K+],CCOC(=O)CCCOc1cccc(CCCCCCOc2cc(Br)cc(S(=O)(=O)C(C)C)c2)c1CCC(=O)OCC
BrC(Br)(Br)Br.CCOC(=O)c1cnn(CC(=O)O)c1.Cl.ClCCl.NNC(=O)c1cccc(C(F)(F)F)c1.c1ccc(P(c2ccccc2)c2ccccc2)cc1,CCOC(=O)c1cnn(Cc2nnc(-c3cccc(C(F)(F)F)c3)o2)c1
CCCOC(=O)c1ccc2c(c1)/C(=C/C1CC1)Oc1ccccc1C2C#N.CCCOC(=O)c1ccc2c(c1)/C(=C\C1CC1)Oc1ccccc1C2C#N.CCCOC(=O)c1ccc2c(n1)COc1ccccc1/C2=C(\C)C#N,C/C(C#N)=C1\c2ccccc2OCc2nc(CO)ccc21
CC(=O)Cl.CC(=O)c1cn(C2CCCC2)c2nc(Cl)ncc12.Cc1cc2cnc(Cl)nc2n1C1CCCC1,CC(=O)c1c(C)n(C2CCCC2)c2nc(Cl)ncc12
CCN(CC)CC.CCN=C=NCCCN(C)C.CN(C)CC(=O)O.CN1CCCC1=O.Cl.O=[N+]([O-])c1ccc(N2CCNCC2)cc1.On1nnc2ccccc21,CN(C)CC(=O)N1CCN(c2ccc(N)cc2)CC1
CCI.CCOCC.CN(C)C=O.O=C([O-])[O-].O=Cc1c(O)cccc1Cl.[K+],CCOc1cccc(Cl)c1C=O
CCO.CCOC(C)=O.O=C(OCc1nc2ccc([N+](=O)[O-])cc2s1)c1ccccc1.[Pd],Nc1ccc2nc(COC(=O)c3ccccc3)sc2c1
BrB(Br)Br.COc1cccc2c1CCC2n1cccc(C(=O)Nc2ccc(Br)cc2)c1=O.O=C([O-])O.[Na+],O=C(Nc1ccc(Br)cc1)c1cccn(C2CCc3c(O)cccc32)c1=O
C1CC[NH2+]CC1.CC(=O)[O-].CC(C)O.CN(C)C(=O)CCNC1=NC(=O)SC1.O=CC1CCN(Cc2ccc(C(F)(F)F)cc2C(F)(F)F)CC1,CN(C)C(=O)CCNC1=NC(=O)S/C1=C\C1CCN(Cc2ccc(C(F)(F)F)cc2C(F)(F)F)CC1
CCc1ccc(C2CC(C(=O)O)CN(C(=O)N3CCOCC3)C2)cc1.NC(=NO)c1ccc(F)cc1F,CCc1ccc(C2CC(c3nc(-c4ccc(F)cc4F)no3)CN(C(=O)N3CCOCC3)C2)cc1
C1CCOC1.CC(C)C(=NO)c1c(-c2ccc(F)cc2)nn2ccccc12.C[Si](C)(C)N=C=O.c1ccncc1,CC(C)C(=NOC(N)=O)c1c(-c2ccc(F)cc2)nn2ccccc12
CC(C)(C)OC(=O)C(C)(C)Oc1ccc(CN2CN(c3ccccc3)C3(CCN(C(=O)OCc4ccccc4)CC3)C2=O)cc1.CCOC(C)=O.CO.[Pd],CC(C)(C)OC(=O)C(C)(C)Oc1ccc(CN2CN(c3ccccc3)C3(CCNCC3)C2=O)cc1
CC(C)=O.Clc1nc(Cl)nc(Cl)n1.Nc1ccc(C(c2ccc(N)cc2)(c2ccc(N)cc2)c2ccc(N)cc2)cc1.O.O=C([O-])[O-].[Na+],Clc1nc(Cl)nc(Nc2ccc(C(c3ccc(Nc4nc(Cl)nc(Cl)n4)cc3)(c3ccc(Nc4nc(Cl)nc(Cl)n4)cc3)c3ccc(Nc4nc(Cl)nc(Cl)n4)cc3)cc2)n1
CN(C)C=O.Cn1cc(-c2cnc3c(-c4csc(C(=O)NCC(F)(F)F)c4)cnn3c2)cn1.O=S(Cl)Cl,Cn1cc(-c2cnc3c(-c4cc(C(=O)NCC(F)(F)F)sc4Cl)cnn3c2)cn1
BrCCOCCBr.CCN(C(C)C)C(C)C.CCOC(C)=O.COC(=O)C(OC(C)(C)C)c1c(-c2ccc(C)c(C)c2)c2ccc(CN)cc2c(=O)n1C.Cc1ccccc1,COC(=O)C(OC(C)(C)C)c1c(-c2ccc(C)c(C)c2)c2ccc(CN3CCOCC3)cc2c(=O)n1C
CC(C)c1nc(N)nc(Cl)n1.CCC(N)COc1cccc(C(F)(F)F)c1.CN(C)C=O.Cl.O.O=C([O-])[O-].[K+],CCC(COc1cccc(C(F)(F)F)c1)Nc1nc(N)nc(C(C)C)n1
C(=C/c1cn2nccc(N3CCOCC3)c2n1)\c1ccc2ccccc2n1.CC(=O)[O-].CCOC(=O)CCc1ccc(Br)cn1.CN(C)C=O.N#N.O.[K+].[Pd+2].c1ccc(P(c2ccccc2)c2ccccc2)cc1,CCOC(=O)CCc1ccc(-c2c(/C=C/c3ccc4ccccc4n3)nc3c(N4CCOCC4)ccnn23)cn1
CC#N.CC(=O)CCl.CC[N+](CC)(CC)Cc1ccccc1.COCC(=O)CC(=O)OC.O=C([O-])[O-].[Cl-].[K+],COCC(=O)C(CC(C)=O)C(=O)OC
CC(C)(C)c1cc(Br)c(N)c(Br)c1.CCO.CCOC(C)=O.O.O=N[O-].O=S(=O)(O)O.[Na+],CC(C)(C)c1cc(Br)cc(Br)c1
CC[C@H](COC)n1cc(Br)nc(Br)c1=O.COc1cc(C)c2c(c1)CCN2.Cl,CC[C@H](COC)n1cc(Br)nc(N2CCc3cc(OC)cc(C)c32)c1=O
NCCNCCCNCCN.O.O=CC=O,C1CN2CCNC3=C2N(C1)CCN3
CC(C)(C)c1cc(S(=O)(=O)Cl)ccc1Cl.Nc1cc(Cl)cnc1Br.c1ccncc1,CC(C)(C)c1cc(S(=O)(=O)Nc2cc(Cl)cnc2Br)ccc1Cl
CC(=O)[O-].CCCO.CCCc1nc2c(N)nc3cc(Br)ccc3c2n1NC(C)C.O.O=C([O-])[O-].[Na+].[Pd+2].c1ccc(P(c2ccccc2)c2ccccc2)cc1.c1cncc(B2OCCCO2)c1,CCCc1nc2c(N)nc3cc(-c4cccnc4)ccc3c2n1NC(C)C
C=Cc1ccc2ncccc2n1.CN1CCCC1=O.ClCCl.O=c1[nH]nc2c(Br)cccn12.[K+].[OH-],O=c1n(CCc2ccc3ncccc3n2)nc2c(Br)cccn12
CC(=O)Nc1ccc(C=O)cc1.CCCCCC.CCO.COC(OC)N(C)C.Nc1cc(Cl)c(N)c(Cl)c1,CC(=O)Nc1ccc(C=Nc2cc(Cl)c(N=CN(C)C)c(Cl)c2)cc1
Brc1csc(Br)n1.CC(C)[Mg]Cl.CCOCC.CON(C)C(=O)c1cccnc1F,O=C(c1nc(Br)cs1)c1cccnc1F
CN.CN(C)C=O.N#Cc1c(F)cccc1F.O,CNc1cccc(F)c1C#N
C1COCCN1.CCOC(C)=O.Cc1ccc(S(=O)(=O)N/N=C/c2cc(Br)ccn2)cc1,Brc1ccn2nncc2c1
C1CCC(P(C2CCCCC2)C2CCCCC2)CC1.C1COCCO1.CB1OB(C)OB(C)O1.CC(C)(C)OC(=O)N1CCN(c2nc(-n3ncc4cnc(-c5cnn(CC(F)(F)F)c5)cc43)ccc2Br)CC(O)C1.O=C(/C=C/c1ccccc1)/C=C/c1ccccc1.O=C([O-])[O-].[Cs+].[Pd],Cc1ccc(-n2ncc3cnc(-c4cnn(CC(F)(F)F)c4)cc32)nc1N1CCN(C(=O)OC(C)(C)C)CC(O)C1
BrCCCOc1ccc(Br)cc1.CCOC(C)=O.CN(C)C=O.O=C1COCCN1.[H-].[Na+],O=C1COCCN1CCCOc1ccc(Br)cc1
CON(C)C(=O)c1cn(-c2cccc(-c3cccnc3Cl)c2)cn1.Cc1cncs1,Cc1cnc(C(=O)c2cn(-c3cccc(-c4cccnc4Cl)c3)cn2)s1
ClC(Cl)Cl.Cn1c(=O)[nH]c2ccc(C3=N[C@@H](Cc4ccccc4Cl)C(=O)Nc4ccc(Cl)cc43)cc21.N[C@@H](Cc1ccccc1Cl)C(=O)O,Cn1c(=O)[nH]c2ccc(C3=N[C@H](Cc4ccccc4Cl)C(=O)Nc4ccc(Cl)cc43)cc21
CC(C)(C)OC(=O)OC(=O)OC(C)(C)C.CCN(C(C)C)C(C)C.CCOC(C)=O.CN(C)c1ccncc1.ClC(Cl)Cl.Fc1ccc2c(N3CCNCC3)csc2c1.[Na+].[OH-],CC(C)(C)OC(=O)N1CCN(c2csc3cc(F)ccc23)CC1
CN(C)C=O.Cc1nc(N2CCN(c3ccccc3)CC2)nc2c1ccc(=O)n2-c1ccc(C(=O)O)cc1.ClCCl.O=C(Cl)C(=O)Cl,Cc1nc(N2CCN(c3ccccc3)CC2)nc2c1ccc(=O)n2-c1ccc(C(=O)Cl)cc1
C1COCCO1.Cc1ccc2c(c1)N(CC(=O)c1ccccc1C)C(=O)C(NC(=O)OC(C)(C)C)CN2C(=O)C1CCCCC1.Cl,Cc1ccc2c(c1)N(CC(=O)c1ccccc1C)C(=O)C(N)CN2C(=O)C1CCCCC1
O=[N+]([O-])O.O=[N+]([O-])c1cc(Cl)c(Cl)cc1O.Oc1ccccc1Cl,O=[N+]([O-])c1cccc(Cl)c1O
CCN(CC)CC.CS(C)=O.FC(=C1CCNCC1)c1cccc(Oc2ccc(C(F)(F)F)cn2)c1.O.O=C(Nc1cccnc1)Oc1ccccc1,O=C(Nc1cccnc1)N1CCC(=C(F)c2cccc(Oc3ccc(C(F)(F)F)cn3)c2)CC1
CCOC(C)=O.COc1ccc(C(O)c2ccc(OC)cc2)cc1.Cc1cc(C)nc(Nc2cc(Br)cnc2C(N)=O)c1.Cc1ccc(S(=O)(=O)O)cc1.Cc1ccccc1.O,COc1ccc(C(NC(=O)c2ncc(Br)cc2Nc2cc(C)cc(C)n2)c2ccc(OC)cc2)cc1
CO.Cc1nc([N+](=O)[O-])cn1CCNC(=O)OC(C)(C)C.[Pd],Cc1nc(N)cn1CCNC(=O)OC(C)(C)C
CC(C)(C)[S@](N)=O.CC(Cl)Cl.O=Cc1cnc(C(F)(F)F)nc1.O=S(=O)([O-])[O-].[Cu+2],CC(C)(C)S(=O)/N=C\c1cnc(C(F)(F)F)nc1
CCO.CCOC(=O)c1cnc(SC)[nH]c1=O.Nc1cccc(C(F)(F)F)c1,CCOC(=O)c1cnc(Nc2cccc(C(F)(F)F)c2)[nH]c1=O
CC(=O)O[BH-](OC(C)=O)OC(C)=O.CC(C)(C)OC(=O)N1CCC(C=O)(C2CCCCC2)CC1.CCOC(C)=O.Cc1ccccc1.Nc1nccs1.[Na+],CC(C)(C)OC(=O)N1CCC(CNc2nccs2)(C2CCCCC2)CC1
CC(C)Cn1nc(-c2ccc(S(C)(=O)=O)cc2)cc(COS(C)(=O)=O)c1=O.CN1CCNCC1.Cc1ccc(-c2nn(CC(C)C)c(=O)c(N3CCN(C(=O)OC(C)(C)C)CC3)c2C)cc1F,Cc1c(-c2ccc(S(C)(=O)=O)cc2)nn(CC(C)C)c(=O)c1N1CCN(C)CC1
ClCCl.Nc1cnn2ccc(N3CCC[C@@H]3c3cc(F)ccc3Cl)nc12.O=C(n1ccnc1)n1ccnc1.O[C@H]1CCNC1,O=C(Nc1cnn2ccc(N3CCC[C@@H]3c3cc(F)ccc3Cl)nc12)N1CC[C@H](O)C1
CC(C)n1ncnc1-c1cn2c(n1)-c1cnc(OS(=O)(=O)C(F)(F)F)cc1OCC2.CC1(C)CCN[C@@H]1C(N)=O,CC(C)n1ncnc1-c1cn2c(n1)-c1cnc(N3CCC(C)(C)[C@H]3C(N)=O)cc1OCC2
Cc1c(NS(C)(=O)=O)cccc1N(Cc1ccccc1)Cc1ccc(Oc2ccc(CCC(=O)O)cc2)cc1.NCCO,Cc1c(NS(C)(=O)=O)cccc1N(Cc1ccccc1)Cc1ccc(Oc2ccc(CCC(=O)NCCO)cc2)cc1
CI.CN(C)C=O.O=C1C=C(NC(=O)C(=O)c2cn(Cc3ccc(Cl)cc3)c3ccccc23)CO1.[H-].[Na+],CN(C(=O)C(=O)c1cn(Cc2ccc(Cl)cc2)c2ccccc12)C1=CC(=O)OC1
C1=CCCC=CCC1.CCOC(=O)C(NC=O)=C1C[C@@H](C)O[C@H](C)C1.CO.C[C@H]1CC[C@H](C)P1CCP1[C@@H](C)CC[C@@H]1C.F[B-](F)(F)F.[Rh],CCOC(=O)[C@@H](NC=O)C1C[C@@H](C)O[C@H](C)C1
CCO.CCOC(C)=O.Cl.ClC[C@@H]1CO1.N#CCc1ccccc1.O=C([O-])O.[K+].[NH2-].[Na+].[OH-].c1ccccc1,O=C(OC(=O)[C@]1(c2ccccc2)C[C@@H]1CO)[C@]1(c2ccccc2)C[C@@H]1CO
CN(C)C=O.Cc1cccc(C)c1NC(=O)CCl.N#Cc1cccnc1C1CCNCC1.O.O=C([O-])[O-].[Na+],Cc1cccc(C)c1NC(=O)CN1CCC(c2ncccc2C#N)CC1
CC(C)=CCBr.COc1ccc(-c2cc3c4c(c2)[C@@H]2CNCC[C@@H]2N4CCC3)c(C(F)(F)F)c1.N,COc1ccc(-c2cc3c4c(c2)[C@@H]2CN(CC=C(C)C)CC[C@@H]2N4CCC3)c(C(F)(F)F)c1
O=C(O)c1cc2ocnc2c(F)c1Nc1ccccc1F.O=C1CCC(=O)N1I,O=C(O)c1cc2ocnc2c(F)c1Nc1ccc(I)cc1F
CCN(CC)CC.CN1C(=O)Cc2cscc2S1(=O)=O.CS(C)=O.Cl.O=C=Nc1ccc(Br)cc1,CN1C(O)=C(C(=O)Nc2ccc(Br)cc2)c2cscc2S1(=O)=O
C1CCOC1.Cc1cc(C(=O)N2Cc3cccn3Cc3ccccc32)ccc1N.Cc1ccccc1N=C=O,Cc1ccccc1NC(=O)Nc1ccc(C(=O)N2Cc3cccn3Cc3ccccc32)cc1
CC(C)(C)OC(=O)NN.CCN(C(C)C)C(C)C.CCOC(C)=O.COc1cc(/C=C(\CCCCl)C(=O)O)ccc1-n1cnc(C)c1.ClCCl.O.O=C1OCCN1P(=O)(Cl)N1CCOC1=O,COc1cc(/C=C(\CCCCl)C(=O)NN)ccc1-n1cnc(C)c1
CCOC(C)=O.CN(C)C=O.COC(=O)[C@@H](N)Cc1c[nH]c2ccc([N+](=O)[O-])cc12.Cl[Sn]Cl.O.O=C([O-])O.[Na+],COC(=O)[C@@H](N)Cc1c[nH]c2ccc(N)cc12
CC(=O)[O-].CCOC(OCC)P(=O)(CCC(=O)c1ccc(Cl)cc1)OCC.CO.Cl.[BH3-]C#N.[NH4+].[Na+],CCOC(OCC)P(=O)(CCC(N)c1ccc(Cl)cc1)OCC
CO.CO[C@@]1(c2ccc(Cl)c(Cc3ccc(OCc4ccccc4)cc3)c2)O[C@](C=O)(CO)[C@@H](OCc2ccccc2)[C@H](OCc2ccccc2)[C@H]1OCc1ccccc1.[BH4-].[Na+],CO[C@@]1(c2ccc(Cl)c(Cc3ccc(OCc4ccccc4)cc3)c2)OC(CO)(CO)[C@@H](OCc2ccccc2)[C@H](OCc2ccccc2)[C@H]1OCc1ccccc1
CCOC(OCC)OCC.CSc1nc2ccc(CNc3ccc(F)cc3N)cc2s1.O=CO,CSc1nc2ccc(Cn3cnc4cc(F)ccc43)cc2s1
ClCl.O=S(=O)(Cl)Cl.Oc1ccccc1O,Oc1ccc(Cl)cc1O
CC#N.Fc1cccc(F)c1-c1ncc(Cl)nn1.O.O=C([O-])[O-].Oc1cccc(Cl)c1.[K+],Fc1cccc(F)c1-c1ncc(Oc2cccc(Cl)c2)nn1
C1COCCO1.CSc1ncc(C(C)=O)c(NC(C)C)n1.[Cl-].[H-].[Na+],CSc1ncc2c(C)cc(=O)n(C(C)C)c2n1
C1CCOC1.CC(C)(C)OC(=O)NC1(c2ccc(Br)cc2)CC1.CO.Cl,NC1(c2ccc(Br)cc2)CC1
C(=NC1CCCCC1)=NC1CCCCC1.C1CCOC1.CC(C)(C)OC(=O)NC(C(=O)O)c1ccccc1F.O[C@H]1CN2CCC1CC2.On1nnc2ccccc21,CC(C)(C)OC(=O)NC(C(=O)O[C@H]1CN2CCC1CC2)c1ccccc1F
C1COCCO1.C[Si](C)(C)CCOCn1cc(Br)c2c(Oc3c(F)cc(NC(=O)C(F)(F)F)cc3F)ccnc21.Cl.O.[Li+].[OH-],Nc1cc(F)c(Oc2ccnc3[nH]cc(Br)c23)c(F)c1
CCC(C)CCCC(C)CC=O.CN(C)C=O.C[O-].O.[Na+],CCC(C)CCCC(C)C/C=C\C(C)=CC(=O)OC
C1CCOC1.CCOC(=O)CC(c1cc(Cl)ncn1)C1CC1.COc1ccc(F)c(-c2ncc(CO)cc2OCC2COC(C)(C)C2)c1.Cl.[H-].[Na+],COc1ccc(F)c(-c2ncc(COc3cc(C(CC(=O)O)C4CC4)ncn3)cc2OCC2COC(C)(C)C2)c1
CC(C)(C)OC(=O)N1CCC(=O)CC1.CCCCCC.CCOC(C)=O.CCOC(C)=O.CNC.CNC.CO.Cl.O.[C-]#N.[K+],CN(C)C1(C#N)CCN(C(=O)OC(C)(C)C)CC1
CN(C)CCO.O=C(O)C1Sc2ccccc2-c2ccccc21.O=S(Cl)Cl.c1ccccc1,CN(C)CCOC(=O)C1Sc2ccccc2-c2ccccc21
CCOCC.COc1ccc(Br)cc1C(C)(C)C=O.Cl.c1ccncc1,CC1(C)c2cc(Br)ccc2OC1O
CC(C)S.CN(C)C=O.Cn1nc(C(F)(F)F)c(C=O)c1Cl.O=C([O-])[O-].[K+],CC(C)Sc1c(C=O)c(C(F)(F)F)nn1C
BrBr.CC(=O)O.Nc1ncc(C2CCNC(=O)c3[nH]c(Cl)c(Cl)c32)[nH]1,NC1=NC(=O)C(=C2CCNC(=O)c3[nH]c(Cl)c(Cl)c32)N1
C=CC[C@H]1COC[C@@H](C=O)N1C(=O)OC(C)(C)C.CC(=O)O[BH-](OC(C)=O)OC(C)=O.COC(=O)[C@H](C)N.Cl.ClCCl.O.O=C(Cl)OCc1ccccc1.O=C([O-])O.[Na+],C=CC[C@H]1COC[C@@H](CN(C(=O)OCc2ccccc2)[C@@H](C)C(=O)OC)N1C(=O)OC(C)(C)C
C1CCOC1.COc1ccc(C=O)cc1.C[Si](C)(C)[N-][Si](C)(C)C.[Br-].[K+].c1ccc(OCCCCCC[P+](c2ccccc2)(c2ccccc2)c2ccccc2)cc1,COc1ccc(C=CCCCCCOc2ccccc2)cc1
CCOC(C)=O.CN(C)C=O.COCCBr.O=[N+]([O-])c1ccc(Br)c(O)c1.[I-].[K+],COCCOc1cc([N+](=O)[O-])ccc1Br
CC(C)(C)C(=O)Cl.Cc1ccc2c(N3CCN(CCc4cccc(N)c4)CC3)cccc2n1,Cc1ccc2c(N3CCN(CCc4cccc(NC(=O)C(C)(C)C)c4)CC3)cccc2n1
CCCC[N+](CCCC)(CCCC)CCCC.Cc1ccc(Br)cc1F.Cc1ccccc1.O=C([O-])[O-].OB(O)c1ccccc1-c1nnnn1C(c1ccccc1)(c1ccccc1)c1ccccc1.[Br-].[Na+].c1ccc([PH](c2ccccc2)(c2ccccc2)[Pd]([PH](c2ccccc2)(c2ccccc2)c2ccccc2)([PH](c2ccccc2)(c2ccccc2)c2ccccc2)[PH](c2ccccc2)(c2ccccc2)c2ccccc2)cc1,Cc1ccc(-c2ccccc2-c2nnnn2C(c2ccccc2)(c2ccccc2)c2ccccc2)cc1F
CC(C)(C)c1ccc(C=O)cc1.CCO.CCOCC.Cl.NO.O.[Na+].[OH-],CC(C)(C)c1ccc(C=NO)cc1
CO.O=C(CN1CCC(NC(=O)c2ccccc2)CC1)c1ccccc1.[BH4-].[Na+].[OH-],O=C(NC1CCN(CC(O)c2ccccc2)CC1)c1ccccc1
C1COCCO1.CC1(C)c2cccc(P(c3ccccc3)c3ccccc3)c2Oc2c(P(c3ccccc3)c3ccccc3)cccc21.Cc1cc(Br)cc2c1C(=O)C(=O)N2C.Cc1cc(Nc2nc3cccc(N[C@H]4CC[C@@H](O)CC4)n3n2)cc2c1C(=O)C(=O)N2C.Nc1nc2cccc(N[C@H]3CC[C@@H](O)CC3)n2n1.O=C(C=Cc1ccccc1)C=Cc1ccccc1.O=C([O-])[O-].[Cs+].[Pd],Cc1cc(Nc2nc3cccc(N[C@H]4CC[C@@H](O)CC4)n3n2)cc2c1CC(=O)N2C
CC#N.Cc1nn(C)c(O)c1Sc1ccccc1Cl.Clc1ccnc(Cl)n1.O.O=C([O-])[O-].[K+],Cc1nn(C)c(Oc2ccnc(Cl)n2)c1Sc1ccccc1Cl
CN(C)CCCCl.Cc1ccccc1.O.OC(CCCc1ccccc1)c1ccc(F)cc1.[H-].[Na+],CN(C)CCCOC(CCCc1ccccc1)c1ccc(F)cc1
C1CCC(P(C2CCCCC2)C2CCCCC2)CC1.CC(=O)[O-].CC1(C)OB(c2ccc(C(=O)N3CCC[C@H]3CN3CCCC3)cc2)OC1(C)C.CCO.Cc1nnc(-c2ccc(Cl)cc2)o1.O=C([O-])[O-].[K+].[Pd+2],Cc1nnc(-c2ccc(-c3ccc(C(=O)N4CCCC4CN4CCCC4)cc3)cc2)o1
CC[SiH](CC)CC.O=C(O)C(F)(F)F.O=C1N(C(c2ccccc2)c2ccccc2)c2cccc(F)c2C12COc1cc3c(cc12)OCCO3,O=C1Nc2cccc(F)c2C12COc1cc3c(cc12)OCCO3
CC(C)CC=O.CC(C)CCN.CCOC(=O)C(C)Sc1cnc(N)s1.O=C(O)CSc1cnc(NC(=O)N(CCc2ccccc2)C2CCCCC2)s1,CC(C)CCN(CCC(C)C)C(=O)Nc1ncc(SCCC(=O)O)s1
CC(C)O.CCN(CC)CC.CCOCc1nc2c(N)nc3ccccc3c2n1NCCCN.ClCCl.O.O=C(Cl)C1CCCC1,CCOCc1nc2c(N)nc3ccccc3c2n1NCCCNC(=O)C1CCCC1
C1CCNC1.CC(C)OC(C)C.CN(C)C=O.O.O=C([O-])[O-].O=[N+]([O-])c1ccc2oc(CCl)nc2c1.[K+],O=[N+]([O-])c1ccc2oc(CN3CCCC3)nc2c1
C1CCOC1.O.OCCOCCOCCOCCO.[H-].[Na+],C=CCOCCOCCOCCOCCO
CC(=O)O.CC(C)(C)OC(=O)N1CC=C(c2cccc(Cl)c2C(F)(F)F)CC1.CCOC(C)=O.O=[Pt],CC(C)(C)OC(=O)N1CCC(c2cccc(Cl)c2C(F)(F)F)CC1
NC=O.N[C@@H](Cc1ccc(O)cc1)C(=O)O,O=CN[C@@H](Cc1ccc(O)cc1)C(=O)O
CCOCC.CO.Cl[Ti](Cl)(Cl)Cl.O.O=Cc1ccc(I)cc1,COC(OC)c1ccc(I)cc1
CC1CCNCC1.CS(=O)(=O)c1nccc(Oc2ccc(NC(=O)c3cc(F)cc(N4CCCCC4)c3)c3ccccc23)n1,CC1CCN(c2nccc(Oc3ccc(NC(=O)c4cc(F)cc(N5CCCCC5)c4)c4ccccc34)n2)CC1
CCOC(=O)C1Cc2cc(OC)ccc2C(C#N)(O[Si](C)(C)C)C1.Oc1cccc2ccccc12,CCOC(=O)C1C=C(C#N)c2ccc(OC)cc2C1
CCOC(C)=O.CN(C)C=O.C[C@H](Nc1cc(C(N)=O)nc(Cl)n1)C(N)=O.Fc1ccc(N2CCNCC2)cc1.O=C([O-])[O-].[Cs+],C[C@H](Nc1cc(C(N)=O)nc(N2CCN(c3ccc(F)cc3)CC2)n1)C(N)=O
CCOC(=O)C(C)(C)Br.CN(C)C=O.O=C([O-])[O-].Oc1ccc(OCCc2coc(-c3ccccc3)n2)cc1.[Cs+],CCOC(=O)C(C)(C)Oc1ccc(OCCc2coc(-c3ccccc3)n2)cc1
CC(=O)O.CCOC(C)=O.COc1ccc(F)cc1C1(O)CCN(Cc2ccccc2)CC1.O.O=S(=O)(O)O.[Na+].[OH-],COc1ccc(F)cc1C1=CCN(Cc2ccccc2)CC1
CC(=O)[O-].CN.COc1cc(C(F)(F)F)ccc1C=O.C[N+](=O)[O-].Cl.[Na+],COc1cc(C(F)(F)F)ccc1/C=C/[N+](=O)[O-]
CN(C)C=O.Cl.N#CCn1c(=O)c(=O)[nH]c2ccccc21.[Cl-].[N-]=[N+]=[N-].[NH4+].[Na+],O=c1[nH]c2ccccc2n(Cc2nnn[nH]2)c1=O
NCC1(CN)COC1.O=S1(=O)CCN(c2cc(Cl)c3cc(CO)ccc3n2)Cc2ccccc21,NCC1(CNc2cc(N3CCS(=O)(=O)c4ccccc4C3)nc3ccc(CO)cc23)COC1
CCN(CC)CC.CN(C)C=O.ClCCl.NNC(=O)c1cccnc1.O=C(Cl)C(=O)Cl,CCOC(=O)C(=O)NNC(=O)c1cccnc1
C1COCCO1.CC(=O)[O-].CC(c1cnc(F)c(B(O)O)c1)N1CCOCC1.COc1ccc(CN(Cc2ccc(OC)cc2)c2nc(C)nc(Cl)n2)cc1.O.O=C([O-])O.[K+].[Na+],COc1ccc(CN(Cc2ccc(OC)cc2)c2nc(C)nc(-c3cc(C(C)N4CCOCC4)cnc3F)n2)cc1
CCCBr.Cc1cc2ccccc2n1Nc1ccncc1F.[H-].[Na+],CCCN(c1ccncc1F)n1c(C)cc2ccccc21
CC(C)CO.Cn1cnc2cc(N)ccc21,Cn1cnc2cc(NC3=NCCN3)ccc21
CCN(CC)CC.COCCOC.Cn1nc(Cl)c(Cl)c1S(=O)(=O)CCCl,C=CS(=O)(=O)c1c(Cl)c(Cl)nn1C
CCCN(CCN1CCNCC1)C1CCc2ccc(O)cc2C1.CCN(C(C)C)C(C)C.Cl.ClC(Cl)Cl.Oc1ccc(CCl)c2cccnc12,CCCN(CCN1CCN(Cc2ccc(O)c3ncccc23)CC1)C1CCc2ccc(O)cc2C1
C1COCCO1.CC(C)(C)OC(=O)NC[C@H]1CC[C@H](c2ccc(NC(=O)c3nnc(Nc4ccccc4F)o3)cc2)CC1.Cl,NC[C@H]1CC[C@H](c2ccc(NC(=O)c3nnc(Nc4ccccc4F)o3)cc2)CC1
CO.COc1c(N)c(=O)c1=O.NCCCCOn1cc(CN2CCCCC2)cn1,Nc1c(NCCCCOn2cc(CN3CCCCC3)cn2)c(=O)c1=O
Cc1cc2cn[nH]c(=O)c2n1Cc1ccccc1.O=P(Cl)(Cl)Cl,Cc1cc2cnnc(Cl)c2n1Cc1ccccc1
BrCCCCCCBr.CN(C)C=O.CN(C)c1ccc(-c2cc(=O)c3c(NC(=O)C(C)(C)C)c(F)cc(F)c3o2)cc1F.[Cl-].[H-].[NH4+].[Na+],CN(C)c1ccc(-c2cc(=O)c3c(NCCCCCCBr)c(F)cc(F)c3o2)cc1F
COC(=O)c1ncc2c(cc(-c3cncnc3)c(=O)n2Cc2ccccc2)c1O.C[O-].NCCC(=O)O.[Na+],O=C(O)CCNC(=O)c1ncc2c(cc(-c3cncnc3)c(=O)n2Cc2ccccc2)c1O
CC(=O)[O-].CCCCCC.CCOC(=O)c1c(CBr)cccc1S(=O)(=O)NC(C)(C)C.CCOC(C)=O.CS(C)=O.[K+],CCOC(=O)c1c(COC(C)=O)cccc1S(=O)(=O)NC(C)(C)C
CC(C)=O.CC(C)CCNCc1nc2ccccc2[nH]1.CCOC(C)=O.COc1ccc(C(=O)Cl)c(Cl)c1OC.O.O=C([O-])[O-].[Na+],COc1ccc(C(=O)N(CCC(C)C)Cc2nc3ccccc3[nH]2)c(Cl)c1OC
C1CCOC1.CC#N.CC(C)c1cc(C(C)C)c(-c2ccccc2P(C2CCCCC2)C2CCCCC2)c(C(C)C)c1.CCN(C(C)C)C(C)C.CO.Cc1ccc(S(=O)(=O)n2cc(-c3ncc(F)c(S(C)=O)n3)c3cc(Cl)cnc32)cc1.Cc1ccc(S(=O)(=O)n2cc(B3OC(C)(C)C(C)(C)O3)c3cc(Cl)cnc32)cc1.O.O=C(/C=C/c1ccccc1)/C=C/c1ccccc1.O=C(N[C@@H]1CCC[C@H](Nc2nc(Cl)ncc2F)C1)N1CC[C@@H](F)C1.O=P([O-])([O-])[O-].[BH4-].[K+].[Na+].[Pd].c1ccc([PH](c2ccccc2)(c2ccccc2)[Pd]([PH](c2ccccc2)(c2ccccc2)c2ccccc2)([PH](c2ccccc2)(c2ccccc2)c2ccccc2)[PH](c2ccccc2)(c2ccccc2)c2ccccc2)cc1,Fc1cnc2[nH]cc(-c3ncc(F)c(N[C@H]4CCC[C@@H](Nc5cnccn5)C4)n3)c2c1
CCN(CC)CC.COc1ccc(N=C(Cl)C(F)(F)F)cc1.Cc1ccccc1.Cl.[N-]=[N+]=[N-].[Na+],COc1ccc(-n2nnnc2C(F)(F)F)cc1
C1CCOC1.COC(=O)c1ccc(CCC(=O)N2CCC(CN(C(=O)OC(C)(C)C)C3CC3)CC2)c(C)c1.O.[Li+].[Na+].[OH-],Cc1cc(C(=O)O)ccc1CCC(=O)N1CCC(CN(C(=O)OC(C)(C)C)C2CC2)CC1
CC(C)(C)OC(=O)Nc1ccc(-c2ccc(Cl)cc2)cc1N.CC1(C)OC(=O)C=C(c2cccc(C#N)c2)O1.ClCCl.O=C(O)C(F)(F)F,N#Cc1cccc(C2=Nc3ccc(-c4ccc(Cl)cc4)cc3NC(=O)C2)c1
N[C@@H](Cc1ccc([N+](=O)[O-])cc1)C(=O)O.O=C(O)c1cc2cc(Cl)ccc2nc1Cl,O=C(O)c1cc2cc(Cl)ccc2nc1N[C@@H](Cc1ccc([N+](=O)[O-])cc1)C(=O)O
CC(C)c1c(C(=O)NCc2ccc(F)c(F)c2)c2ccc(N)cc2n1Cc1ccccc1.O=C1CCCC1,CC(C)c1c(C(=O)NCc2ccc(F)c(F)c2)c2ccc(NC3CCCC3)cc2n1Cc1ccccc1
CCN(CC)CC.ClCCl.Nc1ccncc1.O=C(Cl)Oc1ccccc1,O=C(Nc1ccncc1)Oc1ccccc1
CC#N.NC(=O)C1CCN(c2ccncc2Br)CC1.O=C([O-])[O-].OB(O)c1cn[nH]c1.[Na+].c1ccc([PH](c2ccccc2)(c2ccccc2)[Pd]([PH](c2ccccc2)(c2ccccc2)c2ccccc2)([PH](c2ccccc2)(c2ccccc2)c2ccccc2)[PH](c2ccccc2)(c2ccccc2)c2ccccc2)cc1,NC(=O)C1CCN(c2ccncc2-c2cn[nH]c2)CC1
CO.COP(=O)(OC)C(=[N+]=[N-])C(C)=O.COc1ccc(CN2C[C@H](C=O)CC[C@H]2C)cc1.O=C([O-])[O-].[K+],C#C[C@@H]1CC[C@@H](C)N(Cc2ccc(OC)cc2)C1
C1CCOC1.CC(C)[C@H](N)CO.O.O=S1(=O)CCCO1,CC(C)[C@@H](CO)NCCCS(=O)(=O)O
NCC1CC1.O=C(O)c1ccc(N2CC3=C(CN(C(=O)c4ccccc4C(F)(F)F)C3)C2)nc1,O=C(NCC1CC1)c1ccc(N2CC3=C(CN(C(=O)c4ccccc4C(F)(F)F)C3)C2)nc1
C#CC(=O)OCC.C1CCOC1.Cl[Pd](Cl)([PH](c1ccccc1)(c1ccccc1)c1ccccc1)[PH](c1ccccc1)(c1ccccc1)c1ccccc1.N#Cc1ccc(I)cc1.O=C([O-])[O-].[Cu]I.[K+],CCOC(=O)C#Cc1ccc(C#N)cc1
CC(=O)OC(C)=O.CC(C)(CC(=O)O)C(=O)O.C[C@H](N)CO,CC(=O)OC[C@H](C)N1C(=O)CC(C)(C)C1=O
CN(C)S(=O)(=O)c1cc(Br)cnc1N.Cc1nc2c(c(N3CCOc4ccc(B(O)O)cc4C3)n1)CC(C)(C)CC2,Cc1nc2c(c(N3CCOc4ccc(-c5cnc(N)c(S(=O)(=O)N(C)C)c5)cc4C3)n1)CC(C)(C)CC2
CSc1ccc(C(=O)O)nc1.Nc1nnn[nH]1.O=S(Cl)Cl,CSc1ccc(C(=O)Nc2nnn[nH]2)nc1
CCN(CC)CC.CCO.COc1ccccc1C(=O)CBr.O=c1ncc(Cl)c[nH]1,COc1ccccc1C(=O)Cn1cc(Cl)cnc1=O
CC1(C)Cc2cccc(N)c2O1.O=S(=O)(Cl)c1cc(F)cc(F)c1.O=[N+]([O-])c1cccc2nc(Cl)ccc12,CC1(C)Cc2cccc(Nc3ccc4c(NS(=O)(=O)c5cc(F)cc(F)c5)cccc4n3)c2O1
CC(C)(N)CO.O=C1OC(=O)c2ccccc21,CC(C)(CO)N1C(=O)c2ccccc2C1=O
CC#N.CCOCc1nc2cnc3cc(Br)ccc3c2n1CC1CCCCC1.Cc1ccc(S(=O)(=O)Cl)cc1.O=C(OO)c1cccc(Cl)c1.[NH4+].[OH-],CCOCc1nc2c(N)nc3cc(Br)ccc3c2n1CC1CCCCC1
CC(C)(C)OC(=O)NC(CF)c1ccc(CO)cc1.ClCCl.O=[Mn]=O,CC(C)(C)OC(=O)NC(CF)c1ccc(C=O)cc1
C1CCOC1.CC(=O)OCCc1ccc(-c2cc(C(F)(F)F)nn2-c2ccc(-n3cccc3)cc2)cc1.CO.Cl.[Na+].[OH-],OCCc1ccc(-c2cc(C(F)(F)F)nn2-c2ccc(-n3cccc3)cc2)cc1
CCCCCC.CCOC(C)=O.Cc1ccc(S(=O)(=O)O)cc1.Cc1ccccc1.Cc1cnc(Cl)c(N)c1.O.O=C(Cc1ccc(F)cc1)c1ccncc1,Cc1cnc(Cl)c(N=C(Cc2ccc(F)cc2)c2ccncc2)c1
C#Cc1ccc(-c2csc(NC(=O)[C@H](Cc3cscn3)NC(=O)[C@H]3O[C@@H]3C(=O)OCC)n2)cc1.C1CCOC1.CO.O.[Li+].[OH-],C#Cc1ccc(-c2csc(NC(=O)[C@H](Cc3cscn3)NC(=O)[C@H]3O[C@@H]3C(=O)O)n2)cc1
COC(=O)[C@@H](N)Cc1c[nH]c2ccccc12.COc1cc(C=O)ccc1O,COC(=O)C1Cc2c([nH]c3ccccc23)C(c2ccc(O)c(OC)c2)N1
CCOP(OCC)OCC.CCOc1ccc(Cc2ccc(C(=O)Cl)s2)cc1,CCOc1ccc(Cc2ccc(C(=O)P(=O)(OCC)OCC)s2)cc1
C1CCC2=NCCCN2CC1.CC#N.Cl.O=C(O)c1cn(C2CC2)c2c(F)c(F)c(F)cc2c1=O.c1ncn(C2CCCNC2)n1,O=C(O)c1cn(C2CC2)c2c(F)c(N3CCCC(n4cncn4)C3)c(F)cc2c1=O
CO.COC(CN(C)C(=O)CN[C@H]1CC[C@H](O)CC1)OC.CS(=O)(=O)O.O.[Na+].[OH-].[Pt],CN1CCN([C@H]2CC[C@H](O)CC2)CC1=O
Oc1ccc2c(c1)C(O)CC(c1cccc(Cl)c1)O2.Oc1ccc2c(c1)CCC(c1cccc(F)c1)O2,Oc1ccc2c(c1)CCC(c1cccc(Cl)c1)O2
CC(=O)OC[C@H]1O[C@H](OC[C@H]2O[C@H](O[C@H]3[C@H](OC(C)=O)[C@@H](OC(C)=O)[C@@H](O[C@H]4[C@H](OC(C)=O)[C@@H](OC(C)=O)[C@H](OCCBr)O[C@@H]4COC(C)=O)O[C@@H]3COC(C)=O)[C@H](OC(C)=O)[C@@H](OC(C)=O)[C@@H]2OC(C)=O)[C@H](OC(C)=O)[C@@H](OC(C)=O)[C@@H]1OC(C)=O.CCCCCCCCCCCCCCCCCCS.CN(C)C=O.O=C([O-])[O-].[Cs+],CCCCCCCCCCCCCCCCCCSCCO[C@@H]1O[C@H](COC(C)=O)[C@@H](O[C@H]2O[C@H](COC(C)=O)[C@@H](O[C@H]3O[C@H](CO[C@H]4O[C@H](COC(C)=O)[C@@H](OC(C)=O)[C@H](OC(C)=O)[C@H]4OC(C)=O)[C@@H](OC(C)=O)[C@H](OC(C)=O)[C@H]3OC(C)=O)[C@H](OC(C)=O)[C@H]2OC(C)=O)[C@H](OC(C)=O)[C@H]1OC(C)=O
COc1ccc(C(C)(O)Cn2c3c(c4cc(C)ccc42)CN(C)CC3)cc1.ClCCl.O=C([O-])O.[Na+],C/C(=C\n1c2c(c3cc(C)ccc31)CN(C)CC2)c1ccc(O)cc1
CS(=O)(=O)Cc1cccc2cc[nH]c12.ClCCCl.ClCCl.O=C(O)C(F)(F)F.OC(c1ccc(Cl)cc1)C1CC1(F)F.[Cl-].[In+3],CS(=O)(=O)Cc1cccc2c(C(c3ccc(Cl)cc3)C3CC3(F)F)c[nH]c12
CC(C)(C)OC(=O)N1CCC[C@H]1C(=O)O.CC(C)c1cc(N)on1.CCN(CC)P1(=NC(C)(C)C)N(C)CCCN1C.CN(C)C(On1nnc2ccccc21)=[N+](C)C.CN(C)C=O.Cl.F[P-](F)(F)(F)(F)F,CC(C)c1cc(NC(=O)[C@@H]2CCCN2C(=O)OC(C)(C)C)on1
CN1CCN(C)C(c2ccc(N)cc2)C1=O.O=S(=O)(c1cccc(-c2ccc3cnc(O)nn23)c1)N1CCOCC1,CN1CCN(C)C(c2ccc(Nc3ncc4ccc(-c5cccc(S(=O)(=O)N6CCOCC6)c5)n4n3)cc2)C1=O
C1CCOC1.CC(C)(C)OC(=O)Cn1c(S)nc2ccccc21.CC(C)(C)OC(=O)N1CCCC(CO)C1.CC(C)(C)OC(=O)N=NC(=O)OC(C)(C)C.c1ccc(P(c2ccccc2)c2ccccc2)cc1,CC(C)(C)OC(=O)Cn1c([SH](CC2CCCNC2)C(=O)OC(C)(C)C)nc2ccccc21
CC(C)(C)[O-].CC(C)c1cc(C(C)C)c(-c2ccccc2P(C2CCCCC2)C2CCCCC2)c(C(C)C)c1.CCOC(C)=O.C[C@H](Nc1cc(-c2cnn(C)c2)cc(Cl)n1)c1ccc(F)cc1.Cc1ccccc1.Nc1cnccn1.[Na+],C[C@H](Nc1cc(-c2cnn(C)c2)cc(Nc2cnccn2)n1)c1ccc(F)cc1
CCO.CC[O-].COCCOc1c(C=O)cccc1OC.Cc1nc2sc3ccccc3n2c(=O)c1-c1ccc(C(F)(F)F)cc1.[Na+],COCCOc1c(/C=C/c2nc3sc4ccccc4n3c(=O)c2-c2ccc(C(F)(F)F)cc2)cccc1OC
CCCC[Sn](CCCC)(CCCC)c1cncc(N[C@@H]2CCCN(C(=O)OC(C)(C)C)C2)n1.CN(C)C=O.Cc1ccc(S(=O)(=O)n2cc(I)c3cc(-c4cncc(OC(C)C)n4)ccc32)cc1.O.[Cu]I.c1ccc([PH](c2ccccc2)(c2ccccc2)[Pd]([PH](c2ccccc2)(c2ccccc2)c2ccccc2)([PH](c2ccccc2)(c2ccccc2)c2ccccc2)[PH](c2ccccc2)(c2ccccc2)c2ccccc2)cc1,Cc1ccc(S(=O)(=O)n2cc(-c3cncc(N[C@@H]4CCCN(C(=O)OC(C)(C)C)C4)n3)c3cc(-c4cncc(OC(C)C)n4)ccc32)cc1
C1COCCN1.O=C(O)CCOc1ccc(C23CC4CC(CC(C4)C2)C3)cc1,O=C(CCOc1ccc(C23CC4CC(CC(C4)C2)C3)cc1)N1CCOCC1
CCN(CC)CC.COc1cccc(CCl)c1.ClCCl.Cn1c2c(c3ccccc31)CCC21CCNCC1.[Cl-].[Na+],COc1cccc(CN2CCC3(CCc4c3n(C)c3ccccc43)CC2)c1
CN1CCCC1=O.ClC(Cl)Cl.O=C1NCCc2cc(OS(=O)(=O)C(F)(F)F)ccc21.[C-]#N.[K+].[OH-].[Zn+2].c1ccc([PH](c2ccccc2)(c2ccccc2)[Pd]([PH](c2ccccc2)(c2ccccc2)c2ccccc2)([PH](c2ccccc2)(c2ccccc2)c2ccccc2)[PH](c2ccccc2)(c2ccccc2)c2ccccc2)cc1,O=C(O)c1ccc2c(c1)CCNC2=O
CC(=O)SC/C(=C\c1ccc(C(F)(F)F)cc1)C(=O)O.NCCC(=O)OCc1ccccc1,CC(=O)SC/C(=C\c1ccc(C(F)(F)F)cc1)C(=O)NCCC(=O)OCc1ccccc1
CC#N.CCN(CC)CC.COC(=O)C1CCN(C(=O)OC)C(c2ccc(S(C)(=O)=O)cc2)C1.COC(C)(C)C.O.[Br-].[Li+],COC(=O)N1CCC(C(=O)O)CC1c1ccc(S(C)(=O)=O)cc1
CCN=C=NCCCN(C)C.CCO.CCOC(=O)C(C)(CCC(C)C)CNc1ccccc1.CC[O-].CN(C)C=O.CS(=O)(=O)NCc1csc2c1S(=O)(=O)N=C(CC(=O)O)N2.Cl.[Na+],CC(C)CCC1(C)CN(c2ccccc2)C(=O)C(C2=NS(=O)(=O)c3c(CNS(C)(=O)=O)csc3N2)=C1O
C1CCOC1.CC(=O)O.CC(=O)S[C@@H]1CO[C@H](CO)C1.CCCC[N+](CCCC)(CCCC)CCCC.ClCCl.O.O=C=NC(=O)C(Cl)(Cl)Cl.[F-],CC(=O)S[C@@H]1CO[C@H](COC(N)=O)C1
CC(C)c1cc(CNC(=O)OC(C)(C)C)cc(CNS(C)(=O)=O)c1.CNS(C)(=O)=O,CC(C)c1cc(CN)cc(CNS(C)(=O)=O)c1
CC#N.CCC1CC/C(=C\N(C)C)C(=O)c2c1c(C(=O)N(C)OC)nn2C.COC(=N)N.O=C([O-])[O-].O=S(=O)(O)O.[K+],COc1ncc2c(n1)-c1c(c(C(=O)N(C)OC)nn1C)CCC2
CC#N.CCN(C(C)C)C(C)C.CCOC(=O)C=C(CBr)Oc1ccc(F)cc1F.COC(=O)[C@@H](N)CC(C)C.Cl,COC(=O)[C@H](CC(C)C)N1CC(Oc2ccc(F)cc2F)=CC1=O
Clc1nc(Nc2cc[nH]n2)cc2ccccc12.OB(O)c1ccc2ccccc2c1,c1ccc2cc(-c3nc(Nc4cc[nH]n4)cc4ccccc34)ccc2c1
CC(C)(C)OC(=O)N1C(=O)OC(c2ccc(F)cc2)C1Cc1ccc(C(F)(F)F)cc1.CO.Cl.O.[Na+].[OH-],CC(C)(C)OC(=O)NC(Cc1ccc(C(F)(F)F)cc1)C(O)c1ccc(F)cc1
CCO.CCOC(=O)C1C(=O)CC(=O)CC1C.O.ON=C(Cl)c1ccccc1O.[Na],CCOC(=O)C1C(=O)c2c(-c3ccccc3O)noc2CC1C
CC(C)(C)OC(=O)NCc1ccc(Nc2c(C(=O)C3CC3)cnc3ccc(-c4cc(Cl)c(O)c(Cl)c4)cc23)cc1.O=C(O)C(F)(F)F,NCc1ccc(Nc2c(C(=O)C3CC3)cnc3ccc(-c4cc(Cl)c(O)c(Cl)c4)cc23)cc1
BrCc1cc2ccccc2s1.C1CCOC1.CC(C)[N-]C(C)C.O=C1CCCN1C1CCCCC1.[Li+],O=C1C(Cc2cc3ccccc3s2)CCN1C1CCCCC1
Brc1ccc(Br)nc1.C1COCCOCCOCCOCCOCCO1.CCOC(C)=O.Cc1ccccc1.O.OCCN1CCCC1.[K+].[OH-],Brc1ccc(OCCN2CCCC2)nc1
C1COCCO1.CC(=O)O.CCO.CC[C@@H]1C[C@H](Nc2ncc(C#N)s2)C[C@@H]1c1nnc2cnc3c(ccn3S(=O)(=O)c3ccc(C)cc3)n12.O=C([O-])[O-].[Na+],CC[C@@H]1C[C@H](Nc2ncc(C#N)s2)C[C@@H]1c1nnc2cnc3[nH]ccc3n12
CC(C)(C)O.CCC(=O)CC(C)(C)C(=O)OC.COc1ccc(N(N)Cc2ccc(Br)cc2)cc1.Cl,COc1ccc2c(c1)c(C)c(CC(C)(C)C(=O)O)n2Cc1ccc(Br)cc1
C1CCOC1.CC(C)(C)[O-].CC(C)(C)[O-].CCCCCCC#N.CCOC=O.CCOCC.Cc1ccccc1.O.[K+],CCCCCC(C#N)C=O
CCC(CC)c1ccc(C#N)c2nc(Cl)n(C)c12.CN1CCCC1=O.COc1cc(Cl)cc(C)c1N.O=C([O-])O.[Na+],CCC(CC)c1ccc(C#N)c2nc(Nc3c(C)cc(Cl)cc3OC)n(C)c12
CC(C)(C)O.Fc1cc(C(F)(F)F)ccc1C1(CCl)CO1.[Na].c1nc[nH]n1,Fc1cc(C(F)(F)F)ccc1C1(Cn2cncn2)CO1
CC(CN=[N+]=[N-])(CN=[N+]=[N-])COC(F)(F)C(F)(F)CC(F)(F)F.NN,CC(CN)(CN)COC(F)(F)C(F)(F)CC(F)(F)F
CN1C(=O)C(C)(C)[C@@](C)(c2cc(N)ccc2F)N=C1NC(=O)OC(C)(C)C.COC(F)(C(=O)O)C(F)(F)F,COC(F)(C(=O)Nc1ccc(F)c([C@@]2(C)N=C(N)N(C)C(=O)C2(C)C)c1)C(F)(F)F
CCN(C(C)C)C(C)C.CCOC(C)=O.CN(C)C=O.C[C@H]1CC[C@H](N)CC1.Cl.O=C(O)c1cccc(Br)n1.O=C(n1ccnc1)n1ccnc1,C[C@H]1CC[C@H](NC(=O)c2cccc(Br)n2)CC1
CC(C)(C)OC(=O)N1O[C@@]2(CCOCc3ccccc3)C=C[C@@H]1CC2.CCO.[Pd],CC(C)(C)OC(=O)N1OC2(CCO)CCC1CC2
C1CCOC1.CN(C(=O)c1ccc(Cl)cc1)[C@@H]1CCN(c2ccc(C(=O)O)cn2)C[C@H]1c1ccc(Cl)c(Cl)c1.CN(C)C=O.O=C(Cl)C(=O)Cl,CNC(=O)c1ccc(N2CC[C@@H](N(C)C(=O)c3ccc(Cl)cc3)[C@H](c3ccc(Cl)c(Cl)c3)C2)nc1
CN(C)C=O.CN1CCOc2ccccc21.O.O=P(Cl)(Cl)Cl,CN1CCOc2cc(C=O)ccc21
CN1CCCC1=O.COc1ccc(N)cc1OC.O.Oc1ccc2nc(Cl)n(Cc3ccccc3)c2c1,COc1ccc(Nc2nc3ccc(O)cc3n2Cc2ccccc2)cc1OC
CCOC(C)=O.Cc1cc(CNC=O)ccc1Br.ClCCl.O.O=C([O-])O.O=P(Cl)(Cl)Cl.[Na+],[C-]#[N+]Cc1ccc(Br)c(C)c1
COCCOc1cc(OC(=O)OC(C)(C)C)ccc1C(C)(C)C.ClCCl.O=C(O)C(F)(F)F,COCCOc1cc(O)ccc1C(C)(C)C
C1CCOC1.CO.Cc1cc(COCCCC[C@@H](Oc2ccc(F)c(C)c2)C(=O)N2C(=O)OC[C@@H]2C(C)C)ccc1F.NO.O.[C-]#N.[K+],Cc1cc(COCCCC[C@@H](Oc2ccc(F)c(C)c2)C(=O)NO)ccc1F
Cc1nc2ccc(Br)cc2c(-c2ccc(F)cc2)c1C(=O)C(F)(F)F.OC1CNC1,Cc1nc2ccc(N3CC(O)C3)cc2c(-c2ccc(F)cc2)c1C(=O)C(F)(F)F
CC(C)=O.CCOC(=O)N=S(C)(=O)c1cccc(CBr)c1.COc1cc2c(NC(C)C)ncnc2cc1O.O=C([O-])[O-].[Cs+],CCOC(=O)N=S(C)(=O)c1cccc(COc2cc3ncnc(NC(C)C)c3cc2OC)c1
CCO.CCOC(=O)c1cn2c3ccc(Br)cc3c3cc(OC)cc(c1=O)c32.[Na+].[OH-],COc1cc2c(=O)c(C(=O)O)cn3c4ccc(Br)cc4c(c1)c23
CC(=O)O.CC(=O)O.CCOC(C)=O.CO.Cl.Ic1ccccc1.NC(=O)c1cc(C=O)ccc1O.[K+].[OH-],O=Cc1ccc2oc(=O)[nH]c2c1
CCOC(OCC)[C@H](C)N(Cc1csc2ccccc12)C(=O)[C@@H](N)CC(=O)NC(c1ccccc1)(c1ccccc1)c1ccccc1.O=C(O)CONC(=O)NCc1ccccc1,CCOC(OCC)[C@H](C)N(Cc1csc2ccccc12)C(=O)[C@H](CC(=O)NC(c1ccccc1)(c1ccccc1)c1ccccc1)NC(=O)CONC(=O)NCc1ccccc1
C#CC(O)c1c(-c2cccc(C)c2)nn2c(Cl)cccc12.ClC(Cl)Cl.[Mn+4].[O-2],C#CC(=O)c1c(-c2cccc(C)c2)nn2c(Cl)cccc12
C1CCOC1.CB(O)O.CC(=O)[O-].CC(C)(C)OC(=O)N1CCN(c2ncc(Br)cc2C#N)CC1.COc1cccc(OC)c1-c1ccccc1P(C1CCCCC1)C1CCCCC1.O.[F-].[K+].[Pd+2],Cc1cnc(N2CCN(C(=O)OC(C)(C)C)CC2)c(C#N)c1
C1CCOC1.CCN(CC)CC.O=C(Cl)c1cccc(F)c1.O=c1cc(-c2ccncn2)nc2n1CCC1(CCNC1)N2.[Cl-].[NH4+],O=C(c1cccc(F)c1)N1CCC2(CCn3c(nc(-c4ccncn4)cc3=O)N2)C1
CCN(CC)CC.CN(C)C=O.ClCCCl.Nc1ccccn1.O.O=C(O)c1cc(Br)ccc1OCc1ccccc1.On1nnc2ccccc21,O=C(Nc1ccccn1)c1cc(Br)ccc1OCc1ccccc1
C1COCCO1.CCN(CC)CC.CN(C)C=O.CNC[C@H](O)[C@@H](O)[C@H](O)[C@H](O)CO.O=C(Cl)c1cc([N+](=O)[O-])cc([N+](=O)[O-])c1,CN(C[C@H](O)[C@@H](O)[C@H](O)[C@H](O)CO)C(=O)c1cc([N+](=O)[O-])cc([N+](=O)[O-])c1
CCOC(=O)/C=C/c1ccc(Cl)c2nc3n(c12)CCCN3c1ccc(Cl)cc1Cl.CC[Mg]Br.[Cl-].[Cu]I.[NH4+],CCOC(=O)CC(CC)c1ccc(Cl)c2nc3n(c12)CCCN3c1ccc(Cl)cc1Cl
CC(O)(CCO)COc1ccc(N2CCN(C(=O)OC(C)(C)C)CC2)cc1.CCN(CC)CC.Cc1ccc(S(=O)(=O)Cl)cc1.ClCCl,Cc1ccc(S(=O)(=O)OCCC(C)(O)COc2ccc(N3CCN(C(=O)OC(C)(C)C)CC3)cc2)cc1
CCOC(=O)CC1CCC2(C1)OC(CO)CS2.CCOCC.Cc1ccc(S(=O)(=O)Cl)cc1.c1ccncc1,CCOC(=O)CC1CCC2(C1)OC(COS(=O)(=O)c1ccc(C)cc1)CS2
C1COCCO1.CC(C)(C)Cc1nc2cc(Br)ccc2n1CCOC(F)(F)F.CC(C)(C)OC(=O)N1CC(S)C1.CC1(C)c2cccc(P(c3ccccc3)c3ccccc3)c2Oc2c(P(c3ccccc3)c3ccccc3)cccc21.CCN(C(C)C)C(C)C.CCOC(C)=O.O=C(/C=C/c1ccccc1)/C=C/c1ccccc1.[Pd],CC(C)(C)Cc1nc2cc(SC3CN(C(=O)OC(C)(C)C)C3)ccc2n1CCOC(F)(F)F
Brc1ccc2[nH]c(Br)nc2c1.C1CCNC1.CC#N,Brc1ccc2[nH]c(N3CCCC3)nc2c1
CC(=O)[O-].CCOC(=O)C1(c2ccc(-c3ccc(-c4onc(C)c4Cn4cc(Br)cn4)cc3)cc2)CC1.COCCOC.Cc1ccccc1P(c1ccccc1C)c1ccccc1C.O=C([O-])O.OB(O)c1ccccc1.[Na+].[Pd+2],CCOC(=O)C1(c2ccc(-c3ccc(-c4onc(C)c4Cn4cc(-c5ccccc5)cn4)cc3)cc2)CC1
CON(C)C(=O)[C@@H](Cc1ccccc1F)NC(=O)OC(C)(C)C.Cc1cc(Cl)ccc1C(=O)NC(C)(C)C,CC(C)(C)NC(=O)c1ccc(Cl)cc1CC(=O)[C@@H](Cc1ccccc1F)NC(=O)OC(C)(C)C
C1CCOC1.C=C(C)C(=O)OCCN=C=O.CCCCC(CC)C(=O)[O-].CCOCC.COc1ccc(N=Nc2cc(C)cc(CO)c2O)cc1.COc1ccc(O)cc1.[Sn+2],C=C(C)C(=O)OCCNC(=O)OCc1cc(C)cc(N=Nc2ccc(OC)cc2)c1O
C1CCOC1.CCN(CC)CC.ClC(Cl)(Cl)C(Cl)(Cl)Cl.O=C(CCN1CCCC1)NNc1ccc(F)cn1.c1ccc(P(c2ccccc2)c2ccccc2)cc1,Fc1ccc2nnc(CCN3CCCC3)n2c1
CCCC(=O)CC(=O)OCC.Nc1cc[nH]n1.O=Cc1ccccc1Cl,CCCC1=C(C(=O)OCC)C(c2ccccc2Cl)c2c[nH]nc2N1
CC(=O)N(C)C.CC(C)(C)OC(=O)N[C@H]1C[C@@H](NC(=O)OC(C)(C)C)CN(c2cc(Nc3ccc(N)cc3)nc(N3C[C@@H](NC(=O)OC(C)(C)C)C[C@@H](NC(=O)OC(C)(C)C)C3)c2)C1.CCN(C(C)C)C(C)C.CCOC(C)=O.CN(C)C(On1nnc2ccccc21)=[N+](C)C.F[P-](F)(F)(F)(F)F.O=C(O)c1ccc2ccccc2c1O,CC(C)(C)OC(=O)N[C@H]1C[C@@H](NC(=O)OC(C)(C)C)CN(c2cc(Nc3ccc(NC(=O)c4ccc5ccccc5c4O)cc3)nc(N3C[C@@H](NC(=O)OC(C)(C)C)C[C@@H](NC(=O)OC(C)(C)C)C3)c2)C1
Cc1ccnc(Br)n1.ClC(Cl)(Cl)Cl.O=C(OOC(=O)c1ccccc1)c1ccccc1.O=C1CCC(=O)N1Br,BrCc1ccnc(Br)n1
CCN(CC)CC.CS(=O)(=O)Cl.OCCCCSc1nccc2nccn12,CS(=O)(=O)OCCCCSc1nccc2nccn12
C1CCNC1.CC(=O)Nc1ccc2c(c1)CCC(=CN(C)C)C2=O,CC(=O)Nc1ccc2c(c1)CCC(=CN1CCCC1)C2=O
CC(=O)O.CCO.COc1ccc(B(O)O)c(C=O)c1.NN.NNC1=NCC(=O)N1Cc1ccc(Cl)cc1,COc1ccc2c(c1)C=NN(C1=NCC(=O)N1Cc1ccc(Cl)cc1)B2O
NCCCCCCCCCCC(=O)O.O=S(=O)(Cl)c1ccc(Cl)cc1,O=C(O)CCCCCCCCCCNS(=O)(=O)c1ccc(Cl)cc1
CC[SiH](CC)CC.COCCOc1nn(C(c2ccccc2)(c2ccccc2)c2ccccc2)c2cc(NC(=O)N[C@@H](c3ccccc3)C3(O)CCC3)ncc12.ClCCl.O=C(O)C(F)(F)F,COCCOc1n[nH]c2cc(NC(=O)N[C@@H](c3ccccc3)C3(O)CCC3)ncc12
Clc1ccc(OC[C@@H]2CO2)cc1.O=C1C(=O)c2ccccc2C2=C1SCC1(CCNCC1)O2,O=C1C(=O)c2ccccc2C2=C1SCC1(CCN(C[C@H](O)COc3ccc(Cl)cc3)CC1)O2
CC(=O)OI1(OC(C)=O)(OC(C)=O)OC(=O)c2ccccc21.ClCCl.Cn1ncc([N+](=O)[O-])c1[C@@H]1CC[C@@H](N=[N+]=[N-])[C@H](O)CO1.O=C([O-])O.O=S([O-])([O-])=S.[Na+],Cn1ncc([N+](=O)[O-])c1[C@@H]1CC[C@@H](N=[N+]=[N-])C(=O)CO1
C1CCOC1.CC(C)OC(=O)/N=N/C(=O)OC(C)C.CC1(C)C(=O)NC(=O)c2c1ccc(N)c2[N+](=O)[O-].COc1ccc(CCN(CCCO)C(=O)OC(C)(C)C)cc1OC.c1ccc(P(c2ccccc2)c2ccccc2)cc1,COc1ccc(CCN(CCCN2C(=O)c3c(ccc(N)c3[N+](=O)[O-])C(C)(C)C2=O)C(=O)OC(C)(C)C)cc1OC
CC(C)(C)OC(=O)NCCC(=O)O.CCN=C=NCCCN(C)C.CN(C)C=O.CN(C)c1ccncc1.Cl.ClCCl.N#Cc1c(SCc2csc(-c3ccc(Cl)cc3)n2)nc(N2CCC2)c(C#N)c1-c1ccc(OCCO)cc1,CC(C)(C)OC(=O)NCCC(=O)OCCOc1ccc(-c2c(C#N)c(SCc3csc(-c4ccc(Cl)cc4)n3)nc(N3CCC3)c2C#N)cc1
CCNC(=O)Nc1cc(-c2nc(C(F)(F)F)cs2)c(B2OC(C)(C)C(C)(C)O2)cn1.CCOC(=O)c1cn(C[C@H]2CCNC2)c2ccc(I)cc2c1=O.COCCOC.Cl.Cl[Pd](Cl)([PH](c1ccccc1)(c1ccccc1)c1ccccc1)[PH](c1ccccc1)(c1ccccc1)c1ccccc1.O.O=C([O-])O.[Na+],CCNC(=O)Nc1cc(-c2nc(C(F)(F)F)cs2)c(-c2ccc3c(c2)c(=O)c(C(=O)OCC)cn3C[C@H]2CCNC2)cn1
CC(C)O.Cl.Cn1c(CCCC(=O)O)nc2cc(N(CCCl)CCCl)ccc21.O.O=C([O-])O.[K+],CC(C)OC(=O)CCCc1nc2cc(N(CCCl)CCCl)ccc2n1C
CCN(CC)CC.CO.COc1ccc2sc(SC)[n+](C)c2c1.Cc1cc(=O)n(-c2ccccc2)[nH]1.Cc1ccc(S(=O)(=O)[O-])cc1,COc1ccc2c(c1)N(C)CS2=C1C(=O)N(c2ccccc2)NC1C
Cc1c[nH]c2ccccc12.O=C1C=C(O)C(c2ccccc2)C1.O=Cc1ccccc1,Cc1c(C(C2=C(O)C(c3ccccc3)CC2=O)c2ccccc2)[nH]c2ccccc12
CCOCC.C[Mg+].ClCCl.O=[Mn]=O.OCc1ccc(-c2sccc2-c2ccccc2OCc2ccccc2)cc1.[Br-],CC(O)c1ccc(-c2sccc2-c2ccccc2OCc2ccccc2)cc1
Cc1cn(-c2ccc(Br)cc2C#N)cn1.Nc1ncn(-c2ccccc2)n1,Cc1cn(-c2ccc(Nc3ncn(-c4ccccc4)n3)cc2C#N)cn1
C1=COCCC1.Cc1ccc(S(=O)(=O)[O-])cc1.ClCCl.OCc1ccc(CCl)cc1.c1cc[nH+]cc1,ClCc1ccc(COC2CCCCO2)cc1
CC(C)(C)[Si](C)(C)Cl.CC(C)(C)[Si](C)(C)Oc1ccc(C=O)cc1O[Si](C)(C)C(C)(C)C.O=Cc1ccc(O)c(O)c1.c1c[nH]cn1,OCC#CCCCCCC/C=C\c1ccc(O)c(O)c1
CS(=O)(=O)Nc1cccc(B(O)O)c1.O=C(O)c1cc2c(N3CCOCC3)nc(-c3cccc4[nH]ncc34)nc2s1,CS(=O)(=O)Nc1cccc(-c2cc3nc(-c4cccc5[nH]ncc45)nc(N4CCOCC4)c3o2)c1
Nc1ccsc1-c1cscn1.O=C(O)CN1C(=O)CCc2ccccc21,O=C(CN1C(=O)CCc2ccccc21)Nc1ccsc1-c1cscn1
B.CC(=O)O.CC(C)(C)OC(=O)CCN(CC=O)C(=O)OCc1ccccc1.CCN(CC)CC.CCO.COC(=O)[C@@H](N)CCOCc1ccccc1.Cl.ClCCCl.c1ccncc1,COC(=O)[C@H](CCOCc1ccccc1)NCCN(CCC(=O)OC(C)(C)C)C(=O)OCc1ccccc1
COc1cccc(C(=C2CC3CCC(C2)N3)c2ccsc2)c1.Cc1ccccc1C=O.O=Cc1ccccc1Cl,COc1ccc(C(=C2CC3CCC(C2)N3Cc2ccccc2Cl)c2ccsc2)cc1
CO.O=C1N(CCCOCc2ccccc2)c2ccccc2C12COc1cc3c(cc12)OCO3.[H][H].[Pd],O=C1N(CCCO)c2ccccc2C12COc1cc3c(cc12)OCO3
C1CCOC1.COc1ccc2c(c1)C(=O)C(N1CCN(c3cccc4c3OCCO4)CC1)C2.[BH4-].[Na+],COc1ccc2c(c1)[C@@H](O)[C@@H](N1CCN(c3cccc4c3OCCO4)CC1)C2
CCOC(=O)CCCCCBr.CN(C)C=O.[H-].[I-].[K+].[Na+].c1ccc2c(c1)[nH]c1ccccc12,CCOC(=O)CCCCCn1c2ccccc2c2ccccc21
O.O=[N+]([O-])c1ccc(F)cc1.OCc1cccc(F)c1.[K+].[OH-],O=[N+]([O-])c1ccc(OCc2cccc(F)c2)cc1
CC(N)CO.CCN(C(C)C)C(C)C.CN(C)C(On1nnc2cccnc21)=[N+](C)C.CN(C)C=O.Cc1nnc(-c2ccccc2)c(C(=O)O)c1-c1ccccc1.F[P-](F)(F)(F)(F)F.O,CC(CO)NC(=O)c1c(-c2ccccc2)cnnc1-c1ccccc1
C1CCOC1.COc1ccc(P2(=S)SP(=S)(c3ccc(OC)cc3)S2)cc1.Cc1ccccc1.NC(=O)c1cn(CC2CCOCC2)c2c(Cl)cccc12,NC(=S)c1cn(CC2CCOCC2)c2c(Cl)cccc12
COCCCn1c([C@@H]2CCCN(C(=O)C[C@@H](Cc3ccc4ccccc4c3)NC(=O)OC(C)(C)C)C2)nc2ccc(OC)cc21.ClCCl,COCCCn1c([C@@H]2CCCN(C(=O)C[C@H](N)Cc3ccc4ccccc4c3)C2)nc2ccc(OC)cc21
C1CCOC1.C=C(c1ccccc1)c1ccc2sc(-c3ccc(C4OCCCO4)cc3F)nc2n1.CC(C)(C)[O-].CS(C)=O.C[S+](C)(C)=O.[I-].[K+],Fc1cc(C2OCCCO2)ccc1-c1nc2nc(C3(c4ccccc4)CC3)ccc2s1
CC(=O)Nc1cc(NC(=O)Nc2ccccc2)ccn1.Cl,Nc1cc(NC(=O)Nc2ccccc2)ccn1
CC#N.COc1ccc(CCCl)cc1OC.Cl.O=C([O-])[O-].O=C1c2ccccc2C(=O)N1C1CCNC1.[K+],COc1ccc(CCN2CCC(N3C(=O)c4ccccc4C3=O)C2)cc1OC
CCO.CCOC(=O)CC(C)=O.CC[O-].C[C@@H](CC(=O)CBr)OCc1ccccc1.[Na+],CCOC(=O)C(CC(=O)C[C@H](C)OCc1ccccc1)C(C)=O
CCc1ccc(CNc2ccc(C(C)C)cc2)s1.O=C(O)C1CCCc2c(OCc3ccccc3)cccc21,CCc1ccc(CN(C(=O)C2CCCc3c(OCc4ccccc4)cccc32)c2ccc(C(C)C)cc2)s1
CC#N.CC(C(=O)O)C(=O)NC1C(=O)N(C)c2ccccc2-c2ccccc21.CN(C)C(On1ccccc1=O)=[N+](C)C.CN(C)C=O.F[B-](F)(F)F.Nc1ccccc1.O=C(O)C(F)(F)F,CC(C(=O)Nc1ccccc1)C(=O)NC1C(=O)N(C)c2ccccc2-c2ccccc21
CCO.Cn1c(N2CCNCC2)cc(=O)n(C)c1=O.O=c1cc(-c2ccccc2)oc2cccc(OCC3CO3)c12,Cn1c(N2CCN(CC(O)COc3cccc4oc(-c5ccccc5)cc(=O)c34)CC2)cc(=O)n(C)c1=O
COc1ccc(-c2nc(Sc3ccc(C(C)(C)C)cc3)[nH]c2-c2ccc(OC)cc2)cc1.ClCCl.O=C(OO)c1cccc(Cl)c1,COc1ccc(-c2nc(S(=O)c3ccc(C(C)(C)C)cc3)[nH]c2-c2ccc(OC)cc2)cc1
CC(=O)O.CC(=O)[O-].Cc1cc(-c2cc(C(F)(F)F)n3nccc3n2)ccc1Cl.ClI.O.[Na+],Cc1cc(-c2cc(C(F)(F)F)n3ncc(I)c3n2)ccc1Cl
C1CCOC1.CC1C(=O)N(COCC[Si](C)(C)C)N=C2COc3cc(C(F)(F)F)c(NC4(C)CN(C(=O)OC(C)(C)C)C4)cc3N21.CCCC[N+](CCCC)(CCCC)CCCC.[F-],CC1C(=O)NN=C2COc3cc(C(F)(F)F)c(NC4(C)CN(C(=O)OC(C)(C)C)C4)cc3N21
C1COCCO1.CCCC[Sn](CCCC)(CCCC)c1coc(C(OCC)OCC)c1.CCCC[Sn](Cl)(CCCC)CCCC.CCOC(OCC)c1cc(Br)co1.COc1cc(Nc2c(C#N)cnc3cc(I)c(OC)cc23)c(Cl)cc1Cl.[Li]CCCC,CCOC(OCC)c1cc(-c2cc3ncc(C#N)c(Nc4cc(OC)c(Cl)cc4Cl)c3cc2OC)co1
Cc1cccc(C)n1.ClCCl.Cn1ccc(NC(=O)[C@H](CC2CCCC2)c2ccc(S(C)(=O)=O)c(Cl)c2)n1.Nc1ccn(CC#CCO)n1.O=C(Cl)C(=O)Cl,CS(=O)(=O)c1ccc([C@@H](CC2CCCC2)C(=O)Nc2ccn(CC#CCO)n2)cc1Cl
COC(=O)CCCCCCc1ncc(-c2cc(Cl)ccc2OC(C)C)s1.ClCCl.[Al+3].[Cl-],COC(=O)CCCCCCc1ncc(-c2cc(Cl)ccc2O)s1
CC(=O)N1CCNCC1.ClCCl.O=C(OCc1cc(-c2ccco2)on1)n1ccnc1,CC(=O)N1CCN(C(=O)OCc2cc(-c3ccco3)on2)CC1
C1COCCN1.CN(C)C=O.CSc1nn2c(O)cc(CCl)nc2c1S(=O)(=O)c1ccccc1,CSc1nn2c(O)cc(CN3CCOCC3)nc2c1S(=O)(=O)c1ccccc1
C1CCOC1.CCCCCCn1ccc(N)nc1=O.ClCCl.c1c[nH]cn1,CCCCCCn1ccc(NC(=O)NCCN)nc1=O
Nc1ccccc1N.O=Cc1ccc(C=C2SC(=O)NC2=O)cc1,O=C1NC(=O)C(=Cc2ccc(-c3nc4ccccc4[nH]3)cc2)S1
CCN(CC)CC.CCN=C=NCCCN(C)C.CN(C)c1ccncc1.COC(=O)c1cccc(C(=O)O)c1.Cc1nc2ccccc2n1C1CC2CCC(C1)N2CCC1(c2ccccc2)CCNCC1.Cl.ClCCl,COC(=O)c1cccc(C(=O)N2CCC(CCN3C4CCC3CC(n3c(C)nc5ccccc53)C4)(c3ccccc3)CC2)c1
CCOC(C)=O.C[C@](O)(CNC(=O)c1cnc(Br)c(-c2ccc(Cl)cc2)n1)C1CC1.O=C([O-])[O-].OCC(F)(F)F.[Cs+],C[C@](O)(CNC(=O)c1cnc(OCC(F)(F)F)c(-c2ccc(Cl)cc2)n1)C1CC1
BrC1CCCC1.COc1ccc(C2=NN(C)C(=O)[C@H]3CCCC[C@@H]23)cc1OC.COc1ccc(C2=NNC(=O)[C@H]3CC=CC[C@@H]23)cc1OC1CCCC1,COc1ccc(C2=NN(C3CCCC3)C(=O)[C@H]3CC=CC[C@@H]23)cc1OC1CCCC1
CN(C)C=O.COCc1n[nH]cc1C(=O)OC.FC(F)(F)c1cccc(Cl)n1.O=C([O-])[O-].[K+],COCc1nn(-c2cccc(C(F)(F)F)n2)cc1C(=O)OC
CN(C)c1cc(N)c(N)cc1C(=O)Nc1ccc2cn[nH]c2c1.Cc1cccnc1N=C=S.ClCCCl,Cc1cccnc1Nc1nc2cc(C(=O)Nc3ccc4cn[nH]c4c3)c(N(C)C)cc2[nH]1
COC(=O)c1ccc2nc(Br)c(N3CCCc4cc(F)ccc43)nc2c1.COCCOC.Cc1cc2cc(B3OC(C)(C)C(C)(C)O3)ccc2[nH]1.O.O=C([O-])[O-].[Na+].c1ccc([PH](c2ccccc2)(c2ccccc2)[Pd]([PH](c2ccccc2)(c2ccccc2)c2ccccc2)([PH](c2ccccc2)(c2ccccc2)c2ccccc2)[PH](c2ccccc2)(c2ccccc2)c2ccccc2)cc1,COC(=O)c1ccc2nc(-c3ccc4[nH]c(C)cc4c3)c(N3CCCc4cc(F)ccc43)nc2c1
CCN(CC)CC.COC[C@H]1OC(=O)c2coc3c2[C@@]1(C)C1=C(C3=O)[C@@H]2CC[C@H](O)[C@@]2(C)C[C@H]1OC(C)=O.ClCCl.O=C(O)C1CCNCC1,COCC1OC(=O)C(=CN2CCC(C(=O)O)CC2)C2=C(O)C(=O)C3=C(C(OC(C)=O)CC4(C)C(O)CCC34)C21C
C1COCCO1.CCOC(=O)c1c(-c2ccccc2)csc1N.Cl.N#CCCl.O.O=C([O-])O.[Na+],O=c1[nH]c(CCl)nc2scc(-c3ccccc3)c12
C1COCCO1.Cn1c(=O)n([C@H]2CCCOC2)c2c3cc(Br)ccc3ncc21.O.O=C([O-])[O-].OB(O)c1ccc(F)nc1.[Cs+].c1ccc([PH](c2ccccc2)(c2ccccc2)[Pd]([PH](c2ccccc2)(c2ccccc2)c2ccccc2)([PH](c2ccccc2)(c2ccccc2)c2ccccc2)[PH](c2ccccc2)(c2ccccc2)c2ccccc2)cc1,Cn1c(=O)n([C@H]2CCCOC2)c2c3cc(-c4ccc(F)nc4)ccc3ncc21
C1CCOC1.COc1ccc(CCCCc2ccccc2OCC2CO2)cc1.c1ccc(N2CCNCC2)cc1,COc1ccc(CCCCc2ccccc2OCC(O)CN2CCN(c3ccccc3)CC2)cc1
COC(=O)COc1ccc(S(=O)(=O)Nc2ccc(N3CCC(=O)CC3)cc2)cc1.NC[C@H](O)COc1cccc2[nH]c(=O)[nH]c12,COC(=O)COc1ccc(S(=O)(=O)Nc2ccc(N3CCC(NC[C@H](O)COc4cccc5[nH]c(=O)[nH]c45)CC3)cc2)cc1
C1CCOC1.CC(C)(C)c1cc(N)n(-c2cccc(N3CCOCC3)c2)n1.CCN(C(C)C)C(C)C.O.O=C(Cl)OCC(Cl)(Cl)Cl,CC(C)(C)c1cc(NC(=O)OCC(Cl)(Cl)Cl)n(-c2cccc(N3CCOCC3)c2)n1
CC(=O)O.COC(=O)CC#N.NCCC(=O)O.O.O=Cc1ccccc1.c1ccccc1,COC(=O)/C(C#N)=C/c1ccccc1
C1CCOC1.CC1(C)Cc2c(c(C(=O)O)cc3nc(Nc4c(F)cccc4Cl)[nH]c23)O1.CCN(C(C)C)C(C)C.Nc1cccc(C2CC2)c1.O=S(Cl)Cl,CC1(C)Cc2c(c(C(=O)Nc3cccc(C4CC4)c3)cc3nc(Nc4c(F)cccc4Cl)[nH]c23)O1
CCN(CC)CC.CCN=C=NCCCN(C)C.CCOC(C)=O.CN(C)C1CCNC1.CN(C)C=O.COc1ccc(-c2cc(C(N)=O)c3[nH]c4cc(C(=O)O)ccc4c3n2)cc1F.Cl.O.On1nnc2ccccc21,COc1ccc(-c2cc(C(N)=O)c3[nH]c4cc(C(=O)N5CC[C@H](N(C)C)C5)ccc4c3n2)cc1F
CC(C)(C)OC(=O)N1CCC(C(=O)c2cc(Br)c3c(N)ncnn23)C1.CC1(C)OB(c2ccc3cn(Cc4ccccc4)nc3c2)OC1(C)C.CCOC(C)=O.CN(C)C=O.O=C([O-])[O-].[Na+].c1ccc([PH](c2ccccc2)(c2ccccc2)[Pd]([PH](c2ccccc2)(c2ccccc2)c2ccccc2)([PH](c2ccccc2)(c2ccccc2)c2ccccc2)[PH](c2ccccc2)(c2ccccc2)c2ccccc2)cc1,CC(C)(C)OC(=O)N1CCC(C(=O)c2cc(-c3ccc4cn(Cc5ccccc5)nc4c3)c3c(N)ncnn23)C1
CCO.Cc1cccc(C(=O)CBr)c1.O=[Se]=O,CCOC(=O)C(=O)c1cccc(C)c1
C=CC1(O)CCCCCCCCCCC1.O=C1CCCCCCCCCCC1,O=C1CCCCCCCCCCCCC1
C1COCCO1.CC(=O)Cc1cccc(Br)c1.CCOC(C)=O.COc1ccc(NN)cc1.Cc1ccccc1.Cl,COc1ccc2[nH]c(C)c(-c3cccc(Br)c3)c2c1
CCCCCCCCCCCCN.Cl.O=P(Cl)(Cl)Cl,CCCCCCCCCCCCNP(=O)(Cl)Cl
CS(=O)[O-].CS(C)=O.Cl.O.O=C(O)CCc1cc(CCNS(=O)(=O)c2ccc(Cl)cc2)cc(C(=O)c2ccc(F)cc2)c1.[Na+],CS(=O)(=O)c1ccc(C(=O)c2cc(CCNS(=O)(=O)c3ccc(Cl)cc3)cc(CCC(=O)O)c2)cc1
C=CCCCCCC.CC(C)(C#N)N=NC(C)(C)C#N.P.c1ccccc1,CCCCCCCCP
Br.C=C(C)C(C(=O)[O-])N1C(=O)C(C)(NC(=O)COc2ccccc2)C1SSC1N(C(C(=C)C)C(=O)[O-])C(=O)C1(C)NC(=O)COc1ccccc1.COCCOC.c1cc[nH+]cc1.c1ccncc1,COC(=O)C1N2C(=O)C(NC(=O)COc3ccccc3)[C@H]2SCC1(C)Br
CN(C)C=O.ClCc1ncccn1.Nc1cc(Cl)ccc1S.O=C([O-])[O-].[K+],Nc1cc(Cl)ccc1SCc1ncccn1
CCOC(C)=O.Cc1cc(C2=CCOC2)cc(C)c1-c1ccc(F)c2c1CC[C@H]2Oc1ccc2c(c1)OC[C@H]2CC(=O)O.[Pd],Cc1cc(C2CCOC2)cc(C)c1-c1ccc(F)c2c1CC[C@H]2Oc1ccc2c(c1)OC[C@H]2CC(=O)O
C1CCOC1.CC(C)=C(Cl)N(C)C.CN(C)c1cc(C(F)(F)F)cc(N)n1.Nc1cc(OCC(F)(F)F)c(C(=O)O)cc1[N+](=O)[O-],CN(C)c1cc(C(F)(F)F)cc(NC(=O)c2cc([N+](=O)[O-])c(N)cc2OCC(F)(F)F)n1
CCOP(OCC)OCC.COC(=O)C(C)Br,CCOP(=O)(OCC)C(C)C(=O)OC
O=C1Nc2ccccc2[C@@]12COc1cc3c(cc12)OCCO3.O=C1Nc2ccccc2[C@]12COc1cc3c(cc12)OCCO3,CCCCCN1C(=O)[C@]2(COc3cc4c(cc32)OCCO4)c2ccccc21
CC(=O)[O-].CC(C)(C)OC(=O)CC1CCCC1.CN(C)c1ccccc1-c1ccccc1P(C1CCCCC1)C1CCCCC1.C[Si](C)(C)[N-][Si](C)(C)C.Cc1ccccc1.Fc1ccc(Br)cc1.[Li+].[Pd+2],CC(C)(C)OC(=O)C(c1ccc(F)cc1)C1CCCC1
CC(C)(C)[Si](C)(C)OCCn1ccc(NC(=O)C(CC2CCOC2)c2ccc(S(C)(=O)=O)c(Cl)c2)n1.CCO.Cl,CS(=O)(=O)c1ccc(C(CC2CCOC2)C(=O)Nc2ccn(CCO)n2)cc1Cl
NCC1CCN2CCCCC2C1.O=C(Cl)c1c[nH]c2ccccc12,NC(=O)c1c[nH]c2ccccc12
CO.COc1ccc(C=O)cn1.COc1ccc(CN(C(=O)OC(C)(C)C)c2ccc(C=O)cn2)cn1.Clc1cnc2[nH]ccc2c1.O.[K+].[OH-],COc1ccc(CN(C(=O)OC(C)(C)C)c2ccc(C(O)c3c[nH]c4ncc(Cl)cc34)cn2)cn1
CCO.CCOC(=O)C=Cc1ccccc1O.O.[K+].[OH-],O=C(O)/C=C/c1ccccc1O
ClCc1ccccc1.O=C(Cc1ccccc1)c1ccc(O)cc1.O=C([O-])[O-].[K+],O=C(Cc1ccccc1)c1ccc(OCc2ccccc2)cc1
CC(C)(C)C(=O)Cl.CC(C)C(NC(=O)Cn1c(-c2cccs2)ncc(NC(=O)OCc2ccccc2)c1=O)C(O)C(F)(F)F.CCN(CC)CC.CCOC(C)=O.CN(C)c1ccncc1.ClCCl,CC(C)C(NC(=O)Cn1c(-c2cccs2)ncc(NC(=O)OCc2ccccc2)c1=O)C(OC(=O)C(C)(C)C)C(F)(F)F
CC[C@@H]1COC(=O)N1c1ccc(C(=O)O)cc1.Cc1cnc(N2CCNCC2)c(C)c1.Cl,CC[C@@H]1COC(=O)N1c1ccc(C(=O)N2CCN(c3ncc(C)cc3C)CC2)cc1
CC1(C)OB(c2cn[nH]c2)OC1(C)C.CCOC(C)=O.CN(C)C=O.C[Si](C)(C)CCOCn1ccc2c(Cl)ncnc21.O.O=C([O-])[O-].[K+],C[Si](C)(C)CCOCn1ccc2c(-c3cn[nH]c3)ncnc21
CC(C(=O)O)n1cc(-c2cnn3c(-c4cccc(NC(=O)NCC(F)(F)F)c4)cnc3c2)cn1.CNC,CC(C(=O)N(C)C)n1cc(-c2cnn3c(-c4cccc(NC(=O)NCC(F)(F)F)c4)cnc3c2)cn1
CC(=O)OI1(OC(C)=O)(OC(C)=O)OC(=O)c2ccccc21.CC(C)(C[C@@](O)(CCO)C(F)(F)F)c1ccc(Cl)cc1S(C)(=O)=O.ClCCl,CC(C)(C[C@@](O)(CC=O)C(F)(F)F)c1ccc(Cl)cc1S(C)(=O)=O
COC(=O)c1cc(OCc2c(-c3ccccc3)noc2C)n[nH]1.COC(=O)c1cc(OCc2c(C3CCOCC3)noc2C)nn1C.NC1CCOCC1,Cc1onc(C2CCOCC2)c1COc1cc(C(=O)NC2CCOCC2)n(C)n1
C1CCOC1.O.O=C(NCc1cc(-n2nc(-c3ccc(I)cc3)[nH]c2=O)c(Cl)cc1F)C(F)(F)F.[K+].[OH-],NCc1cc(-n2nc(-c3ccc(I)cc3)[nH]c2=O)c(Cl)cc1F
CC(C)(C)C(=O)CC(=O)C(C)(C)C.CN1CCCC1=O.FC(F)(F)Oc1ccc(I)cc1.O=C([O-])[O-].Oc1ccc(Br)cc1.[Cs+],FC(F)(F)Oc1ccc(Oc2ccc(Br)cc2)cc1
CCOC(=O)C1=Cc2cc(Cl)cc(Br)c2OC1C(F)(F)F.CCOCC.Cc1ccccc1.[F-].[NH4+],C=COC(=O)C1=Cc2cc(Cl)cc(C=C)c2OC1C(F)(F)F
C1COCCO1.COC(=O)[C@H](Cc1cccc(CNC(=O)OC(C)(C)C)c1)OC(C)C.Cl,COC(=O)[C@H](Cc1cccc(CN)c1)OC(C)C
C1CCOC1.CC(C)(C)OC(=O)OC(=O)OC(C)(C)C.N.Nc1ccc(Br)cc1[N+](=O)[O-],CC(C)(C)OC(=O)Nc1ccc(Br)cc1[N+](=O)[O-]
C1CCNCC1.CC(=O)CC(C)=O.CC(=O)O.Cc1cc(=O)c2c(F)ccc(C=O)c2o1.Cc1ccc(S(=O)(=O)[O-])cc1.ClCCl.c1cc[nH+]cc1,CC(=O)C(=Cc1ccc(F)c2c(=O)cc(C)oc12)C(C)=O
BrB(Br)Br.CCCCCc1c(-c2ccc3cc(OC)ccc3c2)[nH]c2ccccc12.ClCCl,CCCCCc1c(-c2ccc3cc(O)ccc3c2)[nH]c2ccccc12
CN1CCOCC1.Cc1c([C@H]2CN3CC[NH2+]C[C@H]3CO2)ccc(F)c1C#N.ClCCCl.ClCCl.O=C(O)Cc1ccc(-n2cnnn2)nc1.O=C([O-])C(F)(F)F.On1nnc2ccccc21,Cc1c([C@H]2CN3CCN(C(=O)Cc4ccc(-n5cnnn5)nc4)C[C@H]3CO2)ccc(F)c1C#N
CCOC(=O)C=O.CO.NNc1ccc(Cl)nn1,CCOC(=O)C=NNc1ccc(Cl)nn1
CCOC(=O)[C@H](N)CC(COS(C)(=O)=O)C(=O)OC(C)(C)C.CN(C)C=O.COc1ccc(CS)cc1.O.[H-].[Na+],CCOC(=O)[C@H](N)CC(CSCc1ccc(OC)cc1)C(=O)OC(C)(C)C
C=C(CCCC1CCCCCCC1)C(=O)OCC.ClCCl.O=C(OO)c1cccc(Cl)c1,CCOC(=O)C1(CCCC2CCCCCCC2)CO1
CN(C)C=O.CN1C(=O)C2(COc3cc4c(cc32)OCCO4)c2c(C(=O)Oc3ccccc3)cccc21.Cl.NC1CCC1.O.O=C([O-])[O-].[K+],CN1C(=O)C2(COc3cc4c(cc32)OCCO4)c2c(C(=O)NC3CCC3)cccc21
CC1(C)OC(=O)Nc2ccc(-c3cc(C#N)cs3)cc21.COc1ccc(P2(=S)SP(=S)(c3ccc(OC)cc3)S2)cc1,CC1(C)OC(=S)Nc2ccc(-c3cc(C#N)cs3)cc21
C1CCC2=NCCCN2CC1.CC(C)S(=O)(=O)Cl.ClCCl.NC1CCCC1c1cc(F)cc(F)c1,CC(C)S(=O)(=O)N[C@@H]1CCC[C@@H]1c1ccc(F)cc1F
CC(C)O[N+](=O)[O-].CCCC[N+](CCCC)(CCCC)CCCC.ClCCl.O=S(=O)(O)O.O=S(=O)([O-])O.Oc1ccc(F)cc1F,O=[N+]([O-])c1cc(F)cc(F)c1O
CN(C)C=O.Cc1cc(C(=O)C[C@](C[N+](=O)[O-])(c2cc(Cl)cc(Cl)c2)C(F)(F)F)ccc1C(=O)OC(C)(C)C.Cl.[Zn],Cc1cc(C2=NC[C@@](c3cc(Cl)cc(Cl)c3)(C(F)(F)F)C2)ccc1C(=O)OC(C)(C)C
CCN=C=NCCCN(C)C.CN(C)C=O.Cc1c(C(=O)O)c(=O)n(-c2ccccc2)n1C.Cc1ccccc1.Nc1ccc(Oc2ccnc3cc(O)ccc23)c(F)c1.O.On1nnc2cccnc21,Cc1c(C(=O)Nc2ccc(Oc3ccnc4cc(O)ccc34)c(F)c2)c(=O)n(-c2ccccc2)n1C
C1CCOC1.CC(C)(C)OC(=O)N1CCC(=O)N2C[C@H](O)C[C@@H]2C1.CC(C)OC(=O)N=NC(=O)OC(C)C.O=C(O)c1ccc([N+](=O)[O-])cc1.c1ccc(P(c2ccccc2)c2ccccc2)cc1,CC(C)(C)OC(=O)N1CCC(=O)N2C[C@@H](OC(=O)c3ccc([N+](=O)[O-])cc3)C[C@@H]2C1
BrCCBr.CCOCC.CN(C)C=O.O=C([O-])[O-].SC1CCCCC1.[K+],BrCCSC1CCCCC1
Cc1ccc(Br)c2cccnc12.O.O=[Mn](=O)(=O)[O-].[K+].c1ccncc1,O=C(O)c1ccc(Br)c2cccnc12
Cl.Cn1cnnc1C(=O)c1ccccc1.NO.c1ccncc1,Cn1cnnc1C(=NO)c1ccccc1
C#CCO[Si](C)(C)C(C)(C)C.CCN(CC)CC.CN1CCCC1=O.O.OCc1cccc(I)c1.[Cu]I.c1ccc([PH](c2ccccc2)(c2ccccc2)[Pd]([PH](c2ccccc2)(c2ccccc2)c2ccccc2)([PH](c2ccccc2)(c2ccccc2)c2ccccc2)[PH](c2ccccc2)(c2ccccc2)c2ccccc2)cc1,OCC#Cc1cccc(CO)c1
CCOC(=O)C(Cl)C(=O)C(F)(F)F.NC(=O)NC1CCCC1,CCOC(=O)c1oc(NC2CCCC2)nc1C(F)(F)F
N.O=S(=O)([O-])c1cccc2ccccc12.[K+].[NH2-].[Na+],Nc1cccc2ccccc12
CC1(C)OCC(C(O)CNC(=O)c2cc(F)cc(C(F)(F)F)c2O)O1.CO.O,O=C(NCC(O)C(O)CO)c1cc(F)cc(C(F)(F)F)c1O
O=C(OCc1ccccc1)N1CC[C@@H](O)C1.OCCO.[F-].[K+],O=C(OCc1ccccc1)N1CC[C@H](F)C1
CCO.Cl.NO.O=Cc1cc(N=Nc2cccc(S(=O)(=O)F)c2)cc(Cl)c1O.[Na+].[OH-],O=S(=O)(F)c1cccc(N=Nc2cc(Cl)c(O)c(C=NO)c2)c1
CCN(CC)CC.CN(C)C=O.CS(=O)(=O)c1ccc(C(=O)O)c([N+](=O)[O-])c1.ClCCl.O=C(Cl)C(=O)Cl.O=[N+]([O-])c1ccc(O)cc1,CS(=O)(=O)c1ccc(C(=O)Oc2ccc([N+](=O)[O-])cc2)c([N+](=O)[O-])c1
CC(C)(C)OC(=O)Nc1ccc(I)cc1[N+](=O)[O-].OB(O)c1ccccc1,CC(C)(C)OC(=O)Nc1ccc(-c2ccccc2)cc1[N+](=O)[O-]
CCOC(=O)c1cn(C)c2cc(Cl)ccc2c1=O.CCOCC.CN.FB(F)F,CNC(=O)c1cn(C)c2cc(Cl)ccc2c1=O
CCON=C(C(=O)NC1C(=O)N2C(C(=O)O)=C(CSc3nncs3)CS[C@H]12)c1nccc(NC=O)n1.Cl,CCON=C(C(=O)NC1C(=O)N2C(C(=O)O)=C(CSc3nncs3)CS[C@H]12)c1nccc(N)n1
CC(C)=O.COC(=O)c1[nH]c(C=O)cc1Cl.Cl.O.O=S([O-])O.O=[Mn](=O)(=O)[O-].[K+].[Na+],COC(=O)c1[nH]c(C(=O)O)cc1Cl
COC[C@H]1O[C@@H](n2cnc3c(Cl)nc(Cl)nc32)[C@H](OC(C)=O)[C@@H]1OC(C)=O.NC1CCCC1,COC[C@H]1O[C@@H](n2cnc3c(NC4CCCC4)nc(Cl)nc32)[C@H](O)[C@@H]1O
CCCCCC.CCOCC.CCOc1cc(OCC)c(C=O)c(OCC)c1.ClCCl.I.N=C(NN)NCc1ccccc1.[Na+].[OH-],CCOc1cc(OCC)c(C=NNC(=N)NCc2ccccc2)c(OCC)c1
CCCCCCBr.CCCN1C(=O)C(=O)c2ccccc21.Cc1ccc2c(c1)C(=O)C(=O)N2,Cc1ccc2c(c1)C(=O)C(=O)N2CCCC(C)C
CO.COC(=O)C(C)c1ccc(C[C@@H]2CCCC[C@H]2O)c(Cl)c1.Cl.[Na+].[OH-],CC(C(=O)O)c1ccc(C[C@@H]2CCCC[C@H]2O)c(Cl)c1
CNC[C@@H](CCN1CCC(N2CCCCC2=O)CC1)c1ccc(Cl)c(Cl)c1.ClCCl.O=C(Cl)c1ccc(F)cc1,CN(C[C@@H](CCN1CCC(N2CCCCC2=O)CC1)c1ccc(Cl)c(Cl)c1)C(=O)c1ccc(F)cc1
CC(=O)O.CCOC(=O)C1=C(CC)C(C(=O)OC)=C([O-])C1.Cc1ccccc1.O.O=C([O-])O.[Cl-].[K+].[Na+],CCOC(=O)C1CC(=O)C=C1CC
C1CCOC1.CO.COC(=O)c1cc(OC)cc(-c2nc(-c3ccccn3)no2)c1.[Na+].[OH-],COc1cc(C(=O)O)cc(-c2nc(-c3ccccn3)no2)c1
BrCBr.CS(C)=O.O=C(Cc1ccncc1)c1cccc(Br)c1.O=C([O-])[O-].S=C=S.[K+],O=C(C(=C1SCS1)c1ccncc1)c1cccc(Br)c1
CC[N+](CC)(CC)Cc1ccccc1.COC(C)(C)C.Cc1ccccc1.Cl.N=C(S)NCc1cccc(Cl)c1.O.SC(Cl)(Cl)Cl.[Cl-].[Na+].[OH-],Clc1cccc(CSc2nsc(Cl)n2)c1
CC#N.CN1CCNCC1.COc1cccc2c1C(NC1=Nc3ccc(NC(=O)CCl)cc3CO1)CC2,COc1cccc2c1C(NC1=Nc3ccc(NC(=O)CN4CCN(C)CC4)cc3CO1)CC2
CI.CN(C)C=O.On1nnc2cc(Cn3ccnc3)ccc21.[H-].[H][H].[Na+],COn1nnc2cc(Cn3ccnc3)ccc21
C1CCC(P(C2CCCCC2)C2CCCCC2)CC1.C1COCCO1.CC(=O)[O-].CC1(C)OB(B2OC(C)(C)C(C)(C)O2)OC1(C)C.O=Cc1ccc(Br)cc1[N+](=O)[O-].[K+],CC1(C)OB(c2ccc(C=O)c([N+](=O)[O-])c2)OC1(C)C
CCN(CC)CC.CCN=C=NCCCN(C)C.CN(C)C(=O)C(=O)O.CN(C)C=O.Cl.O.O=C(O)C(F)(F)F.O=C1c2c(O)c(=O)n(CC3COCCN3)c(=O)n2CCN1Cc1ccc(F)cc1.On1nnc2ccccc21,CN(C)C(=O)C(=O)N1CCOCC1Cn1c(=O)c(O)c2n(c1=O)CCN(Cc1ccc(F)cc1)C2=O
CC(Cl)Cl.CCOC(=O)c1[nH]c(C)cc1C.O=C(Cl)c1ccccc1.[Al+3].[Cl-],Cc1[nH]c(C(=O)O)c(C)c1C(=O)c1ccccc1
CC(C)C1=C(O)COC1=O.Cc1cccc(C)n1.ClCCl.O=S(=O)(OS(=O)(=O)C(F)(F)F)C(F)(F)F,CC(C)C1=C(OS(=O)(=O)C(F)(F)F)COC1=O
C1CCOC1.Cc1cc(C)c(/C=C2\C(=O)N(C(=O)n3ccnc3)c3ccccc32)[nH]1.O=C(O)C(F)(F)F.O=C(O)[C@@H](O)CO,Cc1cc(C)c(/C=C2\C(=O)N(C(=O)OCC(O)C(=O)O)c3ccccc32)[nH]1
CC(=O)O[C@H]1CC[C@@H](c2cccnc2)C1.CO.O.[Na+].[OH-],O[C@H]1CC[C@@H](c2cccnc2)C1
CO.O=C(O)Cc1coc2c(Cl)c(O)ccc12.O=S(=O)(O)O,COC(=O)Cc1coc2c(Cl)c(O)ccc12
CCO.Cc1c(F)nc(F)c(F)c1OC(C)(C)C.c1ccc(CNCc2ccccc2)cc1,Cc1c(F)nc(N(Cc2ccccc2)Cc2ccccc2)c(F)c1OC(C)(C)C
CC#N.CC(C)(C)[Si](Cl)(c1ccccc1)c1ccccc1.CCN(CC)CC.NCc1ccccc1,CC(C)(C)[Si](NCc1ccccc1)(c1ccccc1)c1ccccc1
CC(C)(C)[O-].CN(C)C=O.C[C@H](O)C(F)(F)F.O=C(O)c1cc(Cl)c(C2CC2)cn1.[K+],C[C@H](Oc1cc(C(=O)O)ncc1C1CC1)C(F)(F)F
C1CCOC1.CCCCOCCOc1ccc(-c2ccc3c(c2)C=C(C(=O)OC)CCN3)cc1.CS(=O)(=O)OS(C)(=O)=O.O.c1ccncc1,CCCCOCCOc1ccc(-c2ccc3c(c2)C=C(C(=O)OC)CCN3S(C)(=O)=O)cc1
C1CCOC1.CC(C)(C#N)CCCCBr.CCCCCC.CCCCCCBr.O.[Li]CCCC.c1ccc2c(c1)Cc1ccccc1-2,CCCCCCC1(CCCCC(C)(C)C#N)c2ccccc2-c2ccccc21
C1CCOC1.CC(=O)O.CCN(CC)CC.CCOC(=O)N1C(=O)c2ccccc2C1=O.NC[C@H]1CC[C@H](C(=O)O)CC1.O,O=C1c2ccccc2C(=O)N1C[C@H]1CC[C@H](C(=O)O)CC1
CO.COC(=O)CCCCCNC(=O)C=C1c2ccccc2Sc2ccccc21.Cl.O.[Li+].[OH-],O=C(O)CCCCCNC(=O)C=C1c2ccccc2Sc2ccccc21
CO.Cc1ccc(S(=O)(=O)n2ccc3nc(C=O)cnc32)cc1.NO,Cc1ccc(S(=O)(=O)n2ccc3nc(C=NO)cnc32)cc1
CC(=O)O.COC(OC)N(C)C.Cc1nn2ccccc2c1-c1nc(C(C)(C)C)c(C(N)=O)s1.NN.O,Cc1nn2ccccc2c1-c1nc(C(C)(C)C)c(-c2nnc[nH]2)s1
CC(C)(C)OC(=O)N1CCC(N)(C(F)(F)F)CC1.CN(C)C=O.O=Cc1ccc2c(c1)NC(=O)CS2.O=S(=O)([O-])[O-].[BH4-].[Na+],CC(C)(C)OC(=O)N1CCC(NCc2ccc3c(c2)NC(=O)CS3)(C(F)(F)F)CC1
C1CCOC1.Cn1ccc2c(=O)[nH]c(Cl)nc21.c1cn[nH]c1,Cn1ccc2c(=O)[nH]c(-n3cccn3)nc21
C1CCOC1.CC(C)OC(=O)N=NC(=O)OC(C)C.O=C1NC(=O)c2ccccc21.OCc1cc(Oc2ccc3nc(NCC4CCCCC4)oc3c2)ccn1.c1ccc(P(c2ccccc2)c2ccccc2)cc1,O=C1c2ccccc2C(=O)N1Cc1cc(Oc2ccc3nc(NCC4CCCCC4)oc3c2)ccn1
CN(C)C=O.ClCCCCc1ccccc1.[H-].[Na+].[O-]P(OCc1ccccc1)OCc1ccccc1,O=P(CCCCc1ccccc1)(OCc1ccccc1)OCc1ccccc1
CCOC(C)=O.COC(=O)c1nc(COC(C)=O)c2cccc(Oc3ccccc3)c2c1O.O=C([O-])[O-].[Na+].[Pd],COC(=O)c1nc(C)c2cccc(Oc3ccccc3)c2c1O
