src,tgt
CC(=O)NCCCC=O,CC(=O)NCCCCN
Oc1ccc(Br)cc1O,O=C1C=CC(Br)=CC1=O
CC/C=C\C/C=C\C/C=C\CCCC(=O)SCCN=C([O-])CCN=C([O-])C(O)C(C)(C)COP(=O)(O)OP(=O)(O)OC[C@H]1O[C@@H](n2cnc3c(N)ncnc32)[C@@H](O)[C@H]1OP(=O)([O-])[O-],CC/C=C\C/C=C\C/C=C\CC(=O)SCCN=C([O-])CCN=C([O-])[C@H](O)C(C)(C)COP(=O)(O)OP(=O)(O)OC[C@H]1O[C@@H](n2cnc3c(N)ncnc32)[C@H](O)[C@@H]1OP(=O)([O-])[O-]
CC(C)CCC[C@@H](C)[C@H]1CC[C@H]2[C@@H]3CC=C4C[C@@H](O)CC[C@]4(C)[C@H]3CC[C@@]21C,CCCCCCCCCCCC(=O)O[C@@H]1CC[C@]2(C)C(=CCC3C2CC[C@]2(C)C3CCC2[C@@H](C)CCCC(C)C)C1
Nc1nc2c(ncn2[C@H]2C[C@H](O)[C@H](COP(=O)([O-])OP(=O)([O-])[O-])O2)c(=O)[nH]1,Nc1nc2c(ncn2[C@H]2C[C@H](O)[C@H](COP(=O)([O-])OP(=O)([O-])OP(=O)([O-])[O-])O2)c(=O)[nH]1
CN1C(=O)N=C(O)C(C)(C23CCCCC2O3)C1=O,CN1C(=O)NC(=O)C(C)(C2(O)CCCCC2O)C1=O
CNC(=O)CCCCC1CCSS1,CCC(C)C(=O)SCCC(S)CCCCC(=O)NC
CN1CC[C@]23c4c5ccc(O)c4O[C@H]2C(=O)CC[C@H]3[C@H]1C5,CN1CC[C@]23c4c5ccc(OC6OC(CO)C(O)C(O)C6O)c4O[C@H]2C(=O)CC[C@H]3[C@H]1C5
O=c1[nH]c(=O)c2ncn(C3OC(COP(=O)(O)O)C(O)C3O)c2[nH]1,O=c1[nH]c(=O)c2[nH]cnc2[nH]1
O=C(O)C(=O)CS(=O)(=O)O,N[C@@H](CS(=O)(=O)O)C(=O)O
O=CNN=CC(=O)O,NNC=O
Nc1nc2c(c(=O)[nH]1)NC(CNc1ccc(C(=O)NC(CCC(=O)O)C(=O)O)cc1)CN2,N=CN1c2c(nc(N)[nH]c2=O)NCC1CNc1ccc(C(=O)NC(CCC(=O)O)C(=O)O)cc1
N[C@@H](Cc1ccc(O)cc1)C(=O)O,C[C@H](N)C(=O)N[C@@H](C)C(=O)N[C@@H](Cc1ccc(O)cc1)C(=O)O
CCCCC/C=C\C/C=C\C/C=C\C/C=C\CCCC(=O)SCCN=C([O-])CCN=C([O-])[C@H](O)C(C)(C)COP(=O)(O)OP(=O)(O)OC[C@H]1O[C@@H](n2cnc3c(N)ncnc32)[C@H](O)[C@@H]1OP(=O)([O-])[O-],CCCCCC=CC/C=C\C/C=C\C/C=C\CC(=O)SCCN=C([O-])CCN=C([O-])[C@H](O)C(C)(C)COP(=O)(O)OP(=O)(O)OC[C@H]1O[C@@H](n2cnc3c(N)ncnc32)[C@H](O)[C@@H]1OP(=O)([O-])[O-]
OC1C=Cc2ccccc2C1O,Oc1ccc2ccccc2c1O
CCCCC/C=C\C/C=C\CCC/C=C/C(=O)SCCN=C([O-])CCN=C([O-])[C@H](O)C(C)(C)COP(=O)(O)OP(=O)(O)OC[C@H]1O[C@@H](n2cnc3c(N)ncnc32)[C@H](O)[C@@H]1OP(=O)([O-])[O-],CCCCC/C=C\C/C=C\CCCC(=O)SCCN=C([O-])CCN=C([O-])C(O)C(C)(C)COP(=O)(O)OP(=O)(O)OCC1OC(n2cnc3c(N)ncnc32)C(O)C1OP(=O)([O-])[O-]
CC1OC(CO)C(OP(=O)(O)OCC2OC(C)C(O)C2OP(=O)(O)OCC2OC(n3cnc4c(N)ncnc43)C(O)C2O)C1O,C[Se]CCC(N)C(=O)OC1C(O)C(COP(=O)(O)OC2C(COP(=O)(O)OC3C(CO)OC(C)C3O)OC(C)C2O)OC1n1cnc2c(N)ncnc21
CC(=O)CC[C@H](NC(=O)c1ccc(N(C=O)C[C@@H]2CNc3nc(N)[nH]c(=O)c3N2)cc1)C(=O)[O-],CC(=O)CC[C@H](NC(=O)c1ccc(NC[C@@H]2CNc3nc(N)[nH]c(=O)c3N2)cc1)C(=O)[O-]
OC[C@@H]1OC(O)[C@H](O)[C@@H](O)[C@@H]1O,O=C1O[C@@H](CO)[C@@H](O)[C@H](O)[C@H]1O
O=C([O-])CCC[C@@H](O)/C=C\C=C\C=CC(=O)C/C=C\CCCCC(O)O,O=C([O-])CCC[C@@H](O)/C=C\C=C\C=CC(=O)C/C=C\CCCCC(O)(O)O
C#C[C@]1(O)CC[C@H]2[C@@H]3CCC4=CCCC[C@@H]4[C@H]3C(=C)C[C@@]21CC,C#C[C@]1(O)CC[C@@H]2C1[C@H](CC)C(=C)[C@H]1[C@H]2CCC2=CCC(O)C[C@@H]21
CO[C@H]1O[C@H](CO)[C@H](O)[C@@H](O[C@@H]2O[C@H](CO)[C@H](O)[C@@H](O[C@]3(C(=O)[O-])C[C@H](O)[C@H](NC(C)=O)[C@H]([C@H](O)[C@H](O)CO)O3)[C@H]2O)[C@H]1NC(C)=O,CO[C@H]1O[C@@H](CO[C@]2(C(=O)[O-])C[C@H](O)[C@H](NC(C)=O)[C@H]([C@H](O)[C@H](O)CO)O2)[C@H](O)[C@H](O[C@H]2O[C@H](CO)[C@H](O)[C@H](O[C@]3(C(=O)[O-])C[C@H](O)[C@@H](NC(C)=O)[C@H]([C@H](O)[C@H](O)CO)O3)[C@H]2O)[C@H]1NC(C)=O
N[C@@H](CCC([O-])=N[C@@H](CS)C(O)=NCC(=O)O)C(=O)O,N[C@H](CCC([O-])=N[C@@H](CSc1c(O)c([O-])cc2c1C[C@H](C(=O)O)N2)C(O)=NCC(=O)O)C(=O)O
CCCCC[C@H](O)/C=C/C=C\C/C=C\C/C=C\CCCC(=O)[O-],CCCCCC(=O)C=C/C=C\CC=CC/C=C\CCCC(=O)[O-]
O=C(O)C(O)Cc1ccc([O-])cc1,O=C(O)/C=C/c1ccc([O-])cc1
NC(=[NH2+])N1CCc2ccccc2C1,NC(=[NH2+])N1Cc2ccccc2C(O)C1
C=CC1=C(C)C(=Cc2[nH]c(Cc3[nH]c(C=C4NC(=O)C(C)=C4CCC(=O)[O-])c(CCC(=O)[O-])c3C)c(C)c2C=C)NC1=O,C=CC1=C(C)C(=CC2=N/C(=C/c3[nH]c(C=C4NC(=O)C(C)=C4CCC(=O)[O-])c(CCC(=O)[O-])c3C)C(C)=C2C=C)NC1=O
OC(O)C(Cl)(Cl)Cl,O=C([O-])C(Cl)(Cl)Cl
CC/C(=C(\c1ccc(O)cc1)c1ccc(OCCNC)cc1)c1ccccc1,CCC(c1ccccc1)C(c1ccc(OCCNC)cc1)c1ccc(OC2OC(C(=O)O)C(O)C(O)C2O)cc1
CC/C=C/C/C=C/C/C=C/C/C=C/C/C=C/CCC/C=C/C(=O)SCCN=C([O-])CCN=C([O-])[C@H](O)C(C)(C)COP(=O)(O)OP(=O)(O)OC[C@H]1O[C@@H](n2cnc3c(N)ncnc32)[C@H](O)[C@@H]1OP(=O)([O-])[O-],CC/C=C\C/C=C\C/C=C\C/C=C\C/C=C\CCCC(=O)SCCN=C([O-])CCN=C([O-])[C@H](O)C(C)(C)COP(=O)(O)OP(=O)(O)OC[C@H]1O[C@@H](n2cnc3c(N)ncnc32)[C@H](O)[C@@H]1OP(=O)([O-])[O-]
CCC(C)(C)C(=O)O[C@@H]1C[C@@H](C)C=C2C=C[C@H](C)[C@H](CC[C@H]3C[C@@H](O)CC(=O)O3)[C@H]21,CCC(C)(C)C(=O)O[C@@H]1C[C@@H](C)C=C2C=C[C@H](C)[C@H](CC[C@@H](O)C[C@@H](O)CC(=O)[O-])[C@H]21
CC(C)(COP(=O)([O-])OP(=O)([O-])OC[C@H]1O[C@@H](n2cnc3c(N)ncnc32)[C@H](O)[C@@H]1OP(=O)([O-])[O-])[C@@H](O)C(=O)NCCC(=O)NCCS,CCCCCCCCCCCCCC(=O)SCCNC(=O)CCNC(=O)[C@H](O)C(C)(C)COP(=O)([O-])OP(=O)([O-])OC[C@H]1O[C@@H](n2cnc3c(N)ncnc32)[C@H](O)[C@@H]1OP(=O)([O-])[O-]
CC/C=C\C/C=C\C/C=C\CCCCCCCC(=O)O,CC/C=C\C/C=C\C/C=C\CCCCCCCC(=O)SCCNC(=O)CCNC(=O)C(O)C(C)(C)COP(=O)(O)OP(=O)(O)OCC1OC(n2cnc3c(N)ncnc32)C(O)C1OP(=O)(O)O
O[C@H]1[C@H](O)[C@H](O)[C@@H](O)[C@H](O)[C@H]1O,O=P([O-])([O-])O[C@H]1[C@@H](O)[C@@H](O)[C@H](O)[C@@H](O)[C@@H]1O
CNC(=O)C(CCC(CN)OC1OC(CO)C(O)C(O)C1OC1OC(CO)C(O)C(O)C1O)NC(C)=O,CNC(=O)C(CCC(CN)OC1OC(CO)C(O)C(O)C1O)NC(C)=O
O=C(O)Cc1cc(C(=O)O)ccc1Nc1c(F)cc(O)cc1Cl,O=C(O)c1ccc2c(c1)CC(=O)N2c1c(F)cc(O)cc1Cl
CCCCCCCC/C=C\CCCCCCCC(=O)O[C@H]1CC[C@@]2(C)C(=CC[C@@H]3[C@@H]2CC[C@@]2(C)[C@H]3CC[C@@H]2[C@H](C)CCCC(C)C)C1,CCCCCCCC/C=C\CCCCCCCC(=O)[O-]
C[C@]12CC[C@@H]3c4ccc(O)cc4CC[C@H]3[C@@H]1C[C@@H](O)[C@@H]2O,C[C@]12CC[C@H]3c4ccc(O)cc4CC[C@@H]3[C@H]1C[C@@H](O)[C@@H]2OC1O[C@H](C(=O)O)[C@@H](O)[C@H](O)[C@H]1O
[NH3+][C@@H](Cc1ccc(O)cc1)C(=O)[O-],[NH3+][C@@H](CC1=CC(=O)C(=O)C=C1)C(=O)[O-]
CC12CCC(=O)C=C1CCC1C2CCC2(C)C(O)CCC12,CC12CCC(O)CC1=CCC1C2CCC2(C)C(O)CCC12
CN(C/C=C/C#CC(C)(C)C)Cc1cccc2ccccc12,CN(C/C=C/C#CC(C)(C)C)Cc1cc(O)c(O)c2ccccc12
CC[C@@H](C)[C@@H](N)C(=O)N1CCC[C@H]1C(O)=N[C@@H](Cc1ccc(O)cc1)C(O)=N[C@@H](C(O)=N[C@@H](CC(C)C)C(=O)O)[C@H](C)CC,CC[C@@H](C)[C@@H](N)C(=O)N1CCC[C@H]1C(O)=N[C@@H](Cc1ccc(O)cc1)C(O)=N[C@@H](C(=O)O)[C@H](C)CC
COc1cc2c(cc1OC)C(=O)C(CC1CCN(Cc3ccccc3)CC1)C2,COc1cc2c(cc1OC)C(=O)C(CC1CCN(Cc3ccc(O)cc3)CC1)C2
CC[C@@H](C(=O)[O-])C(=O)SCCN=C([O-])CCN=C([O-])[C@H](O)C(C)(C)COP(=O)(O)OP(=O)(O)OC[C@H]1O[C@@H](n2cnc3c(N)ncnc32)[C@H](O)[C@@H]1OP(=O)([O-])[O-],C[C@@H](CC(=O)[O-])C(=O)SCCN=C([O-])CCN=C([O-])[C@H](O)C(C)(C)COP(=O)(O)OP(=O)(O)OC[C@H]1O[C@@H](n2cnc3c(N)ncnc32)[C@H](O)[C@@H]1OP(=O)([O-])[O-]
CC(=O)OC[C@H]1O[C@@H](n2ccc(=O)[nH]c2=O)[C@H](OC(C)=O)[C@@H]1OC(C)=O,O=c1ccn([C@@H]2O[C@H](CO)[C@@H](O)[C@H]2O)c(=O)[nH]1
[O-][As](O)O,C[As](=O)([O-])O
NCCCC(=O)O,O=CCCC(=O)O
NC(CC(=O)c1ccccc1N=CO)C(=O)O,O=C(O)c1ccccc1N=C[O-]
C=C(CCC(C)C1CCC2C3=CCC4C(C)C(O)CCC4(C)C3CCC21C)C(C)C,C=C(CCC(C)C1CCC2C3=C(CCC21C)C1(C)CCC(O)C(C)C1CC3)C(C)C
CCn1cc(C(=O)O)c(=O)c2cc(F)c(N3CCN(C)CC3)cc21,CC[N+]1([O-])C=C(C(=O)O)C(=O)c2cc(F)c(N3CCN(C)CC3)cc21
CN(C)Cc1nnc2n1-c1ccc(Cl)cc1C(c1ccccc1)=NC2,NCc1nnc2n1-c1ccc(Cl)cc1C(c1ccccc1)=NC2
CN(C)CCCN1c2ccccc2Sc2ccccc21,CN(C)CCCN1c2ccccc2S(=O)c2ccccc21
[H]/N=C(\O)C[C@H](N)C(=O)O,[H]/N=C(\O)C[C@H](N=C(C)[O-])C(=O)O
CC(=O)NCCCC=O,CC(=O)NCCCC[NH3+]
CC(C)OC(=O)[C@H](C)N[P@](=O)(OC[C@H]1O[C@@H](n2ccc(=O)[nH]c2=O)[C@](C)(F)[C@@H]1O)Oc1ccccc1,CC(C)OC(=O)[C@H](C)N[P@@](=O)(O)OCC1O[C@@H](n2ccc(=O)[nH]c2=O)[C@](C)(F)[C@@H]1O
C[S+](CC[C@H](N)C(=O)O)C[C@H]1O[C@@H](n2cnc3c(N)ncnc32)[C@H](O)[C@@H]1O,Nc1ncnc2c1ncn2[C@@H]1O[C@H](CSCC[C@H](N)C(=O)O)[C@@H](O)[C@H]1O
[NH3+][C@H]1[C@@H](O[C@@H]2[C@H](O)[C@@H](O)[C@H](O)[C@@H](O)[C@H]2O)O[C@@H](CO)[C@@H](O)[C@@H]1O,CC(=O)OC[C@H](COP(=O)([O-])O[C@H]1[C@@H](O[C@H]2O[C@@H](CO)[C@@H](O)[C@H](O)[C@H]2[NH3+])[C@@H](O)[C@H](O)[C@@H](O)[C@H]1O)OC(C)=O
C=CC1=C(C)C(=Cc2[nH]c(Cc3[nH]c(/C=C4\NC(=O)C(C)=C4C=C)c(C)c3CCC(=O)[O-])c(CCC(=O)[O-])c2C)NC1=O,C=CC1=C(C)C(=CC2=NC(=Cc3[nH]c(/C=C4\NC(=O)C(C)=C4C=C)c(C)c3CCC(=O)[O-])C(CCC(=O)[O-])=C2C)NC1=O
CC(=O)[C@H]1CC[C@H]2[C@@H]3CC=C4C[C@@H](O)CC[C@]4(C)[C@H]3CC[C@]12C,C[C@]12CCC3C(CC=C4C[C@@H](O)CC[C@@]43C)C1CC[C@@H]2C(=O)CO
CCCCCCCCCCCCCC=C[C@@H](O)[C@H](CO[C@H]1O[C@H](CO)[C@@H](O[C@H]2O[C@H](CO)[C@H](O[C@@H]3O[C@H](CO)[C@H](O)[C@H](O[C@H]4O[C@H](CO)[C@H](O)[C@H](O[C@H]5O[C@H](CO)[C@H](O)[C@H](O)[C@H]5O)[C@H]4NC(C)=O)[C@H]3O)[C@H](O)[C@H]2O)[C@H](O)[C@H]1O)NC(C)=O,CCCCCCCCCCCCCC=C[C@@H](O)[C@H](CO[C@H]1O[C@H](CO)[C@@H](O[C@H]2O[C@H](CO)[C@H](O[C@@H]3O[C@H](CO)[C@H](O)[C@H](O[C@H]4O[C@H](CO)[C@H](O)[C@H](O[C@H]5O[C@H](CO)[C@H](O)[C@H](O)[C@H]5O[C@@H]5O[C@@H](C)[C@@H](O)[C@@H](O)[C@@H]5O)[C@H]4NC(C)=O)[C@H]3O)[C@H](O)[C@H]2O)[C@H](O)[C@H]1O)NC(C)=O
CC(=O)N[C@@H]1[C@@H](OP(=O)([O-])OP(=O)([O-])OC[C@@H]2O[C@@H](n3ccc(=O)[nH]c3=O)[C@H](O)[C@@H]2O)O[C@H](CO)[C@@H](O)[C@@H]1O,O=c1ccn([C@@H]2O[C@@H](COP(=O)([O-])OP(=O)([O-])[O-])[C@@H](O)[C@H]2O)c(=O)[nH]1
NC(CCC=O)C(=O)O,NC(CCC(=O)OP(=O)(O)O)C(=O)O
CC(C)=CCC/C(C)=C/CC/C(C)=C/CC/C=C(\C)CC/C=C(\C)CC[C@@H]1OC1(C)C,CC(C)=CCCC(C)C1CCC2(C)C3=C(CCC12C)C1(C)CC[C@@H](O)C(C)(C)C1CC3
CNCC/C=C1/c2ccccc2COc2ccc(O)cc21,CN(C)CC/C=C1\c2ccccc2COc2ccc(OC3OC(C(=O)O)C(O)C(O)C3O)cc21
CCCCCCCCCCCCCCC[C@@H](O)[C@@H]([NH3+])CO,CCCCCCCCCCCCCCC[C@@H](O)[C@@H](N)COP(=O)([O-])O
CN1C(=O)CC[C@H]1c1cccnc1,CN1C(=O)[C@H](O)C[C@H]1c1cccnc1
CC1=C(/C=C/C(C)=C/C=C/C(C)=C/C=C/C=C(C)/C=C/C=C(C)/C=C/C2=C(C)CCCC2(C)C)C(C)(C)CCC1,CC1=C(/C=C/C(C)=C/C=C/C(C)=C/CO)C(C)(C)CCC1
CCCCC/C=C\C[C@@H]1O[C@@H]1CCCCCCCC(=O)[O-],CCCCC/C=C\CC(O)C(O)CCCCCCCC(=O)[O-]
CCC(=O)N(c1ccccc1)C1CCN(CCc2ccccc2)CC1,CCC(=O)N(c1ccccc1)C1CCNCC1
[NH3+][C@@H](CS(=O)(=O)[O-])C(=O)[O-],[NH3+]CCS(=O)(=O)[O-]
CC1=C(C/C=C(\C)CCCC(C)CCCC(C)CCCC(C)C)C(=O)c2ccccc2C1=O,C/C(=C\Cc1c(C)c(O)c2ccccc2c1O)CCCC(C)CCCC(C)CCCC(C)C
Cc1c(O)cc2c(c1C)O[C@](C)(CCC[C@@H](C)CCC[C@@H](C)CCCC(C)CO)CC2,Cc1c([O-])cc2c(c1C)O[C@](C)(CCC[C@@H](C)CCC[C@@H](C)CCCC(C)C(=O)O)CC2
COc1cc2c(cc1O)CCN[C@]21CS[C@@H]2c3c(OC(C)=O)c(C)c4c(c3[C@H](COC1=O)N1[C@@H](O)[C@@H]3Cc5cc(C)c(OC)c(O)c5[C@H]([C@H]21)N3C)OCO4,COc1cc2c(cc1O)CCN[C@]21CS[C@@H]2c3c(OC(C)=O)c(C)c4c(c3[C@H](COC1=O)N1[C@@H](O)[C@@H]3Cc5cc(CC(=O)O)c(OC)c(O)c5[C@H]([C@H]21)N3C)OCO4
C=P(OC)(OC)Oc1cc(C)ccc1C,C=P(O)(OC)Oc1cc(C)ccc1C
O=c1n(CCCN2CCN(c3cccc(Cl)c3)CC2)nc2ccccn12,O=c1n(CCCN2CCN(c3cccc(Cl)c3)CC2)nc2n1C=CC1OC21
Cn1ccnc1SO,Cn1ccnc1S(=O)O
C[C@]12CC[C@@H]3c4ccc(O)cc4CC[C@H]3[C@@H]1CC[C@@H]2O,C[C@]12CC[C@@H]3c4ccc(O)c(O)c4CC[C@H]3[C@@H]1CC[C@@H]2O
CC1CC(O)C(COP(=O)(O)OP(=O)(O)O)O1,CC1OC(COP(=O)(O)OP(=O)(O)O)C(O)C1O
C=CCC1=C(C)[C@@H](OC(=O)[C@@H]2[C@@H](/C=C(/C)C(=O)O)C2(C)C)CC1=O,C=CC(O)C1=C(C)[C@@H](OC(=O)[C@@H]2[C@@H](/C=C(/C)C(=O)O)C2(C)C)CC1=O
N[C@@H](CC1=CC(=O)C(=O)C=C1)C(=O)O,O=C(O)[C@@H]1Cc2cc([O-])c(O)cc2N1
Cc1ccccc1C,Cc1cccc(O)c1C
N[C@@H](CCCC[NH3+])C(=O)O,N[C@@H](CCCCN[C@@H](CCC(=O)[O-])C(=O)O)C(=O)O
C[C@]12CC[C@@H]3[C@H]4CCC(=O)C(O)=C4CC[C@H]3[C@@H]1CC[C@@H]2OC(=O)CCC1CCCC1,C[C@]12CC[C@@H]3[C@H]4CCC(=O)C(O)=C4CC[C@H]3[C@@H]1CC[C@@H]2O
COc1cc2c(CCN=C(C)O)c[nH]c2cc1O,COc1cc2c(CCNC(C)=O)c[nH]c2cc1OC1O[C@H](C(=O)O)[C@@H](O)[C@H](O)[C@H]1O
CCC(C)(C)C(=O)O[C@H]1C[C@@H](C)C=C2C=C[C@H](C)[C@H](CC[C@@H]3C[C@@H](O)CC(=O)O3)[C@H]21,CCC(C)(C)C(=O)O[C@H]1C[C@@H](C)C=C2C=C[C@H](C)[C@H](CC[C@@H](O)C[C@@H](O)CC(=O)O)[C@H]21
C[n+]1cccc(C(N)=O)c1,NC(=O)c1cccnc1
Nc1nc(NC2OC(COP(=O)(O)OP(=O)(O)OP(=O)(O)O)C(O)C2O)c(N)c(=O)[nH]1,Nc1nc(N[C@@H]2O[C@H](COP(=O)(O)OP(=O)(O)OP(=O)(O)O)[C@@H](O)[C@H]2O)c(NC=O)c(=O)[nH]1
Nc1nc(=O)c2ncn(COCCO)c2[nH]1,N=c1nc(O)c2ncn(COCC(=O)O)c2[nH]1
CC(C)(COP(=O)([O-])OP(=O)([O-])OC[C@@H]1O[C@@H](n2cnc3c(N)ncnc32)[C@H](O)[C@@H]1OP(=O)([O-])[O-])[C@@H](O)C(=O)NCCC(=O)NCCS,CCCCCC=CCC=CCC=CCC=CCCCC(=O)SCCNC(=O)CCNC(=O)[C@H](O)C(C)(C)COP(=O)([O-])OP(=O)([O-])OC[C@@H]1O[C@@H](n2cnc3c(N)ncnc32)[C@H](O)[C@@H]1OP(=O)([O-])[O-]
COc1cc(C(=O)NS(=O)(=O)c2ccccc2C)ccc1Cc1cn(C)c2ccc(N)cc12,COc1cc(C(=O)NS(=O)(=O)c2ccccc2C)ccc1Cc1cn(C)c2ccc(NC(C)=O)cc12
O=C1NC(=O)C(c2ccccc2)(c2ccccc2)N1,OC1=NC(c2ccccc2)(c2ccc(O)cc2)C(O)=N1
C[C@@H]1C[C@H]2[C@@H]3CCC4=CC(=O)C=C[C@]4(C)[C@@]3(Cl)[C@@H](O)C[C@]2(C)[C@@]1(OC(=O)c1ccco1)C(=O)CCl,C[C@@H]1CC2C3CCC4=CC(=O)C=C[C@]4(C)[C@@]34O[C@H]4C[C@]2(C)[C@@]1(OC(=O)c1ccco1)C(=O)CCl
CC(C)C[C@H](NC(=O)[C@H](Cc1ccccc1)NC(=O)c1cnccn1)B(O)O,CC(C)=CCNC(=O)[C@H](Cc1ccccc1)NC(=O)c1cnccn1
CCCc1nn(C)c2c(=O)nc(-c3cc(S(=O)(=O)N4CCN(C)CC4)ccc3OCC)[nH]c12,CCCc1nn(C)c2c(=O)nc(-c3cc(S(=O)(=O)N4CCNCC4)ccc3OCC)[nH]c12
CCCCCCCCCCCC(=O)O,CCCCCCCCCCCC(=O)SC
Cc1ccnc2c1NC(=O)c1cccnc1N2C1CC1,O=C1Nc2c(CCO)ccnc2N(C2CC2)c2ncccc21
O=C([O-])CCC(O)c1cccnc1,O=C([O-])CCC(=O)c1cccnc1
CCCCC/C=C\C[C@H](O)C=CCCC(O)CC(=O)[O-],CCCCC/C=C\C[C@H](O)C=CCCC(=O)CC(=O)[O-]
CC(C)(C)c1ccc(C(=O)CCCN2CCC(OC(c3ccccc3)c3ccccc3)CC2)cc1,c1ccc(C(OC2CCNCC2)c2ccccc2)cc1
CCCCC/C=C\CC(O)CC/C=C/C=C\C(O)CCCC(=O)[O-],CCCCC/C=C\CC(=O)CC/C=C/C=C\[C@H](O)CCCC(=O)[O-]
CC(C)(COP(=O)(O)OP(=O)(O)OC[C@H]1O[C@@H](n2cnc3c(N)ncnc32)[C@H](O)[C@@H]1OP(=O)([O-])[O-])[C@@H](O)C([O-])=NCCC([O-])=NCCS,CC(C)CCCC(C)CCCC(C)CCCC(C)C(=O)SCCN=C([O-])CCN=C([O-])C(O)C(C)(C)COP(=O)(O)OP(=O)(O)OCC1O[C@H](n2cnc3c(N)ncnc32)C(O)C1OP(=O)([O-])[O-]
O=C1[C@H](CC[C@H](O)c2ccc(F)cc2)[C@@H](c2ccc(O)cc2)N1c1ccc(F)cc1,O=C(O)[C@@H]1OC(O[C@@H](CC[C@H]2C(=O)N(c3ccc(F)cc3)[C@@H]2c2ccc(O)cc2)c2ccc(F)cc2)[C@@H](O)[C@H](O)[C@H]1O
COC(=O)CC(=O)SC,COC(=O)CC(=O)CC(=O)SC
Nc1nc2c(c(=O)[nH]1)N=C(CNc1ccc(C(=O)NC(CCC(=O)O)C(=O)O)cc1)CN2,Nc1nc2ncc(CNc3ccc(C(=O)NC(CCC(=O)O)C(=O)O)cc3)nc2c(=O)[nH]1
O=c1nc([O-])ccn1[C@H]1C[C@H](O)[C@@H](COP(=O)(O)OP(=O)([O-])[O-])O1,O=c1nc([O-])ccn1[C@H]1C[C@H](O)[C@@H](COP(=O)([O-])O)O1
O=C(O)CNC(=O)c1cccc([123I])c1,[123I-]
C[C@H](CCC(=O)O)[C@H]1CC[C@H]2[C@H]3[C@H](C[C@H](O)[C@@]21C)[C@@]1(C)CC[C@@H](O)C[C@H]1C[C@H]3O,C[C@H](CCC(=O)O)[C@H]1CC[C@H]2[C@H]3[C@H](C[C@H](O)[C@@]21C)[C@@]1(C)CC[C@@H](O[C@@H]2O[C@H](C(=O)O)[C@@H](O)[C@H](O)[C@H]2O)C[C@H]1C[C@H]3O
CC(=O)C1CCC2C3CCC4=CC(=O)CCC4(C)C3CCC12C,CC(=O)[C@H]1CCC2C3CCC4=CC(=O)CC[C@]4(C)C3[C@@H](O)C[C@@]21C
Cc1ncc(C[n+]2csc(CCOP(=O)([O-])OP(=O)([O-])[O-])c2C)c(N)n1,Cc1ncc(C[n+]2c(C(C)O)sc(CCOP(=O)([O-])OP(=O)([O-])[O-])c2C)c(N)n1
Nc1ncnc2c1ncn2C1OC(COP(=O)(O)OS(=O)(=O)O)C(O)C1O,Nc1ncnc2c1ncn2C1OC(COP(=O)(O)OS(=O)(=O)O)C(OP(=O)(O)O)C1O
Cc1ncc(CO)c(C=O)c1O,Cc1ncc(COP(=O)([O-])[O-])c(C=O)c1O
CC1=C(C=C/C(C)=C/C=C/C(C)=C/CO)C(C)(C)CCC1,CC1=C(C=C/C(C)=C/C=C/C(C)=C/C=O)C(C)(C)CCC1
O=C([O-])C1=NCCSC1,O=C([O-])C1CSCC[NH2+]1
C(=Cc1ccccc1)CN1CCN(C(c2ccccc2)c2ccccc2)CC1,c1ccc(C(c2ccccc2)N2CCNCC2)cc1
CC(=O)OCC1=C(C(=O)O)N2C(=O)C(NC(=O)CCCC(=O)C(=O)O)C2SC1,CC(=O)OCC1=C(C(=O)O)N2C(=O)C(NC(=O)CCCC(N)C(=O)O)C2SC1
O=C1C=C2C[C@@H](C(=O)[O-])NC2=CC1=O,O=C([O-])c1cc2cc(O)c(O)cc2[nH]1
NC(=O)c1ccc[n+]([C@H]2O[C@H](COP(=O)([O-])OP(=O)([O-])OC[C@@H]3O[C@@H](n4cnc5c(N)ncnc54)[C@H](O)[C@@H]3O)[C@@H](O)[C@H]2O)c1,NC(=O)c1ccc[n+]([C@H]2O[C@H](COP(=O)([O-])OP(=O)([O-])OC[C@@H]3O[C@@H](n4cnc5c(N)ncnc54)[C@H](OP(=O)([O-])[O-])[C@@H]3O)[C@@H](O)[C@H]2O)c1
O=c1n(CCCN2CCN(c3cccc(Cl)c3)CC2)nc2ccccn12,Clc1cccc(N2CCNCC2)c1
COc1c(C)c2c(c(O)c1C/C=C(\C)CCC(=O)OCCN1CCOCC1)C(=O)OC2,OCCN1CCOCC1
CC(C)=CCC/C(C)=C/CC/C(C)=C/CC/C(C)=C/CC/C(C)=C/CC/C(C)=C/CC/C(C)=C/CC/C(C)=C/CC/C(C)=C/COP(=O)(O)OP(=O)(O)O,CC(C)=CCC/C(C)=C/CC/C(C)=C/CC/C(C)=C/CC/C(C)=C/CC/C(C)=C/CC/C(C)=C/CC/C(C)=C/CC/C(C)=C/Cc1cc(C(=O)O)ccc1O
Cn1c(=O)c2[nH]cnc2n(C)c1=O,Cn1c(=O)c2c(ncn2C)n(C)c1=O
CC1CCN(C)CC1,CNCCC(C)CC(=O)O
NCCCC(N)C(=O)O,NC(CCC=O)C(=O)O
C/C(=C\CC[C@]1(C)CCc2c(C)c([O-])c(C)c(C)c2O1)CC/C=C(\C)C(=O)O,C/C(=C\CC[C@]1(C)CCc2c(C)c(O)c(C)c(C)c2O1)CCC(=O)[O-]
CC(C)NCC(O)COc1cccc2ccccc12,NCC(O)COc1cccc2ccccc12
CO[C@@H]1O[C@H](CO)[C@@H](O)[C@@H](O[C@@H]2O[C@H](CO)[C@H](O)[C@H](O)[C@@H]2O[C@@H]2O[C@H](C)[C@@H](O)[C@@H](O)[C@@H]2O)[C@H]1NC(C)=O,CO[C@@H]1O[C@H](CO)[C@H](O[C@@H]2O[C@H](C)[C@@H](O)[C@@H](O)[C@@H]2O)[C@H](O[C@H]2O[C@H](CO)[C@H](O)[C@H](O)[C@H]2O[C@H]2O[C@@H](C)[C@@H](O)[C@@H](O)[C@@H]2O)[C@H]1NC(C)=O
CCCCC/C=C\C[C@@H](/C=C/C=C\C/C=C\CCCC(=O)[O-])OO,CCCCC/C=C\C[C@@H]1OC1C(O)/C=C\C/C=C\CCCC(=O)O
Nc1ncnc2c1ncn2[C@H]1C[C@H](O)[C@H](CO)O1,OC[C@@H]1O[C@@H](n2cnc3c(O)ncnc32)C[C@@H]1O
[NH3+][C@@H](C[C@@H](O)C(=O)[O-])C(=O)[O-],[NH3+][C@@H](C[C@@H](O)C=O)C(=O)[O-]
O=C([O-])CC=Cc1cccnc1,O=C([O-])CCCc1cccnc1
CC(C)CCCC(C)C1CCC2C3CC=C4CC(O)CCC4(C)C3CCC12C,CC(C)CCCC(C)C1CCC2C3CC=C4CC(OS(=O)(=O)O)CCC4(C)C3CCC12C
CC(CCC(=O)SCCNC(=O)CCNC(=O)[C@H](O)C(C)(C)COP(=O)(O)OP(=O)(O)OC[C@H]1O[C@@H](n2cnc3c(N)ncnc32)[C@H](O)[C@@H]1OP(=O)(O)O)C1CCC2C3CCC4CC(O)CCC4(C)C3CCC12C,CC(CCC(=O)NCCS(=O)(=O)O)C1CCC2C3CCC4CC(O)CCC4(C)C3CCC12C
CO[C@@H]1[C@H](N(C)C(=O)c2ccccc2)C[C@H]2O[C@]1(C)n1c3ccccc3c3c4c(c5c6ccccc6n2c5c31)C(=O)NC4,CO[C@@H]1[C@H](N(C)C(=O)c2ccccc2)C[C@H]2O[C@]1(C)n1c3ccccc3c3c4c(c5c6ccccc6n2c5c31)C(=O)NC4O
CC(=O)OCC(COP(=O)(O)OP(=O)(O)O)OC(C)=O,CC(=O)OCC(COP(=O)(O)O)OC(C)=O
C[C@H](CCC([O-])=NCCS(=O)(=O)O)[C@H]1CC[C@H]2[C@@H]3CC[C@@H]4C[C@H](O)CC[C@]4(C)[C@H]3CC[C@@]21C,C[C@H](CCC([O-])=NCCS(=O)(=O)[O-])[C@H]1CC[C@H]2[C@@H]3CC[C@@H]4C[C@H](OS(=O)(=O)O)CC[C@]4(C)[C@H]3CC[C@@]21C
Cc1ccc2ccccc2n1,Cc1cc(=O)c2ccccc2[nH]1
C[C@]12CC[C@H]3[C@@H](CCC4=CC(=O)CC[C@@]43C)[C@@H]1CC[C@@H]2O,C[C@]12CC[C@H]3[C@@H](CCC4=CC(=O)CC[C@@]43C)[C@@H]1CC[C@@H]2OS(=O)(=O)[O-]
O=c1ccn(C2OC(COP(=O)(O)OP(=O)(O)O)C(O)C2O)c(=O)[nH]1,CC(=O)N[C@H]1[C@@H](OP(=O)(O)OP(=O)(O)OC[C@H]2OC(n3ccc(=O)[nH]c3=O)[C@H](O)[C@@H]2O)O[C@H](CO)[C@H](O)[C@@H]1O
O=C/C=C\Cl,OC/C=C\Cl
c1ccsc1,C1=CC2OC2S1
CCCCCC/C=C\CCCCCCCCC[C@H](O)CC(=O)SCCN=C([O-])CCN=C([O-])[C@H](O)C(C)(C)COP(=O)(O)OP(=O)(O)OC[C@H]1O[C@@H](n2cnc3c(N)ncnc32)[C@H](O)[C@@H]1OP(=O)([O-])[O-],CCCCCC/C=C\CCCCCCCCC/C=C/C(=O)SCCN=C([O-])CCN=C([O-])[C@@H](O)C(C)(C)COP(=O)(O)OP(=O)(O)OC[C@@H]1O[C@H](n2cnc3c(N)ncnc32)[C@@H](O)[C@H]1OP(=O)([O-])[O-]
C[C@H](CCC(=O)[O-])[C@H]1CC[C@H]2[C@H]3[C@H](C[C@H](O)[C@@]21C)[C@@]1(C)CC[C@@H](O)C[C@H]1C[C@H]3O,C[C@H](CCC(=O)[O-])[C@H]1CC[C@H]2[C@@H]3CC[C@@H]4C[C@H](O)CC[C@]4(C)[C@H]3C[C@H](O)[C@@]21C
[NH3+][C@@H](Cc1c[nH]c2ccccc12)C(=O)[O-],C[NH2+][C@@H](Cc1c[nH]c2ccccc12)C(=O)[O-]
C[S+](CC[C@H](N)C(=O)[O-])C[C@H]1O[C@@H](n2cnc3c(N)ncnc32)[C@H](O)[C@@H]1O,N[C@@H](CCSC[C@H](N)C(=O)O)C(=O)O
C[C@@]1(F)[C@H](O)C(COP(=O)(O)O)O[C@H]1n1ccc(=O)[nH]c1=O,C[C@@]1(F)[C@H](O)C(COP(=O)(O)OP(=O)(O)OP(=O)(O)O)O[C@H]1n1ccc(O)nc1=O
CC(=O)OCC(COP(=O)([O-])OCC[N+](C)(C)C)OC(C)=O,CC(=O)OCC(COP(=O)([O-])[O-])OC(C)=O
CC1OC(COP(=O)(O)OC2C(COP(=O)(O)OC3C(CO)OC(C)C3O)OC(C)C2O)C(OC(=O)C(N)COP(=O)(O)O)C1O,CC1OC(COP(=O)(O)OC2C(COP(=O)(O)OC3C(CO)OC(C)C3O)OC(C)C2O)C(OC(=O)C(N)C[SeH])C1O
CC(C)CCCC(C)(O)C1CCC2C3CC=C4CC(O)CCC4(C)C3CCC21C,CC(C)CCCC(C)C1CCC2C3CC=C4CC(O)CCC4(C)C3CCC12C
OCCc1c[nH]c2ccc(O)cc12,COc1ccc2[nH]cc(CCO)c2c1
CCCCCC(O)/C=C/C1C2CC(OO2)C1C/C=C\CCCC(=O)O,CCCCCC(O)/C=C/C1C(=O)CC(O)C1C/C=C\CCCC(=O)O
[NH3+]CCCC[NH2+]CCC[NH3+],[NH3+]CCC[NH2+]CCCC[NH2+]CCC[NH3+]
CSc1ccc2c(c1)N(CCC1CCCCN1C)c1ccccc1S2,CSc1ccc2c(c1)N(CCC1CCCCN1)c1ccccc1S2
CC(C)NCC(O)COc1cccc2ccccc12,CC(C)NCC(O)COc1ccc(O)c2ccccc12
C[Se]CCC(N)C(=O)OC1C(O)C(COP(=O)(O)OC2C(COP(=O)(O)OC3C(CO)OC(C)C3O)OC(C)C2O)OC1n1cnc2c(N)ncnc21,C[Se]CCC(N)C(=O)O
CC12CCC3C(CCC4CC(O)CCC43C)C1CCC2=O,C[C@]12CCC3C(CCC4C[C@H](O[C@@H]5O[C@H](C(=O)O)[C@@H](O)[C@H](O)[C@H]5O)CC[C@@]43C)C1CCC2=O
CC(C)[C@H](O)CC[C@H](C)[C@@H]1CC[C@@H]2[C@H]3[C@@H](O)C=C4C[C@H](O)CC[C@@]4(C)[C@@H]3CC[C@@]12C,CC(C)C(O)CC[C@H](C)C1CCC2C3C(CC[C@]21C)[C@]1(C)CCC(=O)C=C1C[C@@H]3O
O=C([O-])C(=O)CO,O=C([O-])[C@H](O)CO
O=C(O)C1=NCCCC1,O=C([O-])[C@@H]1CCCC[NH2+]1
C[C@]12CC[C@@H]3c4ccc(O)cc4CC[C@H]3[C@@H]1C[C@@H](O)[C@@H]2O,C[C@]12CC[C@@H]3c4ccc(O)cc4CC[C@H]3[C@@H]1C[C@@H](O)[C@@H]2O[C@H]1O[C@H](C(=O)O)[C@@H](O)[C@H](O)[C@H]1O
Cc1cc2nc3c(=O)[nH]c(=O)nc-3n(C[C@H](O)[C@H](O)[C@H](O)COP(=O)([O-])[O-])c2cc1C,Cc1cc2c(cc1C)N(C[C@H](O)[C@H](O)[C@H](O)COP(=O)([O-])[O-])c1[nH]c(=O)[nH]c(=O)c1N2
O=S(=O)([O-])S,O=S([O-])[O-]
O=C=O,O=NOOC(=O)[O-]
CN1[C@H]2CC[C@@H]1C[C@H](OC(c1ccccc1)c1ccccc1)C2,CN1[C@H]2CC[C@@H]1C[C@](O)(OC(c1ccccc1)c1ccccc1)C2
Nc1nc2c(ncn2[C@H]2C[C@H](O)[C@@H](CO)O2)c(=O)[nH]1,Nc1nc2c(ncn2[C@H]2C[C@H](O)[C@@H](COP(=O)([O-])[O-])O2)c(=O)[nH]1
CNCCC(Oc1ccc(C(F)(F)F)cc1)c1ccccc1,CN(CCC(Oc1ccc(C(F)(F)F)cc1)c1ccccc1)C1O[C@H](C(=O)O)[C@@H](O)[C@H](O)[C@H]1O
O=C([O-])Cc1ccccc1O,O=C([O-])C(=O)Cc1ccccc1
O=C([O-])CCC[C@@H](O)/C=C\C=CCC[C@@H](O)C/C=C\CCCCC(O)O,O=C([O-])CCC[C@@H](O)/C=C\C=C\CC[C@@H](O)C/C=C\CCCCC(O)(O)O
O=C1c2cc(O)c(O)cc2CC1CC1CCN(Cc2ccccc2)CC1,O=C1c2cc(O)c(O[C@@H]3O[C@H](C(=O)O)[C@@H](O)[C@H](O)[C@H]3O)cc2CC1CC1CCN(Cc2ccccc2)CC1
CCc1c2c(nc3ccc(OC(=O)N4CCC(N5CCCCC5)CC4)cc13)-c1cc3c(c(=O)n1C2)COC(=O)[C@]3(O)CC,CCc1c2c(nc3ccc(O)cc13)-c1cc3c(c(=O)n1C2)COC(=O)[C@]3(O)CC
CCCCOCCOC(=O)c1cccnc1,CCCCOCCO
FC(F)OC(F)(F)C(F)Cl,O=C(F)C(F)(F)OC(F)F
CCC=CCC=CC/C=C\C/C=C\C/C=C\C/C=C\CCCCC(=O)SCCN=C([O-])CCN=C([O-])[C@H](O)C(C)(C)COP(=O)(O)OP(=O)(O)OC[C@H]1O[C@@H](n2cnc3c(N)ncnc32)[C@H](O)[C@@H]1OP(=O)([O-])[O-],CC/C=C/C/C=C/C/C=C/C/C=C/C/C=C/C/C=C/CCCCC(=O)OC[C@H](O)COP(=O)([O-])[O-]
CC(C)(COP(=O)(O)OP(=O)(O)OC[C@H]1O[C@@H](n2cnc3c(N)ncnc32)[C@H](O)[C@@H]1OP(=O)([O-])[O-])[C@@H](O)C([O-])=NCCC([O-])=NCCSC(=O)CC(=O)[O-],CCCCC/C=C\C/C=C\C/C=C\CC=CCCCC(=O)CC(=O)SCCN=C([O-])CCN=C([O-])[C@H](O)C(C)(C)COP(=O)(O)OP(=O)(O)OC[C@@H]1O[C@H](n2cnc3c(N)ncnc32)[C@H](O)[C@@H]1OP(=O)([O-])[O-]
Cc1c2c(c(C)c3ccccc13)C1OC1c1ccccc1-2,Cc1c2c(c(C)c3ccccc13)[C@H](O)[C@@H](O)c1ccccc1-2
C[C@@H](O)CC(=O)[O-],CCC(O)C(=O)[O-]
CCCCC[C@@H](C=CC=CC=CC=CC[C@@H](O)CCCC(=O)[O-])OO,CCCCC[C@H](O)C=CC=CC=CC=C[C@@H](O)[C@@H](O)CCCC(=O)[O-]
Nc1c(Cl)cc(C(=O)NC2CCN(CCCO)CC2)c2c1CCO2,Nc1c(Cl)cc(C(=O)NC2CCN(CCC(=O)O)CC2)c2c1CCO2
NCC(=O)O,NCC(=O)NC1OC(COP(=O)(O)O)C(O)C1O
CCCCCCCCCCCCCCC[C@@H](O)CC(=O)SCCNC(=O)CCNC(=O)[C@H](O)C(C)(C)COP(=O)([O-])OP(=O)([O-])OC[C@@H]1O[C@@H](n2cnc3c(N)ncnc32)[C@H](O)[C@@H]1OP(=O)([O-])[O-],CCCCCCCCCCCCCCCC=CC(=O)SCCNC(=O)CCNC(=O)[C@H](O)C(C)(C)COP(=O)([O-])OP(=O)([O-])OC[C@@H]1O[C@@H](n2cnc3c(N)ncnc32)[C@H](O)[C@@H]1OP(=O)([O-])[O-]
CC(C)(O)C#N,CC(C)(C#N)OC1OC(CO)C(O)C(O)C1O
O=C(CCCN1CCC(O)(c2ccc(Cl)cc2)CC1)c1ccc(F)cc1,O=C(CCCN1CCC(OC2O[C@H](C(=O)O)[C@@H](O)[C@H](O)[C@H]2O)(c2ccc(Cl)cc2)CC1)c1ccc(F)cc1
O=C(O)CCCCCO,O=C1CCCCCO1
O=C([O-])CCC[C@@H](O)/C=C\C=C\CC[C@@H](O)C/C=C\CCCCC(O)(O)O,O=C([O-])CCCC/C=C\C[C@H](O)CCC=C/C=C\[C@H](O)CCCC(=O)[O-]
Cc1cc2c(O)c(O)ccc2[nH]c1=O,Cc1cc(O)c(C=CC(=O)C(=O)O)[nH]c1=O
CCCCCCCC/C=C\CCCCCCCCCC(=O)SCCN=C([O-])CCN=C([O-])C(O)C(C)(C)COP(=O)(O)OP(=O)(O)OCC1O[C@H](n2cnc3c(N)ncnc32)C(O)C1OP(=O)([O-])[O-],CCCCCCCC/C=C\CCCCCCCCCC(=O)OC[C@H](O)COP(=O)([O-])[O-]
NC(CC(O)C(=O)O)C(=O)O,NC(CC(O)C=O)C(=O)O
CC(=O)OC[C@H](COP(=O)([O-])OC[C@@H](O)COP(=O)([O-])[O-])OC(C)=O,CC(=O)OC[C@H](COP(=O)([O-])OC[C@@H](O)CO)OC(C)=O
CCCCC/C=C\C/C=C\C=C\C=C\C(SCC(NC(=O)CCC(N)C(=O)O)C(=O)NCC(=O)O)C(O)CCCC(=O)O,CCCCC/C=C\C/C=C\C=C\C=C\C(SCC(N)C(=O)NCC(=O)O)C(O)CCCC(=O)O
O=P(O)(O)OCC1OC(O)CC1O,O=P(O)(O)OC1CC(O)C(CO)O1
O=P([O-])([O-])O[C@H]1[C@H](OP(=O)([O-])[O-])[C@@H](OP(=O)([O-])[O-])[C@H](OP(=O)([O-])[O-])[C@@H](OP(=O)([O-])[O-])[C@H]1OP(=O)([O-])[O-],O=P([O-])([O-])O[C@H]1[C@H](OP(=O)([O-])[O-])[C@@H](O)[C@@H](OP(=O)([O-])[O-])[C@@H](OP(=O)([O-])[O-])[C@@H]1OP(=O)([O-])[O-]
CCCc1nn(C)c2c(=O)nc(-c3cc(S(=O)(=O)N4CCN(C)CC4)ccc3OCC)[nH]c12,CCCc1nn(C)c2c(=O)nc(-c3cc([SH](=O)=O)ccc3OCC)[nH]c12
Nc1ncnc2c1ncn2[C@@H]1O[C@H](COP(=O)([O-])OP(=O)([O-])OP(=O)([O-])[O-])[C@H](O)[C@H]1O,Nc1ncnc2c1ncn2[C@@H]1O[C@H](COP(=O)([O-])OP(=O)([O-])[O-])[C@H](O)[C@H]1O
C[C@@H]1O[C@H](COP(=O)(O)O[C@H]2[C@@H](O)[C@H](C)O[C@@H]2COP(=O)(O)OP(=O)(O)OP(=O)(O)OC[C@H]2O[C@@H](n3cnc4c(=O)[nH]c(N)nc43)[C@H](O)[C@@H]2O)[C@@H](OP(=O)(O)OC[C@H]2O[C@@H](C)[C@H](O)[C@@H]2O)[C@H]1O,C[C@@H]1O[C@H](COP(=O)(O)O[C@H]2[C@@H](O)[C@H](C)O[C@@H]2COP(=O)(O)OP(=O)(O)OP(=O)(O)OC[C@H]2O[C@@H](n3c[n+](C)c4c(=O)[nH]c(N)nc43)[C@H](O)[C@@H]2O)[C@@H](OP(=O)(O)OC[C@H]2O[C@@H](C)[C@H](O)[C@@H]2O)[C@H]1O
CCCCC/C=C/C=C1/C(=O)C[C@@H](O)[C@H]1C/C=C\CCCC(=O)[O-],CCCCC[C@H](O)/C=C/[C@H]1C(=O)C[C@H](O)[C@@H]1C/C=C\CCCC(=O)[O-]
CCCCCC1OC1C/C=C\C/C=C\C/C=C\CCCC(=O)[O-],CCCCCC1OC1C/C=C\C/C=C\CCCCC(=O)[O-]
CCN(CC)C(=O)C1(c2ccccc2)CC1CNC(=O)O,CCN(CC)C(=O)C1(c2ccccc2)CC1CNC(=O)OC1OC(C(=O)O)C(O)C(O)C1O
CC(O)=N[C@H]1[C@H](O[C@@H]2[C@@H](CO)O[C@@H](O[C@@H]3[C@@H](CO)O[C@@H](O)[C@H](N=C(C)O)[C@H]3O)[C@H](N=C(C)O)[C@H]2O)O[C@H](CO)[C@@H](O)[C@@H]1O,CC(O)=N[C@@H]1C(O)O[C@@H](CO)[C@H](O[C@H]2O[C@@H](CO)[C@H](O)[C@@H](O)[C@@H]2N=C(C)O)[C@H]1O
O=C1NC(=O)C(c2ccccc2)(c2ccccc2)N1,O=C1NC(=O)C(C2=CC(O)C(O)C=C2)(c2ccccc2)N1
Cn1cnc([N+](=O)[O-])c1Sc1ncnc2nc[nH]c12,Cn1cnc([N+](=O)[O-])c1[S+](C)c1ncnc2[nH]cnc12
CC(=O)CC(c1ccccc1)c1c(O)c2ccccc2oc1=O,CC(=O)C[C@H](c1ccccc1)c1c(O)c2cccc(O)c2oc1=O
NC(CCCCNC(CCC(=O)O)C(=O)O)C(=O)O,O=C(O)CCC(=O)C(=O)O
CCCCCC=CCC=CCCCCCCCCCC(=O)SCCNC(=O)CCNC(=O)[C@H](O)C(C)(C)COP(=O)([O-])OP(=O)([O-])OC[C@@H]1O[C@@H](n2cnc3c(N)ncnc32)[C@H](O)[C@@H]1OP(=O)([O-])[O-],CCCCCC=CCC=CCCCCCCCC=CC(=O)SCCNC(=O)CCNC(=O)[C@H](O)C(C)(C)COP(=O)([O-])OP(=O)([O-])OC[C@@H]1O[C@@H](n2cnc3c(N)ncnc32)[C@H](O)[C@@H]1OP(=O)([O-])[O-]
Nc1ncnc2c1ncn2[C@@H]1O[C@H](COP(=O)([O-])OP(=O)([O-])OP(=O)([O-])[O-])[C@@H](O)[C@H]1O,Nc1ncnc2c1ncn2[C@@H]1OC2COP(=O)([O-])OC2[C@H]1O
CCC(=O)C(=O)O,CCC(O)C(=O)O
CC#CCn1c(N2CCCC(O)C2)nc2c1c(=O)n(Cc1nc(C)c3ccccc3n1)c(=O)n2C,Cc1nc(Cn2c(=O)c3c(nc(N4CCCC(O)C4)n3CC#CCO)n(C)c2=O)nc2ccccc12
CC/C=C\C/C=C\C/C=C\C/C=C\CCC(=O)SCCN=C([O-])CCN=C([O-])[C@H](O)C(C)(C)COP(=O)(O)OP(=O)(O)OC[C@H]1O[C@@H](n2cnc3c(N)ncnc32)[C@H](O)[C@@H]1OP(=O)([O-])[O-],CC/C=C\C/C=C\C/C=C\C/C=C\C=C\C(=O)SCCN=C([O-])CCN=C([O-])[C@H](O)C(C)(C)COP(=O)(O)OP(=O)(O)OC[C@H]1O[C@@H](n2cnc3c(N)ncnc32)[C@H](O)[C@@H]1OP(=O)([O-])[O-]
CCCCCc1cc(O)c2c(c1)OC(C)(C)C1CCC(CO)=CC21,CCCCCc1cc(O)c2c(c1)OC(C)(C)C1CCC(C(=O)O)=CC21
c1cn[nH]c1,O=C(O)C1OC(n2cccn2)C(O)C(O)C1O
CSC,CS(C)=O
O=P([O-])([O-])O[C@H]1[C@@H](O)[C@@H](OP(=O)([O-])[O-])[C@H](O)[C@@H](O)[C@@H]1OP(=O)([O-])[O-],O=P([O-])([O-])O[C@H]1[C@@H](O)[C@@H](O)[C@H](O)[C@@H](O)[C@@H]1OP(=O)([O-])[O-]
CC(C(=O)SCCN=C([O-])CCN=C([O-])[C@H](O)C(C)(C)COP(=O)(O)OP(=O)(O)OC[C@H]1O[C@@H](n2cnc3c(N)ncnc32)[C@H](O)[C@@H]1OP(=O)([O-])[O-])C(O)CC[C@@H](C)[C@H]1CC[C@H]2[C@H]3[C@H](CC[C@@]21C)[C@@]1(C)CC[C@@H](O)C[C@H]1C[C@H]3O,CC(C(=O)CC[C@@H](C)[C@H]1CC[C@H]2[C@H]3[C@H](CC[C@@]21C)[C@@]1(C)CC[C@@H](O)C[C@H]1C[C@H]3O)C(=O)SCCN=C([O-])CCN=C([O-])[C@H](O)C(C)(C)COP(=O)(O)OP(=O)(O)OC[C@H]1O[C@@H](n2cnc3c(N)ncnc32)[C@H](O)[C@@H]1OP(=O)([O-])[O-]
O=C(O)CCNC(=O)c1ccc(/N=N/c2ccc(O)c(C(=O)O)c2)cc1,Nc1ccc(C(=O)NCCC(=O)O)cc1
O=C(CO)[C@@H](O)[C@H](O)[C@H](O)[C@H](O)COP(=O)([O-])[O-],O=C(COP(=O)([O-])[O-])[C@@H](O)[C@H](O)[C@H](O)[C@H](O)COP(=O)([O-])[O-]
COc1ccc2cc([C@H](C)C(=O)O)ccc2c1,C[C@H](C(=O)O)c1ccc2cc(O)ccc2c1
Nc1ncnc2c1ncn2C1OC(COP(=O)(O)OP(=O)(O)OP(=O)(O)O)C(O)C1O,Nc1ncnc2c1ncn2C1OC2COP(=O)(O)OC2C1O
CSC[C@@H]1O[C@@H](n2cnc3c(N)ncnc32)[C@H](O)[C@@H]1O,C[S+](CCC[NH3+])C[C@@H]1O[C@@H](n2cnc3c(N)ncnc32)[C@H](O)[C@@H]1O
CCCCNc1ccc(C(=O)OCCN(C)C)cc1,Nc1ccc(C(=O)O)cc1
CC(=O)CC(c1ccc([N+](=O)[O-])cc1)c1c(O)c2ccccc2oc1=O,CC(=O)CC(c1ccc([N+](=O)[O-])cc1)c1c(O)c2ccc(O)cc2oc1=O
C#C[C@]1(O)CC[C@H]2[C@@H]3CCc4cc(O)ccc4[C@H]3CC[C@@]21C,C#C[C@]1(O)CC[C@H]2[C@@H]3CCc4cc(OS(=O)(=O)[O-])ccc4[C@H]3CC[C@@]21C
CCCN1CCCC[C@H]1C(=O)Nc1c(C)cccc1C,Cc1cccc(C)c1NC(=O)[C@@H]1CCCCN1
CCCCCC/C=C\C/C=C/C(=O)SCCN=C([O-])CCN=C([O-])C(O)C(C)(C)COP(=O)(O)OP(=O)(O)OCC1OC(n2cnc3c(N)ncnc32)C(O)C1OP(=O)([O-])[O-],CCCCCC/C=C\C[C@H](O)CC(=O)SCCN=C([O-])CCN=C([O-])C(O)C(C)(C)COP(=O)(O)OP(=O)(O)OC[C@H]1O[C@@H](n2cnc3c(N)ncnc32)[C@@H](O)[C@H]1OP(=O)([O-])[O-]
Oc1cc2c(cc1O)NCC2,O=C1C=C2CCNC2=CC1=O
O=NN(CO)CCCC(O)c1cccnc1,ON=NCCCC(O)c1cccnc1
C[C@]12CC[C@H]3[C@@H](CC[C@H]4CC(=O)CC[C@]43C)[C@H]1CC[C@@H]2O,C[C@]12CC[C@H]3[C@H](CC[C@H]4C[C@H](O)CC[C@]43C)[C@H]1CC[C@@H]2O
O=C=O,O=C([O-])O
CCN(CC)CCCN(c1ccccc1)C1Cc2ccccc2C1,CCNCCCN(c1ccccc1)C1Cc2ccccc2C1
CCC=CC/C=C\C/C=C\C/C=C\C/C=C\CCCCCCCC(=O)SCCN=C([O-])CCN=C([O-])[C@H](O)C(C)(C)COP(=O)(O)OP(=O)(O)OC[C@H]1O[C@@H](n2cnc3c(N)ncnc32)[C@H](O)[C@@H]1OP(=O)([O-])[O-],CCC=CCC=CC/C=C\C/C=C\C/C=C\C/C=C\CCCCC(=O)SCCN=C([O-])CCN=C([O-])[C@H](O)C(C)(C)COP(=O)(O)OP(=O)(O)OC[C@H]1O[C@@H](n2cnc3c(N)ncnc32)[C@H](O)[C@@H]1OP(=O)([O-])[O-]
OC[C@H]1O[C@@H](n2cnc3c(O)ncnc32)[C@H](O)[C@@H]1O,Oc1ncnc2[nH]cnc12
N[C@@H](CCSC[C@H](N)C(=O)O)C(=O)O,CC([O-])=NC(CSCCC(N)C(=O)O)C(=O)O
OC[C@@H]1OC(O)[C@H](O)[C@@H]1O,O=P([O-])([O-])OC[C@@H]1OC(O)[C@H](O)[C@@H]1O
OC[C@H]1OC(O)[C@H](O)[C@@H](O)[C@@H]1O,OC[C@H]1OC(O)[C@H](O)[C@@H](O)[C@@H]1O[C@@H]1O[C@H](CO)[C@H](O)[C@H](O)[C@H]1O
N=C(N)NCC(=O)O,CN(CC(=O)O)C(=N)N
CC(=O)OC[C@H](COP(=O)(O)O[C@H]1[C@H](O)[C@@H](O)[C@H](O)[C@@H](OP(=O)(O)O)[C@H]1O)OC(C)=O,CC(=O)OCC(COP(=O)(O)OC1C(O)C(O)C(OP(=O)(O)O)C(OP(=O)(O)O)C1O)OC(C)=O
CO[C@@H]1O[C@H](CO)[C@@H](O[C@H]2O[C@H](CO)[C@H](O)[C@H](O)[C@H]2O)[C@H](O)[C@@H]1NC(C)=O,CO[C@@H]1O[C@H](CO)[C@@H](O[C@H]2O[C@H](CO)[C@H](O)[C@H](O[C@H]3O[C@H](CO)[C@@H](O)[C@H](O)[C@H]3NC(C)=O)[C@H]2O)[C@H](O)[C@@H]1NC(C)=O
CCOC(=O)[C@H](CCc1ccccc1)N[C@@H](C)C(=O)N1CC2(C[C@H]1C(=O)O)SCCS2,C[C@H](N[C@@H](CCc1ccccc1)C(=O)O)C(=O)N1CC2(C[C@H]1C(=O)O)SCCS2
CO[C@H]1O[C@@H]2O[C@@]3(C)CC[C@H]4[C@H](C)CC[C@@H]([C@H]1C)[C@]42OO3,C[C@@H]1CC[C@H]2[C@@H](C)C(O)O[C@@H]3OC4(C)CC[C@@H]1[C@@]23O4
C[C@]12CC[C@@H]3c4ccc(O)cc4CC[C@H]3[C@@H]1CC[C@@H]2O,CC12CCC3c4ccc(O)c(O)c4CCC3C1CCC2O
N[C@H]1O[C@@H](COP(=O)([O-])O)[C@H](O)[C@@H]1O,NCC([O-])=NC1O[C@@H](COP(=O)(O)O)[C@H](O)[C@@H]1O
NCCCCN,NCCCC=O
CC(=O)[C@@H]1CC[C@@H]2[C@H]3CC=C4C[C@@H](O)CC[C@]4(C)[C@H]3CC[C@]12C,CC(=O)[C@@]1(O)CC[C@@H]2[C@H]3CC=C4C[C@@H](O)CC[C@]4(C)[C@H]3CC[C@@]21C
O=C(CCCN1CCC(O)(c2ccc(Cl)cc2)CC1)c1ccc(F)cc1,OC1(c2ccc(Cl)cc2)CCNCC1
[NH3+]CCc1ccc(Oc2ccc(O)cc2)c(I)c1,[NH3+]CCc1cc(I)c(Oc2ccc(O)cc2)c(I)c1
Cc1cn[nH]c1,O=C(O)c1cn[nH]c1
O=C1CC[C@@]2(O)[C@H]3Cc4ccc(O)c5c4[C@@]2(CCN3CC2CC2)[C@H]1O5,Oc1ccc2c3c1OC1C(O)CCC4(O)C(C2)N(CC2CC2)CCC314
OCC1OC(O)C(O)C(O)C1O,O=P(O)(O)OCC1OC(O)C(O)C(O)C1O
CC(O)CCc1ccc2cc(O)ccc2c1,CC(CCc1ccc2cc(O)ccc2c1)OC1O[C@H](C(=O)O)[C@@H](O)[C@H](O)[C@H]1O
C[C@]1(COc2ccc(N3CCC(Oc4ccc(OC(F)(F)F)cc4)CC3)cc2)CNC(=O)O1,C[C@@]1(COc2ccc(N3CCC(Oc4ccc(OC(F)(F)F)cc4)CC3)cc2)OC(=O)N[C@H]1O
COc1ccc(OC)c(C(O)CNC(=O)CN)c1,COc1ccc(OC)c(C(O)CN)c1
CCCCCCCCCCCCCC=C[C@@H](O)[C@H](CO[C@H]1O[C@H](CO)[C@@H](O[C@H]2O[C@H](CO)[C@H](O)[C@H](O[C@]3(C(=O)[O-])C[C@H](O)[C@@H](NC(C)=O)[C@H]([C@H](O)[C@@H](CO)O[C@]4(C(=O)[O-])C[C@H](O)[C@@H](NC(C)=O)[C@H]([C@H](O)[C@H](O)CO)O4)O3)[C@H]2O)[C@H](O)[C@H]1O)NC(C)=O,CCCCCCCCCCCCCC=C[C@@H](O)[C@H](CO[C@H]1O[C@H](CO)[C@@H](O[C@H]2O[C@H](CO)[C@H](O)[C@H](O[C@]3(C(=O)[O-])C[C@H](O)[C@@H](NC(C)=O)[C@H]([C@H](O)[C@H](O)CO)O3)[C@H]2O)[C@H](O)[C@H]1O)NC(C)=O
COc1nc(N)nc2c1ncn2[C@H]1C[C@H](OP(=O)(O)OC[C@H]2O[C@@H](C)C[C@@H]2O)[C@@H](COP(=O)(O)O[C@H]2C[C@H](C)O[C@@H]2COP(=O)(O)O)O1,C[C@H]1C[C@H](O)[C@@H](COP(=O)(O)O[C@H]2C[C@H](n3cnc4c(=O)[nH]c(N)nc43)O[C@@H]2COP(=O)(O)O[C@H]2C[C@H](C)O[C@@H]2COP(=O)(O)O)O1
CCCCC/C=C/C[C@@H](O)/C=C/C=C/CC[C@H](O)CCCC(=O)[O-],CCCCC/C=C/C[C@@H](O)/C=C/C=C/CCC(=O)CCCC(=O)[O-]
CC12CCC(=O)CC1CCC1C2CCC2(C)C(C(=O)CO)CCC12,CC12CCC(O)CC1CCC1C2CCC2(C)C(C(=O)CO)CCC12
CC[C@H](O)CC(=O)SCCNC(=O)CCNC(=O)[C@H](O)C(C)(C)COP(=O)([O-])OP(=O)([O-])OC[C@@H]1O[C@@H](n2cnc3c(N)ncnc32)[C@H](O)[C@@H]1OP(=O)([O-])[O-],CCC(=O)CC(=O)SCCNC(=O)CCNC(=O)[C@H](O)C(C)(C)COP(=O)([O-])OP(=O)([O-])OC[C@@H]1O[C@@H](n2cnc3c(N)ncnc32)[C@H](O)[C@@H]1OP(=O)([O-])[O-]
CC(C)(COP(=O)(O)OP(=O)(O)OC[C@H]1O[C@@H](n2cnc3c(N)ncnc32)[C@H](O)[C@@H]1OP(=O)([O-])[O-])[C@@H](O)C([O-])=NCCC([O-])=NCCS,CCCCC/C=C\C/C=C\CCCCCC(=O)SCCN=C([O-])CCN=C([O-])C(O)C(C)(C)COP(=O)(O)OP(=O)(O)OCC1O[C@H](n2cnc3c(N)ncnc32)C(O)C1OP(=O)([O-])[O-]
COc1ccc2c(c1)c(CC(=O)OCC(=O)O)c(C)n2C(=O)c1ccc(Cl)cc1,COc1ccc2c(c1)c(CC(=O)O)c(C)n2C(=O)c1ccc(Cl)cc1
CC(C)(CO)[C@@H](O)C(=O)NCCC(=O)[O-],CC(C)(COP(=O)([O-])[O-])[C@@H](O)C(=O)NCCC(=O)[O-]
CC[C@H](C)[C@H]([NH3+])C(=O)[O-],CC[C@H](C)C(=O)C(=O)[O-]
CCC=CC[C@H]1C(=O)CC[C@@H]1CCCCCC=CC(=O)SCCNC(=O)CCNC(=O)[C@H](O)C(C)(C)COP(=O)([O-])OP(=O)([O-])OC[C@@H]1O[C@@H](n2cnc3c(N)ncnc32)[C@H](O)[C@@H]1OP(=O)([O-])[O-],CCC=CC[C@H]1C(=O)CC[C@@H]1CCCCC[C@H](O)CC(=O)SCCNC(=O)CCNC(=O)[C@H](O)C(C)(C)COP(=O)([O-])OP(=O)([O-])OC[C@@H]1O[C@@H](n2cnc3c(N)ncnc32)[C@H](O)[C@@H]1OP(=O)([O-])[O-]
Cc1c(CC(=O)OCC(=O)O)c2cc(O)ccc2n1C(=O)c1ccc(Cl)cc1,COc1ccc2c(c1)c(CC(=O)OCC(O)OC1OC(C(=O)O)C(O)C(O)C1O)c(C)n2C(=O)c1ccc(Cl)cc1
C[C@]12C[C@H](O)[C@H]3[C@@H](CCC4=CC(=O)C=C[C@@]43C)[C@@H]1CC[C@]2(O)C(=O)CO,C[C@]12C[C@H](O)[C@H]3[C@@H](C[C@@H](O)C4=CC(=O)C=C[C@@]43C)[C@@H]1CC[C@]2(O)C(=O)CO
CC(C)=CCC[C@@H](C)[C@@H]1CC[C@@H]2C3=C(CC[C@@]21C)[C@@]1(C)CC[C@H](O)C[C@H]1CC3,CC(C)=CCC[C@@H](C)[C@@H]1CC[C@@H]2C3=CC[C@@H]4C[C@@H](O)CC[C@]4(C)[C@H]3CC[C@@]21C
COc1cccc2c(O)cc(C(=O)O)nc12,O=C(O)c1cc(O)c2cccc(O)c2n1
N[C@@H](CCC[NH3+])C(=O)O,C[C@H](N)C(=O)O
COc1ccc2c(c1)c(CC(=O)O)c(C)n2C(=O)c1ccc(Cl)cc1,COc1ccc2c(c1)c(CC(=O)OC1OC(C(=O)O)C(O)C(O)C1O)c(C)n2C(=O)c1ccc(Cl)cc1
O=C(O)CCc1c2[nH]c(c1CC(=O)O)Cc1[nH]c(c(CC(=O)O)c1CCC(=O)O)Cc1[nH]c(c(CC(=O)O)c1CCC(=O)O)Cc1[nH]c(c(CCC(=O)O)c1CC(=O)O)C2,O=C(O)CCc1c[nH]c(Cc2[nH]c(Cc3[nH]c(Cc4[nH]c(CO)c(CC(=O)O)c4CCC(=O)O)c(CC(=O)O)c3CCC(=O)O)c(CC(=O)O)c2CCC(=O)O)c1CC(=O)O
CC(=O)SCCNC(=O)CCNC(=O)[C@H](O)C(C)(C)COP(=O)([O-])OP(=O)([O-])OC[C@@H]1O[C@@H](n2cnc3c(N)ncnc32)[C@H](O)[C@@H]1OP(=O)([O-])[O-],CC(C)(COP(=O)([O-])OP(=O)([O-])OC[C@@H]1O[C@@H](n2cnc3c(N)ncnc32)[C@H](O)[C@@H]1OP(=O)([O-])[O-])[C@@H](O)C(=O)NCCC(=O)NCCSC(=O)CC(=O)CC=CCC(=O)[O-]
O=C(CO)COP(=O)(O)O,O=C(CO)CO
[NH3+][C@@H](CCCC(=O)[O-])C(=O)[O-],[NH3+][C@@H](CCCC=O)C(=O)[O-]
C[N+](C)(C)CCOP(=O)([O-])OC[C@H](O)CO,O=P([O-])([O-])OC(CO)CO
CC(C)(COP(=O)(O)OP(=O)(O)OCC1OC(n2cnc3c(N)ncnc32)C(O)C1OP(=O)([O-])O)C(O)C([O-])=NCCC([O-])=NCCSC(=O)C=C/C=C\C/C=C\C=C\C=C\C(SC[C@H](N)C(=O)[O-])[C@@H](O)CCCC(=O)[O-],CC(C)(COP(=O)(O)OP(=O)(O)OC[C@H]1O[C@@H](n2cnc3c(N)ncnc32)[C@@H](O)[C@H]1OP(=O)([O-])O)C(O)C([O-])=NCCC([O-])=NCCSC(=O)CC=CCC/C=C\C=C\C=C\[C@@H](SC[C@@H](N)C(=O)[O-])[C@@H](O)CCCC(=O)[O-]
O=C(O)/C=C(/CCC(=O)O)C(=O)O,O=C(O)CC[C@@](O)(CC(=O)O)C(=O)O
CC(=O)OCC(COP(=O)(O)OC1C(O)C(O)C(OP(=O)(O)O)C(OP(=O)(O)O)C1O)OC(C)=O,CC(=O)OC[C@H](COP(=O)(O)O[C@H]1[C@H](O)[C@@H](O)[C@H](O)[C@@H](OP(=O)(O)O)[C@H]1O)OC(C)=O
CC[C@H](C)[C@H](N)C(=O)O,CCC(C)C(=O)C(=O)[O-]
C[NH2+]C[C@H](O)c1ccc(O)c(O)c1,CN1CC(O)C2=CC(=O)C(=O)C=C21
C[C@@H]1[NH2+]CCc2cc(O)c(O)cc21,COc1cc2c(cc1O)CC[NH2+][C@H]2C
Cc1cn([C@H]2C[C@H](O)[C@@H](COP(=O)([O-])O)O2)c(=O)nc1[O-],Cc1cn([C@H]2C[C@H](O)[C@@H](CO)O2)c(=O)nc1O
CCCCC[C@H](O)C=C[C@@H]1[C@@H]2C[C@H](OO2)[C@@H]1CC=CCCCC(=O)[O-],CCCCC[C@H](O)C=C[C@@H]1C(=O)C[C@H](O)[C@@H]1CC=CCCCC(=O)[O-]
CC(C)(F)C[C@H](N[C@@H](c1ccc(-c2ccc(S(C)(=O)=O)cc2)cc1)C(F)(F)F)C(=O)NC1(C#N)CC1,CS(=O)(=O)c1ccc(-c2ccc([C@H](O[C@@H]3O[C@H](C(=O)O)[C@@H](O)[C@H](O)[C@H]3O)C(F)(F)F)cc2)cc1
CC(CO)CCC[C@@H](C)[C@H]1CCC2C3C(CC[C@@]21C)[C@@]1(C)CC[C@@H](O)CC1C[C@H]3O,CC(C)CCCC(C)C1CCC2C3C(O)CC4CC(O)CCC4(C)C3CCC12C
CC(C)(COP(=O)(O)OP(=O)(O)OC[C@H]1O[C@@H](n2cnc3c(N)ncnc32)[C@H](O)[C@@H]1OP(=O)([O-])[O-])[C@@H](O)C([O-])=NCCC([O-])=NCCS,CCCCC/C=C\C[C@H](O)/C=C/C=C/CCC(=O)CCCC(=O)SCCN=C([O-])CCN=C([O-])C(O)C(C)(C)COP(=O)(O)OP(=O)(O)OCC1O[C@H](n2cnc3c(N)ncnc32)C(O)C1OP(=O)([O-])[O-]
Cc1cn([C@H]2C[C@H](O)[C@@H](COP(=O)(O)OP(=O)([O-])[O-])O2)c(=O)nc1[O-],Nc1ncnc2c1ncn2[C@@H]1O[C@H](COP(=O)([O-])OP(=O)([O-])OP(=O)([O-])[O-])[C@@H](O)[C@H]1O
CCCCC[C@@H](C=CC=CCC=CCC=CCCCC(=O)[O-])OO,CCCCC[C@H](O)C=CC=CCC=CCC=CCCCC(=O)[O-]
O=C([O-])[C@@H](O)CS,N[C@@H](CSSCC(O)C(=O)O)C(=O)[O-]
NC(=[NH2+])NCCC[C@H]([NH3+])C(=O)[O-],NC(=[NH2+])NCCCC(=O)C(=O)[O-]
CC(=O)[C@H]1CCC2C3CCC4=CC(=O)CC[C@]4(C)C3[C@@H](O)C[C@@]21C,C[C@]12C[C@H](O)C3C(CCC4=CC(=O)CC[C@@]43C)C1CC[C@@H]2C(=O)CO
NNc1nncc2ccccc12,C/C(=N\Nc1nncc2ccccc12)C(=O)O
Nc1nc(=O)c2c([nH]1)NCC(CNc1ccc(C(=O)N[C@@H](CCC(=O)O)C(=O)O)cc1)N2,N=c1nc(O)c2c([nH]1)NC[C@@H]1CN(c3ccc(C(=O)NC(CCC(=O)O)C(=O)O)cc3)CN21
COc1cc2c(CCNC(C)=O)c[nH]c2cc1O,COc1cc2c(CCNC(C)=O)c[nH]c2cc1OS(=O)(=O)[O-]
CC#CC(=O)N1CCC[C@H]1c1nc(-c2ccc(C(=O)Nc3ccccn3)cc2)c2c(N)nccn12,C/C(=C/C(=O)N1CCC[C@H]1c1nc(-c2ccc(C(=O)Nc3ccccn3)cc2)c2c(N)nccn12)SC[C@H](NC(=O)CC[C@H](N)C(=O)O)C(=O)NCC(=O)O
CN(CCCC(O)c1cccnc1)N=O,CN(CCCC(OC1OC(C(=O)O)C(O)C(O)C1O)c1cccnc1)N=O
COc1ccc(N=CO)c(C(=O)CCN=C(C)O)c1,COc1ccc(N)c(C(=O)CCN=C(C)O)c1
CCC[C@H](N[C@@H](C)C(=O)N1[C@H](C(=O)O)C[C@@H]2CCCC[C@@H]21)C(=O)OCC,CCC[C@H](N[C@@H](C)C(=O)N1C(C(=O)OC2OC(C(=O)O)C(O)C(O)C2O)C[C@@H]2CCCC[C@@H]21)C(=O)OCC
O=C([O-])[O-],O=P([O-])([O-])[O-]
C[C@H](O)[C@H](O)C1=Nc2c([nH]c(N)nc2=O)NC1,C[C@H](O)[C@H](O)[C@@H]1CNc2nc(N)[nH]c(=O)c2N1
N[C@@H](Cc1ccc(Oc2ccc(OS(=O)(=O)O)c(I)c2)c(I)c1)C(=O)[O-],N[C@@H](Cc1ccc(Oc2ccc(O)c(I)c2)c(I)c1)C(=O)O
CNO,CN(O)[C@H]1O[C@H](C(=O)O)[C@@H](O)[C@H](O)[C@H]1O
CC(=CC(C)(C)C)C(=O)[O-],CC(C)(C)C(=O)[O-]
O=C(O)C1CC1,CC=CC(=O)O
CNC(C)=O,CC(=O)N(C)O
O=P([O-])([O-])OP(=O)(O)OC[C@H]1O[C@@H](n2cnc3c([O-])ncnc32)[C@H](O)[C@@H]1O,O=P([O-])([O-])OP(=O)(O)OP(=O)([O-])OC[C@H]1O[C@@H](n2cnc3c([O-])ncnc32)[C@H](O)[C@@H]1O
CC(C)C[C@H](NC(=O)[C@H](Cc1ccccc1)NC(=O)c1cnccn1)B(O)O,CC(C)/C=C/NC(=O)[C@H](Cc1ccccc1)NC(=O)c1cnccn1
C=C1/C(=C\C=C2CCC[C@@]3(C)[C@H]2CC[C@@H]3[C@H](C)CCCC(C)(C)O)C[C@@H](O)C[C@@H]1O,C=C1/C(=C\C=C2/CCC[C@@]3(C)[C@H]2CC[C@@H]3[C@H](C)CC[C@@H](O)C(C)(C)O)C[C@@H](O)C[C@@H]1O
CCC[C@H](N[C@@H](C)C(=O)N1[C@H](C(=O)O)C[C@@H]2CCCC[C@@H]21)C(=O)OCC,CCC[C@H](N[C@@H](C)C(=O)N1[C@H](C(=O)O)C[C@@H]2CCCC[C@@H]21)C(=O)O
CCOc1ccc(C[C@@H](NC(=O)CCS)C(=O)N[C@H](C(=O)N[C@H](C(=O)N[C@@H](CC(N)=O)C(=O)N[C@@H](CS)C(=O)N2CCC[C@H]2C(=O)N[C@@H](CCCN)C(=O)NCC(N)=O)[C@@H](C)O)[C@@H](C)CC)cc1,CCOc1ccc(C[C@@H](NC(=O)CCS)C(=O)N[C@H](C(=O)N[C@H](C(=O)N[C@@H](CC(N)=O)C(=O)N[C@@H](CS)C(=O)N2CCC[C@H]2C(=O)O)[C@@H](C)O)[C@@H](C)CC)cc1
CCn1c(C(C)O)nn(CCCN2CCN(c3cccc(Cl)c3)CC2)c1=O,CCn1c(C(C)=O)nn(CCCN2CCN(c3cccc(Cl)c3)CC2)c1=O
CC/C(=C(\c1ccc(O)cc1)c1ccc(OCCNC)cc1)c1ccccc1,CC/C(=C(\c1ccc(O)cc1)c1ccc(OCCN)cc1)c1ccccc1
C=C(C)CCOP(=O)(O)OP(=O)(O)O,CC(C)=CCC/C(C)=C/CC/C(C)=C/CC/C(C)=C/COP(=O)(O)OP(=O)(O)O
CC(=CCC[C@@H](C)[C@H]1CC[C@H]2[C@H]3[C@H](C[C@H](O)[C@@]21C)[C@@]1(C)CC[C@@H](O)C[C@H]1C[C@H]3O)C(=O)SCCN=C([O-])CCN=C([O-])[C@H](O)C(C)(C)COP(=O)(O)OP(=O)(O)OC[C@H]1O[C@@H](n2cnc3c(N)ncnc32)[C@H](O)[C@@H]1OP(=O)([O-])[O-],CC(C(=O)SCCN=C([O-])CCN=C([O-])[C@H](O)C(C)(C)COP(=O)(O)OP(=O)(O)OC[C@H]1O[C@@H](n2cnc3c(N)ncnc32)[C@H](O)[C@@H]1OP(=O)([O-])[O-])C(O)CC[C@@H](C)[C@H]1CC[C@H]2[C@H]3[C@H](C[C@H](O)[C@@]21C)[C@@]1(C)CC[C@@H](O)C[C@H]1C[C@H]3O
NC(=O)N1c2ccccc2C=Cc2ccccc21,NC(=O)N1c2ccccc2C2OC2c2ccccc21
CC(C)=CCC/C(C)=C/CC/C(C)=C/CC/C=C(\C)CC/C=C(\C)CCC=C(C)C,CC(C)=CCC/C(C)=C/CC/C(C)=C/COP(=O)(O)OP(=O)(O)O
C=C(C)C(=O)SCCNC(=O)CCNC(=O)C(O)C(C)(C)COP(=O)(O)OP(=O)(O)OCC1OC(n2cnc3c(N)ncnc32)C(O)C1OP(=O)(O)O,C[C@@H](CO)C(=O)SCCNC(=O)CCNC(=O)[C@H](O)C(C)(C)COP(=O)(O)OP(=O)(O)OC[C@H]1O[C@@H](n2cnc3c(N)ncnc32)[C@H](O)[C@@H]1OP(=O)(O)O
COC(=O)C1=C(C)NC(C)=C(C(=O)O[C@H]2CC[N-]C2)[C@H]1c1cccc([N+](=O)[O-])c1,COC(=O)C1=C(C)NC(C)=C(C(=O)O)[C@H]1c1cccc([N+](=O)[O-])c1
COC(=O)C1=C(C)NC(C)=C(C(=O)O)[C@H]1c1cccc([N+](=O)[O-])c1,COC(=O)c1c(C)nc(C)c(C(=O)O)c1-c1cccc([N+](=O)[O-])c1
CCCCCCCCCCCCCCCCCCCCCCC/C([O-])=C/C(=O)SCCN=C([O-])CCN=C([O-])[C@H](O)C(C)(C)COP(=O)(O)OP(=O)(O)OC[C@H]1O[C@@H](n2cnc3c(N)ncnc32)[C@H](O)[C@@H]1OP(=O)([O-])O,CCCCCCCC/C=C\CCCCCCCCCCCCC/C=C/C(=O)SCCN=C([O-])CCN=C([O-])[C@H](O)C(C)(C)COP(=O)(O)OP(=O)(O)OC[C@H]1O[C@@H](n2cnc3c(N)ncnc32)[C@H](O)[C@@H]1OP(=O)([O-])[O-]
[NH3+]CCc1ccc(Oc2ccc(O)cc2)cc1,[NH3+]CCc1ccc(Oc2ccc(O)cc2)c(I)c1
c1ccc2c(c1)ccc1ccccc12,OC1CCCC2C1CCC1CCCCC12
Nc1ccn(C2OC(COP(=O)([O-])[O-])C(O)C2O)c(=O)n1,Nc1ccn(C2OC(CO)C(O)C2O)c(=O)n1
C[Se](=O)O,C[SeH]
CC(C)CCC[C@@H](C)[C@H]1CC[C@H]2[C@@H]3CC=C4C[C@@H](O)CC[C@]4(C)[C@H]3CC[C@@]21C,CC(=O)O[C@H]1CC[C@@]2(C)C(=CCC3C2CC[C@@]2(C)C3CCC2[C@H](C)CCCC(C)C)C1
C=C1CC[C@H](O)C/C1=C/C=C1\CCC[C@@]2(C)[C@H]1CC[C@@H]2[C@H](C)/C=C/[C@H](C)C(C)C,C=C1CCC(O[C@@H]2O[C@H](C(=O)O)[C@@H](O)[C@H](O)[C@H]2O)C/C1=C\C=C1/CCC[C@@]2(C)C1CC[C@@H]2[C@H](C)/C=C/[C@H](C)C(C)C
CC(C)n1c(/C=C/[C@H](O)C[C@H](O)CC(=O)O)c(-c2ccc(F)cc2)c2ccccc21,CC(C)n1c(/C=C/[C@H](O)C[C@H](O)CC(=O)O)c(-c2ccc(F)cc2)c2cc(O)ccc21
[NH3+][C@@H](Cc1cc(I)c(Oc2ccc(O)c(I)c2)c(I)c1)C(=O)[O-],N[C@@H](Cc1cc(I)c(Oc2ccc(O)c(I)c2)c(I)c1)C(=O)O[C@@H]1O[C@@H](C(=O)[O-])[C@@H](O)[C@H](O)[C@H]1O
Nc1ncnc2c1[nH]c(=O)n2[C@H]1C[C@H](O)[C@H](COP(=O)([O-])OP(=O)([O-])[O-])O1,Nc1ncnc2c1[nH]c(=O)n2[C@H]1C[C@H](O)[C@H](COP(=O)([O-])[O-])O1
C[C@@H](O)C=O,C[C@@H](O)CO
CO[C@@H]1O[C@H](CO)[C@@H](O)[C@@H](O[C@@H]2O[C@H](CO)[C@H](O)[C@H](O[C@@H]3O[C@H](CO)[C@H](O)[C@H](O)[C@H]3O)[C@@H]2O[C@@H]2O[C@H](C)[C@@H](O)[C@@H](O)[C@@H]2O)[C@H]1NC(C)=O,CO[C@@H]1O[C@H](CO)[C@@H](O)[C@@H](O[C@@H]2O[C@H](CO)[C@H](O)[C@H](O)[C@@H]2O[C@@H]2O[C@H](C)[C@@H](O)[C@@H](O)[C@@H]2O)[C@H]1NC(C)=O
O=CNc1ccccc1C(=O)O,Nc1ccccc1C(=O)O
CCCCCCCCCCCCCC=C[C@@H](O)[C@H](CO[C@H]1O[C@H](CO)[C@@H](O[C@H]2O[C@H](CO)[C@H](O)[C@H](O[C@H]3O[C@H](CO)[C@@H](O[C@H]4O[C@H](CO)[C@H](O)[C@H](O)[C@H]4O)[C@H](O)[C@H]3NC(C)=O)[C@H]2O)[C@H](O)[C@H]1O)NC(C)=O,CCCCCCCCCCCCCC=C[C@@H](O)[C@H](CO[C@H]1O[C@H](CO)[C@@H](O[C@H]2O[C@H](CO)[C@H](O)[C@H](O[C@H]3O[C@H](CO)[C@@H](O[C@H]4O[C@H](CO)[C@H](O)[C@H](O[C@]5(C(=O)[O-])C[C@H](O)[C@@H](NC(C)=O)[C@H]([C@H](O)[C@H](O)CO)O5)[C@H]4O)[C@H](O)[C@H]3NC(C)=O)[C@H]2O)[C@H](O)[C@H]1O)NC(C)=O
CN1CC[C@@H](NC(=O)Nc2ccc(C#N)cc2)C[C@@H]1c1nc2ccccc2[nH]1,CN1CC[C@@H](NC(=O)Nc2ccc(C#N)cc2)C[C@@H]1c1nc2cc([O-])ccc2[nH]1
CNC(=O)C(COC1OC(CO)C(O)C(O)C1NC(C)=O)NC(C)=O,CNC(=O)C(CO)NC(C)=O
O=[N+]([O-])C(Br)(CO)CO,O=[N+]([O-])C(Br)CO
CCCCC/C=C\C/C=C\C/C=C\C/C=C\CCCCCC(=O)O[C@@H]1CC[C@]2(C)C(=CCC3C2CC[C@]2(C)C3CCC2[C@@H](C)CCCC(C)C)C1,CCCCC/C=C\CC=CC/C=C\C/C=C\CCCCCC(=O)[O-]
OCC1OC(OCC2OC(OC3(CO)OC(CO)C(O)C3O)C(O)C(O)C2O)C(O)C(O)C1O,OCC1OC(OCC2OC(OCC3OC(OC4(CO)OC(CO)C(O)C4O)C(O)C(O)C3O)C(O)C(O)C2O)C(O)C(O)C1O
C=CCC(CCC)C(=O)O,C=C/C=C(\CCC)C(=O)O
CC(C)CCC[C@@H](C)[C@@H]1CC[C@@H]2[C@H]3CCC4=CC(=O)CC[C@]4(C)[C@H]3CC[C@]12C,CC(C)CCC[C@@H](C)[C@@H]1CC[C@@H]2[C@H]3CC=C4CC(=O)CC[C@]4(C)[C@H]3CC[C@]12C
O=C(O)C(O)COP(=O)(O)O,O=C(O)C(=O)COP(=O)(O)O
CC[C@@H](N=C([O-])CC[C@@H](N)C(=O)O)C(=O)O,O=C(O)[C@@H]1CCC([O-])=N1
O=c1nc([O-])ccn1[C@H]1C[C@H](O)[C@@H](COP(=O)([O-])O)O1,Cc1cn([C@H]2C[C@H](O)[C@@H](COP(=O)([O-])O)O2)c(=O)nc1[O-]
C[C@@](Cc1ccc(O)c(O)c1)(NN)C(=O)O,CC(Cc1cccc(O)c1)C(=O)O
N/C(C(=O)O)=C(/C=C\C=O)C(=O)[O-],O=C([O-])c1cccnc1C(=O)[O-]
CC[C@H](C)C(=O)O[C@H]1C[C@H](O)C=C2C=C[C@H](C)[C@H](CC[C@@H](O)C[C@@H](O)CC(=O)O)[C@H]21,C[C@H]1C=Cc2cc(O)ccc2[C@H]1CC[C@@H](O)C[C@@H](O)CC(=O)O
CP(O)(O)=S,O=S
C=C1Nc2ccccc2C(c2ccccc2)=NC1C,C=C1Nc2ccccc2C(c2ccccc2)=NC1(C)O
C=C[C@@H]1C[C@]1(NC(=O)[C@@H]1C[C@@H](Oc2ncc(OC)c3ccc(Cl)cc23)CN1C(=O)[C@@H](NC(=O)OC(C)(C)C)C(C)(C)C)C(=O)NS(=O)(=O)C1CC1,COc1cnc(O[C@@H]2C[C@@H](C(N)=O)N(C(=O)[C@@H](NC(=O)OC(C)(C)C)C(C)(C)C)C2)c2cc(Cl)ccc12
CC(C(=O)CC[C@@H](C)[C@H]1CC[C@H]2[C@H]3[C@H](CC[C@@]21C)[C@@]1(C)CC[C@@H](O)C[C@H]1C[C@H]3O)C(=O)SCCN=C([O-])CCN=C([O-])[C@H](O)C(C)(C)COP(=O)(O)OP(=O)(O)OC[C@H]1O[C@@H](n2cnc3c(N)ncnc32)[C@H](O)[C@@H]1OP(=O)([O-])[O-],C[C@H](CCC(=O)SCCN=C([O-])CCN=C([O-])[C@H](O)C(C)(C)COP(=O)(O)OP(=O)(O)OC[C@H]1O[C@@H](n2cnc3c(N)ncnc32)[C@H](O)[C@@H]1OP(=O)([O-])[O-])[C@H]1CC[C@H]2[C@H]3[C@H](CC[C@@]21C)[C@@]1(C)CC[C@@H](O)C[C@H]1C[C@H]3O
CC[C@H](O)CC(=O)SCCNC(=O)CCNC(=O)C(O)C(C)(C)COP(=O)(O)OP(=O)(O)OCC1OC(n2cnc3c(N)ncnc32)C(O)C1OP(=O)(O)O,CCC(=O)CC(=O)SCCNC(=O)CCNC(=O)C(O)C(C)(C)COP(=O)(O)OP(=O)(O)OCC1OC(n2cnc3c(N)ncnc32)C(O)C1OP(=O)(O)O
C/C(=C\C(=O)SCCNC(=O)CCNC(=O)[C@H](O)C(C)(C)COP(=O)([O-])OP(=O)([O-])OC[C@@H]1O[C@@H](n2cnc3c(N)ncnc32)[C@H](O)[C@@H]1OP(=O)([O-])[O-])CCC[C@H](C)CCC[C@H](C)CCCC(C)C,CC(C)(COP(=O)([O-])OP(=O)([O-])OC[C@@H]1O[C@@H](n2cnc3c(N)ncnc32)[C@H](O)[C@@H]1OP(=O)([O-])[O-])[C@@H](O)C(=O)NCCC(=O)NCCS
O=C([O-])Cc1ccc(Oc2cc(I)c(O)c(I)c2)cc1,O=C([O-])Cc1ccc(Oc2cc(I)c(OC3O[C@@H](C(=O)[O-])[C@@H](O)[C@@H](O)[C@H]3O)c(I)c2)cc1
O=C(O)CCCC(O)/C=C\C=C\C=C\C(O)C/C=C\CCCCCO,CCCCC/C=C\CC(O)/C=C/C=C/C=C\C(O)CCCC(=O)O
Nc1nc2c(ncn2C2OC(COP(=O)(O)O)C(O)C2O)c(=O)[nH]1,O=c1[nH]cnc2c1ncn2C1OC(COP(=O)(O)O)C(O)C1O
CCCCC/C=C\CC(O)CCC=C/C=C\C(O)CCCC(=O)[O-],O=C([O-])CCC[C@@H](O)/C=C\C=CCC[C@@H](O)C/C=C\CCCCCO
COc1cccc(C/C=C(\C)CC/C=C(\C)CC/C=C(\C)CC/C=C(\C)CC/C=C(\C)CC/C=C(\C)CC/C=C(\C)CC/C=C(\C)CCC=C(C)C)c1O,CC(C)=CCC/C(C)=C/CC/C(C)=C/CC/C(C)=C/CC/C(C)=C/CC/C(C)=C/CC/C(C)=C/CC/C(C)=C/CC/C(C)=C/Cc1cccc(O)c1O
CCCCCC=CCC=CC=CC=C[C@@H](SC[C@H]([NH3+])C(=O)NCC(=O)[O-])[C@@H](O)CCCC(=O)[O-],CCCCCC=CCC=CC=CC=C[C@@H](SC[C@H]([NH3+])C(=O)[O-])[C@@H](O)CCCC(=O)[O-]
OC[C@H]1O[C@H](O[C@@H]2[C@@H](CO)O[C@H](O[C@@H]3[C@@H](CO)O[C@H](O[C@@H]4[C@@H](CO)O[C@H](O[C@@H]5[C@@H](CO)O[C@H](O[C@@H]6[C@@H](CO)O[C@H](O[C@@H]7[C@@H](CO)OC(O)[C@H](O)[C@H]7O)[C@H](O)[C@H]6O)[C@H](O)[C@H]5O)[C@H](O)[C@H]4O)[C@H](O)[C@H]3O)[C@H](O)[C@H]2O)[C@H](O)[C@@H](O)[C@@H]1O,OC[C@H]1O[C@H](O[C@@H]2[C@@H](CO)O[C@H](O[C@@H]3[C@@H](CO)O[C@H](O[C@@H]4[C@@H](CO)O[C@H](O[C@@H]5[C@@H](CO)O[C@H](O[C@@H]6[C@@H](CO)OC(O)[C@H](O)[C@H]6O)[C@H](O)[C@H]5O)[C@H](O)[C@H]4O)[C@H](O)[C@H]3O)[C@H](O)[C@H]2O)[C@H](O)[C@@H](O)[C@@H]1O
CCCCCCCCCCCC(O)CC(=O)SC,CCCCCCCCCCCC(=O)CC(=O)SC
CC=CC(=O)SCCNC(=O)CCNC(=O)[C@H](O)C(C)(C)COP(=O)([O-])OP(=O)([O-])OC[C@@H]1O[C@@H](n2cnc3c(N)ncnc32)[C@H](O)[C@@H]1OP(=O)([O-])[O-],C[C@@H](O)CC(=O)SCCNC(=O)CCNC(=O)[C@H](O)C(C)(C)COP(=O)([O-])OP(=O)([O-])OC[C@@H]1O[C@@H](n2cnc3c(N)ncnc32)[C@H](O)[C@@H]1OP(=O)([O-])[O-]
[NH3+][C@@H](CCC(=O)N[C@@H](CSNO)C(=O)NCC(=O)[O-])C(=O)[O-],[NH3+][C@@H](CCC(=O)N[C@@H](CSN=O)C(=O)NCC(=O)[O-])C(=O)[O-]
CCc1nn(CCC[N+]2([O-])CC[N+]([O-])(c3cccc(Cl)c3)CC2)c(=O)n1CC,CCn1c(C(C)O)nn(CCC[N+]2([O-])CC[N+]([O-])(c3cccc(Cl)c3)CC2)c1=O
O=C1NC(=O)C(c2ccccc2)(c2ccc(O)c(O)c2)N1,O=Cc1cc(C2(c3ccccc3)NC(=O)NC2=O)ccc1O
O=C(O)c1cc2cc([O-])c(O)cc2[nH]1,O=C1C=c2cc(C(=O)[O-])[nH]c2=CC1=O
C[NH2+]CCCC(=O)c1cccnc1,O=CCCC(=O)c1cccnc1
CC(=O)OC[C@H](COP(=O)([O-])O[C@@H]1[C@H](O)[C@@H](OP(=O)([O-])[O-])[C@H](OP(=O)([O-])[O-])[C@@H](O)[C@H]1O)OC(C)=O,CC(=O)OC[C@H](COP(=O)([O-])O[C@H]1[C@H](O)[C@H](O)[C@@H](OP(=O)([O-])[O-])[C@H](O)[C@H]1O)OC(C)=O
CSCCC(=O)C(=O)[O-],CSCC[C@H]([NH3+])C(=O)[O-]
CSCCC(=O)C(=O)COP(=O)(O)O,CSCCC(=O)/C(O)=C/O
CC(=O)CCC1=NC2(CCCC2)C(=O)N1Cc1ccc(-c2ccccc2-c2nn[nH]n2)cc1,CC(=O)CCC1=NC2(CCC(O)C2)C(=O)N1Cc1ccc(-c2ccccc2-c2nn[nH]n2)cc1
CCOC(=O)CC(SP(=S)(OC)OC)C(=O)OCC,CCOC(=O)CC(SP(=O)(OC)OC)C(=O)OCC
C[C@]12CC[C@@H]3c4cc(O)c(O)cc4CC[C@H]3[C@@H]1CCC2=O,COc1cc2c(cc1O)C1CC[C@@]3(C)C(=O)CCC3C1CC2
O=C(O)COC(=O)Cc1ccccc1Nc1c(Cl)cccc1Cl,O=C(O)Cc1ccccc1Nc1c(Cl)cccc1Cl
CCC(O)/C=C/C=C\C/C=C/C=C/C=C/C1OC1CCCC(=O)[O-],CC[C@H](O)C=C/C=C\C[C@@H](O)C=C/C=C\C=C\[C@@H](O)CCCC(=O)[O-]
Cc1ncc(CO)c(C=O)c1O,Cc1ncc(CO)c(CN)c1O
Cc1cccc(Nc2ccccc2C(=O)O)c1C,Cc1c(CO)cccc1Nc1ccccc1C(=O)O
C[S+](CC[C@H](N)C(=O)[O-])C[C@H]1O[C@@H](n2cnc3c(N)ncnc32)[C@H](O)[C@@H]1O,NC(CCS)C(=O)O
[NH3+]O,[NH3+]OC1OC(C(=O)O)C(O)C(O)C1O
[NH3+][C@H](C(=O)[O-])[C@H](O)COP(=O)([O-])[O-],O=C([O-])C(=O)[C@H](O)COP(=O)([O-])[O-]
Oc1ccccc1,O=S(=O)(O)Oc1ccccc1
C[N+]1([O-])CCN(c2ccc(C(=O)Nc3n[nH]c4ccc(Cc5cc(F)cc(F)c5)cc34)c(NC3CCOCC3)c2)CC1,C[N+]1([O-])CCN(c2ccc(C(O)Nc3n[nH]c4ccc(Cc5cc(F)cc(F)c5)cc34)c(NC3CCOCC3)c2)CC1
CCCCC/C=C\C/C=C\C/C=C\CCCCC(=O)O,CCCCC/C=C\C/C=C\C/C=C\CCCCCCC(=O)O
CC(C)=CCC/C(C)=C/CC/C(C)=C/CC/C(C)=C/CC/C(C)=C/CC/C(C)=C/CC/C(C)=C/CC/C(C)=C/CC/C(C)=C/CC/C(C)=C/Cc1cc(C(=O)[O-])ccc1O,CC(C)=CCC/C(C)=C/CC/C(C)=C/CC/C(C)=C/CC/C(C)=C/CC/C(C)=C/CC/C(C)=C/CC/C(C)=C/CC/C(C)=C/CC/C(C)=C/COP(=O)([O-])OP(=O)([O-])[O-]
C/C=C/OC[C@@H](O)COP(=O)([O-])OCC[NH3+],C/C=C/OC[C@@H](O)COP(=O)([O-])[O-]
CCOC(=O)O[C@]1(C(=O)OCCl)CC[C@H]2[C@@H]3CCC4=CC(=O)C=C[C@]4(C)[C@H]3[C@@H](O)C[C@@]21C,CCOC(=O)O[C@]1(C(=O)O)CC[C@H]2[C@@H]3CCC4=CC(=O)C=CC4(C)[C@H]3[C@@H](O)CC21C
CC(N)=[SH]O,CC(=N)S(=O)O
[NH3+]CCc1ccc(O)cc1,NCCc1ccc(OS(=O)(=O)O)cc1
CC(C)CCC[C@@H](C)[C@@H]1CC[C@@]2(C=O)C3=C(CC[C@]12C)[C@@]1(C)CC[C@H](O)C(C)(C)[C@H]1CC3,CC(C)CCC[C@@H](C)[C@@H]1CC[C@@]2(CO)C3=C(CC[C@]12C)[C@@]1(C)CC[C@H](O)C(C)(C)[C@H]1CC3
CN(C)C(=O)Oc1cc(OC(=O)N(C)C)cc(C(O)CNC(C)(C)C)c1,CC(C)(C)NCC(O)c1cc(O)cc(O)c1
CCCCCCCCCCCCCC=C[C@@H](O)[C@H](CO[C@H]1O[C@H](CO)[C@H](O)[C@H](O)[C@H]1O)NC(C)=O,CCCCCCCCCCCCCC=C[C@@H](O)[C@H](CO[C@H]1O[C@H](CO)[C@H](O[C@@H]2O[C@H](CO)[C@H](O)[C@H](O)[C@H]2O)[C@H](O)[C@H]1O)NC(C)=O
CC(C)(COP(=O)(O)OP(=O)(O)OC[C@H]1O[C@@H](n2cnc3c(N)ncnc32)[C@H](O)[C@@H]1OP(=O)([O-])[O-])[C@@H](O)C([O-])=NCCC([O-])=NCCS,CCCCCCCCCCCCCCCCCCCC(=O)SCCN=C([O-])CCN=C([O-])[C@H](O)C(C)(C)COP(=O)(O)OP(=O)(O)OC[C@H]1O[C@@H](n2cnc3c(N)ncnc32)[C@H](O)[C@@H]1OP(=O)([O-])[O-]
CCCCCCCCCCCCCCCCCCCCCC(=O)CC(=O)SCCNC(=O)CCNC(=O)[C@H](O)C(C)(C)COP(=O)([O-])OP(=O)([O-])OC[C@@H]1O[C@@H](n2cnc3c(N)ncnc32)[C@H](O)[C@@H]1OP(=O)([O-])[O-],CCCCCCCCCCCCCCCCCCCCC[C@@H](O)CC(=O)SCCNC(=O)CCNC(=O)[C@H](O)C(C)(C)COP(=O)([O-])OP(=O)([O-])OC[C@@H]1O[C@@H](n2cnc3c(N)ncnc32)[C@H](O)[C@@H]1OP(=O)([O-])[O-]
CCCCCCCCC/C=C/C(=O)SC,CCCCCCCCCC(O)CC(=O)SC
Cn1c(=O)[nH]c2[nH]c(=O)[nH]c(=O)c21,Cn1cnc2[nH]c(=O)[nH]c(=O)c21
C=C(CCC(C)C1CCC2C3=CC=C4CC(O)CCC4(C)C3CCC21C)C(C)C,C=C(CCC(C)C1CCC2C3=CCC4CC(O)CCC4(C)C3CCC21C)C(C)C
CC(=O)NCCc1c[nH]c2ccc(O)cc12,CC(=O)NCCc1c[nH]c2ccc(OS(=O)(=O)[O-])cc12
C/C=C\C=CCC(=O)SCCNC(=O)CCNC(=O)[C@H](O)C(C)(C)COP(=O)([O-])OP(=O)([O-])OC[C@@H]1O[C@@H](n2cnc3c(N)ncnc32)[C@H](O)[C@@H]1OP(=O)([O-])[O-],CCC=CC=CC(=O)SCCNC(=O)CCNC(=O)[C@H](O)C(C)(C)COP(=O)([O-])OP(=O)([O-])OC[C@@H]1O[C@@H](n2cnc3c(N)ncnc32)[C@H](O)[C@@H]1OP(=O)([O-])[O-]
C/C(=C\Cc1c(C)c(O)c2ccccc2c1O)CCCC(C)CCCC(C)CCCC(C)C,CC1=C(C/C=C(\C)CCCC(C)CCCC(C)CCCC(C)C)C(=O)c2ccccc2C1=O
CCC=CCC=CCC=CCC=CCC=CCCCCCC=CC(=O)SCCNC(=O)CCNC(=O)[C@H](O)C(C)(C)COP(=O)([O-])OP(=O)([O-])OC[C@@H]1O[C@@H](n2cnc3c(N)ncnc32)[C@H](O)[C@@H]1OP(=O)([O-])[O-],CCC=CCC=CCC=CCC=CCC=CCCCCC[C@@H](O)CC(=O)SCCNC(=O)CCNC(=O)[C@H](O)C(C)(C)COP(=O)([O-])OP(=O)([O-])OC[C@@H]1O[C@@H](n2cnc3c(N)ncnc32)[C@H](O)[C@@H]1OP(=O)([O-])[O-]
c1cncnc1,O=c1nccc[nH]1
CC(O)[C@H](C)C(=O)O[C@H]1C[C@H](O)C=C2C=C[C@H](C)[C@H](CCC(O)O)[C@H]21,CC(O)[C@H](C)C(=O)O[C@H]1C[C@H](OC2OC(C(=O)O)C(O)C(O)C2O)C=C2C=C[C@H](C)[C@H](CCC(O)O)[C@H]21
CC(C)(COP(=O)(O)OP(=O)(O)OC[C@H]1O[C@@H](n2cnc3c(N)ncnc32)[C@H](O)[C@@H]1OP(=O)([O-])[O-])[C@@H](O)C([O-])=NCCC([O-])=NCCSC(=O)CC(=O)[O-],CCCCCCCCCC/C=C\CCCCCC(=O)CC(=O)SCCN=C([O-])CCN=C([O-])[C@H](O)C(C)(C)COP(=O)(O)OP(=O)(O)OC[C@H]1O[C@@H](n2cnc3c(N)ncnc32)[C@H](O)[C@@H]1OP(=O)([O-])[O-]
NC(=O)NCC(F)C(=O)O,NCC(F)C(=O)O
O=C(CO)NC1C(O)CC(O)(C(=O)O)OC1C(O)C(O)CO,Nc1ccn(C2OC(COP(=O)(O)OC3(C(=O)O)CC(O)C(NC(=O)CO)C(C(O)C(O)CO)O3)C(O)C2O)c(=O)n1
CC(=O)C(=O)[O-],CC(=[NH2+])C(=O)[O-]
C[C@@H]1OC(O)[C@@H](O)[C@H](O)[C@@H]1O,C[C@@H]1OC(OP(=O)([O-])[O-])[C@@H](O)[C@H](O)[C@@H]1O
CC=COC[C@@H](O)COP(=O)(O)OCC[N+](C)(C)C,C=CC=O
CC(CCCC(C)C1CCC2C3CC=C4C[C@@H](O)CC[C@]4(C)C3CC[C@]12C)C(=O)[O-],CC(CCC[C@@H](C)[C@H]1CC[C@H]2[C@@H]3[C@H](O)C=C4C[C@@H](O)CC[C@]4(C)[C@H]3CC[C@@]21C)C(=O)[O-]
CC12CCC3C(CCC4=CC(=O)CCC43C)C1CCC2=O,CC12CCC(=O)C=C1CCC1C2CCC2(C)C(O)CCC12
CC1CCC2C3CCC4=CC(=O)CCC4(C)C3CCC12C,CC1CCC2C3CC[C@H]4CC(=O)CCC4(C)C3CCC12C
CC(C)(COP(=O)(O)OP(=O)(O)OC[C@H]1O[C@@H](n2cnc3c(N)ncnc32)[C@H](O)[C@@H]1OP(=O)([O-])[O-])[C@@H](O)C([O-])=NCCC([O-])=NCCS,CCCCCCCC/C=C\C/C=C\CCCCCCC(=O)SCCN=C([O-])CCN=C([O-])[C@@H](O)C(C)(C)COP(=O)(O)OP(=O)(O)OC[C@@H]1O[C@H](n2cnc3c(N)ncnc32)C(O)C1OP(=O)([O-])[O-]
CCOC(=O)[C@H](CCc1ccccc1)N[C@@H](C)C(=O)N1Cc2ccccc2C[C@H]1C(=O)O,C[C@H](N[C@@H](CCc1ccccc1)C(=O)O)C(=O)N1Cc2ccccc2C[C@H]1C(=O)O
[H]/N=c1\nc([O-])c2ncn([C@@H]3O[C@H](COP(=O)([O-])OP(=O)(O)OP(=O)([O-])[O-])[C@@H](O)[C@H]3O)c2[nH]1,[H]/N=c1\nc([O-])c2ncn([C@@H]3O[C@H](COP(=O)([O-])OP(=O)(O)OC4O[C@@H](C)[C@@H](O)[C@@H](O)[C@@H]4O)[C@@H](O)[C@H]3O)c2[nH]1
Cn1cnc2c1c(=O)[nH]c(=O)n2C,Cn1c(=O)[nH]c(=O)c2c1[nH]c(=O)n2C
N[C@@H](Cc1cnc[nH]1)C(=O)O,NCCCC(O)=N[C@@H](Cc1cnc[nH]1)C(=O)O
CCCCCC1OC1C/C=C\C/C=C\CCCCC(=O)[O-],CCCCCC1OC1C/C=C\C/C=C\CCC(=O)[O-]
CC(C)(CO)C(O)C(=O)NCCC(=O)O,CC(C)(CO)C(O)C(=O)NCCC(=O)NCCS
CN1[C@H]2CC[C@@H]1C[C@H](OC(c1ccccc1)c1ccccc1)C2,c1ccc(C(O[C@@H]2C[C@@H]3CC[C@H](C2)N3)c2ccccc2)cc1
CO[C@]12CC[C@@]3(C[C@@H]1[C@](C)(O)C(C)(C)C)[C@H]1Cc4ccc(O)c5c4[C@@]3(CCN1CC1CC1)[C@H]2O5,CO[C@]12CC[C@@]3(C[C@@H]1[C@@](C)(O)C(C)(C)C)[C@H]1Cc4ccc(O[C@@H]5O[C@H](C(=O)O)[C@@H](O)[C@H](O)[C@H]5O)c5c4[C@@]3(CCN1CC1CC1)[C@H]2O5
CC(C)(COP(=O)(O)OP(=O)(O)OC[C@H]1O[C@@H](n2cnc3c(N)ncnc32)[C@H](O)[C@@H]1OP(=O)([O-])[O-])[C@@H](O)C([O-])=NCCC([O-])=NCCS,CCCCCCCC/C=C\CCCCCCCCCCCCCCCC(=O)SCCN=C([O-])CCN=C([O-])[C@H](O)C(C)(C)COP(=O)(O)OP(=O)(O)OC[C@H]1O[C@@H](n2cnc3c(N)ncnc32)[C@H](O)[C@@H]1OP(=O)([O-])[O-]
C#Cc1cccc(Nc2ncnc3cc(OCCOC)c(OCCOC)cc23)c1,C#Cc1cccc(Nc2ncnc3cc(OCCO)c(OCCOC)cc23)c1
[NH3+][C@@H](Cc1ccc(Oc2ccc(O)c(I)c2)cc1)C(=O)[O-],[NH3+][C@@H](Cc1ccc(Oc2cc(I)c(O)c(I)c2)cc1)C(=O)[O-]
N[C@@H](CCC(=O)[O-])C(=O)O,O=C(O)c1cc([O-])nc(O)n1
CCC=CC[C@H]1C(=O)CC[C@@H]1CCCCC[C@H](O)CC(=O)SCCNC(=O)CCNC(=O)[C@H](O)C(C)(C)COP(=O)([O-])OP(=O)([O-])OC[C@@H]1O[C@@H](n2cnc3c(N)ncnc32)[C@H](O)[C@@H]1OP(=O)([O-])[O-],CCC=CC[C@H]1C(=O)CC[C@@H]1CCCCCC=CC(=O)SCCNC(=O)CCNC(=O)[C@H](O)C(C)(C)COP(=O)([O-])OP(=O)([O-])OC[C@@H]1O[C@@H](n2cnc3c(N)ncnc32)[C@H](O)[C@@H]1OP(=O)([O-])[O-]
COc1ccc([C@@H]2Sc3ccccc3N(CCN(C)C)C(=O)[C@@H]2OC(C)=O)cc1,CC(=O)O[C@H]1C(=O)N(CCN(C)C)c2ccccc2S[C@H]1c1ccc(O)cc1
CC/C=C\C/C=C\C/C=C\CCCCCCCCCCCC(=O)SCCN=C([O-])CCN=C([O-])[C@@H](O)C(C)(C)COP(=O)(O)OP(=O)(O)OC[C@@H]1O[C@H](n2cnc3c(N)ncnc32)[C@@H](O)[C@H]1OP(=O)([O-])[O-],CC/C=C/C/C=C/C/C=C/CCCCCCCCCCCC(=O)[O-]
CCOc1ccc(Cc2cc([C@]34OC[C@](CO)(O3)[C@@H](O)[C@H](O)[C@H]4O)ccc2Cl)cc1,CCOc1ccc([C@@H](O)c2cc([C@]34OC[C@](CO)(O3)[C@@H](O)[C@H](O)[C@H]4O)ccc2Cl)cc1
CCCCCCCCCCCCCC(O)CC(=O)SC,CCCCCCCCCCCCC/C=C/C(=O)SC
O=P1(N(CCCl)CCCl)OCCCN1CCCl,O=[P@@]1(N(CCCl)CCCl)OCCC(O)N1CCCl
CNCCCN1c2ccccc2CCc2cc(O)c(Cl)cc21,CNCCCN1c2cc(Cl)c(O)cc2CCc2c(O[C@@H]3O[C@H](C(=O)O)[C@@H](O)[C@H](O)[C@H]3O)cccc21
N[C@@H](CCC(=O)N[C@@H](CS)C(=O)NCC(=O)O)C(=O)O,CC(O)C(=O)SCC(NC(=O)CCC(N)C(=O)O)C(=O)NCC(=O)O
C1CCC2C(C1)CCC1C3CCCC3CCC21,OC1CC2CCC3C4CCCCC4CCC3C2C1
Nc1nc2c([nH]c(=O)n2[C@H]2C[C@H](O)[C@H](COP(=O)([O-])OP(=O)([O-])OP(=O)([O-])[O-])O2)c(=O)[nH]1,Nc1nc2c([nH]c(=O)n2[C@H]2C[C@H](O)[C@H](COP(=O)([O-])[O-])O2)c(=O)[nH]1
COc1ccc2c3c([nH]c2c1)C(C)=NCC3,CC1=NCCc2c1[nH]c1cc(O)ccc21
OCCC(Oc1ccc(C(F)(F)F)cc1)c1ccccc1,O=C(O)CC(Oc1ccc(C(F)(F)F)cc1)c1ccccc1
CCCCC/C=C\C/C=C\CCCCCCCCCCCC(=O)SCCN=C([O-])CCN=C([O-])[C@@H](O)C(C)(C)COP(=O)(O)OP(=O)(O)OC[C@@H]1O[C@H](n2cnc3c(N)ncnc32)[C@@H](O)[C@H]1OP(=O)([O-])[O-],CCCCC/C=C\C/C=C\CCCCCCCCCCCC(=O)[O-]
C=CC1=C(C)/C(=C/c2[nH]c(Cc3[nH]c(/C=C4\NC(=O)C(C)=C4C=C)c(C)c3CCC(=O)O)c(CCC(=O)O)c2C)NC1=O,C=CC1=C(C)/C(=C/c2[nH]c(Cc3[nH]c(/C=C4\NC(=O)C(C)=C4C=C)c(C)c3CCC(=O)OC3OC(C(=O)O)C(O)C(O)C3O)c(CCC(=O)OC3OC(C(=O)O)C(O)C(O)C3O)c2C)NC1=O
CC(CCc1ccccc1)NCC(O)c1cc(O)c(O)c(C(N)=O)c1,CC(CCc1ccccc1)n1ccc2cc(O)c(O)c(C(N)=O)c21
O=S(=O)(O)O,O=S(O)O
CN1CCC(=C2c3ccccc3CC(=O)c3sccc32)CC1,O=C1Cc2ccccc2C(=C2CCNCC2)c2ccsc21
C[N+]1=CCC[C@H]1c1cccnc1,CN1C(=O)CC[C@H]1c1cccnc1
CC(C)CCC[C@@H](C)[C@@H]1CC[C@@H]2[C@@H]3[C@H](O)C[C@H]4CC(=O)CC[C@]4(C)[C@@H]3C[C@H](O)[C@]12C,CC(C)CCC[C@@H](C)[C@@H]1CC[C@@H]2[C@@H]3[C@H](O)CC4=CC(=O)CC[C@]4(C)[C@@H]3C[C@H](O)[C@]12C
N[C@@H](CCCCNC(=O)CCCC[C@@H]1SCC2NC(=O)NC21)C(=O)O,O=C(O)CCCCC1SCC2NC(=O)NC21
CC(C)=CCCC(C)C1CCC2C3=CCC4CC(O)CCC4(C)C3CCC21C,CC(C)=CCCC(C)C1CCC2C3=C(CCC21C)C1(C)CCC(O)CC1CC3
COc1ccccc1OCC(O)CN1CCN(CC(=O)Nc2c(C)cccc2C)CC1,COc1ccccc1OCC(O)CN1CCN(CC(=O)Nc2c(C)cccc2CO)CC1
CCCCC/C=C\CC(O)/C=C/C=C/CCC(=O)CCCC(=O)SCCN=C([O-])CCN=C([O-])C(O)C(C)(C)COP(=O)(O)OP(=O)(O)OCC1O[C@H](n2cnc3c(N)ncnc32)C(O)C1OP(=O)([O-])[O-],CCCC[C@H](O)/C=C\CC/C=C/C=C/CCC(=O)C/C=C/C(=O)SCCN=C([O-])CCN=C([O-])C(O)C(C)(C)COP(=O)(O)OP(=O)(O)OCC1O[C@@H](n2cnc3c(N)ncnc32)C(O)C1OP(=O)([O-])[O-]
O=CC(O)COP(=O)(O)O,O=P(O)(O)OC[C@H]1OC(O)(COP(=O)(O)O)[C@@H](O)[C@@H]1O
C/C(=C/C(=O)N1CCC[C@H]1c1nc(-c2ccc(C(=O)Nc3ccccn3)cc2)c2c(N)nccn12)SC[C@@H](N)C(=O)NCC(=O)O,C/C(=C/C(=O)N1CCC[C@H]1c1nc(-c2ccc(C(=O)Nc3ccccn3)cc2)c2c(N)nccn12)SC[C@@H](N)C(=O)O
CCCCCCCCCCCCCC=C[C@@H](O)[C@H](CO[C@H]1O[C@H](CO)[C@H](O)[C@H](O)[C@H]1O)NC(C)=O,CCCCCCCCCCCCCC=C[C@@H](O)[C@H](CO[C@H]1O[C@H](CO)[C@H](O)[C@H](O[C@@]2(C(=O)[O-])C[C@H](O)[C@@H](NC(C)=O)[C@H]([C@H](O)[C@H](O)CO)O2)[C@H]1O)NC(C)=O
CC(=O)NC[C@H]1CN(c2ccc(N3CCOCC3)c(F)c2)C(=O)O1,NCCOCC(=O)[O-]
CC(C)C[C@H](N)C(=O)O,CC(C)CC(=O)C(=O)[O-]
CC(=O)C1(O)CCC2C3CC=C4CC(O)CCC4(C)C3CCC21C,CC(=O)[C@@]1(O)CCC2C3CCC4=CC(=O)CC[C@]4(C)C3CC[C@@]21C
C[C@H](CCC(=O)[O-])[C@@H]1CC[C@@H]2[C@@H]3[C@H](C[C@H](O)[C@]12C)[C@@]1(C)CC[C@@H](O)C[C@@H]1C[C@H]3O,C[C@H](CCC(=O)[O-])[C@@H]1CC[C@@H]2[C@@H]3[C@H](C[C@H](O)[C@]12C)[C@@]1(C)CCC(=O)C[C@@H]1C[C@H]3O
CN/C(=C\[N+](=O)[O-])NCCSCc1ccc(CN(C)C)o1,CNCc1ccc(CSCCN/C(=C/[N+](=O)[O-])NC)o1
CCN(CC)Cc1cc(Nc2ccnc3cc(Cl)ccc23)ccc1O,CCNCc1cc(Nc2ccnc3cc(Cl)ccc23)ccc1O
COC(=O)c1c(C)nc(C)c(C(=O)OCC(C)O)c1-c1ccccc1[N+](=O)[O-],COC(=O)c1c(C)nc(C)c(C(=O)O)c1-c1ccccc1[N+](=O)[O-]
Oc1ccccc1O,O=CC=CC=C(O)C(=O)O
N[C@@H](CCC([O-])=N[C@@H](CS)C(O)=NCC(=O)O)C(=O)O,N[C@@H](CCC([O-])=N[C@@H](CSCO)C(O)=NCC(=O)O)C(=O)O
CO[C@@H]1O[C@H](CO)[C@@H](O[C@@H]2O[C@H](CO)[C@H](O)[C@H](O[C@@H]3O[C@H](CO)[C@H](O)[C@H](O)[C@H]3O)[C@H]2O[C@H]2O[C@@H](C)[C@@H](O)[C@@H](O)[C@@H]2O)[C@@H](O[C@@H]2O[C@H](C)[C@@H](O)[C@@H](O)[C@@H]2O)[C@H]1NC(C)=O,CO[C@@H]1O[C@H](CO)[C@H](O[C@@H]2O[C@H](CO)[C@H](O)[C@H](O[C@@H]3O[C@H](CO)[C@H](O)[C@H](O)[C@H]3O)[C@@H]2O[C@@H]2O[C@H](C)[C@@H](O)[C@@H](O)[C@@H]2O)[C@H](O)[C@H]1NC(C)=O
CC([O-])=N[C@@H]1[C@@H](O)CC(O)(C(=O)[O-])O[C@H]1[C@H](O)[C@H](O)COP(=O)([O-])O,CC([O-])=N[C@@H]1[C@@H](O)C[C@@](O)(C(=O)O)O[C@H]1[C@H](O)[C@H](O)CO
C/C=C/OC[C@@H](O)COP(=O)([O-])[O-],C/C=C/OC[C@@H](O)COP(=O)([O-])OCC[N+](C)(C)C
CC(C)(COP(=O)([O-])OP(=O)([O-])OC[C@@H]1O[C@@H](n2cnc3c(N)ncnc32)[C@H](O)[C@@H]1OP(=O)([O-])[O-])[C@@H](O)C(=O)NCCC(=O)NCCSC(=O)C[C@H](O)c1ccc(O)cc1,CC(C)(COP(=O)([O-])OP(=O)([O-])OC[C@@H]1O[C@@H](n2cnc3c(N)ncnc32)[C@H](O)[C@@H]1OP(=O)([O-])[O-])[C@@H](O)C(=O)NCCC(=O)NCCSC(=O)C=Cc1ccc(O)cc1
Cc1ccc(-c2ncc(Cl)cc2-c2ccc(S(C)(=O)=O)cc2)cn1,Cc1ccc(-c2ncc(Cl)cc2-c2ccc(S(C)(=O)=O)cc2)c[n+]1[O-]
CN(C)CCOC1=Cc2ccccc2Sc2ccc(Cl)cc21,C[N+](C)([O-])CCOC1=Cc2ccccc2Sc2ccc(Cl)cc21
CC(C=CC1=C(C)CCC(=O)C1(C)C)=CC=CC(C)=CC(=O)[O-],CC1=C(C=C/C(C)=C\C=C\C(C)CC(=O)[O-])C(C)(C)CCC1=O
Cc1c2ccccc2c(C)c2c1ccc1ccccc12,Cc1c2c(c(C)c3ccccc13)C1OC1c1ccccc1-2
CCCCCCCCCCCCCC=CC(O)C(CO[C@@H]1O[C@H](CO)[C@@H](O[C@@H]2O[C@H](CO)[C@H](O)[C@H](O[C@]3(C(=O)O)C[C@H](O)[C@@H](NC(C)=O)[C@H]([C@H](O)[C@@H](CO)O[C@]4(C(=O)O)C[C@H](O)[C@@H](NC(C)=O)[C@H]([C@H](O)[C@H](O)CO)O4)O3)[C@H]2O)[C@H](O)[C@H]1O)NC(C)=O,CCCCCCCCCCCCCC=CC(O)C(CO[C@@H]1O[C@H](CO)[C@@H](O[C@@H]2O[C@H](CO)[C@H](O[C@@H]3O[C@H](O)[C@H](O)[C@H](O)[C@H]3NC(C)=O)[C@H](O[C@]3(C(=O)O)C[C@H](O)[C@@H](NC(C)=O)[C@H]([C@H](O)[C@@H](CO)O[C@]4(C(=O)O)C[C@H](O)[C@@H](NC(C)=O)[C@H]([C@H](O)[C@H](O)CO)O4)O3)[C@H]2O)[C@H](O)[C@H]1O)NC(C)=O
CC(C)OC(=O)CCC/C=C\C[C@H]1[C@@H](O)C[C@@H](O)[C@@H]1/C=C/C(F)(F)COc1ccccc1,O=C(O)CCC/C=C\CC1C(O)CC(O)C1/C=C/C(F)(F)COc1ccccc1
Nc1ncnc2c1ncn2[C@@H]1O[C@H](COP(=O)([O-])OP(=O)([O-])[O-])[C@@H](O)[C@H]1O,Nc1ncnc2c1ncn2[C@H]1C[C@H](O)[C@@H](COP(=O)([O-])OP(=O)([O-])OP(=O)([O-])[O-])O1
CC(C)CC(C)C,CC(C)C(O)C(C)C
[H]/N=C(/O)c1ccc[n+]([C@@H]2O[C@H](CO)[C@@H](O)[C@H]2O)c1,[H]/N=C(/O)c1cccnc1
OC[C@H]1O[C@](O)(CO)[C@@H](O)[C@@H]1O[C@@H]1O[C@H](CO)[C@H](O)[C@H](O)[C@H]1O,C[C@@H](O)C(=O)O
CC(=O)O[C@H]1C[C@@]2(C)[C@@H](C[C@@H](O)[C@H]3[C@@]4(C)CC[C@@H](O)[C@@H](C)[C@@H]4CC[C@@]32C)/C1=C(\CCC=C(C)C)C(=O)O,CC(=O)O[C@H]1C[C@@]2(C)[C@@H](C[C@@H](O)[C@H]3[C@@]4(C)CC[C@@H](O)[C@@H](C)[C@@H]4CC[C@@]32C)/C1=C(/C(=O)O)C(=O)CC=C(C)C
CC(=O)C1CCC2C3CC=C4C[C@@H](O)CC[C@]4(C)C3CC[C@]12C,CC(=O)C1CCC2C3C(O)C=C4CC(O)CCC4(C)C3CCC12C
CCc1nn(CCCN2CCN(c3cccc(Cl)c3)CC2)c(=O)n1CC,CCc1nn(CCC(=O)O)c(=O)n1CC
O=C(O)/C=C\c1ccccc1O,O=C(O)/C=C\c1ccccc1OC1OC(CO)C(O)C(O)C1O
O=P([O-])([O-])O[C@H]1[C@H](OP(=O)([O-])[O-])[C@@H](OP(=O)([O-])[O-])[C@H](OP(=O)([O-])[O-])[C@@H](OP(=O)([O-])[O-])[C@H]1OP(=O)([O-])[O-],O=P([O-])([O-])O[C@H]1[C@@H](OP(=O)([O-])[O-])[C@H](OP(=O)([O-])[O-])[C@@H](OP(=O)([O-])[O-])[C@H](OP(=O)([O-])[O-])[C@H]1OP(=O)([O-])OP(=O)([O-])O
Cc1c(O)cc2c(c1C)O[C@](C)(CCC[C@H](C)CCC[C@H](C)CCCC(C)C)CC2,Cc1c(C)c2c(c([N+](=O)[O-])c1O)CC[C@@](C)(CCC[C@@H](C)CCC[C@@H](C)CCCC(C)C)O2
Nc1ncnc2c1ncn2C1OC(COP(=O)(O)O)C(O)C1O,CC(=O)OP(=O)(O)OCC1OC(n2cnc3c(N)ncnc32)C(O)C1O
CCCCC[C@H](O)/C=C/[C@H]1[C@H]2C[C@H](OO2)[C@@H]1C/C=C\CCCC(=O)[O-],CCCCC[C@H](O)/C=C/[C@H]1O[C@H]2C[C@H](O2)[C@@H]1C/C=C\CCCC(=O)[O-]
O=C([O-])C=Cc1cnc[nH]1,O=C(O)CC[c-]1nc[nH]c1=O
CCCCC/C=C\CC1OC1C/C=C\C/C=C\CCCC(=O)O,CCCCC/C=C\C/C=C\C/C=C\C/C=C\CCCC(=O)O
CC(C)[C@@H](O)CC[C@@H](C)[C@@H]1CC[C@@H]2[C@@H]3[C@H](O)C=C4C[C@@H](O)CC[C@]4(C)[C@@H]3CC[C@]12C,CC(C)[C@@H](O)CC[C@@H](C)[C@@H]1CC[C@@H]2[C@H]3CC=C4C[C@@H](O)CC[C@]4(C)[C@H]3CC[C@]12C
CCCCCCCCCCCCCCCCCCCCCCCC(=O)SCCN=C([O-])CCN=C([O-])[C@@H](O)C(C)(C)COP(=O)(O)OP(=O)(O)OC[C@@H]1O[C@H](n2cnc3c(N)ncnc32)[C@@H](O)[C@H]1OP(=O)([O-])[O-],CCCCCCCCCCCCCCCCCCCCCC(=O)SCCN=C([O-])CCN=C([O-])C(O)C(C)(C)COP(=O)(O)OP(=O)(O)OC[C@H]1O[C@@H](n2cnc3c(N)ncnc32)[C@@H](O)[C@H]1OP(=O)([O-])[O-]
O=Cc1cc(O)ccc1O,O=C(O)c1cc(O)ccc1O
CC(O)=N[C@H]1C(O)O[C@H](CO)[C@H](O)[C@@H]1O,CC([O-])=N[C@H]1C(OP(=O)([O-])O)O[C@H](CO)[C@H](O)[C@@H]1O
COc1ccc2c(=O)cc(-c3ccccc3)oc2c1,C=O
CCCCCCCC(O)CC(=O)SCCNC(=O)CCNC(=O)C(O)C(C)(C)COP(=O)([O-])OP(=O)([O-])OCC1OC(n2cnc3c(N)ncnc32)C(O)C1OP(=O)([O-])[O-],CCCCCCC/C=C/C(=O)SCCNC(=O)CCNC(=O)C(O)C(C)(C)COP(=O)([O-])OP(=O)([O-])OCC1OC(n2cnc3c(N)ncnc32)C(O)C1OP(=O)([O-])[O-]
CC(C)CCC[C@H](C)C(=O)SCCN=C([O-])CCN=C([O-])C(O)C(C)(C)COP(=O)(O)OP(=O)(O)OCC1O[C@H](n2cnc3c(N)ncnc32)C(O)C1OP(=O)([O-])[O-],CC(C)CCCC(C)C(=O)SCCN=C([O-])CCN=C([O-])C(O)C(C)(C)COP(=O)(O)OP(=O)(O)OCC1O[C@H](n2cnc3c(N)ncnc32)C(O)C1OP(=O)([O-])[O-]
[NH3+][C@@H](Cc1ccc(O)c(I)c1)C(=O)[O-],[NH3+][C@@H](Cc1cc(I)c([O-])c(I)c1)C(=O)[O-]
CC(C)CCC[C@@H](C)[C@H]1CCC2C3C(CC[C@@]21C)[C@@]1(C)CCC(=O)CC1C[C@H]3O,CC(C)CCC[C@@H](C)[C@H]1CCC2C3C(CC[C@@]21C)[C@@]1(C)CC[C@@H](O)CC1C[C@H]3O
C[C@]12CC[C@H]3[C@H]([C@@H]1CC[C@@]21CCC(=O)O1)[C@H](S)CC1=CC(=O)CC[C@@]13C,C[C@]12CC[C@H]3[C@@H](C=CC4=CC(=O)CC[C@@]43C)[C@@H]1CC[C@@]21CCC(=O)O1
COc1ccccc1OCC(O)CN1CCN(CC(=O)Nc2c(C)cccc2CO)CC1,Cc1cccc(CO)c1NC(=O)CN1CCNCC1
COc1cc2c(c(OC)c1OC)-c1ccc(OC)c(=O)cc1C(NC(C)=O)CC2,COc1c(O)cc2c(c1OC)-c1ccc(OC)c(=O)cc1[C@@H](N=C(C)O)CC2
NCCC(O)=N[C@@H](Cc1cnc[nH]1)C(=O)O,CC([O-])=NCCC(O)=N[C@H](Cc1cnc[nH]1)C(=O)O
CCCCCCCC(O)CC(=O)SC,CCCCCCCC(=O)CC(=O)SC
CC(=O)N1CCN(c2ccc(OCC3COC(CN4C(=O)CNC4O)(c4ccc(Cl)cc4Cl)O3)cc2)CC1,CC(=O)N1CCN(c2ccc(OCC3COC(CN4C(=O)CNC4=O)(c4ccc(Cl)cc4Cl)O3)cc2)CC1
Nc1nc(Cl)nc2c1ncn2[C@H]1C[C@H](O)[C@@H](CO)O1,Nc1nc(Cl)nc2c1ncn2[C@H]1C[C@H](O)[C@@H](COP(=O)(O)OP(=O)(O)OP(=O)(O)O)O1
O=c1nc([O-])ccn1[C@@H]1O[C@H](COP(=O)([O-])O)[C@@H](O)[C@H]1O,O=C([O-])[C@H]1O[C@H](OP(=O)(O)OP(=O)([O-])OC[C@H]2O[C@@H](n3ccc([O-])nc3=O)[C@H](O)[C@@H]2O)[C@H](O)[C@@H](O)[C@@H]1O
C=C(C)CCOP(=O)(O)OP(=O)(O)O,CC(C)=CCOP(=O)(O)OP(=O)(O)O
NC(Cc1cc(I)c(O)c(I)c1)C(=O)O,NC(Cc1ccc(O)c(I)c1)C(=O)O
COc1ccc(N)c(C(=O)Nc2ccc(Cl)cn2)c1,COc1cc(O)c(N)c(C(=O)Nc2ccc(Cl)cn2)c1
CCCCC/C=C\C/C=C\CCCCCCCCCC(=O)SCCN=C([O-])CCN=C([O-])C(O)C(C)(C)COP(=O)(O)OP(=O)(O)OCC1O[C@H](n2cnc3c(N)ncnc32)C(O)C1OP(=O)([O-])[O-],CCCCC/C=C\C/C=C\CCCCCCCCCC(=O)OC(CC(=O)[O-])C[N+](C)(C)C
Cc1ccc(Sc2ccccc2N2CCNCC2)c(C)c1,Cc1ccc(Sc2ccccc2N2CC[NH2+]CC2)c(C)c1
CC(=O)C1CCC2C3CCC4CC(=O)CCC4(C)C3CCC12C,CC(=O)C1CCC2C3CCC4CC(O)CCC4(C)C3CCC12C
Nc1nc2c(ncn2[C@H]2C[C@H](O)[C@H](CO)O2)c(=O)[nH]1,Nc1nc2c(ncn2[C@H]2C[C@H](O)[C@H](COP(=O)([O-])[O-])O2)c(=O)[nH]1
[H]/N=c1\nc([O-])c2c([nH]1)NCC(CN(C=O)c1ccc(C(=O)N[C@H](CCC([O-])=NC(CCC([O-])=NC(CCC([O-])=NC(CCC([O-])=NC(CCC([O-])=NC(CCC(=O)[O-])C(=O)O)C(=O)O)C(=O)O)C(=O)O)C(=O)O)C(=O)O)cc1)N2,[H]/N=c1\nc(O)c2c([nH]1)NCC(CN(C=O)c1ccc(C(=O)NC(CCC([O-])=NC(CCC(=O)[O-])C([O-])=NC(CCC(=O)[O-])C(O)=NC(CCC(=O)[O-])C(O)=NC(CCC(=O)[O-])C(O)=NC(CCC(=O)[O-])C(O)=NC(CCC(=O)[O-])C(=O)O)C(=O)O)cc1)N2
CCCCC/C=C/CCC(=O)SCCN=C([O-])CCN=C([O-])[C@H](O)C(C)(C)COP(=O)(O)OP(=O)(O)OC[C@H]1O[C@@H](n2cnc3c(N)ncnc32)[C@H](O)[C@@H]1OP(=O)([O-])[O-],CCCCC/C=C/C=C/C(=O)SCCN=C([O-])CCN=C([O-])C(O)C(C)(C)COP(=O)(O)OP(=O)(O)OC[C@H]1O[C@@H](n2cnc3c(N)ncnc32)[C@H](O)[C@@H]1OP(=O)([O-])[O-]
CCOP(=S)(OCC)Oc1ccc([N+](=O)[O-])cc1,CCOP(O)(=S)OCC
CC(=O)N[C@@H](CO[C@@H]1O[C@@H](CO)C(O)[C@H](O)[C@H]1O)[C@@H](C)O,CC(=O)N[C@@H](CO[C@@H]1O[C@@H](CO)C(O)[C@H](OS(=O)(=O)[O-])[C@H]1O)[C@@H](C)O
OC[C@@H]1O[C@H](O)[C@H](O)[C@@H](O)[C@H]1O,CO[C@H]1O[C@@H](CO)[C@H](O)[C@H](O)[C@H]1O
N[C@@H](Cc1c[nH]c2ccccc12)C(=O)O,Nc1c(O)cccc1C(=O)C[C@H](N)C(=O)O
CCCCCCCCCCCCCCCCCCCCC[C@@H](O)CC(=O)SCCNC(=O)CCNC(=O)[C@H](O)C(C)(C)COP(=O)([O-])OP(=O)([O-])OC[C@@H]1O[C@@H](n2cnc3c(N)ncnc32)[C@H](O)[C@@H]1OP(=O)([O-])[O-],CCCCCCCCCCCCCCCCCCCCCC(=O)CC(=O)SCCNC(=O)CCNC(=O)[C@H](O)C(C)(C)COP(=O)([O-])OP(=O)([O-])OC[C@@H]1O[C@@H](n2cnc3c(N)ncnc32)[C@H](O)[C@@H]1OP(=O)([O-])[O-]
CC(C)C(O)CCC(C)C1CCC2C3C(O)C=C4CC(O)CCC4(C)C3CCC12C,CC(C)C(O)CCC(C)C1CCC2C3C(O)CC4=CC(=O)CCC4(C)C3CCC12C
Nc1ncnc2c1ncn2C1OC(COP(=O)(O)OC(=O)CCCC(N)C(=O)O)C(O)C1O,CSC(=O)CCCC(N)C(=O)O
O=c1ccn([C@H]2C[C@H](O)[C@H](COP(=O)([O-])OP(=O)([O-])[O-])O2)c(=O)[nH]1,O=c1ccn([C@H]2C[C@H](O)[C@H](COP(=O)([O-])OP(=O)([O-])OP(=O)([O-])[O-])O2)c(=O)[nH]1
Nc1ccn([C@@H]2CS[C@H](CO)O2)c(=O)n1,Nc1ccn(C2CSC(COP(=O)(O)OP(=O)(O)OP(=O)(O)O)O2)c(=O)n1
[Ca+2].[N-]=C=[N-],NC=NO
C[NH+]1CC[C@@]23c4c5ccc(O)c4O[C@@H]2C(=O)C=C[C@H]3[C@H]1C5,C[NH+]1CC[C@@]23c4c5ccc(O)c4O[C@@H]2[C@@H](O)C=C[C@H]3[C@H]1C5
CC/C=C\CC=CC/C=C\CCCCCCCC(=O)OC1CC[C@]2(C)C(=CC[C@H]3[C@H]2CC[C@@]2(C)[C@H]([C@@H](C)CCCC(C)C)CC[C@H]32)C1,CC/C=C\CC=CC/C=C\CCCCCCCC(=O)[O-]
COc1ccc2c(c1)[nH]c1c(C)nccc12,COc1cc2[nH]c3c(C)nccc3c2cc1O
C#C[C@]1(O)CC[C@H]2[C@@H]3CC[C@H]4CC(=O)CC[C@@H]4[C@H]3CC[C@@]21C,C#C[C@]1(O)CC[C@H]2[C@@H]3CC[C@H]4C[C@H](O)CC[C@@H]4[C@H]3CC[C@@]21C
CN1CCC(=C2c3ccccc3CC(=O)c3sccc32)CC1,C[N+]1(C2OC(C(=O)[O-])C(O)C(O)C2O)CCC(=C2c3ccccc3CC(=O)c3sccc32)CC1
C[C@H](CCC[C@@H](C)[C@H]1CC[C@H]2[C@H]3[C@H](C[C@H](O)[C@@]21C)[C@@]1(C)CC[C@@H](O)C[C@H]1C[C@H]3O)C(=O)SCCN=C([O-])CCN=C([O-])[C@H](O)C(C)(C)COP(=O)(O)OP(=O)(O)OC[C@H]1O[C@@H](n2cnc3c(N)ncnc32)[C@H](O)[C@@H]1OP(=O)([O-])[O-],CC(CCC[C@@H](C)[C@H]1CC[C@H]2[C@H]3[C@H](C[C@H](O)[C@@]21C)[C@@]1(C)CC[C@@H](O)C[C@H]1C[C@H]3O)C(=O)SCCN=C([O-])CCN=C([O-])[C@H](O)C(C)(C)COP(=O)(O)OP(=O)(O)OC[C@H]1O[C@@H](n2cnc3c(N)ncnc32)[C@H](O)[C@@H]1OP(=O)([O-])[O-]
Cc1c[nH]c(=O)[nH]c1=O,Cc1cn([C@H]2C[C@H](O)[C@@H](CO)O2)c(=O)[nH]c1=O
COC(=O)C1=C(C)NC(C)=C(C(=O)OCC(C)=O)C1c1ccccc1[N+](=O)[O-],COC(=O)C1=C(C)NC(C)=C(C(=O)OCC(C)O)C1c1ccccc1[N+](=O)[O-]
N=C(O)OCC(C=O)c1ccccc1,C=C(C=O)c1ccccc1
CCCCC/C=C\CC(=O)CC/C=C/C=C\[C@H](O)CCCC(=O)[O-],CCCCC/C=C\C[C@H](O)CC/C=C/C=C\[C@H](O)CCCC(=O)[O-]
CCC(COC(=O)c1cc(OC)c(OC)c(OC)c1)(NC)c1ccccc1,CCC(N)(COC(=O)c1cc(OC)c(OC)c(OC)c1)c1ccccc1
CCCCCCCCCCCCC/C=C/C(=O)SCCNC(=O)CCNC(=O)[C@H](O)C(C)(C)COP(=O)([O-])OP(=O)([O-])OC[C@H]1O[C@@H](n2cnc3c(N)ncnc32)[C@H](O)[C@@H]1OP(=O)([O-])[O-],CCCCCCCCCCCCC[C@H](O)CC(=O)SCCNC(=O)CCNC(=O)[C@H](O)C(C)(C)COP(=O)([O-])OP(=O)([O-])OC[C@H]1O[C@@H](n2cnc3c(N)ncnc32)[C@H](O)[C@@H]1OP(=O)([O-])[O-]
Cc1c(OCC(F)(F)F)ccnc1CS(=O)c1nc2ccccc2[nH]1,Cc1c(OCC(F)(F)F)ccnc1CS(=O)(=O)c1nc2ccccc2[nH]1
CC(C)CCC[C@@H](C)[C@@H]1CC=C2C3=C(CC[C@@]21C)[C@@]1(C)CC[C@H](O)C(C)(C)[C@H]1CC3,CC(C)CCC[C@@H](C)[C@@H]1CC[C@@]2(C)C3=C(CC[C@]12C)[C@@]1(C)CC[C@H](O)C(C)(C)[C@H]1CC3
CCCCC/C=C\C/C=C\CCCCCCCC(=O)SCCN=C([O-])CCN=C([O-])[C@H](O)C(C)(C)COP(=O)(O)OP(=O)(O)OC[C@H]1O[C@@H](n2cnc3c(N)ncnc32)[C@H](O)[C@@H]1OP(=O)([O-])[O-],CCCCC/C=C\C/C=C\CCCCC/C=C/C(=O)SCCN=C([O-])CCN=C([O-])C(O)C(C)(C)COP(=O)(O)OP(=O)(O)OCC1O[C@H](n2cnc3c(N)ncnc32)C(O)C1OP(=O)([O-])[O-]
CC(=O)O[C@]1(C(C)=O)CC[C@H]2[C@@H]3C[C@H](C)C4=CC(=O)CC[C@]4(C)[C@H]3CC[C@@]21C,CC(=O)[C@@]1(O)CCC2C3C[C@H](C)C4=CC(=O)C[C@@H](O)[C@]4(C)C3CC[C@@]21C
CCCCCCCCCCCCCC=C[C@@H](O)[C@H](CO[C@H]1O[C@H](CO)[C@@H](O[C@H]2O[C@H](CO)[C@H](O)[C@H](O[C@H]3O[C@H](CO)[C@@H](O[C@H]4O[C@H](CO[C@]5(C(=O)[O-])C[C@H](O)[C@@H](NC(C)=O)[C@H]([C@H](O)[C@H](O)CO)O5)[C@H](O)[C@H](O)[C@H]4O)[C@H](O)[C@H]3NC(C)=O)[C@H]2O)[C@H](O)[C@H]1O)NC(C)=O,CCCCCCCCCCCCCC=C[C@@H](O)[C@H](CO[C@H]1O[C@H](CO)[C@@H](O[C@H]2O[C@H](CO)[C@H](O)[C@H](O[C@H]3O[C@H](CO)[C@@H](O[C@H]4O[C@H](CO)[C@H](O)[C@H](O)[C@H]4O)[C@H](O)[C@H]3NC(C)=O)[C@H]2O)[C@H](O)[C@H]1O)NC(C)=O
CC(C)(CO)[C@@H](O)C(O)=NCCC(O)=NCCS,CC(C)(CO)C(O)C(O)=NCCC(=O)[O-]
CC(CCC(=O)O)C1CCC2C3CCC4CC(O)CCC4(C)C3CCC12C,CC(CCC(=O)OC1OC(C(=O)O)C(O)C(O)C1O)C1CCC2C3CCC4CC(O)CCC4(C)C3CCC12C
CC(=O)[C@H]1CC[C@H]2[C@@H]3CCC4=CC(=O)CC[C@]4(C)[C@H]3CC[C@]12C,CC(=O)[C@H]1CC[C@H]2[C@@H]3CC(O)C4=CC(=O)CC[C@]4(C)[C@H]3CC[C@]12C
C=CCC1=C(C)[C@@H](OC(=O)[C@@H]2[C@@H](/C=C(/C)CO)C2(C)C)CC1=O,C=CCC1=C(C)[C@@H](OC(=O)[C@@H]2[C@@H](/C=C(/C)C=O)C2(C)C)CC1=O
NC(=O)c1ccc[n+]([C@@H]2O[C@H](COP(=O)([O-])OP(=O)([O-])OC[C@H]3O[C@@H](n4cnc5c(N)ncnc54)[C@H](O)[C@@H]3O)[C@@H](O)[C@H]2O)c1,NC(=O)C1=CN([C@@H]2O[C@H](COP(=O)([O-])OP(=O)([O-])OC[C@H]3O[C@@H](n4cnc5c(N)ncnc54)[C@H](O)[C@@H]3O)[C@@H](O)[C@H]2O)C=CC1
CC1OC(COP(=O)(O)OC2C(COP(=O)(O)OC3C(CO)OC(C)C3O)OC(C)C2O)C(O)C1O,CC1OC(COP(=O)(O)OC2C(COP(=O)(O)OC3C(CO)OC(C)C3O)OC(C)C2O)C(OC(=O)C2CCCN2)C1O
O=C(O)Cc1ccc(CCOc2ccc(CC3SC(=O)NC3=O)cc2)nc1,O=C1NC(=O)C(Cc2ccc(OCCc3ccc(C(=O)O)cn3)cc2)S1
Cc1cn([C@H]2C[C@H](O)[C@@H](CO)O2)c(=O)[nH]c1=O,Cc1cn([C@H]2C[C@H](O)[C@@H](COP(=O)([O-])[O-])O2)c(=O)[nH]c1=O
Cc1ccnc2c1NC(=O)c1cccnc1N2C1CC1,OCc1ccnc2c1N=C(O)c1cccnc1N2C1CC1
O=P([O-])([O-])OC[C@@H]1OC(O)[C@H](O)[C@@H]1O,OC[C@@H]1OC(O)[C@H](O)[C@@H]1O
CO[C@H]1/C=C/O[C@@]2(C)Oc3c(C)c(O)c4c(c3C2=O)C2=NC3(CCN(CC(C)C)CC3)NC2=C(NC(=O)/C(C)=C\C=C\[C@H](C)[C@H](O)[C@@H](C)[C@@H](O)[C@@H](C)[C@H](OC(C)=O)[C@@H]1C)C4=O,CO[C@H]1/C=C\O[C@@]2(C)Oc3c(C)c(O)c4c(c3C2=O)C2=NC3(CCN(CC(C)C)CC3)NC2=C(N=C(O)/C(C)=C\C=C/[C@H](CO)[C@H](O)[C@@H](C)[C@@H](O)[C@@H](C)[C@H](OC(C)=O)[C@@H]1C)C4=O
O=Cc1ccc(O)cc1,O=Cc1ccc(O)c(O)c1
CC(C)=O,CC(=O)CO
CCCCCCCCCCCCCCC[C@@H](O)[C@@H]([NH3+])CO,CCCCCCCCCCCCCCC[C@@H](O)[C@@H]([NH3+])COP(=O)([O-])[O-]
CC(=O)[C@]1(N)Cc2c(O)c3c(c(O)c2[C@@H](O[C@H]2C[C@H](O)[C@H](O)CO2)C1)C(=O)c1ccccc1C3=O,CC(O)[C@]1(N)Cc2c(O)c3c(c(O)c2[C@@H](OC2CCC(O)C(O)O2)C1)C(=O)c1ccccc1C3=O
O=C(C=Cc1ccc(O)cc1)OC[C@H]1O[C@@H](Oc2cc3ccccc3[o+]c2-c2ccc(O)cc2)[C@H](O)[C@@H](O)[C@@H]1O,OC[C@H]1O[C@@H](Oc2cc3ccccc3[o+]c2-c2ccc(O)cc2)[C@H](O)[C@@H](O)[C@@H]1O
CC(C)=CCC/C(C)=C/CC/C(C)=C/CC/C(C)=C/CC/C(C)=C/CC/C(C)=C/CC/C(C)=C/CC/C(C)=C/CC/C(C)=C/Cc1cccc(O)c1O,COc1cccc(C/C=C(\C)CC/C=C(\C)CC/C=C(\C)CC/C=C(\C)CC/C=C(\C)CC/C=C(\C)CC/C=C(\C)CC/C=C(\C)CCC=C(C)C)c1O
O=C(CO)[C@@H](O)[C@H](O)COP(=O)([O-])[O-],O=C(CO)[C@@H](O)[C@H](O)CO
CC(CO)CCC[C@@H](C)C1CCC2C3C(CC[C@@]21C)[C@@]1(C)CC[C@H](O)CC1=C[C@H]3O,CC(CO)CCCC(C)C1CCC2C3C(O)CC4=CC(=O)CCC4(C)C3CCC12C
O=c1ccc2ccccc2o1,O=c1ccc2ccc(O)cc2o1
C[C@@]1(COc2ccc(N3CCC(Oc4ccc(OC(F)(F)F)cc4)CC3)cc2)OC(N)=NC1O,C[C@@]1(COc2ccc(N3CCC(Oc4ccc(OC(F)(F)F)cc4)CC3)cc2)OC(=N)NC1=O
CN1C(S)=NC(O)C1O,CC(=O)C(C)=O
C[C@@H](Cc1ccccc1)N(C)Cc1ccccc1,CC(N)Cc1ccccc1
CC1OC(CO)C(OP(=O)(O)OCC2OC(C)C(O)C2OP(=O)(O)OCC2OC(n3ccc(N)nc3=O)C(O)C2OP(=O)(O)OCC2OC(n3ccc(N)nc3=O)C(O)C2OP(=O)(O)OCC2OC(n3cnc4c(N)ncnc43)C(O)C2O)C1O,CC1OC(CO)C(OP(=O)(O)OCC2OC(C)C(O)C2OP(=O)(O)OCC2OC(n3ccc(N)nc3=O)C(O)C2OP(=O)(O)OCC2OC(n3ccc(N)nc3=O)C(O)C2O)C1O
CCN(CC)C(=O)c1cccc(C)c1,CCNC(=O)c1cccc(C)c1
NC(=O)CCCCC1CCSS1,NC(=O)CCCCC(S)CCS
CC(F)(CO)C[C@H](N[C@@H](c1ccc(-c2ccc(S(C)(=O)=O)cc2)cc1)C(F)(F)F)C(=O)NC1(C#N)CC1,CC(F)(C=O)C[C@H](N[C@@H](c1ccc(-c2ccc(S(C)(=O)=O)cc2)cc1)C(F)(F)F)C(=O)NC1(C#N)CC1
CN(CCCC(=O)c1cccnc1)N=O,CN(CCCC(O)c1cccnc1)N=O
CNC(=O)C1CSSCC(NC(C)=O)C(=O)N1,CNC(=O)C(CS)NC(=O)C(CS)NC(C)=O
CC(c1cc2ccccc2s1)N(O)C(N)=O,CC(NC(=N)O)c1cc2ccccc2s1
O=c1ccc2ccccc2o1,O=c1oc2ccccc2cc1O
c1ccc2c(c1)OCO2,[CH2]Oc1ccccc1O
O=CCCOP(=O)(NCCCl)NCCCl,O=P(O)(NCCCl)NCCCl
N=C(N)NCc1cccc([123I])c1.N=C(N)NCc1cccc([123I])c1.O=S(=O)(O)O,O=C(O)CNC(=O)c1cccc([123I])c1
[NH3+][C@@H](CCC(=O)N[C@@H](CS)C(=O)NCC(=O)[O-])C(=O)[O-],[NH3+][C@@H](CCC(=O)N[C@@H](CSc1ccc([N+](=O)[O-])cc1[N+](=O)[O-])C(=O)NCC(=O)[O-])C(=O)[O-]
N[C@@H](CCCC(=O)[O-])C(=O)O,O=C([O-])CCCC(=O)C(=O)[O-]
CCCCCCCCCCCCC/C=C/[C@@H](O)[C@H](CO[C@@H]1O[C@H](CO)[C@@H](O[C@@H]2O[C@H](CO)[C@H](O[C@@H]3O[C@H](CO)[C@H](O)[C@H](O[C@@H]4O[C@H](CO)[C@H](O)[C@H](O)[C@H]4O)[C@H]3NC(C)=O)[C@H](O)[C@H]2O)[C@H](O)[C@H]1O)NC(C)=O,CCCCCCCCCCCCC/C=C/[C@@H](O)[C@H](CO[C@@H]1O[C@H](CO)[C@@H](O[C@@H]2O[C@H](CO)[C@H](O[C@@H]3O[C@H](CO)[C@H](O)[C@H](O[C@@H]4O[C@H](CO)[C@H](O)[C@H](O[C@]5(C(=O)[O-])C[C@H](O)[C@@H](NC(C)=O)[C@H]([C@H](O)[C@H](O)CO)O5)[C@H]4O)[C@H]3NC(C)=O)[C@H](O)[C@H]2O)[C@H](O)[C@H]1O)NC(C)=O
CC(C)CCC[C@@H](C)[C@H]1CC[C@H]2[C@@H]3CC=C4C[C@@H](O)CC[C@]4(C)[C@H]3CC[C@@]21C,CCCCCC/C=C\CCCCCCCC(=O)OC1CC[C@]2(C)C(=CC[C@H]3[C@H]2CC[C@@]2(C)[C@H]([C@@H](C)CCCC(C)C)CC[C@H]32)C1
COc1cc(Nc2ncc(F)c(Nc3ccc4c(n3)N(COP(=O)(O)O)C(=O)C(C)(C)O4)n2)cc(OC)c1OC,COc1cc(Nc2ncc(F)c(Nc3ccc4c(n3)NC(=O)C(C)(C)O4)n2)cc(OC)c1OC
OCc1ccnc2c1N=C(O)c1cccnc1N2C1CC1,O=C1Nc2c(C(=O)O)ccnc2N(C2CC2)c2ncccc21
CC(C)C[C@H](O)NC(=O)[C@H](Cc1ccccc1)NC(=O)c1cnccn1,CC(C)C[C@H](O)NC(=O)[C@@H](NC(=O)c1cnccn1)C(O)c1ccccc1
CC(C)C[C@H](N)C(=O)O,CC([O-])=NC(CC(C)C)C(=O)O
CCCCC[C@H](O)/C=C/[C@H]1[C@H](O)CC(=O)[C@@H]1CCCCCCC(=O)[O-],CCCCC[C@H](O)/C=C/[C@H]1C=CC(=O)[C@@H]1CCCCCCC(=O)[O-]
CCC,CCO
Cc1[nH]c(/C=C2\C(O)=Nc3ccccc32)c(C)c1CCC(=O)O,Cc1[nH]c(/C=C2\C(=O)Nc3ccc(O)cc32)c(C)c1CCC(=O)O
O=C([O-])[C@@H](COP(=O)([O-])[O-])OP(=O)([O-])[O-],O=C([O-])[C@@H](CO)OP(=O)([O-])[O-]
C/C(=C\CCC(C)C)C(=O)SCCN=C([O-])CCN=C([O-])C(O)C(C)(C)COP(=O)(O)OP(=O)(O)OCC1O[C@H](n2cnc3c(N)ncnc32)C(O)C1OP(=O)([O-])[O-],CC(C)CCC(O)[C@H](C)C(=O)SCCN=C([O-])CCN=C([O-])C(O)C(C)(C)COP(=O)(O)OP(=O)(O)OCC1O[C@H](n2cnc3c(N)ncnc32)C(O)C1OP(=O)([O-])[O-]
Oc1ccc2c(c1)CCC1C2CCC2CCCC21,O=S(=O)(O)Oc1ccc2c(c1)CCC1C2CCC2CCCC21
CC(=O)OC[C@@H](O)COP(=O)([O-])[O-],CC(=O)OCC(O)CO
CC12CCC3c4ccc(O)cc4CCC3C1CCC2=O,CC12CCC3c4ccc(OS(=O)(=O)O)cc4CCC3C1CCC2=O
O=P([O-])([O-])OC1O[C@H](CO)[C@@H](O)[C@H](O)[C@H]1O,O=P([O-])([O-])OC[C@@H]1O[C@@H](OP(=O)([O-])O)[C@@H](O)[C@H](O)[C@H]1O
CC(C)CC[C@@H](O)[C@@H](C)C1CCC2C3CC=C4C[C@@H](O)CC[C@]4(C)C3CC[C@@]21C,CC(C)CCC(O)C(C)(O)C1CCC2C3CC=C4CC(O)CCC4(C)C3CCC21C
C=C(C)C(=O)SCCNC(=O)CCNC(=O)C(O)C(C)(C)COP(=O)(O)OP(=O)(O)OCC1OC(n2cnc3c(N)ncnc32)C(O)C1OP(=O)(O)O,CC(C)C(=O)SCCNC(=O)CCNC(=O)[C@H](O)C(C)(C)COP(=O)(O)OP(=O)(O)OC[C@H]1O[C@@H](n2cnc3c(N)ncnc32)[C@H](O)[C@@H]1OP(=O)(O)O
NC(=O)C(CCC(=O)O)N1C(=O)c2ccccc2C1=O,NC(=O)C(CCC(=O)O)NC(=O)c1ccccc1C=O
CC(=O)N[C@@H](COP(=O)([O-])[O-])[C@@H](C)O,CC(=O)N[C@@H](CO)[C@@H](C)O
CC[C@H](C)C(=O)O[C@H]1CCC=C2C=C(O)[C@H](C)[C@H](CC[C@@H](O)C[C@@H](O)CC(=O)O)[C@H]21,CC[C@H](C)C(=O)O[C@H]1CC2OC2C2C=C(O)[C@H](C)[C@H](CC[C@@H](O)C[C@@H](O)CC(=O)O)[C@H]21
C[C@H](CS)C(=O)N1CCC[C@H]1C(=O)O,C[C@H](CSSC[C@H](N)C(=O)O)C(=O)N1CCC[C@H]1C(=O)O
CC(CCCC(C)C1CCC2C3C(O)C=C4CC(O)CCC4(C)C3CCC12C)C(=O)O,CC(CCCC(C)C1CCC2C3C(O)CC4=CC(=O)CCC4(C)C3CCC12C)C(=O)O
CC(C)=CCCC(C)=CCCC(C)=CCOP(=O)([O-])OP(=O)([O-])[O-],CC(C)=CCCC(C)=CCCC(C)=CCCC(C)=CCOP(=O)([O-])OP(=O)([O-])[O-]
CC[C@@H](O)C=CC=CCC=CCC=CCC=CCCCC(=O)[O-],CC[C@@H](O)C=CC=CCC=CCC=CC=C[C@H](CCCC(=O)[O-])OO
[NH3+]CCc1ccc(Oc2ccc(O)cc2)c(I)c1,[NH3+]CCc1ccc(Oc2ccc(O)cc2)cc1
CC(C=CC(=O)O)=CC(=O)O,O=C(O)C=C1C=CC(=O)O1
CC1CCC2C3CCC4CCCCC4(C)C3[C@@H](O)CC12C,CC1CCC2C3CCC4CCCCC4(C)C3C(=O)CC12C
CNC(=O)C(CC(C(=O)O)C(=O)O)NC(C)=O,CNC(=O)C(CCC(=O)O)NC(C)=O
CCN(CC)CC(=O)Oc1ccc(NC(C)=O)cc1,CC(=O)Nc1ccc(O)cc1
CC(=O)N[C@H]1C(C)O[C@H](CO)[C@H](O)[C@@H]1O[C@@H]1O[C@H](CO)[C@H](O)[C@H](O)[C@H]1O,CC(=O)N[C@H]1C(C)O[C@H](CO[C@@H]2O[C@H](CO)[C@@H](O)[C@H](O)[C@H]2NC(C)=O)[C@H](O)[C@@H]1O[C@@H]1O[C@H](CO)[C@H](O)[C@H](O)[C@H]1O
O=P1(N(CCCl)CCCl)NCCCO1,O=P1(N(CCCl)CCCl)NC(O)CCO1
CCCCC/C=C\C/C=C\C/C=C\CC=CCCCCCC(=O)SCCN=C([O-])CCN=C([O-])[C@H](O)C(C)(C)COP(=O)(O)OP(=O)(O)OC[C@H]1O[C@@H](n2cnc3c(N)ncnc32)[C@H](O)[C@@H]1OP(=O)([O-])[O-],CCCCC/C=C\C/C=C\C/C=C\C/C=C\CCCCCC(=O)OC(CC(=O)[O-])C[N+](C)(C)C
CCN(CCO)CCCC(C)Nc1ccnc2cc(Cl)ccc12,CC(CCCN)Nc1ccnc2cc(Cl)ccc12
COCCc1ccc(OCC(O)CNC(C)C)cc1,COCC(O)c1ccc(OCC(O)CNC(C)C)cc1
CC(C)CCC[C@@H](C)[C@H]1CCC2C3=CC=C4C[C@@H](O)CC[C@]4(C)C3CC[C@@]21C,CC(C)CCC[C@@H](C)[C@H]1CCC2C3CC=C4C[C@@H](O)CC[C@]4(C)C3CC[C@@]21C
CO[C@@H]1O[C@H](CO)[C@H](O[C@@H]2O[C@H](C)[C@@H](O)[C@@H](O)[C@@H]2O)[C@H](O[C@H]2O[C@H](CO)[C@H](O)[C@H](O[C@@H]3O[C@H](CO)[C@H](O)[C@H](O)[C@H]3O)[C@H]2O[C@H]2O[C@@H](C)[C@@H](O)[C@@H](O)[C@@H]2O)[C@H]1NC(C)=O,CO[C@@H]1O[C@H](CO)[C@@H](O)[C@@H](O[C@@H]2O[C@H](CO)[C@H](O)[C@H](O[C@@H]3O[C@H](CO)[C@H](O)[C@H](O)[C@H]3O)[C@@H]2O[C@@H]2O[C@H](C)[C@@H](O)[C@@H](O)[C@@H]2O)[C@H]1NC(C)=O
CC(=O)N[C@@H]1[C@H](N)O[C@H](CO)[C@@H](O)[C@@H]1O,CC(=O)N[C@@H]1[C@H](NC(=O)C[C@H]([NH3+])C(=O)[O-])O[C@H](CO)[C@@H](O)[C@@H]1O
CC1OC(CO)C(OP(=O)(O)OCC2OC(C)C(O)C2OP(=O)(O)OCC2OC(n3cnc4c(N)ncnc43)C(O)C2O)C1O,CCC(C)C(N)C(=O)OC1C(O)C(COP(=O)(O)OC2C(COP(=O)(O)OC3C(CO)OC(C)C3O)OC(C)C2O)OC1n1cnc2c(N)ncnc21
CCCCC(=O)OCC(=O)[C@]1(O)Cc2c(O)c3c(c(O)c2[C@@H](O[C@H]2C[C@H](NC(=O)C(F)(F)F)[C@H](O)[C@H](C)O2)C1)C(=O)c1c(OC)cccc1C3=O,COc1cccc2c1C(=O)c1c(O)c3c(c(O)c1C2=O)C[C@@](O)(C(=O)CO)C[C@@H]3O[C@H]1C[C@H](NC(=O)C(F)(F)F)[C@H](O)[C@H](C)O1
CC(=O)N[C@@H](CO)[C@@H](C)O,C[C@@H](O)[C@@H]([NH3+])CO
CCC(C)C(=O)C(=O)O,CCC(C)C(N)C(=O)O
N=C(N)N,NC(N)=NO
CC(C)(COP(=O)(O)OP(=O)(O)OC[C@H]1O[C@@H](n2cnc3c(N)ncnc32)[C@H](O)[C@@H]1OP(=O)([O-])[O-])[C@@H](O)C([O-])=NCCC([O-])=NCCS,CCCCCCCCC(=O)SCCN=C([O-])CCN=C([O-])C(O)C(C)(C)COP(=O)(O)OP(=O)(O)OC[C@H]1O[C@@H](n2cnc3c(N)ncnc32)[C@H](O)[C@@H]1OP(=O)([O-])[O-]
CCn1c(=O)c2c(nc(/C=C/c3ccc(O)c(OC)c3)n2C)n(CC)c1=O,CCn1c(=O)c2c(nc(/C=C/c3ccc(OS(=O)(=O)[O-])c(OC)c3)n2C)n(CC)c1=O
N[C@@H](Cc1c[nH]c2ccc(O)cc12)C(=O)O,NC(CC(=O)c1cc(O)ccc1NC=O)C(=O)O
[NH3+]CCc1cc(I)c(Oc2cc(I)c(O)c(I)c2)c(I)c1,[NH3+]CCc1ccc(Oc2cc(I)c(O)c(I)c2)c(I)c1
C[C@]12CC[C@H]3[C@@H](CCC4=CC(=O)CC[C@@]43C)[C@@H]1CC[C@@H]2O,C[C@]12CCC(=O)C[C@@H]1CC[C@@H]1[C@@H]2CC[C@]2(C)[C@@H](O[C@@H]3O[C@H](C(=O)O)[C@@H](O)[C@H](O)[C@H]3O)CC[C@@H]12
CC(C(=O)O)c1ccc2cc(O)ccc2c1,CC(C(=O)O)c1ccc2cc(OC3O[C@H](C(=O)O)[C@@H](O)[C@H](O)[C@H]3O)ccc2c1
CC1CNC(=O)NC1=O,CC(CNC(N)=O)C(=O)O
O=C([O-])CCCC[C@@H]1SC[C@@H]2N=C(O)N[C@H]12,Nc1ncnc2c1ncn2[C@@H]1O[C@H](COP(=O)(O)OC(=O)CCCC[C@@H]2SC[C@@H]3N=C([O-])N[C@H]23)[C@@H](O)[C@H]1O
[NH3+][C@@H](Cc1ccc(O)cc1)C(=O)[O-],[NH3+]CCc1ccc(O)cc1
CC(CCC(=O)O)C1CCC2C3CCC4CCCCC4(C)C3CC(O)C12C,CC(CCC(=O)O)C1CCC2C3CCC4CCCCC4(C)C3CC(=O)C12C
O=P(O)(O)OCC1OC(n2cnc3c(S)ncnc32)C(O)C1O,O=P(O)(O)OP(=O)(O)OP(=O)(O)OCC1OC(n2cnc3c(S)ncnc32)C(O)C1O
Cc1c2[nH]c(c1CCC(=O)[O-])Cc1[nH]c(c(CCC(=O)[O-])c1C)Cc1[nH]c(c(CCC(=O)[O-])c1C)Cc1[nH]c(c(C)c1CCC(=O)[O-])C2,C=Cc1c2[nH]c(c1C)Cc1[nH]c(c(CCC(=O)[O-])c1C)Cc1[nH]c(c(C)c1CCC(=O)[O-])Cc1[nH]c(c(C)c1C=C)C2
CNC,C[C+](C)[O-]
OC1C=CC(Br)=CC1O,Oc1ccc(Br)cc1O
C[C@]12CCC3C4=CC(=O)C(=O)C=C4CCC3C1CCC2=O,C[C@]12CCC3c4c(cc([O-])c(O)c4SC[C@@H](N=C(O)CC[C@@H](N)C(=O)O)C(O)=NCC(=O)O)CCC3C1CCC2=O
CC(=O)N[C@@H](C)C(=O)O,CC([O-])O
CCCCC[C@H](O)/C=C/[C@H]1[C@H]2C[C@H](OO2)[C@@H]1C/C=C\CCCC(=O)[O-],CCCCC[C@H](O)/C=C/[C@H]1[C@H](O)C[C@@H]2O/C(=C\CCCC(=O)[O-])C[C@@H]21
CCCCCCCCC[C@H](O)CC(=O)SCCNC(=O)CCNC(=O)[C@H](O)C(C)(C)COP(=O)([O-])OP(=O)([O-])OC[C@H]1O[C@@H](n2cnc3c(N)ncnc32)[C@H](O)[C@@H]1OP(=O)([O-])[O-],CCCCCCCCCC(=O)CC(=O)SCCNC(=O)CCNC(=O)[C@H](O)C(C)(C)COP(=O)([O-])OP(=O)([O-])OC[C@H]1O[C@@H](n2cnc3c(N)ncnc32)[C@H](O)[C@@H]1OP(=O)([O-])[O-]
O=C1CCC2=CC(=O)C(OCCCCN3CCN(c4cccc(Cl)c4Cl)CC3)=CC2N1,N[C@@H](CCC(=O)N[C@@H](CSC1=C2CCC(=O)NC2C=C(OCCCCN2CCN(c3cccc(Cl)c3Cl)CC2)C1O)C(=O)NCC(=O)O)C(=O)O
O=C(O)/C=C\C(=O)CC(=O)O,O=C1C=CC(C(F)C(=O)O)O1
CCCCCCCCCCCCC/C=C/[C@@H](O)[C@H](CO[C@@H]1O[C@H](CO)[C@@H](O[C@@H]2O[C@H](CO)[C@H](O[C@@H]3O[C@H](CO)[C@H](O)[C@H](O[C@@H]4O[C@H](CO)[C@H](O)[C@H](O[C@]5(C(=O)[O-])C[C@H](O)[C@@H](NC(C)=O)C([C@H](O)[C@H](O)CO)O5)[C@H]4O)[C@H]3NC(C)=O)[C@H](O[C@]3(C(=O)[O-])C[C@H](O)[C@@H](NC(C)=O)C([C@H](O)[C@H](O)CO)O3)[C@H]2O)[C@H](O)[C@H]1O)NC(C)=O,CCCCCCCCCCCCC/C=C/[C@@H](O)[C@H](CO[C@@H]1O[C@H](CO)[C@@H](O[C@@H]2O[C@H](CO)[C@H](O[C@@H]3O[C@H](CO)[C@H](O)[C@H](O[C@@H]4O[C@H](CO)[C@H](O)[C@H](O[C@]5(C(=O)[O-])C[C@H](O)[C@@H](NC(C)=O)[C@H]([C@H](O)[C@H](O)CO)O5)[C@H]4O)[C@H]3NC(C)=O)[C@H](O[C@]3(C(=O)[O-])C[C@H](O)[C@@H](NC(C)=O)[C@H]([C@H](O)[C@H](O)CO)O3)[C@H]2O)[C@H](O)[C@H]1O)NC(C)=O
Nc1ccn([C@H]2C[C@H](O)[C@H](COP(=O)([O-])[O-])O2)c(=O)n1,Nc1ccn([C@H]2C[C@H](O)[C@H](COP(=O)([O-])OP(=O)([O-])[O-])O2)c(=O)n1
c1ccc2c(c1)O2,N[C@@H](CCC(=O)N[C@@H](CSC1C=CC=CC1O)C(=O)NCC(=O)O)C(=O)O
[H]/N=C(\O)C[C@H](N)C(=O)O,[H]/N=C(\N)NCCC[C@H]([NH3+])C(=O)O
CC([O-])=N[C@@H](CO)C(O)=N[C@H](CC(=O)O)C(O)=N[C@@H](CCCCN)C(=O)N1CCC[C@H]1C(=O)O,NC(CCCC[NH3+])C(=O)N1CCCC1C(=O)O
C[C@]12CC[C@@H]3c4ccc(O)cc4CC[C@H]3[C@@H]1CC[C@@H]2O,C[C@@]12CCC3c4ccc(OS(=O)(=O)O)cc4CCC3C1CC[C@H]2O
CCCCCCCCCCCCCCCCCCC(=O)SCCN=C([O-])CCN=C([O-])[C@H](O)C(C)(C)COP(=O)(O)OP(=O)(O)OC[C@H]1O[C@@H](n2cnc3c(N)ncnc32)[C@H](O)[C@@H]1OP(=O)([O-])[O-],CCCCCCCCCCCCCCCCCCC(=O)O[C@@H]1CC[C@]2(C)C(=CCC3C2CC[C@]2(C)C3CCC2[C@@H](C)CCCC(C)C)C1
O=P([O-])([O-])O[C@@H]1C[C@H](O)[C@H](CO)O1,O=P([O-])([O-])OC[C@@H]1OC(O)C[C@@H]1O
CC(C)(COP(=O)(O)OP(=O)(O)OC[C@H]1O[C@@H](n2cnc3c(N)ncnc32)[C@H](O)[C@@H]1OP(=O)([O-])[O-])[C@@H](O)C([O-])=NCCC([O-])=NCCS,CCCCCCCCCC/C=C\CCCCCCCCCC(=O)SCCN=C([O-])CCN=C([O-])[C@@H](O)C(C)(C)COP(=O)(O)OP(=O)(O)OC[C@@H]1O[C@H](n2cnc3c(N)ncnc32)[C@@H](O)[C@H]1OP(=O)([O-])[O-]
CCCCC/C=C\C/C=C\C/C=C\C/C=C\CCCC(=O)O,CCCCC[C@H](O)/C=C/[C@H]1[C@H](O)CC(=O)[C@@H]1C/C=C\CCCC(=O)O
CC(C)(COP(=O)(O)OP(=O)(O)OCC1OC(n2cnc3c(N)ncnc32)C(O)C1OP(=O)(O)O)C(O)C(=O)NCCC(=O)NCCS,CCCCC/C=C\C/C=C\C/C=C\CCCCC(=O)SCCNC(=O)CCNC(=O)C(O)C(C)(C)COP(=O)(O)OP(=O)(O)OCC1OC(n2cnc3c(N)ncnc32)C(O)C1OP(=O)(O)O
CC(C)CCCC(C)CC[C@@H](O)[C@H](C)C(=O)SCCN=C([O-])CCN=C([O-])C(O)C(C)(C)COP(=O)(O)OP(=O)(O)OCC1O[C@H](n2cnc3c(N)ncnc32)C(O)C1OP(=O)([O-])[O-],CC(C)CCCC(C)CCC(=O)[C@H](C)C(=O)SCCN=C([O-])CCN=C([O-])C(O)C(C)(C)COP(=O)(O)OP(=O)(O)OCC1O[C@H](n2cnc3c(N)ncnc32)C(O)C1OP(=O)([O-])[O-]
NCC([O-])=NC1O[C@@H](COP(=O)(O)O)[C@H](O)[C@@H]1O,O=P(O)(O)OC[C@@H]1OC(N=C([O-])CN=C[O-])[C@@H](O)[C@H]1O
CC(C)(C)NCC(O)c1ccc(O)c(CO)c1,CC(C)(C)NCC(O)c1ccc(OS(=O)(=O)O)c(CO)c1
C/C1=C2/N=C(/C=C3\N=C(/C(C)=C4/C(CCC(=O)O)C(C)(CC(N)=O)C(C)(C5N=C1C(C)(CCC(=O)O)C5CC(=O)O)N4[Co])C(C)(CC(N)=O)C3CCC(=O)O)C(C)(C)C2CCC(=O)O,C/C1=C2/N=C(/C=C3\N=C(/C(C)=C4/C(CCC(=O)O)C(C)(CC(N)=O)C(C)(C5N=C1C(C)(CCC(=O)O)C5CC(=O)O)N4[Co]CC1OC(n4cnc5c(N)ncnc54)C(O)C1O)C(C)(CC(N)=O)C3CCC(=O)O)C(C)(C)C2CCC(=O)O
Cc1c(C)c2c(c(C)c1O)CC[C@@](C)(CCC[C@H](C)CCC[C@H](C)CCCC(C)CO)O2,Cc1c(C)c2c(c(C)c1[O-])CC[C@](C)(CCC[C@@H](C)CCC[C@@H](C)CCCC(C)C(=O)O)O2
CCCCC/C=C\C/C=C\C=C\C=C\[C@@H]1O[C@H]1CCCC(=O)[O-],CCCCC/C=C\C/C=C\C=C\C=C\[C@@H](SC[C@H](NC(=O)CC[C@H]([NH3+])C(=O)[O-])C(=O)NCC(=O)[O-])[C@@H](O)CCCC(=O)[O-]
C[C@H]1CNCCc2ccc(Cl)cc21,CC1CN(S(=O)(=O)O)CCc2ccc(Cl)cc21
COC[C@@H](O)COP(=O)(O)OCC[N+](C)(C)C,COC[C@H](COP(=O)(O)OCC[N+](C)(C)C)OC(C)=O
c1ccc2c(c1)cc1ccc3cccc4c5ccccc5c2c1c34,C1=CC2OC2c2cc3ccc4cccc5c6ccccc6c(c21)c3c45
O=C(O)/C=C(/CC(=O)O)C(=O)O,O=C(O)CC(O)(CC(=O)O)C(=O)O
COc1cc(CC=O)ccc1O,COc1cc(CC(=O)O)ccc1[O-]
CCCCCCCCCCCCC(=O)SCCNC(O)CCNC(O)C(O)C(C)(C)COP(C)(=O)OP(C)(=O)OCC1OC(n2cnc3c(N)ncnc32)C(O)C1OP(C)(C)=O,CCCCCCCCCCC=CC(=O)SCCNC(O)CCNC(O)C(O)C(C)(C)COP(C)(=O)OP(C)(=O)OCC1OC(n2cnc3c(N)ncnc32)C(O)C1OP(C)(C)=O
[NH3+][C@@H](CCC(=O)N[C@@H](CSN=O)C(=O)NCC(=O)[O-])C(=O)[O-],[NH3+][C@@H](CCC(=O)N[C@@H](CSNO)C(=O)NCC(=O)[O-])C(=O)[O-]
O=P([O-])([O-])OC[C@H]1OC(O)(COP(=O)([O-])[O-])[C@@H](O)[C@@H]1O,O=CC(O)COP(=O)([O-])[O-]
CCC=CC[C@H](O)C=CC=CC=CC=CC1OC1CC=CCCC(=O)[O-],CCC=CC[C@H](O)[C@H](O)C=CC=CC=CC=C[C@@H](O)CC=CCCC(=O)[O-]
O=C1CC=CCC1,O=C1C=CCCC1
CCCCCCCCCCCCCC=C[C@@H](O)[C@H](CO[C@H]1O[C@H](CO)[C@@H](O[C@H]2O[C@H](CO)[C@H](O[C@H]3O[C@H](CO)[C@H](O)[C@H](O[C@H]4O[C@H](CO)[C@H](O)[C@H](O[C@]5(C(=O)[O-])C[C@H](O)[C@@H](NC(C)=O)[C@H]([C@H](O)[C@@H](CO)O[C@]6(C(=O)[O-])C[C@H](O)[C@@H](NC(C)=O)[C@H]([C@H](O)[C@H](O)CO)O6)O5)[C@H]4O)[C@H]3NC(C)=O)[C@H](O[C@]3(C(=O)[O-])C[C@H](O)[C@@H](NC(C)=O)[C@H]([C@H](O)[C@@H](CO)O[C@]4(C(=O)[O-])C[C@H](O)[C@@H](NC(C)=O)[C@H]([C@H](O)[C@@H](CO)O[C@]5(C(=O)[O-])C[C@H](O)[C@@H](NC(C)=O)[C@H]([C@H](O)[C@H](O)CO)O5)O4)O3)[C@H]2O)[C@H](O)[C@H]1O)NC(C)=O,CCCCCCCCCCCCCC=C[C@@H](O)[C@H](CO[C@H]1O[C@H](CO)[C@@H](O[C@H]2O[C@H](CO)[C@H](O[C@H]3O[C@H](CO)[C@H](O)[C@H](O[C@H]4O[C@H](CO)[C@H](O)[C@H](O[C@]5(C(=O)[O-])C[C@H](O)[C@@H](NC(C)=O)[C@H]([C@H](O)[C@H](O)CO)O5)[C@H]4O)[C@H]3NC(C)=O)[C@H](O[C@]3(C(=O)[O-])C[C@H](O)[C@@H](NC(C)=O)[C@H]([C@H](O)[C@@H](CO)O[C@]4(C(=O)[O-])C[C@H](O)[C@@H](NC(C)=O)[C@H]([C@H](O)[C@@H](CO)O[C@]5(C(=O)[O-])C[C@H](O)[C@@H](NC(C)=O)[C@H]([C@H](O)[C@H](O)CO)O5)O4)O3)[C@H]2O)[C@H](O)[C@H]1O)NC(C)=O
CCCCCCCCCCCCCC=C[C@@H](O)[C@H](CO[C@H]1O[C@H](CO)[C@@H](O[C@H]2O[C@H](CO)[C@H](O)[C@H](O[C@H]3O[C@H](CO)[C@@H](O[C@H]4O[C@H](CO)[C@H](O)[C@H](O[C@H]5O[C@H](CO)[C@@H](O[C@H]6O[C@H](CO)[C@H](O)[C@H](O[C@H]7O[C@H](CO)[C@@H](O[C@H]8O[C@H](CO)[C@H](O)[C@H](O)[C@H]8O)[C@H](O)[C@H]7NC(C)=O)[C@H]6O)[C@H](O)[C@H]5NC(C)=O)[C@H]4O)[C@H](O)[C@H]3NC(C)=O)[C@H]2O)[C@H](O)[C@H]1O)NC(C)=O,CCCCCCCCCCCCCC=C[C@@H](O)[C@H](CO[C@H]1O[C@H](CO)[C@@H](O[C@H]2O[C@H](CO)[C@H](O)[C@H](O[C@H]3O[C@H](CO)[C@@H](O[C@H]4O[C@H](CO)[C@H](O)[C@H](O[C@H]5O[C@H](CO)[C@@H](O[C@H]6O[C@H](CO)[C@H](O)[C@H](O[C@H]7O[C@H](CO)[C@@H](O[C@H]8O[C@H](CO)[C@H](O)[C@H](O[C@]9(C(=O)[O-])C[C@H](O)[C@@H](NC(C)=O)[C@H]([C@H](O)[C@H](O)CO)O9)[C@H]8O)[C@H](O)[C@H]7NC(C)=O)[C@H]6O)[C@H](O)[C@H]5NC(C)=O)[C@H]4O)[C@H](O)[C@H]3NC(C)=O)[C@H]2O)[C@H](O)[C@H]1O)NC(C)=O
CC(=O)CC[C@H](NC(=O)c1ccc(N(C=O)C[C@@H]2CNc3nc(N)[nH]c(=O)c3N2)cc1)C(=O)[O-],CC(=O)CC[C@H](NC(=O)c1ccc(N2C=[N+]3c4c(nc(N)[nH]c4=O)NC[C@H]3C2)cc1)C(=O)[O-]
CCCCCCCC/C=C\CCCC(=O)SCCN=C([O-])CCN=C([O-])[C@H](O)C(C)(C)COP(=O)(O)OP(=O)(O)OC[C@H]1O[C@@H](n2cnc3c(N)ncnc32)[C@H](O)[C@@H]1OP(=O)([O-])[O-],CCCCCCCC/C=C\C/C=C/C(=O)SCCN=C([O-])CCN=C([O-])[C@H](O)C(C)(C)COP(=O)(O)OP(=O)(O)OC[C@H]1O[C@@H](n2cnc3c(N)ncnc32)[C@H](O)[C@@H]1OP(=O)([O-])[O-]
N[C@@H](CSC1=CC(C[C@@H](N)C(=O)O)=CC(=O)C1=O)C(=O)O,N[C@H](CC1=CC(=O)C2=N[C@@H](C(=O)O)CSC2=C1)C(=O)[O-]
C/C=C\OCC(COP(=O)(O)OCCN)OC(C)=O,C/C=C/OCC(COP(=O)(O)O)OC(C)=O
Nc1nc(=S)c2ncn(C3OC(COP(=O)(O)O)C(O)C3O)c2[nH]1,O=c1[nH]c(=S)c2ncn(C3OC(COP(=O)(O)O)C(O)C3O)c2[nH]1
CCCCCC(=O)SC,CCCCCC(=O)CC(=O)SC
CC(C)=CCC/C(C)=C/CC1=C(C)C(=O)c2ccccc2C1=O,CC(C)=CCC/C(C)=C/CC12OC1(C)C(=O)c1ccccc1C2=O
COc1cc([C@@H]2c3cc4c(cc3[C@@H](O[C@@H]3O[C@@H]5COC(c6cccs6)O[C@H]5[C@H](O)[C@H]3O)[C@H]3COC(=O)[C@H]23)OCO4)cc(O)c1O,COC1=CC([C@@H]2c3cc4c(cc3[C@@H](O[C@@H]3O[C@@H]5COC(c6cccs6)O[C@H]5[C@H](O)[C@H]3O)[C@H]3COC(=O)[C@H]23)OCO4)=CC(=O)C1=O
CCC(O)CC,CCC(=O)CC
C[C@H]([NH3+])C(=O)[O-],C[C@@H]([NH3+])C(=O)[O-]
O=C(O)CCC/C=C\C[C@H]1[C@@H](O)C[C@@H](O)[C@@H]1CC[C@@H](O)CCc1ccccc1,O=C(O)CC[C@H]1[C@@H](O)C[C@@H](O)[C@@H]1CC[C@@H](O)CCc1ccccc1
CC/C=C\C/C=C\C/C=C\C/C=C\C/C=C\C/C=C\CCCCC(=O)SCCNC(=O)CCNC(=O)C(O)C(C)(C)COP(=O)(O)OP(=O)(O)OCC1OC(n2cnc3c(N)ncnc32)C(O)C1OP(=O)(O)O,CC/C=C\C/C=C\C/C=C\C/C=C\C/C=C\C/C=C\CC/C=C/C(=O)SCCNC(=O)CCNC(=O)C(O)C(C)(C)COP(=O)(O)OP(=O)(O)OCC1OC(n2cnc3c(N)ncnc32)C(O)C1OP(=O)(O)O
C1CCC2C(C1)CCC1C3CCCC3CCC21,OC1CCC2CCC3C4CCCC4CCC3C2C1
CC1NC(=O)NC1=O,CC(NC(N)=O)C(=O)O
C[C@H](N)C(=O)O,CC(N)C(=O)OC1C(COP(=O)(O)OC2C(COP(=O)(O)OC3C(CO)OC(C)C3O)OC(C)C2O)OC(C)C1O
CN(C)CCC=C1c2ccccc2COc2ccccc21,C[N+](C)([O-])CC/C=C/C1C2CCCCC2COC2CCCCC21
C[C@@H](CCCC(C)(C)O)[C@@H]1CC[C@@H]2[C@H]3C(O)CC4CC(O)CC[C@@]4(C)[C@@H]3CC(O)[C@@]12C,C[C@H](CCCC(C)(O)CO)[C@H]1CC[C@H]2[C@H]3[C@H](C[C@H](O)[C@@]21C)[C@@]1(C)CC[C@@H](O)C[C@H]1C[C@H]3O
C[C@H](CCCC(C)(C)O)[C@@H]1CC[C@@H]2[C@H]3[C@H](O)C=C4C[C@@H](O)CC[C@]4(C)[C@H]3CC[C@]12C,C[C@H](CCCC(C)(C)O)[C@@H]1CC[C@@H]2[C@H]3CC=C4C[C@@H](O)CC[C@]4(C)[C@H]3CC[C@]12C
CNCC[C@H](Oc1cccc2c(O)c(O)ccc12)c1cccs1,CNCC[C@H](Oc1cccc2c(O)c(OC)ccc12)c1cccs1
CCCCCCCCCCCCCC=C[C@@H](O)[C@H](CO[C@H]1O[C@H](CO)[C@@H](O[C@H]2O[C@H](CO)[C@H](O[C@H]3O[C@H](CO)[C@H](O)[C@H](O[C@H]4O[C@H](CO)[C@H](O)[C@H](O[C@]5(C(=O)[O-])C[C@H](O)[C@@H](NC(C)=O)C([C@H](O)[C@@H](CO)O[C@]6(C(=O)[O-])C[C@H](O)[C@@H](NC(C)=O)C([C@H](O)[C@H](O)CO)O6)O5)[C@H]4O)[C@H]3NC(C)=O)[C@H](O)[C@H]2O)[C@H](O)[C@H]1O)NC(C)=O,CCCCCCCCCCCCCC=C[C@@H](O)[C@H](CO[C@H]1O[C@H](CO)[C@@H](O[C@H]2O[C@H](CO)[C@H](O[C@H]3O[C@H](CO)[C@H](O)[C@H](O[C@H]4O[C@H](CO)[C@H](O)[C@H](O[C@]5(C(=O)[O-])C[C@H](O)[C@@H](NC(C)=O)C([C@H](O)[C@H](O)CO)O5)[C@H]4O)[C@H]3NC(C)=O)[C@H](O)[C@H]2O)[C@H](O)[C@H]1O)NC(C)=O
CC([NH2+]C(C)(C)C)C(=O)c1cccc(Cl)c1,CC([NH2+]C(C)(C)CO)C(=O)c1cccc(Cl)c1
CO,COS(=O)(=O)O
O=P1(N(CCCl)CCCl)NCCCO1,O=P1(NCCCl)NCCCO1
C=C(C)CCOP(=O)([O-])OP(=O)([O-])[O-],CC(C)=CCC/C(C)=C/COP(=O)([O-])OP(=O)([O-])[O-]
Nc1nc(N)c2nc(-c3ccc(O)cc3)c(N)nc2n1,Nc1nc(N)c2nc(-c3ccc(OS(=O)(=O)O)cc3)c(N)nc2n1
CCC(C)=O,CCC(=O)CC(=O)[O-]
CC(=O)SCCNC(=O)CCNC(=O)C(O)C(C)(C)COP(=O)([O-])OP(=O)([O-])OCC1OC(n2cnc3c(N)ncnc32)C(O)C1OP(=O)([O-])[O-],CCCCCCCC(=O)CC(=O)SCCNC(=O)CCNC(=O)C(O)C(C)(C)COP(=O)([O-])OP(=O)([O-])OCC1OC(n2cnc3c(N)ncnc32)C(O)C1OP(=O)([O-])[O-]
CN1CCN(c2ccc(C(=O)Nc3n[nH]c4ccc(Cc5cc(F)cc(F)c5)cc34)c(NC3CCOCC3)c2)CC1,C[N+]1([O-])CCN(c2ccc(C(=O)Nc3n[nH]c4ccc(Cc5cc(F)cc(F)c5)cc34)c(NC3CCOCC3)c2)CC1
COc1cc2c(cc1OC)C(=O)C(CC1CCN(Cc3ccccc3)CC1)C2,COc1cc2c(cc1OC)C(=O)C(CC1CCNCC1)C2
CCC=CCC=CCC=CCC=CC=CC(CCCC(=O)[O-])OO,CC/C=C\C/C=C\C/C=C\C/C=C\C=C\C(O)CCCC(=O)[O-]
Cc1cn([C@H]2C[C@H](O)[C@@H](COP(=O)([O-])OP(=O)([O-])[O-])O2)c(=O)[nH]c1=O,Cc1cn([C@H]2C[C@H](O)[C@@H](COP(=O)([O-])OP(=O)([O-])OP(=O)([O-])[O-])O2)c(=O)[nH]c1=O
COS(=O)OC,COS(=O)(=O)OC
CC1=C(/C=C/C(C)=C/C=C/C(C)=C/c2cc(/C=C/C=C(C)/C=C/C3=C(C)CCCC3(C)C)cc[n+]2CCO)C(C)(C)CCC1,CC1=C(C=C/C(C)=C/C=C\C(C)=C/c2cc(/C=C/C=C(C)/C=C/C3=C(C)CCCC3(C)C)cc[n+]2CCO)C(C)(C)CCC1
CC1=C(/C=C/C(C)=C/C=C/C2(C)OC2CO)C(C)(C)CCC1,CC1=C(/C=C/C(C)=C/C=C/C(C)(O)C(O)CO)C(C)(C)CCC1
COc1ccc2cc(CCC(C)=O)ccc2c1,COc1ccc2cc(CC(=O)O)ccc2c1
CC(=O)C1CCC2C3CCC4=CC(=O)CCC4(C)C3CCC12C,CC(=O)[C@H]1CCC2C3CCC4CC(=O)CC[C@]4(C)C3CC[C@@]21C
C[C@]12CC[C@H]3[C@@H](CC=C4C[C@@H](O)CC[C@@]43C)[C@@H]1CC=C2c1cccnc1,CC12CCC(OS(=O)(=O)O)CC1=CCC1C2CCC2(C)C(c3ccc[n+]([O-])c3)=CCC12
CC(CO)CCC[C@H](C)[C@@H]1CC[C@@H]2[C@H]3[C@@H](O)C[C@H]4C[C@@H](O)CC[C@@]4(C)[C@@H]3CC[C@@]12C,CC(C=O)CCC[C@H](C)[C@@H]1CC[C@@H]2[C@H]3[C@@H](O)C[C@H]4C[C@@H](O)CC[C@@]4(C)[C@@H]3CC[C@@]12C
OC1C=Cc2c(cc3ccc4cccc5ccc2c3c45)C1O,OC1c2cc3ccc4cccc5ccc(c2C2OC2C1O)c3c45
CCCCCCCCCCCCCCCCCCCC(=O)CC(=O)SCCN=C([O-])CCN=C([O-])[C@@H](O)C(C)(C)COP(=O)(O)OP(=O)(O)OC[C@@H]1O[C@H](n2cnc3c(N)ncnc32)[C@@H](O)[C@H]1OP(=O)([O-])[O-],CCCCCCCCCCCCCCCCCCCC(O)CC(=O)SCCN=C([O-])CCN=C([O-])[C@@H](O)C(C)(C)COP(=O)(O)OP(=O)(O)OC[C@@H]1O[C@H](n2cnc3c(N)ncnc32)[C@@H](O)[C@H]1OP(=O)([O-])[O-]
CC1=C(C)C(=O)C(C)=C(C)C1=O,Cc1c(C)c(O)c(C)c(C)c1O
O=C(OOC(=O)c1ccccc1)c1ccccc1,O=C([O-])c1ccccc1
CC(C)(COP(=O)(O)OP(=O)(O)OC[C@H]1O[C@@H](n2cnc3c(N)ncnc32)[C@H](O)[C@@H]1OP(=O)([O-])[O-])[C@@H](O)C([O-])=NCCC([O-])=NCCSC(=O)CC(=O)[O-],CCCCC/C=C\CC=CC/C=C\CCCCCCC(=O)CC(=O)SCCN=C([O-])CCN=C([O-])[C@H](O)C(C)(C)COP(=O)(O)OP(=O)(O)OC[C@@H]1O[C@H](n2cnc3c(N)ncnc32)[C@H](O)[C@@H]1OP(=O)([O-])[O-]
C[C@]12CC[C@H]3[C@@H](CCC4=CC(=O)CC[C@@]43C)[C@@H]1CC[C@@H]2O,C[C@]12CCC(=O)C[C@@H]1CC[C@@H]1[C@@H]2CC[C@]2(C)[C@@H](OS(=O)(=O)O)CC[C@@H]12
CNCCOP(=O)(O)OCC(COC(C)=O)OC(C)=O,CC(=O)OCC(COP(=O)([O-])OCCN(C)C)OC(C)=O
O=c1[nH]cc(F)c(=O)[nH]1,O=c1[nH]c(=O)n(C2CC(O)C(CO)O2)cc1F
CCCCC/C=C\C/C=C\C/C=C\CC=CCCCC(=O)[O-],CC[C@@H](O)CC/C=C\C/C=C\C/C=C\C/C=C\CCCC(=O)[O-]
COC[C@H](COP(=O)(O)OCC[N+](C)(C)C)OC(C)=O,COC[C@@H](O)COP(=O)(O)OCC[N+](C)(C)C
CC1(C)Cc2c(-c3ccccc3)c(-c3ccc(Cl)cc3)c(CC(=O)O)n2C1,CC1(C)Cc2c(-c3ccccc3)c(-c3ccc(Cl)c(O)c3)c(CC(=O)O)n2C1
NC(=C/C=C/C=O)C(=O)[O-],[NH3+]C(=CC=CC(=O)[O-])C(=O)[O-]
OC[C@H]1O[C@H](OC2C(OC[C@H]3O[C@@H](O[C@H]4[C@@H](COC5OCC(O)[C@H](O)C5O[C@H]5O[C@H](CO)[C@H](O)[C@H](O)[C@H]5O)O[C@@H](O[C@H]5[C@@H](CO)O[C@@H](O)[C@H](O)[C@H]5O)[C@H](O)[C@H]4O)[C@H](O)[C@@H](O)[C@H]3O[C@@H]3O[C@@H](COC4OCC(O)[C@H](O)C4O)[C@@H](O)[C@H](O)[C@H]3O)OCC(O)[C@@H]2O)[C@H](O)[C@@H](O)[C@H]1O,OC[C@H]1O[C@@H](O)[C@H](O)[C@@H](O)[C@H]1O[C@@H]1O[C@H](COC2OCC(O)[C@H](O)C2O)[C@H](O[C@@H]2O[C@H](COC3OCC(O)[C@H](O)C3O)[C@H](O[C@@H]3O[C@@H](COC4OCC(O)[C@H](O)C4O)[C@@H](O)[C@H](O)[C@H]3O)[C@H](O)[C@H]2O)[C@H](O)[C@H]1O
NC=S,NC=[SH][O-]
CC/C=C\C/C=C\C/C=C\C[C@@H]1C2CC(OO2)[C@H]1C=CC(CCC(=O)[O-])OO,CC/C=C\C/C=C\C/C=C\C[C@@H]1C(O)CC(=O)[C@@H]1/C=C/[C@H](O)CCC(=O)[O-]
NC(=O)NC(NC(N)=O)C(=O)O,NC(=O)NC(O)C(=O)O
CC(C)=CCC[C@@H](C)[C@@H]1CC[C@@H]2C3=C(CC[C@@]21C)[C@@]1(C)CCC(=O)C[C@H]1CC3,CC(C)=CCC[C@@H](C)[C@@H]1CC[C@@H]2C3=C(CC[C@@]21C)[C@@]1(C)CC[C@H](O)C[C@H]1CC3
CCCCCCC(=O)SCCN=C([O-])CCN=C([O-])[C@H](O)C(C)(C)COP(=O)(O)OP(=O)(O)OC[C@H]1O[C@@H](n2cnc3c(N)ncnc32)[C@H](O)[C@@H]1OP(=O)([O-])[O-],CCCC/C=C/C(=O)SCCN=C([O-])CCN=C([O-])[C@H](O)C(C)(C)COP(=O)(O)OP(=O)(O)OC[C@H]1O[C@@H](n2cnc3c(N)ncnc32)[C@H](O)[C@@H]1OP(=O)([O-])[O-]
CN1CCN2c3ccccc3Cc3ccccc3C2C1,CN1CCN2c3cc(O)ccc3Cc3ccccc3[C@@H]2C1
[NH3+]CCCC(=O)[O-],O=CCCC(=O)[O-]
Nc1nc2c(ncn2C2CC(O)C(COP(=O)(O)OP(=O)(O)OP(=O)(O)O)O2)c(=O)[nH]1,CC1CC(O)C(COP(=O)(O)OC2CC(C)OC2COP(=O)(O)OC2CC(C)OC2CO)O1
C=CC(=O)N1CCC[C@@H](n2nc(-c3ccc(Oc4ccccc4)cc3)c3c(N)ncnc32)C1,C=CC(=O)NC[C@@H](CCCO)n1nc(-c2ccc(Oc3ccccc3)cc2)c2c(N)ncnc21
CC(C)(COP(=O)(O)OP(=O)(O)OC[C@H]1O[C@@H](n2cnc3c(N)ncnc32)[C@H](O)[C@@H]1OP(=O)([O-])[O-])[C@@H](O)C([O-])=NCCC([O-])=NCCS,CC(C)CC(=O)SCCN=C([O-])CCN=C([O-])[C@@H](O)C(C)(C)COP(=O)(O)OP(=O)(O)OC[C@@H]1O[C@H](n2cnc3c(N)ncnc32)[C@@H](O)[C@H]1OP(=O)([O-])[O-]
O=C([O-])[C@H](O)Cc1ccc(O)cc1,O=C([O-])C(=O)Cc1ccc(O)cc1
NC(C[SeH])C(=O)O,C[Se](=O)CC(N)C(=O)O
c1ncc2[nH]cnc2n1,OCC1OC(n2cnc3cncnc32)C(O)C1O
CC(C=CC1=C(C)CCCC1(C)C)=CC=CC(C)=CCO,CC1=C(/C=C/C(C)=C/C=C/C(C)=C\CO)C(C)(C)CCC1
O=P(O)(O)OC1C(O)C(O)C(O)C(O)C1O,O=P(O)(O)OC1C(O)C(O)C(O)C(O)C1OP(=O)(O)O
[NH3+]CC(=O)[O-],O=CC(=O)[O-]
CC(C(=O)CC[C@@H](C)C1CCC2C3C(C[C@H](O)[C@@]21C)[C@@]1(C)CC[C@@H](O)CC1C[C@H]3O)C(=O)SCCNC(=O)CCNC(=O)[C@H](O)C(C)(C)COP(=O)(O)OP(=O)(O)OC[C@H]1O[C@@H](n2cnc3c(N)ncnc32)[C@H](O)[C@@H]1OP(=O)(O)O,CC(C(=O)SCCNC(=O)CCNC(=O)[C@H](O)C(C)(C)COP(=O)(O)OP(=O)(O)OC[C@H]1O[C@@H](n2cnc3c(N)ncnc32)[C@H](O)[C@@H]1OP(=O)(O)O)C(O)CC[C@@H](C)C1CCC2C3C(C[C@H](O)[C@@]21C)[C@@]1(C)CC[C@@H](O)CC1C[C@H]3O
O=c1nc([O-])ccn1[C@H]1C[C@H](O)[C@@H](COP(=O)([O-])OP(=O)(O)OP(=O)([O-])[O-])O1,O=c1nc([O-])ccn1[C@H]1C[C@H](O)[C@@H](COP(=O)(O)OP(=O)([O-])[O-])O1
CCOC(=O)[C@H](CCc1ccccc1)N[C@@H](C)C(=O)N1[C@H](C(=O)O)C[C@H]2CCCC[C@@H]21,C[C@H](N[C@@H](CCc1ccccc1)C(=O)O)C(=O)N1[C@H](C(=O)O)C[C@H]2CCCC[C@@H]21
CC1OC(COP(=O)(O)OC2C(COP(=O)(O)OC3C(CO)OC(C)C3O)OC(C)C2O)C(O)C1O,CC1OC(COP(=O)(O)OC2C(COP(=O)(O)OC3C(CO)OC(C)C3O)OC(C)C2O)C(OC(=O)C(N)CO)C1O
Cc1nnc2n1-c1ccc(Cl)cc1C(c1ccccc1)=NC2,OCc1nnc2n1-c1ccccc1C(c1ccccc1)=NC2O
COc1ccc(NC(=O)c2ccc(C(=N)N(C)C)cc2)c(C(=O)Nc2ccc(Cl)cn2)c1,CN(C)C(=N)c1ccc(C(=O)O)cc1
COc1ccc(N)c(C(=O)Nc2ccc(Cl)cn2)c1,Nc1ccc(O)cc1C(=O)Nc1ccc(Cl)cn1
CC1OC(CO)C(OP(=O)(O)OCC2OC(C)C(O)C2OP(=O)(O)OCC2OC(n3ccc(N)nc3=O)C(O)C2OP(=O)(O)OCC2OC(n3ccc(N)nc3=O)C(O)C2O)C1O,CC1OC(CO)C(OP(=O)(O)OCC2OC(C)C(O)C2OP(=O)(O)OCC2OC(n3ccc(N)nc3=O)C(O)C2OP(=O)(O)OCC2OC(n3ccc(N)nc3=O)C(O)C2OP(=O)(O)OCC2OC(n3cnc4c(N)ncnc43)C(O)C2O)C1O
CC(=O)CC[C@H](NC(=O)c1ccc(NC[C@@H]2CNc3nc(N)[nH]c(=O)c3N2)cc1)C(=O)[O-],CC(=O)CC[C@H](NC(=O)c1ccc(NC[C@H]2CNc3nc(N)[nH]c(=O)c3N2C)cc1)C(=O)[O-]
Cc1cc2nc3c(=O)[nH]c(=O)nc-3n(CC(O)C(O)C(O)COP(=O)([O-])OP(=O)([O-])OCC3OC(n4cnc5c(N)ncnc54)C(O)C3O)c2cc1C,Nc1ncnc2c1ncn2C1OC(COP(=O)([O-])[O-])C(O)C1O
Cc1ncc(COP(=O)(O)O)c(CN)c1[O-],Cc1ncc(CO)c(C[NH3+])c1O
CCCCC/C=C\CC(O)CC/C=C/C(=O)[O-],CCCCC/C=C\CC(O)CCC(O)CC(=O)[O-]
CCCCC/C=C\C/C=C\C/C=C\C/C=C\CCCC(O)=NCCO,CCCCC/C=C\C/C=C\C/C=C\CC=CCCCC(=O)[O-]
CCCCC/C=C\CC(=O)C=C/C=C/C=C\[C@@H](O)CCCC(=O)[O-],CCCCC/C=C\CC(=O)C/C=C/C=C/[C@@H](SC[C@H](N=C([O-])CC[C@H](N)C(=O)O)C(O)=NCC(=O)O)[C@@H](O)CCCC(=O)[O-]
CCCCCCCCCCCCCC=C[C@@H](O)[C@H](CO)NC(C)=O,CCCCCCCCCCCCC/C=C/[C@@H](O)[C@H](COP(=O)([O-])[O-])NC(C)=O
CCN(CC)C(=O)N1CCN(C)CC1,CCN(CC)C(=O)N1CC[N+](C)([O-])CC1
C=C(CC)C(=O)c1ccc(OCC(=O)SC[C@H](N=C([O-])CC[C@H](N)C(=O)O)C(O)=NCC(=O)[O-])c(Cl)c1Cl,CCCCC/C=C\C/C=C\C=C\C=C\[C@@H](SC[C@H](N=C([O-])CC[C@H](N)C(=O)O)C(O)=NCC(=O)O)[C@@H](O)CCCC(=O)[O-]
O=c1c(-c2ccccc2)coc2cc(O)ccc12,O=C(O)C1OC(Oc2ccc3c(=O)c(-c4ccccc4)coc3c2)C(O)C(O)C1O
C[C@]12CC[C@H]3[C@@H](CCC4=CC(=O)CC[C@@]43C)[C@@H]1CC[C@@H]2C(=O)CO,C[C@]12CCC(=O)C=C1CC[C@@H]1[C@@H]2[C@@H](O)C[C@]2(C=O)[C@@H](C(=O)CO)CC[C@@H]12
C=C1CC[C@@]2(O)[C@H]3Cc4ccc(O)c5c4[C@@]2(CCN3CC2CC2)[C@H]1O5,C=C1CC[C@@]2(O)[C@H]3Cc4ccc(OS(=O)(=O)O)c5c4[C@@]2(CCN3CC2CC2)[C@H]1O5
O=C(c1ccccc1)c1ccc2n1CCC2C(=O)O,O=C(c1ccc(O)cc1)c1ccc2n1CCC2C(=O)O
Nc1ncnc2c1ncn2[C@H]1C[C@H](O)[C@H](COP(=O)([O-])OP(=O)([O-])[O-])O1,Nc1ncnc2c1ncn2[C@H]1C[C@H](O)[C@H](COP(=O)([O-])OP(=O)([O-])OP(=O)([O-])[O-])O1
C[C@]12CCC(=O)C=C1CC[C@@H]1[C@@H]2[C@@H](O)C[C@]2(C=O)[C@@H](C(=O)CO)CC[C@@H]12,C[C@]12CCC(=O)C=C1CCC1C3CC[C@H](C(=O)CO)C34C[C@@H](OC4O[C@@H]3O[C@H](C(=O)O)[C@@H](O)[C@H](O)[C@H]3O)C12
Nc1nc2c(ncn2[C@@H]2OC3COP(=O)([O-])OC3C2O)c(=O)[nH]1,Nc1nc2c(ncn2[C@@H]2O[C@H](COP(=O)([O-])[O-])C(O)C2O)c(=O)[nH]1
CC[C@@H](O)C=CC=CCC=CCC=CC=C[C@H](CCCC(=O)[O-])OO,CC[C@@H](O)C=CC=CCC=CCC=CCC=CCCCC(=O)[O-]
CC(C)(COP(=O)([O-])OP(=O)([O-])OC[C@@H]1O[C@@H](n2cnc3c(N)ncnc32)[C@H](O)[C@@H]1OP(=O)([O-])[O-])[C@@H](O)C(=O)NCCC(=O)NCCS,CCC=CCC=CCC=CCC=CCC=CCCCC(=O)SCCNC(=O)CCNC(=O)[C@H](O)C(C)(C)COP(=O)([O-])OP(=O)([O-])OC[C@@H]1O[C@@H](n2cnc3c(N)ncnc32)[C@H](O)[C@@H]1OP(=O)([O-])[O-]
CCCCCCCCCCCCCC=C[C@@H](O)[C@H](COP(=O)([O-])OCC[N+](C)(C)C)NC(C)=O,CCCCCCCCCCCCCC=C[C@@H](O)[C@@H]([NH3+])COP(=O)([O-])OCC[N+](C)(C)C
CCCCC/C=C\C[C@H](O)/C=C/C=C/C(=O)[O-],CCCCC/C=C\CC(O)CC/C=C/C(=O)[O-]
O=C([O-])C(=O)COP(=O)([O-])[O-],O=C([O-])[C@H](O)COP(=O)([O-])[O-]
Nc1nc2c(ncn2[C@@H]2O[C@@H](CO)[C@H]3OP(=O)([O-])O[C@@H]32)c(=O)[nH]1,Nc1nc2c(ncn2[C@@H]2O[C@@H](CO)[C@@H](O)[C@H]2OP(=O)([O-])[O-])c(=O)[nH]1
Cc1ncc(CO)c(C[NH3+])c1O,Cc1ncc(COP(=O)(O)O)c(CN)c1[O-]
CC([O-])=N[C@@H]1[C@@H](O)C[C@@](O)(C(=O)O)O[C@H]1[C@H](O)[C@H](O)CO,O=C(O)C1(O)C[C@H](O)[C@@H](N=C([O-])CO)[C@H]([C@H](O)[C@H](O)CO)O1
O=c1nc(O)ccn1[C@H]1C[C@H](O)[C@@H](CO)O1,O=P([O-])([O-])OC1C[C@H](O)[C@@H](CO)O1
CCCCCCCCCCCCCC=C[C@@H](O)[C@H](CO[C@H]1O[C@H](CO)[C@@H](O[C@H]2O[C@H](CO)[C@H](O)[C@H](O[C@]3(C(=O)[O-])C[C@H](O)[C@@H](NC(C)=O)[C@H]([C@H](O)[C@@H](CO)O[C@]4(C(=O)[O-])C[C@H](O)[C@@H](NC(C)=O)[C@H]([C@H](O)[C@@H](CO)O[C@]5(C(=O)[O-])C[C@H](O)[C@@H](NC(C)=O)[C@H]([C@H](O)[C@H](O)CO)O5)O4)O3)[C@H]2O)[C@H](O)[C@H]1O)NC(C)=O,CCCCCCCCCCCCCC=C[C@@H](O)[C@H](CO[C@H]1O[C@H](CO)[C@@H](O[C@H]2O[C@H](CO)[C@H](O[C@H]3O[C@H](CO)[C@H](O)[C@H](O)[C@H]3NC(C)=O)[C@H](O[C@]3(C(=O)[O-])C[C@H](O)[C@@H](NC(C)=O)[C@H]([C@H](O)[C@@H](CO)O[C@]4(C(=O)[O-])C[C@H](O)[C@@H](NC(C)=O)[C@H]([C@H](O)[C@@H](CO)O[C@]5(C(=O)[O-])C[C@H](O)[C@@H](NC(C)=O)[C@H]([C@H](O)[C@H](O)CO)O5)O4)O3)[C@H]2O)[C@H](O)[C@H]1O)NC(C)=O
C#N,NC=O
CC(C)C[C@H](N=C(O)[C@@H](C)N=C(O)[C@H](CO)N=C(O)[C@H](N)CC(C)C)C(=O)O,CC(C)C[C@@H](N)C(O)=N[C@@H](CO)C(=O)O
Nc1ncnc2c1ncn2C1OC(CO)C(O)C1O,Nc1ncnc2[nH]cnc12
CCC(=O)CC(=O)SCCNC(=O)CCNC(=O)[C@H](O)C(C)(C)COP(=O)([O-])OP(=O)([O-])OC[C@@H]1O[C@@H](n2cnc3c(N)ncnc32)[C@H](O)[C@@H]1OP(=O)([O-])[O-],CC[C@@H](O)CC(=O)SCCNC(=O)CCNC(=O)[C@H](O)C(C)(C)COP(=O)([O-])OP(=O)([O-])OC[C@@H]1O[C@@H](n2cnc3c(N)ncnc32)[C@H](O)[C@@H]1OP(=O)([O-])[O-]
O=c1ccn([C@H]2C[C@H](O)[C@@H](COP(=O)([O-])[O-])O2)c(=O)[nH]1,O=c1ccn([C@H]2C[C@H](O)[C@@H](COP(=O)([O-])OP(=O)([O-])[O-])O2)c(=O)[nH]1
CCCCCCCCCCCCC/C=C/C(O)C(COC1OC(CO)C(O)C(O)C1O)NC(C)=O,CCCCCCCCCCCCC/C=C/C(O)C(CO)NC(C)=O
NCCC(=O)O,NC(=O)NCCC(=O)O
O=CCc1ccc(O)c(O)c1,OCCc1ccc(O)c(O)c1
CCCCCCCC/C=C\CCCC(O)CC(=O)SCCN=C([O-])CCN=C([O-])C(O)C(C)(C)COP(=O)(O)OP(=O)(O)OC[C@H]1O[C@@H](n2cnc3c(N)ncnc32)[C@@H](O)[C@H]1OP(=O)([O-])[O-],CCCCCCCC/C=C\CCCC(=O)CC(=O)SCCN=C([O-])CCN=C([O-])[C@H](O)C(C)(C)COP(=O)(O)OP(=O)(O)OC[C@H]1O[C@@H](n2cnc3c(N)ncnc32)[C@H](O)[C@@H]1OP(=O)([O-])[O-]
OC(CNCC(O)C1CCc2cc(F)ccc2O1)C1CCc2cc(F)ccc2O1,OC1CC(C(O)CNCC(O)C2CCc3cc(F)ccc3O2)Oc2ccc(F)cc21
CC(C)(COP(=O)(O)OP(=O)(O)OC[C@H]1O[C@@H](n2cnc3c(N)ncnc32)[C@H](O)[C@@H]1OP(=O)([O-])[O-])[C@@H](O)C([O-])=NCCC([O-])=NCCS,CC(C)CCCC(C)CCCC(C)C(=O)SCCN=C([O-])CCN=C([O-])[C@H](O)C(C)(C)COP(=O)(O)OP(=O)(O)OC[C@H]1O[C@@H](n2cnc3c(N)ncnc32)[C@H](O)[C@@H]1OP(=O)([O-])[O-]
CCCCCCCCCC/C=C\CCCCCCCC(=O)CC(=O)SCCN=C([O-])CCN=C([O-])[C@H](O)C(C)(C)COP(=O)(O)OP(=O)(O)OC[C@H]1O[C@@H](n2cnc3c(N)ncnc32)[C@H](O)[C@@H]1OP(=O)([O-])[O-],CCCCCCCCCC/C=C\CCCCCCC[C@H](O)CC(=O)SCCN=C([O-])CCN=C([O-])[C@H](O)C(C)(C)COP(=O)(O)OP(=O)(O)OC[C@H]1O[C@@H](n2cnc3c(N)ncnc32)[C@H](O)[C@@H]1OP(=O)([O-])[O-]
CCC=CCC=CCC=CCC=CCCCC[C@@H](O)CC(=O)SCCNC(=O)CCNC(=O)[C@H](O)C(C)(C)COP(=O)([O-])OP(=O)([O-])OC[C@@H]1O[C@@H](n2cnc3c(N)ncnc32)[C@H](O)[C@@H]1OP(=O)([O-])[O-],CCC=CCC=CCC=CCC=CCCCCC=CC(=O)SCCNC(=O)CCNC(=O)[C@H](O)C(C)(C)COP(=O)([O-])OP(=O)([O-])OC[C@@H]1O[C@@H](n2cnc3c(N)ncnc32)[C@H](O)[C@@H]1OP(=O)([O-])[O-]
O=C([O-])c1cccc(O)c1O,C=CCC(=O)C(=O)O
O=C([O-])CCC1NC=NC1=O,[NH2+]=CN[C@@H](CCC(=O)[O-])C(=O)[O-]
C[C@]12CC[C@H]3[C@@H](CCC4=CC(=O)CC[C@@]43C)[C@@H]1CC[C@@H]2O,C[C@]12CC[C@H]3[C@@H](CCC4=CC(=O)CC[C@@]43C)[C@@H]1[C@H](O)C[C@@H]2O
CN1c2c(nc(N)[nH]c2=O)NCC1CNc1ccc(C(=O)NC(CCC(=O)O)C(=O)O)cc1,Nc1nc2c(c(=O)[nH]1)N1CN(c3ccc(C(=O)NC(CCC(=O)O)C(=O)O)cc3)C[C@H]1CN2
CCCC(=O)CC(=O)SCCNC(=O)CCNC(=O)[C@H](O)C(C)(C)COP(=O)(O)OP(=O)(O)OC[C@H]1O[C@@H](n2cnc3c(N)ncnc32)[C@H](O)[C@@H]1OP(=O)(O)O,CCC[C@H](O)CC(=O)SCCNC(=O)CCNC(=O)[C@H](O)C(C)(C)COP(=O)(O)OP(=O)(O)OC[C@H]1O[C@@H](n2cnc3c(N)ncnc32)[C@H](O)[C@@H]1OP(=O)(O)O
C[N+](C)(C)C[C@H](O)CC(=O)[O-],CC(O)CC(=O)OC(CC(=O)[O-])C[N+](C)(C)C
CN(CCCC(=O)c1cccnc1)N=O,O=NN(CO)CCCC(=O)c1cccnc1
CCOC(=O)c1c(COCCO)nc(C)c(C(=O)OC)c1-c1ccccc1Cl,CCOC(=O)c1c(COCC(=O)O)nc(C)c(C(=O)OC)c1-c1ccccc1Cl
COc1c(C)c(OC)c2c(C)c(O)c(-c3c(C)c(C)c(C)c(C)c3C)[o+]c2c1C,Cc1c(C)c(C)c(CC(=O)O)c(C)c1C
CC1=C(/C=C/C(C)=C/C=C/C(C)=C/C(=O)O)C(C)(C)CCC1O,CC1=C(/C=C/C(C)=C/C=C/C(C)=C/C(=O)O)C(C)(C)CCC1=O
CC(C)CCC[C@@H](C)[C@@H]1CC[C@H]2C3=C(CC[C@]12C)[C@@]1(C)CC[C@H](O)C[C@H]1CC3,CC(C)CCC[C@@H](C)[C@@H]1CC[C@H]2C3=C(CC[C@]12C)[C@@]1(C)CCC(=O)C[C@H]1CC3
O=P([O-])([O-])OC[C@@H]1O[C@H](OP(=O)([O-])OP(=O)([O-])[O-])[C@H](O)[C@@H]1O,O=C[C@H](O)[C@H](O)[C@H](O)COP(=O)([O-])[O-]
CC12CCC3c4ccc(O)cc4CCC3C1CC(O)C2O,C[C@]12CCC3c4ccc(O)cc4CCC3C1C[C@@H](O)C2=O
CCC(=O)CC(=O)SCCNC(=O)CCNC(=O)[C@H](O)C(C)(C)COP(=O)([O-])OP(=O)([O-])OC[C@@H]1O[C@@H](n2cnc3c(N)ncnc32)[C@H](O)[C@@H]1OP(=O)([O-])[O-],CC[C@H](O)CC(=O)SCCNC(=O)CCNC(=O)[C@H](O)C(C)(C)COP(=O)([O-])OP(=O)([O-])OC[C@@H]1O[C@@H](n2cnc3c(N)ncnc32)[C@H](O)[C@@H]1OP(=O)([O-])[O-]
O=NO,O=[N+]([O-])[O-]
CC(C)(COP(=O)(O)OP(=O)(O)OC[C@H]1O[C@@H](n2cnc3c(N)ncnc32)[C@@H](O)[C@H]1OP(=O)([O-])O)C(O)C([O-])=NCCC([O-])=NCCSC(=O)CC=CCC/C=C\C=C\C=C\[C@@H](SC[C@@H](N)C(=O)[O-])[C@@H](O)CCCC(=O)[O-],CC(C)(COP(=O)(O)OP(=O)(O)OC[C@H]1O[C@@H](n2cnc3c(N)ncnc32)[C@@H](O)[C@H]1OP(=O)([O-])O)C(O)C([O-])=NCCC([O-])=NCCSC(=O)/C=C/CCC/C=C\C=C\C=C\[C@@H](SC[C@@H](N)C(=O)[O-])[C@@H](O)CCCC(=O)[O-]
CC(=O)CC(c1ccccc1)c1c(O)c2ccccc2oc1=O,CC(=O)C[C@H](c1ccc(O)cc1)c1c(O)c2ccccc2oc1=O
CC(=O)Nc1ccc(S(=O)(=O)Nc2cc(C)on2)cc1,CC(O)=Nc1ccc(S(=O)(=O)Nc2cc(CO)on2)cc1
CCCCCCCC/C=C\CCCCCCCCCCCC(=O)CC(=O)SCCN=C([O-])CCN=C([O-])C(O)C(C)(C)COP(=O)(O)OP(=O)(O)OCC1O[C@H](n2cnc3c(N)ncnc32)C(O)C1OP(=O)([O-])[O-],CCCCCCCC/C=C\CCCCCCCCCCCC(O)CC(=O)SCCN=C([O-])CCN=C([O-])C(O)C(C)(C)COP(=O)(O)OP(=O)(O)OCC1O[C@H](n2cnc3c(N)ncnc32)C(O)C1OP(=O)([O-])[O-]
CC(C)(COP(=O)([O-])OP(=O)([O-])OC[C@@H]1O[C@@H](n2cnc3c(N)ncnc32)[C@H](O)[C@@H]1OP(=O)([O-])[O-])[C@@H](O)C(=O)NCCC(=O)NCCS,CCC=CCC=CCC=CCC=CCC=CCC=CCCC(=O)SCCNC(=O)CCNC(=O)[C@H](O)C(C)(C)COP(=O)([O-])OP(=O)([O-])OC[C@@H]1O[C@@H](n2cnc3c(N)ncnc32)[C@H](O)[C@@H]1OP(=O)([O-])[O-]
C=CC1=C(C)/C(=C/c2[nH]c(Cc3[nH]c(/C=C4\N=C(O)C(C)=C4C=C)c(C)c3CCC(=O)[O-])c(CCC(=O)[O-])c2C)N=C1O,C=CC1=C(C)/C(=C\c2[nH]c(Cc3[nH]c(/C=C4\N=C([O-])C(C)=C4C=C)c(C)c3CCC(=O)O[C@@H]3O[C@H](C(=O)O)[C@@H](O)[C@H](O)[C@H]3O)c(CCC(=O)[O-])c2C)N=C1O
CCCC(=O)N(c1ccccc1)C1CCN(CCc2ccccc2)CC1,CC(O)CC(=O)N(c1ccccc1)C1CCN(CCc2ccccc2)CC1
Nc1nc2c(c(=O)[nH]1)N[C@@H]1C3=C(S[Mo](=O)(=S)S3)[C@H](COP(=O)([O-])[O-])O[C@H]1N2,Nc1nc2c(c(=O)[nH]1)N[C@@H]1C3=C(S[Mo](=O)(=O)S3)[C@H](COP(=O)([O-])[O-])O[C@H]1N2
CCCCCCCCCCCCC(O)CC(=O)SCCN=C([O-])CCN=C([O-])[C@H](O)C(C)(C)COP(=O)(O)OP(=O)(O)OC[C@H]1O[C@@H](n2cnc3c(N)ncnc32)[C@H](O)[C@@H]1OP(=O)([O-])[O-],CCCCCCCCCCCCC(=O)CC(=O)SCCN=C([O-])CCN=C([O-])[C@H](O)C(C)(C)COP(=O)(O)OP(=O)(O)OC[C@H]1O[C@@H](n2cnc3c(N)ncnc32)[C@H](O)[C@@H]1OP(=O)([O-])[O-]
Cc1ccc(Nc2c(F)cccc2Cl)c(CC(=O)O)c1,Cc1ccc(Nc2c(F)cccc2Cl)c(CC(=O)OC2O[C@H](C(=O)O)[C@@H](O)[C@H](O)[C@H]2O)c1
Nc1ncnc2c1ncn2C1CC(O)C(COP(=O)([O-])OP(=O)([O-])[O-])O1,Nc1ncnc2c1ncn2C1CC(O)C(COP(=O)([O-])OP(=O)([O-])OP(=O)([O-])[O-])O1
O=c1ccn([C@H]2O[C@H](CO)[C@@H]3OP(=O)([O-])O[C@H]32)c(=O)[nH]1,O=c1ccn([C@@H]2O[C@@H](CO)[C@@H](O)[C@H]2OP(=O)([O-])[O-])c(=O)[nH]1
CC(C)(COP(=O)(O)OP(=O)(O)OC[C@H]1O[C@@H](n2cnc3c(N)ncnc32)[C@H](O)[C@@H]1OP(=O)([O-])[O-])[C@@H](O)C([O-])=NCCC([O-])=NCCSC(=O)CC(=O)[O-],CC/C=C\C/C=C\C/C=C\C/C=C\CC=CCCCC(=O)CC(=O)SCCN=C([O-])CCN=C([O-])C(O)C(C)(C)COP(=O)(O)OP(=O)(O)OCC1O[C@H](n2cnc3c(N)ncnc32)C(O)C1OP(=O)([O-])[O-]
CC(=O)OCC1=C(C(=O)O)N2C(=O)[C@@H](NC(=O)CSc3ccncc3)[C@H]2SC1,O=C(CSc1ccncc1)NC1C(=O)N2C(C(=O)O)=C(CO)CSC12
O=P(O)(O)OC[C@@H]1OC(N=C([O-])CN=C[O-])[C@@H](O)[C@H]1O,[H]/N=C(\CN=C[O-])NC1O[C@@H](COP(=O)(O)O)[C@H](O)[C@@H]1O
CCCCCCCCCCCCCCCC(=O)SCCN=C([O-])CCN=C([O-])[C@H](O)C(C)(C)COP(=O)(O)OP(=O)(O)OC[C@H]1O[C@@H](n2cnc3c(N)ncnc32)[C@H](O)[C@@H]1OP(=O)([O-])[O-],CCCCCCCCCCCCC/C=C/C(=O)SCCN=C([O-])CCN=C([O-])[C@@H](O)C(C)(C)COP(=O)(O)OP(=O)(O)OC[C@@H]1O[C@H](n2cnc3c(N)ncnc32)[C@@H](O)[C@H]1OP(=O)([O-])[O-]
CN(C)CCc1c[nH]c2ccc(C[C@H]3COC(=O)N3)cc12,NCCc1c[nH]c2ccc(C[C@@H]3COC(O)=N3)cc12
CC(C)CCCC(C)CCCC(C)CCCC(C)C(=O)[O-],CC(C)CCCC(C)CCCC(C)CCCC(C)C(=O)SCCN=C([O-])CCN=C([O-])[C@H](O)C(C)(C)COP(=O)(O)OP(=O)(O)OC[C@H]1O[C@@H](n2cnc3c(N)ncnc32)[C@H](O)[C@@H]1OP(=O)([O-])[O-]
O=P([O-])(OC[C@H](O)CO)O[C@H]1[C@H](O)[C@@H](O)[C@H](O)[C@@H](O)[C@H]1O,O=P([O-])([O-])OC[C@H](O)CO
O=P([O-])([O-])OC[C@@H]1O[C@H](O)[C@@H](O)[C@@H](O)[C@@H]1O,O=P([O-])([O-])OC[C@@H]1O[C@@H](O)[C@@H](O)[C@@H](O)[C@@H]1O
Cc1c(C)c(O)c(O)c(S(=O)(=O)O)c1C,CC=C(C)C(C)C(=O)C(=O)O
N[C@@H](Cc1cc(I)c(Oc2ccc(O)c(I)c2)c(I)c1)C(=O)O,N[C@H](Cc1cc(I)c(Oc2ccc(OC3O[C@H](C(=O)O)[C@H](O)[C@H](O)[C@@H]3O)c(I)c2)c(I)c1)C(=O)[O-]
Nc1ncnc2c1ncn2C1OC(COP(=O)(O)OS(=O)(=O)O)C(OP(=O)(O)O)C1O,Nc1ncnc2c1ncn2C1OC(COP(=O)(O)O)C(OP(=O)(O)O)C1O
[H]/N=C(/O)CCCCC1CCSS1,[H]/N=C(/O)CCCCC(S)CCSC(=O)CC(C)C
COc1nc(N)nc2c1ncn2[C@@H]1O[C@H](CO)[C@@H](O)[C@@H]1O,N=c1nc(O)c2c([nH]1)N([C@@H]1O[C@H](CO)[C@@H](O)[C@@H]1O)[CH]N2
CC/C=C\CCCC(=O)SCCN=C([O-])CCN=C([O-])[C@H](O)C(C)(C)COP(=O)(O)OP(=O)(O)OC[C@H]1O[C@@H](n2cnc3c(N)ncnc32)[C@H](O)[C@@H]1OP(=O)([O-])[O-],CC/C=C/CC(=O)SCCN=C([O-])CCN=C([O-])C(O)C(C)(C)COP(=O)(O)OP(=O)(O)OC[C@H]1O[C@@H](n2cnc3c(N)ncnc32)[C@H](O)[C@@H]1OP(=O)([O-])[O-]
CC(C)C=O,CC(C)CO
C=C1CC[C@@]2(O)[C@H]3Cc4ccc(O)c5c4[C@@]2(CCN3)[C@H]1O5,C=C1CC[C@@]2(O)[C@H]3Cc4ccc(OS(=O)(=O)O)c5c4[C@@]2(CCN3)[C@H]1O5
NC(CS)C(=O)O,CC(C)=CCC/C(C)=C/CC/C(C)=C/CSCC(N)C(=O)O
Cn1cncc1CC(N)C(=O)O,Cn1cncc1CC(NC(=O)CCN)C(=O)O
CC(C)(COP(=O)([O-])OP(=O)([O-])OC[C@@H]1O[C@@H](n2cnc3c(N)ncnc32)[C@H](O)[C@@H]1OP(=O)([O-])[O-])[C@@H](O)C(=O)NCCC(=O)NCCSC(=O)CC(=O)[O-],CCCCCCCCCCCCCC(=O)CC(=O)SCCNC(=O)CCNC(=O)[C@H](O)C(C)(C)COP(=O)([O-])OP(=O)([O-])OC[C@@H]1O[C@@H](n2cnc3c(N)ncnc32)[C@H](O)[C@@H]1OP(=O)([O-])[O-]
CC(=O)CC(=O)O,CC(O)CC(=O)O
C[C@@H](CO)CCC[C@@H](C)[C@@H]1CC[C@@H]2[C@H]3[C@H](O)C=C4C[C@@H](O)CC[C@]4(C)[C@H]3CC[C@]12C,C[C@@H](CO)CCC[C@@H](C)[C@@H]1CC[C@@H]2[C@H]3CC=C4C[C@@H](O)CC[C@]4(C)[C@H]3CC[C@]12C
[NH3+]CCCC[NH2+]CCC[NH3+],[NH3+]CCC[NH3+]
OC1COC(O)C(O)C1O,O=C1OCC(O)C(O)C1O
CC(C)CCC[C@@H](C)[C@H]1CC[C@H]2C3=CC[C@H]4C[C@@H](O)CC[C@]4(C)[C@H]3CC[C@@]21C,CC(C)CCC[C@@H](C)[C@H]1CC[C@H]2C3=CC=C4C[C@@H](O)CC[C@]4(C)[C@H]3CC[C@@]21C
CCCSc1ccc2nc(NC(=O)OC)[nH]c2c1,CCCS(=O)c1ccc2nc(N=C(O)OC)[nH]c2c1
CC1=C(/C=C/C(C)=C/C=C/C(C)=C/C=O)C(C)(C)CCC1,CC1=C(/C=C/C(C)=C/C=C/C(C)=C/C=O)C(C)(C)C(O)CC1
NC(=O)N1c2ccccc2C2OC2c2ccccc21,N=C(O)N1c2ccccc2[C@H](O)[C@@H](O)c2ccccc21
Nc1ncnc2c1ncn2[C@H]1C[C@H](O)[C@@H](CO)O1,OC[C@H]1O[C@@H](n2cnc3c(O)ncnc32)C[C@@H]1O
CCOC[C@H](COP(=O)([O-])[O-])OC(C)=O,CCOC[C@H](CO)OC(C)=O
CCC=CCC=CCC=CCC=CCC=CCCCCCC=CC(=O)SCCNC(=O)CCNC(=O)[C@H](O)C(C)(C)COP(=O)([O-])OP(=O)([O-])OC[C@@H]1O[C@@H](n2cnc3c(N)ncnc32)[C@H](O)[C@@H]1OP(=O)([O-])[O-],CCC=CCC=CCC=CCC=CCC=CCCCCCCCC(=O)SCCNC(=O)CCNC(=O)[C@H](O)C(C)(C)COP(=O)([O-])OP(=O)([O-])OC[C@@H]1O[C@@H](n2cnc3c(N)ncnc32)[C@H](O)[C@@H]1OP(=O)([O-])[O-]
C[As](=O)([O-])O,[O-][As](O)O
CC(C)(COP(=O)(O)OP(=O)(O)OC[C@H]1O[C@@H](n2cnc3c(N)ncnc32)[C@H](O)[C@@H]1OP(=O)([O-])[O-])[C@@H](O)C([O-])=NCCC([O-])=NCCS,CC(C)(COP(=O)(O)OP(=O)(O)OC[C@@H]1O[C@H](n2cnc3c(N)ncnc32)[C@@H](O)[C@H]1OP(=O)([O-])[O-])[C@H](O)C([O-])=NCCC([O-])=NCCSC(=O)CCCCCCCCCCCCCCC(=O)[O-]
CO[C@@H]1O[C@H](CO)[C@@H](O[C@H]2O[C@H](CO)[C@H](O)[C@H](O)[C@H]2O)[C@H](O)[C@@H]1NC(C)=O,CO[C@@H]1O[C@H](CO)[C@H](O[C@@H]2O[C@H](CO)[C@H](O)[C@H](O)[C@@H]2O[C@@H]2O[C@H](C)[C@@H](O)[C@@H](O)[C@@H]2O)[C@H](O)[C@H]1NC(C)=O
CC[C@H](OC(C)=O)C(C[C@H](C)NC)(c1ccccc1)c1ccccc1,CC[C@H](OC(C)=O)C(C[C@H](C)N)(c1ccccc1)c1ccccc1
O=C([O-])C(=O)CO,O=C([O-])[C@@H](O)CO
OC1C=Cc2ccccc2C1O,OC1c2ccccc2C2OC2C1O
C[C@H](CCC(=O)[O-])[C@H]1CC[C@H]2[C@H]3[C@H](CC[C@@]21C)[C@@]1(C)CC[C@@H](O)C[C@H]1C[C@H]3O,C[C@@H](CCC(=O)[O-])C1CCC2C3C(=O)CC4C[C@H](O)CC[C@]4(C)C3CC[C@@]21C
C/C=C/C(=O)SCCNC(=O)CCNC(=O)[C@H](O)C(C)(C)COP(=O)([O-])OP(=O)([O-])OC[C@H]1O[C@@H](n2cnc3c(N)ncnc32)[C@H](O)[C@@H]1OP(=O)([O-])[O-],C[C@@H](O)CC(=O)SCCNC(=O)CCNC(=O)[C@H](O)C(C)(C)COP(=O)([O-])OP(=O)([O-])OC[C@H]1O[C@@H](n2cnc3c(N)ncnc32)[C@H](O)[C@@H]1OP(=O)([O-])[O-]
Nc1nc2c(ncn2C2OC(COP(=O)(O)OP(=O)(O)O)C(O)C2O)c(=O)[nH]1,Nc1nc2c(ncn2C2OC(COP(=O)(O)OP(=O)(O)O)C(OP(=O)(O)OP(=O)(O)O)C2O)c(=O)[nH]1
O=C1C=C2CN(Cc3ccccc3Cl)CCC2S1,O=C(O)CC1CN(Cc2ccccc2Cl)CCC1S
CCC1=C(C)CN(C(=O)NCCc2ccc(S(=O)(=O)NC(=O)N[C@H]3CC[C@H](C)CC3)cc2)C1=O,CCC1=C(C)CN(C(=O)NCCc2ccc(S(=O)(=O)NC(=O)NC3CCC(CO)CC3)cc2)C1=O
CCCCC[C@H](O)/C=C/C1=CCC(=O)[C@@H]1CCCCCCC(=O)[O-],CCCCC[C@H](O)/C=C/C1=C(CCCCCCC(=O)[O-])C(=O)CC1
CC(C)Cc1ccc([C@H](C)C(=O)O)cc1,CC(CO)Cc1ccc(C(C)C(=O)O)cc1
N[C@@H](CCC([O-])=N[C@@H](CS)C(O)=NCC(=O)O)C(=O)O,N[C@H](CCC(O)=N[C@@H](CSc1c(O)c([O-])cc2c1C(O)CN2)C(O)=NCC(=O)O)C(=O)O
Nc1c(C(=O)O)ncn1C1OC(COP(=O)(O)O)C(O)C1O,Nc1cncn1[C@@H]1O[C@H](COP(=O)(O)O)[C@@H](O)[C@H]1O
CCCCC[C@H](O)C=C[C@@H]1[C@H](O)C[C@H]2O/C(=C\CCCC(=O)[O-])C[C@H]12,CCCCC[C@H](O)C=C[C@@H]1[C@@H]2C[C@H](OO2)[C@@H]1CC=CCCCC(=O)[O-]
CC1=C(/C=C/C(C)=C/C=C/C(C)=C/C(=O)O)C(C)(C)CCC1,CC(/C=C/C12OC1(C)CCCC2(C)C)=C\C=C\C(C)=C\C(=O)O
CO[C@@H]1O[C@H](CO)[C@H](O)[C@H](OC)[C@@H]1NC(C)=O,CO[C@@H]1O[C@H](COS(=O)(=O)[O-])[C@H](O)[C@H](OC)[C@@H]1NC(C)=O
CO[C@@H]1O[C@H](C)[C@@H](O)[C@@H](O)[C@@H]1O,C[C@H]1OC(O)[C@@H](O)[C@H](O)[C@@H]1O
COC[C@H](COP(=O)(O)O)OC(C)=O,COC[C@H](CO)OC(C)=O
C=C(C)[C@H]1CC=C(C)[C@H](O)C1,C=C(C)[C@H]1CC=C(C)CC1
CN1CCN2c3ncccc3Cc3ccccc3C2C1,CN1CCN2c3ncc(O)cc3Cc3ccccc3C2C1
CCCCC/C=C/C(=O)SC,CCCCCC(O)CC(=O)SC
OCC1(O)OCC(O)C1O,O=C(CO)C(O)C(O)COP(=O)(O)O
OCCN1CCN(CCCN2c3ccccc3Sc3ccc(Cl)cc32)CC1,O=S1c2ccccc2N(CCCN2CCN(CCO)CC2)c2cc(Cl)ccc21
CCCCC[C@H](O)/C=C/[C@H]1[C@H](O)C[C@@H]2O/C(=C\CCCC(=O)[O-])C[C@@H]21,CCCCC[C@H](O)/C=C/[C@H]1[C@H](O)C[C@H](O)[C@@H]1CC(=O)CCCCC(=O)[O-]
Cn1c(CNc2ccc(C(=N)N)cc2)nc2cc(C(=O)N(CCC(=O)O)c3ccccn3)ccc21,Cn1c(CNc2ccc(C(=N)N)cc2)nc2cc(C(=O)N(CCC(=O)OC3[C@@H](C(=O)O)OC(O)[C@H](O)[C@H]3O)c3ccccn3)ccc21
CN(CCOc1ccc(CC2SC(=O)N=C2O)cc1)c1ncccc1O,CN(CCOc1ccc(CC2SC(=O)NC2=O)cc1)c1ncccc1OC1O[C@H](C(=O)O)[C@@H](O)[C@H](O)[C@H]1O
[H]/N=C(\O)NCCC[C@H](N)C(=O)O,[H]/N=C(\NCCC[C@H](N)C(=O)O)NC(CC(=O)[O-])C(=O)O
NCC(=O)NC1OC(COP(=O)(O)O)C(O)C1O,NC1OC(COP(=O)(O)O)C(O)C1O
Cc1ccccc1,Cc1ccccc1O
C[C@@H]1O[C@H](COP(=O)(O)O[C@H]2[C@@H](O)[C@H](C)O[C@@H]2COP(=O)(O)O[C@H]2[C@@H](O)[C@H](C)O[C@@H]2CO)[C@@H](OP(=O)(O)O)[C@H]1O,C[C@@H]1O[C@H](CO)[C@@H](OP(=O)(O)OC[C@H]2O[C@@H](C)[C@H](O)[C@@H]2OP(=O)(O)OC[C@H]2O[C@@H](C)[C@H](O)[C@@H]2O)[C@H]1O
CC(=O)SCCNC(=O)CCNC(=O)C(O)C(C)(C)COP(=O)([O-])OP(=O)([O-])OCC1OC(n2cnc3c(N)ncnc32)C(O)C1OP(=O)([O-])[O-],CCCCCCCCCC(=O)CC(=O)SCCNC(=O)CCNC(=O)C(O)C(C)(C)COP(=O)([O-])OP(=O)([O-])OCC1OC(n2cnc3c(N)ncnc32)C(O)C1OP(=O)([O-])[O-]
NP(=O)(OCCCO)N(CCCl)CCCl,NP(=O)(OCCC=O)N(CCCl)CCCl
CCn1c(C(C)=O)nn(CCCN2CCN(c3cccc(Cl)c3)CC2)c1=O,CCn1c(C(C)=O)nn(CCC(=O)OC)c1=O
CCOC(=O)C1=C(COCCN)NC(C)=C(C(=O)OC)[C@@H]1c1ccccc1Cl,CCOC(=O)c1c(COCCN)nc(C)c(C(=O)OC)c1-c1ccccc1Cl
CC(=O)N[C@H]1[C@H](OP(=O)([O-])OP(=O)([O-])OCCC(C)CC/C=C(/C)CC/C=C(/C)CC/C=C(/C)CC/C=C(/C)CC/C=C(/C)CC/C=C(/C)CC/C=C(/C)CC/C=C(/C)CC/C=C(/C)CC/C=C(/C)CC/C=C(/C)CC/C=C(/C)CC/C=C(\C)CC/C=C(\C)CCC=C(C)C)O[C@H](CO)[C@@H](O[C@H]2O[C@H](CO)[C@@H](O[C@H]3O[C@H](CO[C@@H]4O[C@H](CO)[C@@H](O)[C@H](O)[C@@H]4O)[C@@H](O)[C@H](O[C@@H]4O[C@H](CO)[C@@H](O)[C@H](O)[C@@H]4O)[C@@H]3O)[C@H](O)[C@H]2NC(C)=O)[C@@H]1O,CC(=O)N[C@H]1[C@H](OP(=O)([O-])OP(=O)([O-])OCCC(C)CC/C=C(/C)CC/C=C(/C)CC/C=C(/C)CC/C=C(/C)CC/C=C(/C)CC/C=C(/C)CC/C=C(/C)CC/C=C(/C)CC/C=C(/C)CC/C=C(/C)CC/C=C(/C)CC/C=C(/C)CC/C=C(\C)CC/C=C(\C)CCC=C(C)C)O[C@H](CO)[C@@H](O[C@H]2O[C@H](CO)[C@@H](O[C@H]3O[C@H](CO[C@@H]4O[C@H](CO)[C@@H](O)[C@H](O)[C@@H]4O)[C@@H](O)[C@H](O[C@@H]4O[C@H](CO)[C@@H](O)[C@H](O)[C@@H]4O[C@@H]4O[C@H](CO)[C@@H](O)[C@H](O)[C@@H]4O[C@@H]4O[C@H](CO)[C@@H](O)[C@H](O)[C@@H]4O)[C@@H]3O)[C@H](O)[C@H]2NC(C)=O)[C@@H]1O
N[C@@H](Cc1cc(I)c(Oc2cc(I)c(O)c(I)c2)c(I)c1)C(=O)O,N[C@H](Cc1cc(I)c(Oc2cc(I)c(OC3O[C@H](C(=O)O)[C@H](O)[C@H](O)[C@@H]3O)c(I)c2)c(I)c1)C(=O)[O-]
C[C@@H]1C[C@H]2[C@@H]3CCC4=CC(=O)C=C[C@]4(C)[C@@]3(Cl)[C@@H](O)C[C@]2(C)[C@@]1(OC(=O)c1ccco1)C(=O)CCl,C[C@@H]1C[C@H]2[C@@H]3C(O)CC4=CC(=O)C=C[C@]4(C)[C@@]3(Cl)[C@@H](O)C[C@]2(C)[C@@]1(OC(=O)c1ccco1)C(=O)CCl
CC(=CCC[C@@H](C)[C@H]1CC[C@H]2[C@H]3[C@H](C[C@H](O)[C@@]21C)[C@@]1(C)CC[C@@H](O)C[C@H]1C[C@H]3O)C(=O)SCCN=C([O-])CCN=C([O-])[C@H](O)C(C)(C)COP(=O)(O)OP(=O)(O)OC[C@H]1O[C@@H](n2cnc3c(N)ncnc32)[C@H](O)[C@@H]1OP(=O)([O-])[O-],C[C@@H](CC[C@H](O)[C@@H](C)C(=O)SCCN=C([O-])CCN=C([O-])C(O)C(C)(C)COP(=O)(O)OP(=O)(O)OC[C@@H]1O[C@H](n2cnc3c(N)ncnc32)[C@H](O)[C@@H]1OP(=O)([O-])[O-])[C@@H]1CCC2C3C(C[C@H](O)[C@]21C)C1(C)CC[C@@H](O)CC1C[C@H]3O
CC(=O)N[C@@H]1[C@H](NC(=O)C[C@H]([NH3+])C(=O)[O-])O[C@H](CO)[C@@H](O)[C@@H]1O,CC(=O)N[C@@H]1[C@H](N)O[C@H](CO)[C@@H](O)[C@@H]1O
Nc1ccccc1C(=O)CC(=O)C(=O)[O-],O=C([O-])c1cc(=O)c2ccccc2[nH]1
C[N+](C)(C)C[C@H](O)CC(=O)[O-],CC(C)CCCC(C)CCC(=O)O[C@H](CC(=O)[O-])C[N+](C)(C)C
CCC(=O)SCCN=C([O-])CCN=C([O-])[C@@H](O)C(C)(C)COP(=O)(O)OP(=O)(O)OC[C@@H]1O[C@H](n2cnc3c(N)ncnc32)[C@@H](O)[C@H]1OP(=O)([O-])[O-],C=CC(=O)SCCN=C([O-])CCN=C([O-])[C@H](O)C(C)(C)COP(=O)(O)OP(=O)(O)OC[C@H]1O[C@@H](n2cnc3c(N)ncnc32)[C@H](O)[C@@H]1OP(=O)([O-])[O-]
CC#CC(=O)N1CCC[C@H]1c1nc(-c2ccc(C(=O)Nc3ccccn3)cc2)c2c(N)nccn12,CC#CC(=O)N1CCC[C@H]1c1nc(-c2ccc(C(=O)Nc3ccccn3)cc2)c(C(=N)N)[nH]1
C=Cc1c2[nH]c(c1C)Cc1[nH]c(c(CCC(=O)O)c1C)Cc1[nH]c(c(C)c1CCC(=O)O)Cc1[nH]c(c(C)c1C=C)C2,C=CC1=C(C)c2cc3[nH]c(cc4nc(cc5[nH]c(cc1n2)c(C)c5CCC(=O)O)C(CCC(=O)O)=C4C)c(C)c3C=C
Nc1ncnc2[nH]cnc12,Nc1ncnc2c1ncn2C1OC(COP(=O)(O)O)C(O)C1O
CN1CCNCC1,CNCCN
CC([NH2+]C(C)(C)C)C(=O)c1cccc(Cl)c1,C[C@H]([NH2+]C(C)(C)C)[C@H](O)c1cccc(Cl)c1
CCCCCC(O)C(O)C/C=C\CCCCCCCC(=O)[O-],CCCCC[C@H](O)[C@H](CC=CCCCCCCCC(=O)[O-])O[C@H]1O[C@H](C(=O)[O-])[C@H](O)[C@H](O)[C@@H]1O
CCCCC/C=C\C/C=C\C/C=C\C/C=C\CCCC(=O)[O-],CCCC[C@@H](O)/C=C\C/C=C\C/C=C\C/C=C\CCCC(=O)O
O=c1ccn([C@H]2C[C@H](O)[C@H](COP(=O)([O-])[O-])O2)c(=O)[nH]1,Cc1cn([C@@H]2C[C@H](O)[C@@H](COP(=O)([O-])[O-])O2)c(=O)[nH]c1=O
CC(=O)C(C)C(=O)SCCNC(=O)CCNC(=O)[C@H](O)C(C)(C)COP(=O)([O-])OP(=O)([O-])OC[C@@H]1O[C@@H](n2cnc3c(N)ncnc32)[C@H](O)[C@@H]1OP(=O)([O-])[O-],C[C@H](O)[C@H](C)C(=O)SCCNC(=O)CCNC(=O)[C@H](O)C(C)(C)COP(=O)([O-])OP(=O)([O-])OC[C@@H]1O[C@@H](n2cnc3c(N)ncnc32)[C@H](O)[C@@H]1OP(=O)([O-])[O-]
C[Se]CC(N)C(=O)O,NC(C[SeH])C(=O)O
Clc1ccc2c(c1)C(N1CCNCC1)=Nc1ccccc1O2,Oc1ccc2c(c1)Oc1ccc(Cl)cc1C(N1CCNCC1)=N2
CC/C(=C(\c1ccccc1)c1ccc(OCC[N+](C)(C)[O-])cc1)c1ccccc1,CC(O)/C(=C(\c1ccccc1)c1ccc(OCC[N+](C)(C)[O-])cc1)c1ccccc1
N[C@@H](CCC(=O)N[C@@H](CS)C(=O)NCC(=O)O)C(=O)O,NC(CS)C(=O)NCC(=O)O
CC1=C(C=C/C(C)=C/C=C/C(C)=C\CO)C(C)(C)CCC1,CC1=C(C=C/C(C)=C/C=C/C(C)=C\C=O)C(C)(C)CCC1
O=C1CN=C(c2ccccc2Cl)c2cc([N+](=O)[O-])ccc2N1,Nc1ccc2c(c1)C(c1ccccc1Cl)=NCC(=O)N2
NC(=O)CCC(N)C(=O)O,CC1OC(CO)C(OP(=O)(O)OCC2OC(C)C(O)C2OP(=O)(O)OCC2OC(n3cnc4c(N)ncnc43)C(OC(=O)C(N)CCC(N)=O)C2O)C1O
CNCC(c1ccc(OC)cc1)C1(O)CCCCC1,CNCC(c1ccc(O)cc1)C1(O)CCCCC1
CCCCC/C=C\C/C=C\CCCC(=O)SCCN=C([O-])CCN=C([O-])C(O)C(C)(C)COP(=O)(O)OP(=O)(O)OCC1OC(n2cnc3c(N)ncnc32)C(O)C1OP(=O)([O-])[O-],CCCCC/C=C\C/C=C\CC(=O)SCCN=C([O-])CCN=C([O-])[C@H](O)C(C)(C)COP(=O)(O)OP(=O)(O)OC[C@H]1O[C@@H](n2cnc3c(N)ncnc32)[C@H](O)[C@@H]1OP(=O)([O-])[O-]
CCCCCCCCCCCCC/C=C/[C@@H](O)[C@H](CO[C@@H]1O[C@H](CO)[C@@H](O[C@@H]2O[C@H](CO)[C@H](O[C@@H]3O[C@H](CO)[C@H](O)[C@H](O[C@@H]4O[C@H](CO)[C@H](O)[C@H](O[C@]5(C(=O)[O-])C[C@H](O)[C@@H](NC(C)=O)[C@H]([C@H](O)[C@H](O)CO)O5)[C@H]4O)[C@H]3NC(C)=O)[C@H](O)[C@H]2O)[C@H](O)[C@H]1O)NC(C)=O,CCCCCCCCCCCCC/C=C/[C@@H](O)[C@H](CO[C@@H]1O[C@H](CO)[C@@H](O[C@@H]2O[C@H](CO)[C@H](O[C@@H]3O[C@H](CO)[C@H](O)[C@H](O[C@@H]4O[C@H](CO)[C@H](O)[C@H](O)[C@H]4O)[C@H]3NC(C)=O)[C@H](O)[C@H]2O)[C@H](O)[C@H]1O)NC(C)=O
[NH3+]C(=CC=CC(=O)[O-])C(=O)[O-],O=C([O-])CC=CC(=O)C(=O)[O-]
C[C@]12C[C@H](O)[C@H]3[C@@H](C[C@@H](O)C4=CC(=O)C=C[C@@]43C)[C@@H]1CC[C@]2(O)[C@H](O)CO,C[C@]12C=CC(=O)CC1[C@H](O)C[C@@H]1[C@@H]2[C@@H](O)C[C@@]2(C)[C@H]1CC[C@]2(O)[C@H](O)CO
Nc1nc(=S)c2ncn([C@@H]3O[C@H](COP(=O)(O)OP(=O)(O)O)[C@@H](O)[C@H]3O)c2[nH]1,Nc1nc(=S)c2ncn([C@@H]3O[C@H](COP(=O)(O)OP(=O)(O)OP(=O)(O)O)[C@@H](O)[C@H]3O)c2[nH]1
CCC=CCC=CCC=CCC=CCC=CCCC[C@@H](O)CC(=O)SCCNC(=O)CCNC(=O)[C@H](O)C(C)(C)COP(=O)([O-])OP(=O)([O-])OC[C@@H]1O[C@@H](n2cnc3c(N)ncnc32)[C@H](O)[C@@H]1OP(=O)([O-])[O-],CCC=CCC=CCC=CCC=CCC=CCCCC=CC(=O)SCCNC(=O)CCNC(=O)[C@H](O)C(C)(C)COP(=O)([O-])OP(=O)([O-])OC[C@@H]1O[C@@H](n2cnc3c(N)ncnc32)[C@H](O)[C@@H]1OP(=O)([O-])[O-]
CO[C@@H]1O[C@@H](CO)[C@H](O)[C@H](O)[C@H]1O,OC[C@@H]1OC(O)[C@H](O)[C@@H](O)[C@H]1O
C[C@H](CN)C(=O)O,CC(C=O)C(=O)[O-]
CCOc1ccc(O)cc1OCCN[C@H](C)Cc1ccc(OC)c(S(N)(=O)=O)c1,CCOc1ccc(OS(O)(O)O)cc1OCCN[C@H](C)Cc1ccc(OC)c(S(N)(=O)=O)c1
COC(=O)C1=C(C)NC(C)=C(C(=O)OCC(C)=O)C1c1ccccc1[N+](=O)[O-],COC(=O)c1c(C)nc(C)c(C(=O)OCC(C)=O)c1-c1ccccc1[N+](=O)[O-]
CCCCCC(O)C=CC=O,CCCCCC1OC1CC=O
CCCCC[C@H](O)C=CC=CCC=CCC=CCCCC(=O)[O-],CCCCC[C@H](O)C=CC=CC=C/C=C/[C@H]1O[C@H]1CCCC(=O)[O-]
O=CC(O)c1c[nH]c2ccccc12,OCC(O)c1c[nH]c2ccccc12
C[C@]12CC[C@@H]3c4ccc(O)cc4CC[C@H]3[C@@H]1CC[C@@H]2O,C[C@]12CC[C@@H]3c4ccc(OS(=O)(=O)O)cc4CC[C@H]3[C@@H]1CC[C@@H]2OS(=O)(=O)O
C=CC1=C(C)/C2=C/c3c(C(O)CC/C=C(\C)CC/C=C(\C)CCC=C(C)C)c(C)c4n3[Fe]n3/c(c(C)c(CCC(=O)O)/c3=C/C3=N/C(=C\4)C(C)=C3CCC(=O)O)=C\C1=N2,C=CC1=C(C)/C2=C/c3c(C=C)c(C)c4n3[Fe]n3/c(c(C)c(CCC(=O)O)/c3=C/C3=N/C(=C\4)C(C)=C3CCC(=O)O)=C\C1=N2
CCCCN(CCCC)CC(O)c1cc(Cl)cc2c1-c1ccc(Cl)cc1/C2=C/c1ccc(Cl)cc1,CCCCNCC(O)c1cc(Cl)cc2c1-c1ccc(Cl)cc1/C2=C/c1ccc(Cl)cc1
CC#CCn1c(N2CCC[C@@H](NC(C)=O)C2)nc2c1c(=O)n(Cc1nc(C)c3ccccc3n1)c(=O)n2C,CC#CCn1c(N2CCC[C@@H](NC(C)=O)C2O)nc2c1c(=O)n(Cc1nc(C)c3ccccc3n1)c(=O)n2C
Nc1ccccc1O,O=C[O-]
Cc1cn([C@@H]2C[C@@H](O)[C@H](COP(=O)([O-])OP(=O)(O)O[C@@H]3O[C@@H](C)C(=O)[C@@H](O)[C@@H]3O)O2)c(=O)nc1[O-],Cc1cn([C@H]2C[C@H](O)[C@@H](COP(=O)([O-])OP(=O)(O)OC3O[C@@H](C)C(=O)[C@@H](O)[C@H]3O)O2)c(=O)nc1[O-]
C[C@@H](O)CC(=O)SCCNC(=O)CCNC(=O)[C@H](O)C(C)(C)COP(=O)(O)OP(=O)(O)OC[C@H]1O[C@@H](n2cnc3c(N)ncnc32)[C@H](O)[C@@H]1OP(=O)(O)O,CC(=O)CC(=O)SCCNC(=O)CCNC(=O)[C@H](O)C(C)(C)COP(=O)(O)OP(=O)(O)OC[C@H]1O[C@@H](n2cnc3c(N)ncnc32)[C@H](O)[C@@H]1OP(=O)(O)O
COC(=O)[C@@H]1C2CCC(C[C@@H]1OC(=O)c1ccccc1)N2C,COC(=O)C1C(O)CC2CCC1N2C
CC(O)=N[C@H]1[C@H](O)O[C@H](CO)[C@@H](O[C@H]2O[C@H](CO)[C@@H](O)[C@H](O)[C@@H]2O)[C@@H]1O,OC[C@H]1OC(O)[C@@H](O)[C@@H](O)[C@@H]1O
NC(Cc1ccc(Oc2cc(I)c(O)c(I)c2)c(I)c1)C(=O)O,N[C@@H](Cc1cc(I)c(Oc2ccc(OS(=O)(=O)O)c(I)c2)c(I)c1)C(=O)[O-]
CCCCCCCCCCCCCCCC(O)CC(=O)SCCNC(=O)CCNC(=O)C(O)C(C)(C)COP(=O)(O)OP(=O)(O)OCC1OC(n2cnc3c(N)ncnc32)C(O)C1OP(=O)(O)O,CCCCCCCCCCCCCCCC(=O)CC(=O)SCCNC(=O)CCNC(=O)C(O)C(C)(C)COP(=O)(O)OP(=O)(O)OCC1OC(n2cnc3c(N)ncnc32)C(O)C1OP(=O)(O)O
NC(CS)C(=O)O,N[C@@H](CCC(=O)N[C@@H](CS)C(=O)O)C(=O)O
O=C(O)C(O)CO,O=C(O)C(O)COP(=O)(O)O
O=P([O-])([O-])OC[C@@H]1OC(O)C[C@@H]1O,O=P([O-])([O-])O[C@@H]1C[C@H](O)[C@H](CO)O1
CCCCCCCCC=CCCCCCC(=O)SCCN=C([O-])CCN=C([O-])[C@H](O)C(C)(C)COP(=O)(O)OP(=O)(O)OC[C@H]1O[C@@H](n2cnc3c(N)ncnc32)[C@H](O)[C@@H]1OP(=O)([O-])[O-],CCCCCCCCC=CCCCC(=O)SCCN=C([O-])CCN=C([O-])[C@H](O)C(C)(C)COP(=O)(O)OP(=O)(O)OC[C@H]1O[C@@H](n2cnc3c(N)ncnc32)[C@H](O)[C@@H]1OP(=O)([O-])[O-]
COC(=O)Nc1nc2ccc(C(=O)c3ccccc3)cc2[nH]1,N=c1[nH]c2ccc(C(=O)c3ccccc3)cc2[nH]1
NC(=O)NCCCC(N)C(=O)O,N=C(NCCCC(N)C(=O)O)NC(CC(=O)O)C(=O)O
CN(CC(=O)O)C(=N)N,N=C(N)NCC(=O)O
OC1OC[C@@H](O)[C@H](O)[C@H]1O,O=C1OC[C@@H](O)[C@H](O)[C@H]1O
[NH3+]CCC[NH2+]CCCC=O,[NH3+]CCCNCCCC(=O)O
CCCCC/C=C\C[C@H](O)CC/C=C/C=C\[C@H](O)CCCC(=O)SCCN=C([O-])CCN=C([O-])C(O)C(C)(C)COP(=O)(O)OP(=O)(O)OCC1O[C@@H](n2cnc3c(N)ncnc32)C(O)C1OP(=O)([O-])[O-],CCCCC/C=C\CC(O)CC/C=C/C=C\[C@H](O)C/C=C/C(=O)SCCN=C([O-])CCN=C([O-])C(O)C(C)(C)COP(=O)(O)OP(=O)(O)OCC1O[C@@H](n2cnc3c(N)ncnc32)C(O)C1OP(=O)([O-])[O-]
CC(=O)O,CC(=O)OC1O[C@H](C(=O)O)[C@@H](O)[C@H](O)[C@H]1O
C[C@]12CC[C@H]3[C@H]([C@@H]1[C@@H]1C[C@@H]1[C@@]21CCC(=O)O1)[C@H]1C[C@H]1C1=CC(=O)CC[C@@]13C,C[C@]12CCC(S(=O)(=O)O)CC1[C@@H]1C[C@@H]1C1C2CC[C@@]2(C)C1[C@@H]1C[C@@H]1C21CCC(=O)O1
CCCCCCCCCC=CCCC=CC(O)C(CO)NC(C)=O,CCCCCCCCCC(C)=CCCC=CC(O)C(CO)NC(C)=O
CCC=CC=O,CCC=CCO
OC[C@H]1O[C@H](O)[C@H](O)[C@@H](O)[C@H]1O,OC[C@H](O)[C@@H](O)[C@@H](O)[C@H](O)CO
CNC(=N)SO,CNC(=N)S(=O)O
O=C(O[C@H]1CN2CCC1CC2)N1CCc2ccccc2[C@@H]1c1ccccc1,O=C(OC1CN2CCC1CC2)N1C[C@H](O)c2ccccc2[C@@H]1c1ccccc1
CCCCC/C=C\C/C=C\C/C=C\CC=CCCCC(=O)[O-],CCCCC[C@H](O)/C=C/[C@H]1[C@H]2C[C@H](OO2)[C@@H]1C/C=C\CCCC(=O)[O-]
C=C1CC[C@H](O)C/C1=C/C=C1\CCC[C@@]2(C)C1CCC2[C@H](C)CCCC(C)(C)O,C=C1CCC(O)C/C1=C/C=C1\CCCC2(C)C1CCC2C(C)CCC(O)C(C)(C)O
CCCC(CC(C)O)C(=O)O,CCCC(CC(C)=O)C(=O)O
Nc1ncnc2c1ncn2CCOCP(=O)(O)O,Nc1ncnc2c1ncn2CCOCP(=O)(O)OP(=O)(O)O
[NH3+][C@@H](Cc1ccc(O)c(O)c1)C(=O)[O-],O=C([O-])C(=O)Cc1ccc(O)c(O)c1
C[C@]12CC[C@H]3[C@@H](CCC4=CC(=O)CC[C@@]43C)[C@@H]1CCC2=O,C[C@]12CC[C@H]3[C@@H](CC[C@H]4CC(=O)CC[C@@]43C)[C@@H]1CCC2=O
CCCCCCCC/C=C\CCCCCCCCCCCCC/C=C/C(=O)SCCN=C([O-])CCN=C([O-])[C@H](O)C(C)(C)COP(=O)(O)OP(=O)(O)OC[C@H]1O[C@@H](n2cnc3c(N)ncnc32)[C@H](O)[C@@H]1OP(=O)([O-])[O-],CCCCCCCCCCCCCCCCCCCCCCC/C([O-])=C/C(=O)SCCN=C([O-])CCN=C([O-])[C@H](O)C(C)(C)COP(=O)(O)OP(=O)(O)OC[C@H]1O[C@@H](n2cnc3c(N)ncnc32)[C@H](O)[C@@H]1OP(=O)([O-])O
COC(C)=C(C)C,COC1(C)OC1(C)C
OCCO,C1CO1
S=c1nc[nH]c2nc[nH]c12,CSc1ncnc2nc[nH]c12
CO[C@@H]1O[C@H](CO)[C@@H](O[C@H]2O[C@H](CO)[C@H](O)[C@H](O[C@@]3(C(=O)[O-])C[C@H](O)[C@@H](NC(C)=O)[C@H]([C@H](O)[C@H](O)CO)O3)[C@H]2O)[C@@H](O[C@@H]2O[C@H](C)[C@@H](O)[C@@H](O)[C@@H]2O)[C@H]1NC(C)=O,CO[C@@H]1O[C@H](CO)[C@H](O[C@@H]2O[C@H](CO)[C@H](O)[C@@H](O[C@]3(C(=O)[O-])C[C@H](O)[C@H](NC(C)=O)[C@H]([C@H](O)[C@H](O)CO)O3)[C@H]2O)[C@H](O)[C@H]1NC(C)=O
Cc1ccc(C)c(OCCCC(C)(C)C(=O)O)c1,Cc1ccc(C)c(OCCCC(C)(C)C(=O)OC2OC(C(=O)O)C(O)C(O)C2O)c1
C/C(=C\C(=O)OCCCCCCCCC(=O)O)C[C@@H]1OC[C@H](C[C@@H]2O[C@H]2[C@@H](C)[C@H](C)O)[C@@H](O)[C@H]1O,C/C(=C\C(=O)O)C[C@@H]1CCC(C[C@@H]2O[C@H]2[C@@H](C)C(C)O)[C@@H](O)[C@H]1O
CC1OC(CO)C(OP(=O)(O)OCC2OC(C)C(O)C2OP(=O)(O)OCC2OC(n3cnc4c(N)ncnc43)C(O)C2O)C1O,CC(C)C(N)C(=O)OC1C(O)C(COP(=O)(O)OC2C(COP(=O)(O)OC3C(CO)OC(C)C3O)OC(C)C2O)OC1n1cnc2c(N)ncnc21
CSC(=O)CC(=O)O,CCCCCCCCCCCCCCCC(=O)CC(=O)SC
Nc1ccn(C2CC(O)C(COP(=O)(O)OP(=O)(O)O)O2)c(=O)n1,Nc1ccn(C2CC(O)C(COP(=O)(O)OP(=O)(O)OP(=O)(O)O)O2)c(=O)n1
CC(C)(COP(=O)([O-])OP(=O)([O-])OC[C@@H]1O[C@@H](n2cnc3c(N)ncnc32)[C@H](O)[C@@H]1OP(=O)([O-])[O-])[C@@H](O)C(=O)NCCC(=O)NCCS,C[C@H](CCC(=O)SCCNC(=O)CCNC(=O)[C@H](O)C(C)(C)COP(=O)([O-])OP(=O)([O-])OC[C@@H]1O[C@@H](n2cnc3c(N)ncnc32)[C@H](O)[C@@H]1OP(=O)([O-])[O-])[C@@H]1CC[C@@H]2[C@@H]3[C@H](CC[C@]12C)[C@@]1(C)CC[C@@H](O)C[C@@H]1C[C@H]3O
CC(=O)N[C@@H]1C(O)O[C@H](COP(=O)([O-])[O-])[C@@H](O)[C@@H]1O,CC(=O)N[C@@H]1[C@@H](OP(=O)([O-])[O-])O[C@H](CO)[C@@H](O)[C@@H]1O
CCCCCCCC/C=C\CCCCCCCCC/C=C/C(=O)SCCN=C([O-])CCN=C([O-])C(O)C(C)(C)COP(=O)(O)OP(=O)(O)OCC1O[C@H](n2cnc3c(N)ncnc32)C(O)C1OP(=O)([O-])[O-],CCCCCCCC/C=C\CCCCCCCCCC(O)CC(=O)SCCN=C([O-])CCN=C([O-])C(O)C(C)(C)COP(=O)(O)OP(=O)(O)OCC1O[C@H](n2cnc3c(N)ncnc32)C(O)C1OP(=O)([O-])[O-]
CC1=C[C@H]2[C@@H]3CC[C@](O)(C(=O)CO)[C@@]3(C)C[C@H](O)[C@@H]2[C@@]2(C)C=CC(=O)C=C12,CC1=C[C@H]2[C@@H]3CC[C@](O)([C@@H](O)CO)[C@@]3(C)C[C@H](O)[C@@H]2[C@@]2(C)C=CC(=O)C=C12
CC(C)=CCC[C@@H](C)[C@@H]1CC[C@@H]2C3=CC=C4C[C@@H](O)CC[C@]4(C)[C@H]3CC[C@@]21C,CC(C)=CCC[C@@H](C)[C@@H]1CC[C@@H]2[C@H]3CC=C4C[C@@H](O)CC[C@]4(C)[C@H]3CC[C@]12C
O=CC(O)COP(=O)(O)O,O=P(O)(O)OCC1OC(O)(CO)C(O)C1O
OC/C=C/Cl,O=C/C=C/Cl
C[C@]12CC[C@H]3[C@@H](CCC4=CC(=O)CC[C@@]43C)[C@@H]1CC[C@@H]2O,C[C@]12CC[C@H]3[C@@H](CCC4=CC(=O)CC[C@@]43C)[C@@H]1CC[C@@H]2O[C@@H]1O[C@H](C(=O)O)[C@@H](O)[C@H](O)[C@H]1O
CC1=C2[N+]3=C(C=C4[N+]5=C(C(C)=C6N7[C@@H]8[C@H](CC(N)=O)[C@@]6(C)CCC(=O)NC[C@@H](C)OP(=O)([O-])O[C@@H]6[C@@H](CO)O[C@@H]([C@@H]6O)n6c[n+](c9cc(C)c(C)cc96)[Co-3]753(C#N)[N+]3=C1[C@@H](CCC(N)=O)[C@](C)(CC(N)=O)[C@]83C)[C@@H](CCC(N)=O)C4(C)C)[C@@H](CCC(N)=O)[C@]2(C)CC(N)=O,CC1=C2[N+]3=C(C=C4[N+]5=C(C(C)=C6N7[C@@H]8[C@H](CC(N)=O)[C@@]6(C)CCC(=O)NC[C@@H](C)OP(=O)([O-])O[C@@H]6[C@@H](CO)O[C@@H]([C@@H]6O)n6c[n+](c9cc(C)c(C)cc96)[Co-3]753(C)[N+]3=C1[C@@H](CCC(N)=O)[C@](C)(CC(N)=O)[C@]83C)[C@@H](CCC(N)=O)C4(C)C)[C@@H](CCC(N)=O)[C@]2(C)CC(N)=O
O=C([O-])[C@H]1C[C@H](O)C=N1,N[C@@H](CC(O)C(=O)O)C(=O)[O-]
CCCCCCCC(=O)SCCN=C([O-])CCN=C([O-])[C@@H](O)C(C)(C)COP(=O)(O)OP(=O)(O)OC[C@@H]1O[C@H](n2cnc3c(N)ncnc32)[C@@H](O)[C@H]1OP(=O)([O-])[O-],CCCCC/C=C/C(=O)SCCN=C([O-])CCN=C([O-])[C@@H](O)C(C)(C)COP(=O)(O)OP(=O)(O)OC[C@@H]1O[C@H](n2cnc3c(N)ncnc32)[C@@H](O)[C@H]1OP(=O)([O-])[O-]
CCc1ccc(CCOc2ccc(CC3SC(=O)NC3=O)cc2)nc1,CCc1ccc(C(O)COc2ccc(CC3SC(=O)NC3=O)cc2)nc1
Cc1ccc(C(=O)OCc2ccc([C@@H](CN)C(=O)Nc3ccc4cnccc4c3)cc2)c(C)c1,NC[C@@H](C(=O)Nc1ccc2cnccc2c1)c1ccc(CO)cc1
CC(C(=O)O)c1cccc(Oc2ccccc2)c1,CC(C(=O)O)c1cccc(Oc2ccc(O[C@H]3[C@H](O)[C@@H](C(=O)O)OC(O)[C@@H]3O)cc2)c1
CC=COCC(COP(=O)(O)O)OC(C)=O,CC=COCC(COP(=O)(O)OCCN)OC(C)=O
CCCCC/C=C\CC[C@H](O)CC(=O)SCCN=C([O-])CCN=C([O-])C(O)C(C)(C)COP(=O)(O)OP(=O)(O)OC[C@H]1O[C@@H](n2cnc3c(N)ncnc32)[C@@H](O)[C@H]1OP(=O)([O-])[O-],CCCCC/C=C/CCC(=O)CC(=O)SCCN=C([O-])CCN=C([O-])C(O)C(C)(C)COP(=O)(O)OP(=O)(O)OCC1O[C@H](n2cnc3c(N)ncnc32)C(O)C1OP(=O)([O-])[O-]
[NH3+]CCc1c[nH]c2ccc(O)cc12,[NH3+]CCc1c[nH]c2ccc(OS(=O)(=O)[O-])cc12
COC(=O)c1ccc2c(c1)NC(=O)/C2=C(\Nc1ccc(N(C)C(=O)CN2CCN(C)CC2)cc1)c1ccccc1,CN1CCN(CC(=O)N(C)c2ccc(N/C(=C3\C(O)=Nc4cc(C(=O)O)ccc43)c3ccccc3)cc2)CC1
Nc1nc2c(ncn2C2OC(COP(=O)(O)O)C(O)C2O)c(=O)[nH]1,O=c1[nH]c(=O)c2ncn(C3OC(COP(=O)(O)O)C(O)C3O)c2[nH]1
O=P([O-])([O-])OC[C@@H]1OC(O)[C@H](O)[C@@H](O)[C@@H]1O,O=P([O-])([O-])O[C@H]1O[C@@H](CO)[C@@H](O)[C@H](O)[C@H]1O
OC[C@H]1OC(O)[C@H](O)[C@@H]1O,O=P([O-])([O-])OC[C@@H]1O[C@@H](O)[C@@H](O)[C@H]1O
Oc1ccc2ccc3cccc4ccc1c2c34,COc1ccc2ccc3cccc4ccc1c2c34
OC1Cc2ccccc2C2CCC3CCCC3C12,O=C(O)C1OC(OC2Cc3ccccc3C3CCC4CCCC4C23)C(O)C(O)C1O
CCN(C(=O)c1c(O)c2c(Cl)cccc2n(C)c1=O)c1ccccc1,CCN(C(=O)c1c(O)c2c(Cl)c(O)ccc2n(C)c1=O)c1ccccc1
CC1=C(C=C/C(C)=C/C=C/C(C)=C/C=O)C(C)(C)CCC1,CC1=C(C=C/C(C)=C/C=C/C(C)=C/C(=O)[O-])C(C)(C)CCC1
COc1ccc2[nH]cc(CCN=C(C)O)c2c1,COc1cc2c(CCN=C(C)O)c[nH]c2cc1O
CC(=O)C(=O)O,C=C(OP(=O)(O)O)C(=O)O
O=C(COP(=O)(O)O)C(O)C(O)C(O)C(O)CO,OCC1OC(O)(CO)C(O)C(O)C1O
CC(=O)OCC(COP(=O)(O)OCC(N)C(=O)O)OC(C)=O,CC(=O)OCC(O)COP(=O)(O)OCC(N)C(=O)O
CC(C)CCC[C@H](C)CCC[C@H](C)CCC[C@H](C)C(=O)SCCN=C([O-])CCN=C([O-])[C@H](O)C(C)(C)COP(=O)(O)OP(=O)(O)OC[C@@H]1O[C@H](n2cnc3c(N)ncnc32)[C@H](O)[C@@H]1OP(=O)([O-])[O-],C/C(=C\CCC(C)CCCC(C)CCCC(C)C)C(=O)SCCN=C([O-])CCN=C([O-])[C@H](O)C(C)(C)COP(=O)(O)OP(=O)(O)OC[C@H]1O[C@@H](n2cnc3c(N)ncnc32)[C@H](O)[C@@H]1OP(=O)([O-])[O-]
CC(C)CCC[C@H](C)[C@@H]1CC[C@@H]2[C@H]3[C@@H](O)C[C@H]4C[C@@H](O)CC[C@@]4(C)[C@@H]3CC[C@@]12C,C[C@H](CCCC(C)(C)O)[C@H]1CC[C@@H]2[C@H]3[C@@H](O)C[C@H]4C[C@@H](O)CCC4(C)[C@@H]3CC[C@@]21C
CCCCC/C=C\C/C=C\C/C=C\C/C=C/CCCC(=O)[O-],O=C([O-])CCC/C=C\C/C=C\C/C=C\C/C=C\CCCCCO
NCC(=O)CCC(=O)O,NCc1[nH]cc(CCC(=O)[O-])c1CC(=O)O
CC(C)=CC(O)CC(=O)SCCNC(=O)CCNC(=O)C(O)C(C)(C)COP(=O)(O)OP(=O)(O)OCC1OC(n2cnc3c(N)ncnc32)C(O)C1OP(=O)(O)O,CC(C)=CC(=O)CC(=O)SCCNC(=O)CCNC(=O)C(O)C(C)(C)COP(=O)(O)OP(=O)(O)OCC1OC(n2cnc3c(N)ncnc32)C(O)C1OP(=O)(O)O
CC(=O)OCC(COP(=O)(O)OCC(N)C(=O)O)OC(C)=O,CC(=O)OC(CO)COP(=O)(O)OCC(N)C(=O)O
O=c1c(-c2ccc(O)cc2)coc2ccccc12,O=C(O)C1OC(Oc2ccc(-c3coc4ccccc4c3=O)cc2)C(O)C(O)C1O
CO[C@@H]1[C@H](N(C)C(=O)c2ccccc2)C[C@H]2O[C@]1(C)n1c3ccccc3c3c4c(c5c6ccccc6n2c5c31)C(=O)NC4,CN(C(=O)c1ccccc1)[C@@H]1C[C@H]2O[C@@](C)([C@@H]1O)n1c3ccccc3c3c4c(c5c6ccccc6n2c5c31)C(=O)NC4
CC(CO)CCC[C@@H](C)[C@H]1CC[C@H]2[C@H]3[C@H](C[C@H](O)[C@@]21C)[C@@]1(C)CCC(=O)C[C@H]1C[C@H]3O,CC(CO)CCC[C@@H](C)[C@H]1CC[C@H]2[C@H]3[C@H](C[C@H](O)[C@@]21C)[C@@]1(C)CC[C@@H](O)C[C@H]1C[C@H]3O
NCCCCCNCCCN,NCCCCCN
CC(=O)NCCCCN,NCCCCN
C(=Cc1ccccc1)CN1CCN(C(c2ccccc2)c2ccccc2)CC1,C(=C/c1ccccc1)\CN1CCNCC1
[H]/N=C(/O)[C@@H]1CCCN1C(=O)[C@H](Cc1cnc[nH]1)N=C(O)[C@@H]1CCC(O)=N1,[H]/N=C(/O)C1CCCN1C(=O)[C@@H]([NH3+])Cc1cnc[nH]1
CC(C)N=c1cc2n(-c3ccc(Cl)cc3)c3ccccc3nc-2cc1Nc1ccc(Cl)cc1,CC(COC1O[C@H](C(=O)O)[C@@H](O)[C@H](O)[C@H]1O)/N=c1\cc2n(-c3ccc(Cl)cc3)c3ccccc3nc-2cc1Nc1ccc(Cl)cc1
Cc1ccc(Sc2ccccc2N2CCNCC2)c(C)c1,Cc1cc(CO)ccc1Sc1ccccc1N1CC[NH2+]CC1
COc1cc(CC(N)C(=O)O)ccc1O,COc1cc(CC(N=C(C)[O-])C(=O)O)ccc1O
Cn1c(=O)c2[nH]cnc2n(C)c1=O,Cn1c(=O)[nH]c(=O)c2[nH]cnc21
CC(C)(COP(=O)([O-])OP(=O)([O-])OC[C@@H]1O[C@@H](n2cnc3c(N)ncnc32)[C@H](O)[C@@H]1OP(=O)([O-])[O-])[C@@H](O)C(=O)NCCC(=O)NCCS,CC(C)(COP(=O)([O-])OP(=O)([O-])OC[C@@H]1O[C@@H](n2cnc3c(N)ncnc32)[C@H](O)[C@@H]1OP(=O)([O-])[O-])[C@@H](O)C(=O)NCCC(=O)NCCSC(=O)C[C@@](C)(O)CC(=O)[O-]
CNC(=O)[C@H](CCCCN(C)C)NC(C)=O,CNC(=O)[C@H](CCCC[N+](C)(C)C)NC(C)=O
CC/C=C\C/C=C\CCC(=O)SCCN=C([O-])CCN=C([O-])[C@H](O)C(C)(C)COP(=O)(O)OP(=O)(O)OC[C@H]1O[C@@H](n2cnc3c(N)ncnc32)[C@H](O)[C@@H]1OP(=O)([O-])[O-],CC/C=C\C/C=C\C=C\C(=O)SCCN=C([O-])CCN=C([O-])[C@H](O)C(C)(C)COP(=O)(O)OP(=O)(O)OC[C@H]1O[C@@H](n2cnc3c(N)ncnc32)[C@H](O)[C@@H]1OP(=O)([O-])[O-]
COc1c(O)c(C)c(C/C=C(\C)CCC=C(C)C)c(O)c1OC,COC1=C(OC)C(=O)C(C/C=C(\C)CCC=C(C)C)=C(C)C1=O
Nc1c(O)cccc1C(=O)[O-],Nc1c(O)cccc1C(=O)C[C@H]([NH3+])C(=O)[O-]
CC(C)C,CC(C)(C)O
CCCCCCCCCCCCCC/C=C\OC[C@H](O)COP(=O)([O-])[O-],CCCCCCCCCCCCCCCCOC[C@H](O)COP(=O)([O-])[O-]
CC(C)=CCC[C@@H](C)[C@@H]1CC[C@@]2(CO)C3=C(CC[C@]12C)[C@@]1(C)CC[C@H](O)C(C)(C)[C@@H]1CC3,CC(C)=CCC[C@@H](C)[C@@H]1CC[C@@]2(C=O)C3=C(CC[C@]12C)[C@@]1(C)CC[C@H](O)C(C)(C)[C@@H]1CC3
C[C@H](O)[C@H](C)C(=O)SCCNC(=O)CCNC(=O)[C@H](O)C(C)(C)COP(=O)([O-])OP(=O)([O-])OC[C@@H]1O[C@@H](n2cnc3c(N)ncnc32)[C@H](O)[C@@H]1OP(=O)([O-])[O-],CC(=O)C(C)C(=O)SCCNC(=O)CCNC(=O)[C@H](O)C(C)(C)COP(=O)([O-])OP(=O)([O-])OC[C@@H]1O[C@@H](n2cnc3c(N)ncnc32)[C@H](O)[C@@H]1OP(=O)([O-])[O-]
C[C@]12C[C@H](O)[C@H]3[C@@H](CCC4=CC(=O)C=C[C@@]43C)[C@@H]1CC[C@]2(O)C(=O)CO,C[C@]12C[C@H](O)[C@H]3[C@@H](CCC4=CC(=O)C=C[C@@]43C)[C@@H]1CC[C@]2(O)[C@@H](O)CO
C[C@]1(COc2ccc(N3CCC(Oc4ccc(OC(F)(F)F)cc4)CC3)cc2)CNC(=O)O1,C[C@@]1(COc2ccc(N3CCC(Oc4ccc(OC(F)(F)F)cc4)CC3)cc2)OC(=O)N[C@@H]1O
CC1=C(C=C/C(C)=C/C=C/C(C)=C/CO)C(C)(C)CCC1,CC(=O)OC/C=C(\C)C=C/C=C(\C)C=CC1=C(C)CCCC1(C)C
CC(=O)CO,C[C@H](O)CO
CCCCC/C=C\C/C=C\C/C=C\C/C=C\C/C=C\CC/C=C/C(=O)SCCNC(=O)CCNC(=O)C(O)C(C)(C)COP(=O)(O)OP(=O)(O)OCC1OC(n2cnc3c(N)ncnc32)C(O)C1OP(=O)(O)O,CCCCC/C=C\C/C=C\C/C=C\C/C=C\C/C=C\CCCCC(=O)SCCNC(=O)CCNC(=O)C(O)C(C)(C)COP(=O)(O)OP(=O)(O)OCC1OC(n2cnc3c(N)ncnc32)C(O)C1OP(=O)(O)O
O=C(O)CCCCC1SCC2NC(=O)NC21,Nc1ncnc2c1ncn2[C@@H]1O[C@H](COP(=O)(O)OC(=O)CCCC[C@@H]2SCC3NC(=O)NC32)[C@@H](O)[C@H]1O
C[C@@H](O[C@H]1OCCN(Cc2n[nH]c(=O)[nH]2)[C@H]1c1ccc(F)cc1)c1cc(C(F)(F)F)cc(C(F)(F)F)c1,O=Cc1n[nH]c(=O)[nH]1
Fc1ccc(C(c2ccc(F)cc2)N2CCN(C/C=C/c3ccccc3)CC2)cc1,Oc1ccc(/C=C/CN2CCN(C(c3ccc(F)cc3)c3ccc(F)cc3)CC2)cc1
Cc1c2[nH]c(c1CCC(=O)O)Cc1[nH]c(c(CCC(=O)O)c1C)Cc1[nH]c(c(CCC(=O)O)c1C)Cc1[nH]c(c(CCC(=O)O)c1C)C2,O=C(O)CCc1c2[nH]c(c1CC(=O)O)Cc1[nH]c(c(CC(=O)O)c1CCC(=O)O)Cc1[nH]c(c(CC(=O)O)c1CCC(=O)O)Cc1[nH]c(c(CC(=O)O)c1CCC(=O)O)C2
Nc1ccccc1,CC(=O)Nc1ccccc1
C[Se]CCC(N)C(=O)O,CCC(=O)C(=O)[O-]
Cn1cnc(CC[NH3+])c1,Cn1cnc(CC=O)c1
CCCCCC(O)/C=C/C1C2CC(OO2)C1C/C=C\CCCC(=O)O,CCCCCC(O)/C=C/C1C(O)CC(=O)C1C/C=C\CCCC(=O)O
CN(C)SN(C)C,CN(C)S(=O)N(C)C
OC1CCCCC1,O=C([O-])C1CCC(O)CC1
O=C(NCC[N+]1([O-])CCOCC1)c1ccc(Cl)cc1,O=C(NCC[N+]1([O-])CCOCC1O)c1ccc(Cl)cc1
NC(=O)C1=CN([C@@H]2O[C@H](COP(=O)([O-])OP(=O)([O-])OC[C@H]3O[C@@H](n4cnc5c(N)ncnc54)[C@H](O)[C@@H]3O)[C@@H](O)[C@H]2O)C=CC1,NC(=O)c1ccc[n+]([C@@H]2O[C@H](COP(=O)([O-])OP(=O)([O-])OC[C@H]3O[C@@H](n4cnc5c(N)ncnc54)[C@H](O)[C@@H]3O)[C@@H](O)[C@H]2O)c1
Cc1ncc(COP(=O)(O)O)c(CO)c1O,Cc1ncc(CO)c(CO)c1O
O=C1CC2(CCCC2)CC(=O)N1CCCCN1CCN(c2ncccn2)CC1,O=C1CC2(CCC(O)C2)CC(=O)N1CCCCN1CCN(c2ncccn2)CC1
CC(C)CCC[C@@H](C)[C@H]1CC[C@H]2[C@H]3[C@H](CC[C@@]21C)[C@@]1(C)CCC(=O)C=C1C[C@H]3O,CC(C)CCC[C@@H](C)[C@H]1CC[C@H]2[C@H]3[C@H](C[C@H](O)[C@@]21C)[C@@]1(C)CCC(=O)C=C1C[C@H]3O
C[Se]C,C[SeH](C)C
NNCCc1ccccc1,NNCCc1ccc(O)cc1
CC1=C(/C=C/C(C)=C/C=C/C(C)=C/c2cc(/C=C/C=C(C)/C=C/C3=C(C)CCCC3(C)C)cc[n+]2CCO)C(C)(C)CCC1,CC1=C(C=C/C(C)=C\C=C\c2cc[n+](CCO)c(/C=C(C)/C=C/C=C(C)/C=C/C3=C(C)CCCC3(C)C)c2)C(C)(C)CCC1
NC(=O)N1c2ccccc2C[C@H](O)c2ccccc21,NC(=O)N1c2ccccc2C[C@H](OC2O[C@@H](C(=O)O)[C@H](O)[C@@H](O)[C@@H]2O)c2ccccc21
