src,tgt
Cl.COC(=O)c1ccc(C(C)N)cc1.O=C(O)c1cc(Cl)ccc1Oc1c(F)cccc1F,COC(=O)c1ccc(C(C)NC(=O)c2cc(Cl)ccc2Oc2c(F)cccc2F)cc1
CCN(CC)P1(=NC(C)(C)C)N(C)CCCN1C.CS(N)(=O)=O.O=C(Nc1ccc(Cl)c(-c2ccccn2)c1)c1ccc(Cl)nc1,CS(=O)(=O)Nc1ccc(C(=O)Nc2ccc(Cl)c(-c3ccccn3)c2)cn1
O=C(c1ccc([N+](=O)[O-])cc1Cl)N1Cc2ccsc2Cc2ncccc21.[Cl-].CCO,Nc1ccc(C(=O)N2Cc3ccsc3Cc3ncccc32)c(Cl)c1
O=C(Cl)c1ccc2sccc2c1.Nc1cccc(Oc2ccnc3[nH]c(=O)[nH]c23)c1,O=C(Nc1cccc(Oc2ccnc3[nH]c(=O)[nH]c23)c1)c1ccc2sccc2c1
O=C1CCC(=O)N1Br.CCOC(=O)c1cc2cc(Cl)ccc2[nH]1.CN(C)C=O,CCOC(=O)c1[nH]c2ccc(Cl)cc2c1Br
O=C(c1ccccc1)c1ccccc1[N+](=O)[O-].CC(C)O.CC(C)(C)OC(=O)NC(Cc1cc(C(=O)c2cc(C(F)(F)F)cc(C(F)(F)F)c2)ccc1[N+](=O)[O-])C(=O)OC(C)(C)C,CC(C)(C)OC(=O)NC(Cc1cc(C(=O)c2cc(C(F)(F)F)cc(C(F)(F)F)c2)ccc1N)C(=O)OC(C)(C)C
O=c1[nH]c2nccnc2n1C1CCN(Cc2ccccc2)CC1.CO.[H][H],O=c1[nH]c2nccnc2n1C1CCNCC1
CC(C)(C)C(=O)Oc1ccc2ccc(-n3cccn3)cc2c1.O=C=O,O=C(O)c1ccc2ccc(-n3cccn3)cc2c1
CN1CCC(C(=O)c2cccc(N)c2)CC1.O=C(Cl)c1c(F)cc(F)cc1F,CN1CCC(C(=O)c2cccc(NC(=O)c3c(F)cc(F)cc3F)c2)CC1
COCCNC1CCCCC1.O=C(Nc1ccc2[nH]ncc2c1)c1cc(Cl)ncn1,COCCN(c1cc(C(=O)Nc2ccc3[nH]ncc3c2)ncn1)C1CCCCC1
Cc1cc(-n2nc(C(C)(C)C)cc2N)ccc1S(=O)(=O)NCCN1CCOCC1.Cc1cc(Oc2ccc(N)c(F)c2)ccn1.C1CCOC1,Cc1cc(Oc2ccc(NC(=O)Nc3cc(C(C)(C)C)nn3-c3ccc(S(=O)(=O)NCCN4CCOCC4)c(C)c3)c(F)c2)ccn1
O=Cc1ccc(OCc2ccccc2F)c(Cc2ccccc2F)c1.CC(N)C(N)=O.Cl,CC(NCc1ccc(OCc2ccccc2F)c(Cc2ccccc2F)c1)C(N)=O
Cc1ccc(-c2cn(C3CCN(C(=O)OC(C)(C)C)CC3)c(=O)[nH]2)cc1.ClCCl.O=C(O)C(F)(F)F,Cc1ccc(-c2cn(C3CCNCC3)c(=O)[nH]2)cc1
O.CCOC(=O)N1CCc2sc(Br)c(Br)c2CC1,CCOC(=O)N1CCc2scc(Br)c2CC1
COC(=O)c1cc(C)c(S(=O)(=O)Nc2nc3ccccc3nc2Cl)s1.CCO.COc1cc(N)cc(OC)c1,COC(=O)c1cc(C)c(S(=O)(=O)Nc2nc3ccccc3nc2Nc2cc(OC)cc(OC)c2)s1
BrB(Br)Br.ClCCl.OCc1ccc(F)c(Br)c1,Fc1ccc(CBr)cc1Br
COc1cc(OC2CN(C(=O)OC(C)(C)C)C2)ccc1CN1CCOCC1.ClCCl.O=C(O)C(F)(F)F,COc1cc(OC2CNC2)ccc1CN1CCOCC1
CC(C)OC1=CC(=O)c2c(F)cc(F)cc2C1=O.CO.Cl,COC1=CC(=O)c2c(F)cc(F)cc2C1=O
CC1CN(c2cc(=O)c3cc(C(=O)O)cc(C4CCCN4c4cccc(F)c4)c3o2)CCO1.CNC,CC1CN(c2cc(=O)c3cc(C(=O)N(C)C)cc(C4CCCN4c4cccc(F)c4)c3o2)CCO1
COC(=O)c1cc(Cl)cn1N.O=Cc1ccc(C(F)(F)F)cc1.CO,COC(=O)c1cc(Cl)cn1N=Cc1ccc(C(F)(F)F)cc1
O=C1CC([N+](=O)[O-])([N+](=O)[O-])CO1.CC(C(=O)O)[N+](=O)[O-],CC(C(=O)O)([N+](=O)[O-])[N+](=O)[O-]
Fc1ccc(OCCN2CCNCC2)cc1.ClC(Cl)Cl.CC(C)c1ccc2c(c1)C(Cl)Cc1ccc(F)cc1S2,CC(C)c1ccc2c(c1)C(N1CCN(CCOc3ccc(F)cc3)CC1)Cc1ccc(F)cc1S2
CC(=O)OC(C)=O.Nc1cccnc1N.ClCCl,CC(=O)Nc1cccnc1N
COc1ccc2ccccc2c1.c1ccn2cncc2c1,c1ccc2cc(-c3ncc4ccccn34)ccc2c1
CSc1nc(NC2CCCC2)n2nc(-c3ccccc3)cc2n1.CCO,c1ccc(-c2cc3ncnc(NC4CCCC4)n3n2)cc1
Cc1cnc(Nc2ccccc2)n1-c1ccccc1.c1ccccc1.CN=C=O,CNC(=O)N(c1ccccc1)c1ncc(C)n1-c1ccccc1
NCCCN1CCCC1.CCOC(=O)c1cn(C2CCCCC2)c2nc(S(C)(=O)=O)ncc2c1=O,CCOC(=O)c1cn(C2CCCCC2)c2nc(NCCCN3CCCC3)ncc2c1=O
[C-]#[N+]C1CCCCC1.COc1cc(C=O)c(C(=O)O)cc1OC.Cc1ccc(N)nc1.CC(C)O.O=C(O)C(F)(F)F,COc1cc(C(=O)O)c(-c2nc3ccc(C)cn3c2NC2CCCCC2)cc1OC
O=C1CCC(=O)N1Br.CCOC(=O)c1ncc2c(c1O)c1ccccc1n2-c1ccccc1.ClC(Cl)(Cl)Cl,CCOC(=O)c1nc(Br)c2c(c1O)c1ccccc1n2-c1ccccc1
COc1ccc(O)c(C=O)c1.COS(=O)(=O)OC,COc1ccc(OC)c(C=O)c1
O=C(CCc1cccnc1)NCCCCC1CCNCC1.O=C=Nc1cccc2ccccc12.C1CCOC1,O=C(CCc1cccnc1)NCCCCC1CCN(C(=O)Nc2cccc3ccccc23)CC1
O=C(Cl)c1ccc(Cl)cc1Cl.NS(=O)(=O)c1ccc(Cl)cc1,O=C(NS(=O)(=O)c1ccc(Cl)cc1)c1ccc(Cl)cc1Cl
N#Cc1c([N+](=O)[O-])sc2ccccc12.ClCCCl.[H][H],N#Cc1c(N)sc2ccccc12
CCCCCC.CCOC(C)=O.Cc1c2c(c(C(O)c3ccccc3)c(C)c1NC(=O)CC(C)(C)C)OC(C)(C)C2,Cc1c(Cc2ccccc2)c2c(c(C)c1NC(=O)CC(C)(C)C)CC(C)(C)O2
C=O.CCn1cc(C(=O)O)c(=O)c2cc(F)c(N3CC4CCCC3CN4)c(F)c21.O=CO,CCn1cc(C(=O)O)c(=O)c2cc(F)c(N3CC4CCCC3CN4C)c(F)c21
O=C1NC(=O)C(=Cc2cnn3ccc(-c4ccccc4F)nc23)S1.O=C1CSC(=S)N1,O=C1NC(=S)SC1=Cc1cnn2ccc(-c3ccccc3F)nc12
COc1ccc(N2CCC(N(C)C)C2)c2sc(N)nc12.Cc1ccc(C(=O)Cl)s1,COc1ccc(N2CCC(N(C)C)C2)c2sc(NC(=O)c3ccc(C)s3)nc12
CO.O=[N+]([O-])c1ccccc1-c1cn2cccnc2n1,Nc1ccccc1-c1cn2cccnc2n1
O=C(O)c1cccc(Br)c1.Cc1cccc(-c2sc(C)nc2C(=O)N2CC3CC(C)CC3C2CN)c1,Cc1cccc(-c2sc(C)nc2C(=O)N2CC3CC(C)CC3C2CNC(=O)c2cccc(Br)c2)c1
ClCCl.CC(C)(C)OC(=O)c1c(-c2ccccc2)csc1NC(=O)CCCCC(=O)N1CCC(c2ccccc2)CC1.O=C(O)C(F)(F)F,O=C(CCCCC(=O)N1CCC(c2ccccc2)CC1)Nc1scc(-c2ccccc2)c1C(=O)O
CCOC(C)=O.CO.CN1CCN(c2ccc(Nc3nc4c(C#Cc5ccccc5N(C)S(C)(=O)=O)cccn4n3)cc2)CC1,CN1CCN(c2ccc(Nc3nc4c(CCc5ccccc5N(C)S(C)(=O)=O)cccn4n3)cc2)CC1
CCN1C(=O)CCCc2ccc(N)cc21.N#CCCc1cccc(Nc2nc(Cl)ncc2Cl)c1,CCN1C(=O)CCCc2ccc(Nc3ncc(Cl)c(Nc4cccc(CCC#N)c4)n3)cc21
FC(F)(F)COc1ccc(OCC(F)(F)F)cc1.O=S(=O)(Cl)Cl.COc1ccccc1C1(N2CC(O)CC2C(=O)N(C)C)C(=O)Nc2ccc(Cl)cc21,COc1ccccc1C1(N2CC(O)CC2C(=O)N(C)C)C(=O)N(S(=O)(=O)c2cc(OCC(F)(F)F)ccc2OCC(F)(F)F)c2ccc(Cl)cc21
CO.Cn1cc(C(=O)NCCCO)c(Nc2ccc(C#CCO)cc2F)cc1=O,Cn1cc(C(=O)NCCCO)c(Nc2ccc(CCCO)cc2F)cc1=O
CCOC(=O)C1=Cc2ccc(C(=O)c3ccc(C)cc3)cc2OC1C(F)(F)F.O=C(O)C(F)(F)F,CCOC(=O)C1=Cc2ccc(Cc3ccc(C)cc3)cc2OC1C(F)(F)F
FC(F)(F)c1cc(N=C=S)ccc1Cl.Nc1cc(F)cc(C(F)(F)F)c1,Fc1cc(NC(=S)Nc2ccc(Cl)c(C(F)(F)F)c2)cc(C(F)(F)F)c1
Cc1ccc(N)nc1.[C-]#[N+]C1CCCCC1.CC(=O)Sc1ccc(C=O)cc1.CC(C)O.O=C(O)C(F)(F)F,CC(=O)Sc1ccc(-c2nc3ccc(C)cn3c2NC2CCCCC2)cc1
COC(=O)Cn1c(C)cc2cc(F)ccc21.O=Cc1ccccc1S(=O)(=O)c1ccc(F)cc1,COC(=O)Cn1c(C)c(Cc2ccccc2S(=O)(=O)c2ccc(F)cc2)c2cc(F)ccc21
c1ccncc1.Cl.COc1cc(C(=O)CCCc2ccccc2)cc([N+](=O)[O-])c1O,O=C(CCCc1ccccc1)c1cc(O)c(O)c([N+](=O)[O-])c1
COc1cc2oc(C(=O)O)c(C(=O)O)c2cc1Br.O=C=O,COc1cc2occ(C(=O)O)c2cc1Br
O=C(O)C(F)(F)F.C#CCN1CCN(Cc2cc3cnccc3n2C(=O)OC(C)(C)C)C(=O)C1.ClCCl,C#CCN1CCN(Cc2cc3cnccc3[nH]2)C(=O)C1
CC12CC3OC3CC1CCC1C2CCC2(C)C(O)C(N3CCC4(CC3)OCCO4)CC12.C1CC2(CCN1)OCCO2,CC12CC(N3CCC4(CC3)OCCO4)C(O)CC1CCC1C2CCC2(C)C(O)C(N3CCC4(CC3)OCCO4)CC12
CCc1cc(-c2noc(-c3cc(C)c(CC(C)C)cn3)n2)cc(C)c1CCC(=O)O.CC(C)(C)OC(=O)NCCN,CCc1cc(-c2noc(-c3cc(C)c(CC(C)C)cn3)n2)cc(C)c1CCC(=O)NCCNC(=O)OC(C)(C)C
O=C(O)c1nc(-c2ccccc2Cl)oc1C(F)(F)F.COCCN(C)c1ccc(N)cn1,COCCN(C)c1ccc(NC(=O)c2nc(-c3ccccc3Cl)oc2C(F)(F)F)cn1
CC(=O)[O-].[NH4+].CC1(C)CCC(=O)CC1=O,CC1(C)CCC(N)=CC1=O
CCC(N)c1nnc(C2CCCC2)[nH]c1=O.CC1CCCCC1C(=O)Cl,CCC(NC(=O)C1CCCCC1C)c1nnc(C2CCCC2)[nH]c1=O
CO.C1CCOC1.CSC1CCC2C3CCC4=CC(=O)C=CC4(C)C3(F)C(OC(C)=O)CC12C,CSC1CCC2C3CCC4=CC(=O)C=CC4(C)C3(F)C(O)CC12C
CCC(N)C(=O)OCC(C)C.O=C(O)Cc1ccccc1F,CCC(NC(=O)Cc1ccccc1F)C(=O)OCC(C)C
Cc1cccc(Oc2ccccc2)c1.CC#N.O=C1CCC(=O)N1Br,Cc1cc(Oc2ccccc2)ccc1Br
CC(C)(C)OC(=O)N1CCC(NC(=O)OCc2ccccc2)C1.CCO,CC(C)(C)OC(=O)N1CCC(N)C1
O=CC(Cl)(Cl)Cl.O=S(=O)(O)O.OCC(O)CO,OCC1COC(C(Cl)(Cl)Cl)O1
COc1cc(C)c(S(=O)(=O)N(C)CCOCC(=O)OC(C)(C)C)c(C)c1C.CC[SiH](CC)CC.O=C(O)C(F)(F)F,COc1cc(C)c(S(=O)(=O)N(C)CCOCC(=O)O)c(C)c1C
CCO.CC(C)(C)OC(=O)N1CCCC(CN=[N+]=[N-])C1,CC(C)(C)OC(=O)N1CCCC(CN)C1
[OH-].[K+].COc1cc2c(-c3cc4c(CNC5CC5)ccnc4n3S(=O)(=O)c3ccc(C)cc3)cn(C)c2cc1OC,COc1cc2c(-c3cc4c(CNC5CC5)ccnc4[nH]3)cn(C)c2cc1OC
CCCCCCCCCCCCCC(=O)OCC1(CO[Si](c2ccccc2)(c2ccccc2)C(C)(C)C)CCC(=O)O1.C1CCOC1,CCCCCCCCCCCCCC(=O)OCC1(CO)CCC(=O)O1
COc1ccc2cc(-c3cc4ccc5cccc6ccc(c3)c4c56)ccc2c1.Cn1cnc2ccccc21,Cn1c(-c2ccc3cc(-c4cc5ccc6cccc7ccc(c4)c5c67)ccc3c2)nc2ccccc21
Clc1ccccc1.CNC(=O)NS(=O)(=O)c1ccccc1OC(Cl)=CCl,O=C=NS(=O)(=O)c1ccccc1OC(Cl)=CCl
CN(CCCOc1cc(F)c(-c2c(O)nc3ncnn3c2C2CCCCCC2)c(F)c1)C(=O)OC(C)(C)C.O=P(Cl)(Cl)Cl.CCN(CC)c1ccccc1,CN(CCCOc1cc(F)c(-c2c(Cl)nc3ncnn3c2C2CCCCCC2)c(F)c1)C(=O)OC(C)(C)C
CC(COc1ccccc1)NC(=O)OC(C)(C)C.O=C(O)C(F)(F)F.ClCCl,CC(N)COc1ccccc1
CS(C)=O.COC(=O)c1c(C)cccc1COCCCCNc1ccc2ccccc2n1,Cc1cccc(COCCCCNc2ccc3ccccc3n2)c1C(=O)O
OCCOCCO.NN.O=C1c2ncccc2-c2cccnc21,c1cnc2c(c1)-c1cccnc1C2
COc1ccc2ccc(O)cc2c1.[Li]c1ccccc1,Oc1ccc2ccc(-c3ccccc3)cc2c1
CN.CSc1ncc2cc(-c3cc(NC(=O)Nc4cc(C(C)(C)C)no4)c(F)cc3C)c(=O)n(C(C)C)c2n1,CNc1ncc2cc(-c3cc(NC(=O)Nc4cc(C(C)(C)C)no4)c(F)cc3C)c(=O)n(C(C)C)c2n1
BrB(Br)Br.COc1cc2c3c4c(c(-c5ccccc5Cl)cc3n(C)c2cc1OCCCN(C)C)C(=O)NC4=O,CN(C)CCCOc1cc2c(cc1O)c1c3c(c(-c4ccccc4Cl)cc1n2C)C(=O)NC3=O
COCCCCN1C(=O)C(C)(C)Oc2cc(C(F)(F)F)c(C(=O)O)cc21.CC(C)(C)OC(=O)N1CCC(c2ccccc2)C(N)C1,COCCCCN1C(=O)C(C)(C)Oc2cc(C(F)(F)F)c(C(=O)NC3CN(C(=O)OC(C)(C)C)CCC3c3ccccc3)cc21
Sc1ccc(Cl)c(Cl)c1.O=C1Nc2ccc(OCCCCCl)cc2C(C2CCCCC2)(C2CCCCC2)O1,O=C1Nc2ccc(OCCCCSc3ccc(Cl)c(Cl)c3)cc2C(C2CCCCC2)(C2CCCCC2)O1
CC(=O)O.Br.COc1ccc(C(=O)c2ccccc2)cc1C,Cc1cc(C(=O)c2ccccc2)ccc1O
O=C(Cl)c1ccc(F)c(Cl)c1.O=Cc1ccc(F)cc1,O=C(Cl)c1ccc(F)cc1
O=C(Cl)N(c1ccccc1)c1ccccc1.c1ccncc1.CC(C)(C)[Si](Oc1cccc2c1CCCC(CO)C2)(c1ccccc1)c1ccccc1,CC(C)(C)[Si](Oc1cccc2c1CCCC(COC(=O)N(c1ccccc1)c1ccccc1)C2)(c1ccccc1)c1ccccc1
CC(C)(C)OC(=O)N1CCC2(CC1)OCC(F)(F)c1cc(F)sc12.Cl,Fc1cc2c(s1)C1(CCNCC1)OCC2(F)F
[H][H].CO.O=[N+]([O-])c1cnc2nc(OCCN3CCOCC3)nc(N3CCOCC3)c2c1,Nc1cnc2nc(OCCN3CCOCC3)nc(N3CCOCC3)c2c1
Cc1cc(C)c(C(O)CCCCCO)c(O)c1C.CC(=O)O.[H][H],Cc1cc(C)c(CCCCCCO)c(O)c1C
[H][H].CO.O=[N+]([O-])c1ccc(Oc2ccc(F)cc2F)cc1,Nc1ccc(Oc2ccc(F)cc2F)cc1
CCOc1ccc(CN)cc1Cl.C1COCCO1.O=C(N1CCc2ccc(Cl)c(OS(=O)(=O)C(F)(F)F)c2CC1)C(F)(F)F,CCOc1ccc(CNc2c(Cl)ccc3c2CCN(C(=O)C(F)(F)F)CC3)cc1Cl
COc1ccc(Sc2ccc(C)cc2N)cc1.CCc1ccc2c(Cl)ccnc2n1,CCc1ccc2c(Nc3cc(C)ccc3Sc3ccc(OC)cc3)ccnc2n1
CC(C)C(=O)Nc1cccc(C2CCN(CCC(O)c3ccc(Cl)cc3)CC2)c1.Oc1ccc(C(F)(F)F)cc1,CC(C)C(=O)Nc1cccc(C2CCN(CCC(Oc3ccc(C(F)(F)F)cc3)c3ccc(Cl)cc3)CC2)c1
COC(OC)N(C)C.CCOC(=O)CC(=O)c1cc2cc(F)c(F)cc2nc1Cl.CCOC(C)=O,CCOC(=O)C(=CN(C)C)C(=O)c1cc2cc(F)c(F)cc2nc1Cl
C=CCOC(=O)NC1CC(=O)OC1OCc1ccccc1.CC(C)(C)OC(=O)N1CCCCC1C(=O)O,CC(C)(C)OC(=O)N1CCCCC1C(=O)NC1CC(=O)OC1OCc1ccccc1
Nc1cc[nH]n1.C1CCOC1.CCOC(=O)N1C(=O)c2ccccc2C1=O,O=C1c2ccccc2C(=O)N1c1cc[nH]n1
CN(C)c1ccc(C=O)cc1.Cc1ccc(N)c(C)c1,Cc1ccc(NCc2ccc(N(C)C)cc2)c(C)c1
COC(=O)C(OC)OC.NCc1cccc(F)c1,COC(OC)C(=O)NCc1cccc(F)c1
O=C(Cl)c1cnccn1.CC(C)(C)OC(=O)NC1CCCCCC=CC2CC2(C(=O)NS(=O)(=O)C2CC2)NC(=O)C2CC(O)CN2C1=O,CC(C)(C)OC(=O)NC1CCCCCC=CC2CC2(C(=O)NS(=O)(=O)C2CC2)NC(=O)C2CC(OC(=O)c3cnccn3)CN2C1=O
C1CCNC1.CC(=O)N1CCC(CCC(=O)c2ccc(F)cc2)CC1,CC(=O)N1CCC(CCC(=O)c2ccc(N3CCCC3)cc2)CC1
N#Cc1ccc(CBr)cc1.O=[N+]([O-])c1cc(O)ccc1Cl,N#Cc1ccc(COc2ccc(Cl)c([N+](=O)[O-])c2)cc1
NCc1cccnc1.Cc1cc(-n2cnn(Cc3ccc(F)cc3)c2=O)sc1C(=O)O.Cc1cc(-n2cnn(Cc3ccc(S(C)(=O)=O)cc3)c2=O)sc1C(=O)O,Cc1cc(-n2cnn(Cc3ccc(S(C)(=O)=O)cc3)c2=O)sc1C(=O)NCc1cccnc1
CN1C(=O)C(=O)c2cc(S(=O)(=O)N3CCCC3COc3ccccc3)ccc21.BrCc1ccccc1,O=C1C(=O)N(Cc2ccccc2)c2ccc(S(=O)(=O)N3CCCC3COc3ccccc3)cc21
CCC1(c2ccsc2)OCC(=O)Nc2ccc(Br)cc21.OB(O)c1ccc(F)c(Cl)c1,CCC1(c2ccsc2)OCC(=O)Nc2ccc(-c3ccc(F)c(Cl)c3)cc21
O=c1oc2ccccc2n1CCCCl.CC1CCNCC1,CC1CCN(CCCn2c(=O)oc3ccccc32)CC1
Cl.CCC(=O)O.N#CCNC(=O)C1CC(S(=O)(=O)c2ccccc2Cl)CN1,CCC(=O)N1CC(S(=O)(=O)c2ccccc2Cl)CC1C(=O)NCC#N
Cc1ccc([Mg]Br)cc1.COc1ccc2ccccc2c1-c1ccccc1,Cc1ccc(-c2ccc3ccccc3c2-c2ccccc2)cc1
C1COCCO1.NS(N)(=O)=O.CC1CNCC(C)N1,CC1CN(S(N)(=O)=O)CC(C)N1
O.C1COCCO1.CCCC(C(=O)OC)n1c(=O)c2ccccc2n(Cc2cn(C)c3cccc(C)c23)c1=O,CCCC(C(=O)O)n1c(=O)c2ccccc2n(Cc2cn(C)c3cccc(C)c23)c1=O
O=S(=O)(Cl)Cl.CC(Cl)Cl.O=c1cc(CCl)nc2scnn12,O=c1c(Cl)c(CCl)nc2scnn12
O=C(O)C(O)(c1ccccc1)C1CCC(F)(F)C1.OCC1CCNC(=S)N1,O=C(OCC1CCNC(=S)N1)C(O)(c1ccccc1)C1CCC(F)(F)C1
ClCCl.C=CCCN(C(=O)C=C)c1ccc(OCC(F)(F)F)cc1,O=C1C=CCCN1c1ccc(OCC(F)(F)F)cc1
COc1cc(Cl)ccc1C(=O)O.COc1ccc(C(=O)O)c(OC)c1.CCOC(=O)N1CCn2c(nc(-c3ccncc3)cc2=O)C(N)C1,CCOC(=O)N1CCn2c(nc(-c3ccncc3)cc2=O)C(NC(=O)c2ccc(OC)cc2OC)C1
COCC=Cc1ccnc(Nc2cc(C)cc(-c3cnc(C4(O)CCC(C(=O)OC(C)(C)C)CC4)s3)c2)n1.CCO,COCCCc1ccnc(Nc2cc(C)cc(-c3cnc(C4(O)CCC(C(=O)OC(C)(C)C)CC4)s3)c2)n1
CCOC(=O)C(=O)OCC.CCCC1CC(=O)c2c(N)ccc(C)c21,CCCC1CC(=O)c2c(NC(=O)C(=O)OCC)ccc(C)c21
Nc1cnccc1NCc1ccc(F)cc1.C1CCOC1.CCOC(=O)N1CCC(N=C=S)CC1,CCOC(=O)N1CCC(NC(=S)Nc2cnccc2NCc2ccc(F)cc2)CC1
CCOC(=O)Nc1cc2ccccc2cc1Cl.CCO,Nc1cc2ccccc2cc1Cl
CC(C)(C)OC(=O)N1CCCC(C(OCC#N)c2cc(F)cc(Cl)c2)C1.N#N.C1CCOC1,CC(C)(C)OC(=O)N1CCCC(C(OCCN)c2cc(F)cc(Cl)c2)C1
ClCCl.Cl.CCNC(=O)Oc1cc(CCCOC)cc(CN(C(=O)C(CNC(=O)OC(C)(C)C)Cc2ccc(OCCOc3c(Cl)cc(C)cc3Cl)cc2)C2CC2)c1,CCNC(=O)Oc1cc(CCCOC)cc(CN(C(=O)C(CN)Cc2ccc(OCCOc3c(Cl)cc(C)cc3Cl)cc2)C2CC2)c1
OC1CCNC1.O=C(O)Cc1ccccc1O.CN(C)C=O,O=C(Cc1ccccc1O)N1CCC(O)C1
O=C(O)C(F)(F)F.O=C(c1ccccc1)c1ccc(F)c(F)c1,O=C(O)c1ccc(F)c(F)c1
COc1ccccn1.Cc1cc(C)c([Mg]Br)c(C)c1,Cc1cc(C)c(-c2ccccn2)c(C)c1
NCC(O)COc1ccc(O)cc1.CCCCCCCCS(=O)(=O)Nc1ccc(N2CCC(=O)CC2)cc1,CCCCCCCCS(=O)(=O)Nc1ccc(N2CCC(NCC(O)COc3ccc(O)cc3)CC2)cc1
COc1ccc(CCl)cc1.CC(=O)CC(C)=O,COc1ccc(CC(C(C)=O)C(C)=O)cc1
CC(=O)O.Br.COc1c2c(c(Br)[nH]c1=O)CCN(Cc1ccc(F)c(Cl)c1)C2=O,O=C1c2c(c(Br)[nH]c(=O)c2O)CCN1Cc1ccc(F)c(Cl)c1
Cl.CO.O=C(O)C1CCOc2ccc(F)cc21,COC(=O)C1CCOc2ccc(F)cc21
CO.O=C(O)c1cc(N2CCCC2=O)cc([N+](=O)[O-])c1,Nc1cc(C(=O)O)cc(N2CCCC2=O)c1
Cc1ccccc1.O=C(O)C(Br)Cc1ccccc1.CCN(CC)CC,O=C(O)C=Cc1ccccc1
COC(=O)Cc1ccc(F)cc1Cl.C=CCBr.C1CCOC1,C=CCC(C(=O)OC)c1ccc(F)cc1Cl
N=C(Cc1ccccc1-n1cnc2cnc3ccc(-c4ccccc4)cc3c21)NO.Cl,N=C(N)Cc1ccccc1-n1cnc2cnc3ccc(-c4ccccc4)cc3c21
[Na+].O=P(Cl)(Cl)Cl.CC1(C)OCC(CC2(S(=O)(=O)[O-])CC2)O1,CC1(C)OCC(CC2(S(=O)(=O)Cl)CC2)O1
C1CCNCC1.ClCCl.O=C(O)c1cccc(S(=O)(=O)Cl)c1,O=C(O)c1cccc(S(=O)(=O)N2CCCCC2)c1
c1ccncc1.Clc1ncnc2[nH]ccc12.Nc1ccccc1,c1ccc(Nc2ncnc3[nH]ccc23)cc1
C1CNCCN1.CC(F)(F)c1ccccc1Br,CC(F)(F)c1ccccc1N1CCNCC1
O=CO.CCc1cc(C(=O)c2ccccc2Cl)c(-n2c(C)nnc2CNC(=O)Nc2cccc(C(=O)OC(C)(C)C)c2)s1,CCc1cc(C(=O)c2ccccc2Cl)c(-n2c(C)nnc2CNC(=O)Nc2cccc(C(=O)O)c2)s1
CC(=O)O.Cl.CCOC(=O)CC(C)c1ccc(-c2ccc(F)cc2F)cc1,CC(CC(=O)O)c1ccc(-c2ccc(F)cc2F)cc1
BrCCCOc1ccc2c(c1)OCO2.CC(C)(C)OC(=O)N1CCC(c2ccc(O)cc2)C(O)C1,CC(C)(C)OC(=O)N1CCC(c2ccc(OCCCOc3ccc4c(c3)OCO4)cc2)C(O)C1
Cc1nc(N2CCOCC2)sc1C.CC#N.O=C1CCC(=O)N1Cl,Cc1sc(N2CCOCC2)nc1CCl
O=C(O)Cc1cc(C(F)(F)F)cc(C(F)(F)F)c1.NCC1CN(Cc2ccc(Cl)c(Cl)c2)CCO1,O=C(Cc1cc(C(F)(F)F)cc(C(F)(F)F)c1)NCC1CN(Cc2ccc(Cl)c(Cl)c2)CCO1
Cl.N#Cc1cccnc1Cl.CN(C(=O)c1ccc(Cl)cc1)C1CCNCC1c1ccc(Cl)c(Cl)c1,CN(C(=O)c1ccc(Cl)cc1)C1CCN(c2ncccc2C#N)CC1c1ccc(Cl)c(Cl)c1
Cc1ccc2ccc3ccc(I)cc3c(=O)c2c1.O=c1c2cc(F)ccc2ccc2ccc(I)cc12,O=c1c2ccccc2ccc2ccc(I)cc12
ClCCl.BrB(Br)Br.COc1ccc2c(-c3ccnc(NC4CC(C)(C)NC(C)(C)C4)n3)c[nH]c2c1,CC1(C)CC(Nc2nccc(-c3c[nH]c4cc(O)ccc34)n2)CC(C)(C)N1
Cc1cc(Br)c(C(=O)O)cc1N.O=S(Cl)Cl.CO,COC(=O)c1cc(N)c(C)cc1Br
OC1(c2ccc(Br)cc2)CCNCC1.O=C(O)C(F)(F)F,Brc1ccc(C2=CCNCC2)cc1
COc1cc(C(=O)N(C)CC(CCS(C)(=O)=O)c2cccc(C(F)(F)F)c2)cc(OC)c1OC.I.O=C(c1nc2ccccc2n1Cc1ccccn1)C1CCNCC1,COc1cc(C(=O)N(C)CC(CCN2CCC(C(=O)c3nc4ccccc4n3Cc3ccccn3)CC2)c2cccc(C(F)(F)F)c2)cc(OC)c1OC
COc1ccc(C2CC(=O)N(c3cccc(C(=O)O)c3)C2)cc1OC1CCCC1.CCN,CCNC(=O)c1cccc(N2CC(c3ccc(OC)c(OC4CCCC4)c3)CC2=O)c1
COC(=O)c1ccoc1C1=CCN(C(=O)OC(C)(C)C)CC1.CO,COC(=O)c1ccoc1C1CCN(C(=O)OC(C)(C)C)CC1
Cn1cnc2ccccc21.CN(C)C(=O)Oc1cccc(C(C)(C)C)c1,Cn1c(-c2cccc(C(C)(C)C)c2)nc2ccccc21
COC(=O)c1cc([N+](=O)[O-])c(C(F)(F)F)cc1N.Cc1ccccc1.O=C(Cl)Cl,COC(=O)c1cc([N+](=O)[O-])c(C(F)(F)F)cc1N=C=O
COC(=O)c1cc2cc([N+](=O)[O-])ccc2o1.CO,COC(=O)c1cc2cc(N)ccc2o1
NNC(=O)c1ccc(Cl)s1.COCCN=C=O.C1CCOC1,COCCNC(=O)NNC(=O)c1ccc(Cl)s1
CCOC(C)=O.[Pd].CC(C)(C)OC(=O)n1ncc2cc([N+](=O)[O-])ccc21,CC(C)(C)OC(=O)n1ncc2cc(N)ccc21
CC(C)(C)OC(=O)Nc1cc(O)c(I)cc1[N+](=O)[O-].BrCCOC1CCCCO1,CC(C)(C)OC(=O)Nc1cc(OCCOC2CCCCO2)c(I)cc1[N+](=O)[O-]
C1COCCN1.CC#N.O=c1cc(CBr)occ1O,O=c1cc(CN2CCOCC2)occ1O
Nc1ccccc1.S=C(Cl)N(Cc1ccc(Br)cc1)C1CCCC1,S=C(Nc1ccccc1)N(Cc1ccc(Br)cc1)C1CCCC1
CC1(C)OO1.CC(C)=O.N=CC(=O)Cn1c(=O)n(-c2ccccn2)c2ccccc21,O=CC(=O)Cn1c(=O)n(-c2ccccn2)c2ccccc21
COc1ccc(C=CC(=O)O)cc1.CCCC(N)CC(C)C,CCCC(CC(C)C)NC(=O)C=Cc1ccc(OC)cc1
C1CCOC1.COC(c1ccc(Cl)cc1Cl)C(C)[N+](=O)[O-],COC(c1ccc(Cl)cc1Cl)C(C)N
C#Cc1ccc(-c2ccc(Cl)cc2)cn1.CN1CCN(c2ccc(I)cn2)CC1,CN1CCN(c2ccc(C#Cc3ccc(-c4ccc(Cl)cc4)cn3)cn2)CC1
O=C(O)C(F)(F)F.CC(C)(C)OC(=O)NC1Cc2ccc(Oc3ccc(C(N)=O)cn3)cc2C1.ClCCl,NC(=O)c1ccc(Oc2ccc3c(c2)CC(N)C3)nc1
CCCCCCC=CI.C#Cc1ccccc1,CCCCCCC=CC#Cc1ccccc1
O=S(=O)(Cl)c1ccc(Cl)c(Cl)c1Cl.Cc1noc(N)c1Br,Cc1noc(NS(=O)(=O)c2ccc(Cl)c(Cl)c2Cl)c1Br
ClCCl.Cc1c(C(=O)OC(C)(C)C)oc2cccc(N3CCOCC3)c12.O=C(O)C(F)(F)F,Cc1c(C(=O)O)oc2cccc(N3CCOCC3)c12
C1COCCN1.CC1(C)OB(C=Cc2ccc(C=O)c(F)c2)OC1(C)C.CC(=O)O,CC1(C)OB(C=Cc2ccc(CN3CCOCC3)c(F)c2)OC1(C)C
C1CCC(CN2CCNCC2)CC1.O=C(O)c1ccc(-c2cnc3c(c2)N(Cc2cc(Cl)ccc2C(F)(F)F)CCN3)cc1,O=C(c1ccc(-c2cnc3c(c2)N(Cc2cc(Cl)ccc2C(F)(F)F)CCN3)cc1)N1CCN(CC2CCCCC2)CC1
C1CCCN(C2CNC2)CC1.CCc1ccc(CC(NC(=O)N2CCC(N3CCc4ccccc4NC3=O)CC2)C(=O)O)cc1CC,CCc1ccc(CC(NC(=O)N2CCC(N3CCc4ccccc4NC3=O)CC2)C(=O)N2CC(N3CCCCCC3)C2)cc1CC
O=C1CCC(=O)N1Br.Cc1cnc(Cl)c2nccn12.ClCCl,Cc1cnc(Cl)c2ncc(Br)n12
COc1ccccc1SCCC(=O)O.Cl.c1ccccc1,COc1cccc2c1SCCC2=O
[H][H].CC(C)(C)c1cc(-c2ccc([N+](=O)[O-])cc2)cc(C(C)(C)C)c1O.CCO,CC(C)(C)c1cc(-c2ccc(N)cc2)cc(C(C)(C)C)c1O
COC(=O)c1ccc(Cn2ccc3c(N)cccc32)c(OC)c1.CCCCCC(=O)Cl,CCCCCC(=O)Nc1cccc2c1ccn2Cc1ccc(C(=O)OC)cc1OC
CC1(C)CC(c2cccc3ccccc23)c2ccc(OCC3CO3)cc2O1.CCO.CN,CNCC(O)COc1ccc2c(c1)OC(C)(C)CC2c1cccc2ccccc12
Cc1cc(CCCCCBr)on1.Oc1ccc(-c2nc3ccccc3s2)cc1,Cc1cc(CCCCCOc2ccc(-c3nc4ccccc4s3)cc2)on1
CNC.O=c1[nH]c2ccc(S(=O)(=O)Cl)cc2[nH]c1=O,CN(C)S(=O)(=O)c1ccc2[nH]c(=O)c(=O)[nH]c2c1
Cc1ccc(N)cc1-c1ccc(C(=O)NCC2CC2)cc1.O=C(O)c1ccc(Cl)cc1,Cc1ccc(NC(=O)c2ccc(Cl)cc2)cc1-c1ccc(C(=O)NCC2CC2)cc1
CCOC(OCC)OCC.Nc1nnn[nH]1.ClC(Cl)(Cl)Cl,CCOC=Nc1nnn[nH]1
Cc1cc(C)c2oc(Nc3ccc(Br)cc3F)nc2c1.CC1(C)OB(c2ccc(Nc3nc4ccccc4o3)c(F)c2)OC1(C)C,Cc1cc(C)c2oc(Nc3ccc(B4OC(C)(C)C(C)(C)O4)cc3F)nc2c1
CC(C)C(=O)Nc1cccc(C2CCN(CCCCO)CC2)c1.Cc1onc(-c2ccccc2)c1C(=O)Cl,Cc1onc(-c2ccccc2)c1C(=O)OCCCCN1CCC(c2cccc(NC(=O)C(C)C)c2)CC1
NCCCO.Fc1ccc(C2CCc3c(Cl)nc(Cl)nc32)cc1,OCCCNc1nc(Cl)nc2c1CCC2c1ccc(F)cc1
COc1cc(F)c(C=O)cc1OC.COC(=O)C(O)c1ccc(OC)c(OC)c1,COC(=O)C(O)c1cc(OC)c(OC)cc1F
c1ccncc1.O=C(CCc1c(-c2ccc(Cl)cc2)[nH]c2ccc(Cl)cc12)N1CCNCC1.O=C(Cl)c1ccccc1,O=C(CCc1c(-c2ccc(Cl)cc2)[nH]c2ccc(Cl)cc12)N1CCN(C(=O)c2ccccc2)CC1
ClCc1ccc2c(c1)OCO2.O=C1CCNCC1,O=C1CCN(Cc2ccc3c(c2)OCO3)CC1
O=C(Cl)C(=O)Cl.COc1c(F)ccc(C(O)=S)c1C.ClCCl,COc1c(F)ccc(C(=S)Cl)c1C
COC(=O)CCc1cc(-c2cncc(OCC3CCN3C(=O)OC(C)(C)C)c2)on1.C1CCNC1,CC(C)(C)OC(=O)N1CCC1COc1cncc(-c2cc(CCC(=O)N3CCCC3)no2)c1
CCCn1c(=O)c2[nH]c(-c3cnn(CC(=O)Cl)c3)nc2n(CCC)c1=O.FC(F)(F)c1cccc(N2CCNCC2)c1.C1CCOC1,CCCn1c(=O)c2[nH]c(-c3cnn(CC(=O)N4CCN(c5cccc(C(F)(F)F)c5)CC4)c3)nc2n(CCC)c1=O
O=C(O)c1cc2ccccc2s1.N#Cc1cc(N)ccc1OC1CCN(Cc2ccccc2)CC1,N#Cc1cc(NC(=O)c2cc3ccccc3s2)ccc1OC1CCN(Cc2ccccc2)CC1
Cc1ccccc1.CNc1ncccc1-c1c[nH]c2ncc(-c3cncc(C(=O)C(=O)N(C)C)c3)c(Cl)c12,CNc1ncccc1-c1c[nH]c2ncc(-c3cncc(C(O)C(=O)N(C)C)c3)c(Cl)c12
OO.CC1(C)OC(=O)Nc2cc(Cl)c(OCCCCSc3ccccc3)c(Cl)c21,CC1(C)OC(=O)Nc2cc(Cl)c(OCCCCS(=O)c3ccccc3)c(Cl)c21
c1ccc(Oc2ccccc2)cc1.O=C(O)c1nn(-c2cccc([N+](=O)[O-])c2)c(=O)[nH]c1=O,O=c1cnn(-c2cccc([N+](=O)[O-])c2)c(=O)[nH]1
OC1CCNC1.Cl.O=Cc1ccc(-c2ccc(CN3CC4(CCCCC4)OC3=O)cc2)cc1,O=C1OC2(CCCCC2)CN1Cc1ccc(-c2ccc(CN3CCC(O)C3)cc2)cc1
CCN=C=O.CC(C)(C)C(=O)Oc1ccc2ccccc2c1,CCNC(=O)c1ccc2ccccc2c1
O=C(CBr)Nc1cccc(Cl)c1.COc1ccc(CN)cc1OC,COc1ccc(CNCC(=O)Nc2cccc(Cl)c2)cc1OC
C1CCOC1.Nc1cc(C(=O)O)ccc1F,Nc1cc(CO)ccc1F
CCOc1nc(Cl)nc2c1sc1nc(-c3ccc(OC)c(OC)c3)cc(C)c12.Cc1ccccc1.C1CNCCN1,CCOc1nc(N2CCNCC2)nc2c1sc1nc(-c3ccc(OC)c(OC)c3)cc(C)c12
CC(C)(C)OC(=O)c1ccc(-n2c(CCc3nnn[nH]3)ccc2-c2ccccc2)cc1.O=CO,O=C(O)c1ccc(-n2c(CCc3nnn[nH]3)ccc2-c2ccccc2)cc1
Nc1c[nH]nc1-c1nc2ccccc2[nH]1.Fc1ccccn1,c1ccc(Nc2c[nH]nc2-c2nc3ccccc3[nH]2)nc1
NS(=O)(=O)c1cccc2c1CCCC2.CC#N.CCCCN=C=O,CCCCNC(=O)NS(=O)(=O)c1cccc2c1CCCC2
CCOC(=O)c1c(Cl)c2ccccc2n(-c2ccccc2)c1=O.Cc1ccccc1N.ClC(Cl)Cl,CCOC(=O)c1c(Nc2ccccc2C)c2ccccc2n(-c2ccccc2)c1=O
ClP(Cl)(Cl)(Cl)Cl.O=S(=O)(O)Cl.c1ccoc1,O=S(=O)(Cl)c1ccco1
CC(C)N(C)C(=O)CN1CCNCC1.CCOc1cc(C(C)(C)C#N)c(Cl)cc1C1=NC(c2ccc(Cl)cc2)C(c2ccc(Cl)cc2)N1C(=O)Cl,CCOc1cc(C(C)(C)C#N)c(Cl)cc1C1=NC(c2ccc(Cl)cc2)C(c2ccc(Cl)cc2)N1C(=O)N1CCN(CC(=O)N(C)C(C)C)CC1
O=C(O)CCl.CC(C=O)c1cccc(Oc2ccc(F)cc2)c1,CC(C(=O)O)c1cccc(Oc2ccc(F)cc2)c1
CO.CC(C)CCC(c1ccc(I)cc1)N1CCC(C(C)C(=O)[O-])CC1c1ccc(C(F)(F)F)cc1,CC(C)CCC(c1ccc(I)cc1)N1CCC(CC(=O)O)CC1c1ccc(C(F)(F)F)cc1
Cl[Ni]Cl.C1CN2CCN1CC2.O=C(c1c[nH]c2ccc(Br)cc12)[C@H]1CCCN1C(=O)OCc1ccccc1.C1CCNCC1.CS(C)=O.COCCOC,O=C(c1c[nH]c2ccc(N3CCCCC3)cc12)[C@H]1CCCN1C(=O)OCc1ccccc1
CC(C)(C)OC(=O)N1CCCC1COc1ccc(I)cc1.Oc1ccc(-n2cncn2)cc1,CC(C)(C)OC(=O)N1CCCC1COc1ccc(Oc2ccc(-n3cncn3)cc2)cc1
CC(C)(C)OC(=O)C1CNC1.N#Cc1ccc(C(=O)CBr)cc1.Cc1ccccc1,CC(C)(C)OC(=O)C1CN(CC(=O)c2ccc(C#N)cc2)C1
O.CC(=O)Nc1c(Br)cccc1C(F)(F)F.O=S(=O)(O)O,Nc1c(Br)cccc1C(F)(F)F
O=C=NCc1ccccc1.ClCCl.NCC1CN(Cc2ccc(Cl)c(Cl)c2)CCO1,O=C(NCc1ccccc1)NCC1CN(Cc2ccc(Cl)c(Cl)c2)CCO1
Nc1cnc(OCC2CC2)c(Br)c1.OB(O)c1ccc(Cl)cc1,Nc1cnc(OCC2CC2)c(-c2ccc(Cl)cc2)c1
NCCO.CC1(C)CC(Nc2nc(Cl)nc(NC3CC(C)(C)N(OC4CCCCC4)C(C)(C)C3)n2)CC(C)(C)N1OC1CCCCC1,CC1(C)CC(Nc2nc(NCCO)nc(NC3CC(C)(C)N(OC4CCCCC4)C(C)(C)C3)n2)CC(C)(C)N1OC1CCCCC1
CCO.Nc1cc(N)c([N+](=O)[O-])cn1,Nc1cc(N)c(N)cn1
CCOC(=O)C(C)Oc1ccccc1.C1CCC(NC2CCCCC2)CC1.ClCc1ccc(OCc2ccccc2)cc1,CCOC(=O)C(C)(Cc1ccc(OCc2ccccc2)cc1)Oc1ccccc1
O=C(O)c1cccc(N2CCOC2=O)c1.COC(=O)c1cccc(N2C(=O)OCC2C(C)C)c1,CC(C)C1COC(=O)N1c1cccc(C(=O)O)c1
CC(=O)OC(C)=O.O=C(O)CNC(=O)c1ccccc1,O=C1CN=C(c2ccccc2)O1
COc1ccc(C(=O)Cl)cc1.COc1ccc(-c2nc(N)sc2Cc2ccccc2)cc1,COc1ccc(C(=O)Nc2nc(-c3ccc(OC)cc3)c(Cc3ccccc3)s2)cc1
COc1cc(-c2nn(C3CCN(C4CCN(C)CC4)CC3)c3ncnc(N)c23)ccc1N.O=C(Cl)CCc1ccccc1.c1ccncc1,COc1cc(-c2nn(C3CCN(C4CCN(C)CC4)CC3)c3ncnc(N)c23)ccc1NC(=O)CCc1ccccc1
Fc1cccc(Cl)c1Cl.Cc1cc2c(o1)CN(C)CCC2O,Cc1cc2c(o1)CN(C)CCC2Oc1cccc(Cl)c1Cl
[I-].[K+].COc1cc(N)cc(C(F)(F)F)c1,COc1cc(I)cc(C(F)(F)F)c1
CCOc1ccc(C(=O)c2ccc(COC(C)=O)c(Br)c2)cc1.ClCCCl.CC#N,CCOc1ccc(Cc2ccc(COC(C)=O)c(Br)c2)cc1
CCO.Cc1ccc(C=C(CC(=O)N2CC3CCCCC3C2)C(=O)O)cc1,Cc1ccc(CC(CC(=O)N2CC3CCCCC3C2)C(=O)O)cc1
CC(=O)Nc1nc2c(Oc3cc(-c4ccc(C(F)(F)F)cc4)nc(Cl)n3)cccc2s1.CCCC[Sn](CO)(CCCC)CCCC,CC(=O)Nc1nc2c(Oc3cc(-c4ccc(C(F)(F)F)cc4)nc(CO)n3)cccc2s1
CC1(C)C=NC(=O)O1.CC(=O)N1CCN(c2cc(Cl)ccc2C(=O)N2CCN(c3ncc(C4CC4)cc3C)CC2)C1=O,CC(=O)N1CCN(c2cc(N3CC(C)(C)OC3=O)ccc2C(=O)N2CCN(c3ncc(C4CC4)cc3C)CC2)C1=O
CC(C)(C)OC(=O)NCCCBr.C1CCOC1.CN,CNCCCNC(=O)OC(C)(C)C
CC#N.COc1cc(N2CC(C)NCC2C)cc(F)c1C#N.N#Cc1ccc(N=C=O)cc1,COc1cc(N2CC(C)N(C(=O)Nc3ccc(C#N)cc3)CC2C)cc(F)c1C#N
COc1ncccc1-c1ccc(CC2CCN(C3CCCCC3)C2=O)c(Cl)c1.BrB(Br)Br.ClCCl,O=C1C(Cc2ccc(-c3cccnc3O)cc2Cl)CCN1C1CCCCC1
CCn1c([N+](=O)[O-])cnc1C.Cc1ncc([N+](=O)[O-])n1C,CCn1c([N+](=O)[O-])cnc1C=O
OO.CC1(C)OC(=O)Nc2ccc(OCCCCSc3ccc(-c4ccccc4)cc3)cc21,CC1(C)OC(=O)Nc2ccc(OCCCCS(=O)c3ccc(-c4ccccc4)cc3)cc21
c1nc[nH]n1.CCc1cc2c(NCCc3ccc4c(c3)OCO4)nc(Cl)nc2s1,CCc1cc2c(NCCc3ccc4c(c3)OCO4)nc(-n3cncn3)nc2s1
N#CC1CC(F)CN1C(=O)CNC12CCC(C(=O)O)(CC1)CC2.Nc1ccccc1F,N#CC1CC(F)CN1C(=O)CNC12CCC(C(=O)Nc3ccccc3F)(CC1)CC2
O=S1(=O)CCN(c2nc(Cl)nc3c(NCc4ccccc4)ncnc23)CC1.C1CNCCN1,O=S1(=O)CCN(c2nc(N3CCNCC3)nc3c(NCc4ccccc4)ncnc23)CC1
CCO.O=[N+]([O-])c1cc(Cl)c2[nH]ccc2c1,Nc1cc(Cl)c2[nH]ccc2c1
Cl.COC(CN(C)C(=O)Nc1ccc(Oc2cc([N+](=O)[O-])cc([N+](=O)[O-])c2)cc1)OC.O,CN1CCN(c2ccc(Oc3cc([N+](=O)[O-])cc([N+](=O)[O-])c3)cc2)C1=O
COc1nc(OC)nc(Oc2ccc(C=O)cc2)n1.OB(O)c1ccc(F)cc1,O=Cc1ccc(-c2ccc(F)cc2)cc1
Ic1c[nH]cn1.FC(F)c1cc(-c2ccc(C(F)(F)F)nc2)nc(Cl)n1,FC(F)c1cc(-c2ccc(C(F)(F)F)nc2)nc(-n2cnc(I)c2)n1
CNC=C1C(=O)C(C)(C)OC1(C)C.COCCOC.COc1ccc(P2(=S)SP(=S)(c3ccc(OC)cc3)S2)cc1,CNC=C1C(=S)C(C)(C)OC1(C)C
N#CC1CC(F)CN1C(=O)COS(=O)(=O)c1ccccc1.CCOC(=O)C12CCC(N)(CC1)CC2.O=S(=O)(O)c1ccccc1,CCOC(=O)C12CCC(NCC(=O)N3CC(F)CC3C#N)(CC1)CC2
O=[N+]([O-])c1ccc(CSc2ccccn2)cc1.CC(=O)O.[Fe],Nc1ccc(CSc2ccccn2)cc1
CC(C)(C)OC(=O)c1ccccc1-c1ccc(Cn2c(-c3ccccc3)nc3ccccc32)cc1.O=C(O)C(F)(F)F,O=C(O)c1ccccc1-c1ccc(Cn2c(-c3ccccc3)nc3ccccc32)cc1
Clc1ccc(Oc2cccc(N3CCNCC3)n2)cc1.O=C(NCC(F)(F)F)C1(CCCCBr)c2ccccc2-c2ccccc21,O=C(NCC(F)(F)F)C1(CCCCN2CCN(c3cccc(Oc4ccc(Cl)cc4)n3)CC2)c2ccccc2-c2ccccc21
SCCc1ccc(Cl)cc1.O=Cc1ccc(Br)cc1,O=Cc1ccc(SCCc2ccc(Cl)cc2)cc1
CCCCCC.CCOC(C)=O.COc1cc(C(C)C)ccc1C1COc2c(C)c(C)c(NCc3ccccc3)c(C)c21,COc1cc(C(C)C)ccc1C1COc2c(C)c(C)c(N)c(C)c21
Nc1cc(Br)ccc1C=O.[C-]#[N+]C1CCCCC1.Cc1ccc(N)nc1.O=C(O)C(F)(F)F.CC(C)O,Cc1ccc2nc(-c3ccc(Br)cc3N)c(NC3CCCCC3)n2c1
C=CCNC.CC(=O)N(C)C.CN(CCC1CCC(C=CCCl)CC1)S(=O)(=O)c1ccc(C(F)(F)F)cc1,C=CCN(C)CC=CC1CCC(CCN(C)S(=O)(=O)c2ccc(C(F)(F)F)cc2)CC1
Cc1cccc(-c2sc(C)nc2C(=O)N2CC3CC3C2CN)c1.COc1cc(Cl)ccc1C(=O)O,COc1cc(Cl)ccc1C(=O)NCC1C2CC2CN1C(=O)c1nc(C)sc1-c1cccc(C)c1
O=C1CCC(=O)N1Br.CC1=CC(C)(C)Nc2ccc(-c3ccsc3)cc21.C=CCS,C=CCSCC1=CC(C)(C)Nc2ccc(-c3ccsc3)cc21
ClCCl.OCc1cc(OC(F)(F)F)ccc1OCc1ccccc1.O=S(Cl)Cl,FC(F)(F)Oc1ccc(OCc2ccccc2)c(CCl)c1
c1ccc(N2CCNCC2)nc1.CC(C)(C)C(=O)Oc1ccccc1,c1ccc(N2CCN(c3ccccn3)CC2)cc1
ClCCl.O=C(O)C(F)(F)F.COC(=O)c1csc(NC(=O)C(Cc2ccccc2)NC(=O)C(NC(=O)OC(C)(C)C)c2ccc(OC)c(F)c2)n1,COC(=O)c1csc(NC(=O)C(Cc2ccccc2)NC(=O)C(N)c2ccc(OC)c(F)c2)n1
C1CCOC1.CN.CSc1ncc2cc(-c3cc(NC(=O)Nc4cc(C(C)(C)C)nn4C)ccc3C)c(=O)n(C)c2n1,CNc1ncc2cc(-c3cc(NC(=O)Nc4cc(C(C)(C)C)nn4C)ccc3C)c(=O)n(C)c2n1
O=C(O)C(F)(F)F.ClCCl.CC(C)(C)OC(=O)N1CC=C(c2cccnc2Oc2ccc(Nc3nc4ccccc4s3)cc2)CC1,C1=C(c2cccnc2Oc2ccc(Nc3nc4ccccc4s3)cc2)CCNC1
Cl.FC1(F)CNC1.COc1c(Cl)c(C)c(C(C)=O)c(OCCBr)c1OCCCc1ccccc1,COc1c(Cl)c(C)c(C(C)=O)c(OCCN2CC(F)(F)C2)c1OCCCc1ccccc1
O=C(O)c1ccc2c(c1)Sc1ccccc1CC2.Nc1ccc2c(c1)C=Cc1ccc(C(=O)O)cc1S2,Nc1ccc2c(c1)C=Cc1ccc(CO)cc1S2
COc1cc2ncnc(Oc3ccc4c(C(=O)O)cccc4c3)c2cc1OC.NCc1ccc(C(=O)Nc2ccc(C(F)(F)F)cc2N)cc1,COc1cc2ncnc(Oc3ccc4c(C(=O)NCc5ccc(C(=O)Nc6ccc(C(F)(F)F)cc6N)cc5)cccc4c3)c2cc1OC
NC(=O)c1ccc(F)cc1N.Cc1ccc(S(=O)(=O)n2ccc3c(Cl)nc(Cl)nc32)cc1,Cc1ccc(S(=O)(=O)n2ccc3c(Nc4cc(F)ccc4C(N)=O)nc(Cl)nc32)cc1
Cl.O=C(OO)c1cccc(Cl)c1.C=CCCC(O)C#N,N#CC1CCC(CO)O1
CC(C)(C)[Si](C)(C)OCCn1ccc(N)n1.O=C(O)C(Cc1ccccc1)n1ncc(Oc2c(F)cccc2F)cc1=O,CC(C)(C)[Si](C)(C)OCCn1ccc(NC(=O)C(Cc2ccccc2)n2ncc(Oc3c(F)cccc3F)cc2=O)n1
CCOC(=O)c1ccc(O)cc1.OCCc1ccccc1,CCOC(=O)c1ccc(OCCc2ccccc2)cc1
CO.C=CC(=O)OC(C)(C)C.OCCCc1ccncc1,CC(C)(C)OC(=O)CCOCCCc1ccncc1
CC1(C)C(=O)N(COCC[Si](C)(C)C)c2c(CBr)cccc21.COc1ccccc1COCCCOc1ccc(C2CCN(C(=O)OCc3ccccc3)CC2O)cc1,COc1ccccc1COCCCOc1ccc(C2CCN(C(=O)OCc3ccccc3)CC2OCc2cccc3c2N(COCC[Si](C)(C)C)C(=O)C3(C)C)cc1
Cc1ccccc1S(=O)(=O)Cl.ClCCl.CN,CNS(=O)(=O)c1ccccc1C
NC1CCCCCCC1.O=C(Nc1nc2cccc(Cl)n2n1)c1cccnc1,O=C(Nc1nc2cccc(NC3CCCCCCC3)n2n1)c1cccnc1
CCN1C(=O)C(Cc2cccc(C#N)c2)N=C(c2ccccc2)c2cc(OC)c(OC)cc21.CCOc1cc2c(cc1OC)C(c1ccccc1)=NC(Cc1cccc(C#N)c1)C(=O)N2C,CCOc1cc2c(cc1OC)C(c1ccccc1)=NC(Cc1cccc(C(N)=O)c1)C(=O)N2C
Cc1ccc(NC(=O)c2cccc(C(F)(F)F)c2)cc1-n1c(=O)c2cnc(S(C)=O)nc2n(C)c1=O.CN.C1CCOC1,CNc1ncc2c(=O)n(-c3cc(NC(=O)c4cccc(C(F)(F)F)c4)ccc3C)c(=O)n(C)c2n1
NCC1CN(Cc2ccc(Cl)c(Cl)c2)CCO1.O=C=Nc1cccc(Br)c1,O=C(NCC1CN(Cc2ccc(Cl)c(Cl)c2)CCO1)Nc1cccc(Br)c1
SC1CCCC1.CCOC(=O)Cn1ncc2c1CCCC2N(C)S(=O)(=O)c1cc(F)cc(C(F)(F)F)c1,CCOC(=O)Cn1ncc2c1CCCC2N(C)S(=O)(=O)c1cc(SC2CCCC2)cc(C(F)(F)F)c1
BrCCOc1cccc2c1c1ccccc1n2Cc1ccccc1.C1CCNC1.CC#N,c1ccc(Cn2c3ccccc3c3c(OCCN4CCCC4)cccc32)cc1
c1ccc(P(c2ccccc2)c2ccccc2)cc1.O=C(Nc1nccs1)c1nc(-c2ccc(O)cc2)[nH]c1-c1ccc(F)cc1.CC(=O)OCCO,CC(=O)OCCOc1ccc(-c2nc(C(=O)Nc3nccs3)c(-c3ccc(F)cc3)[nH]2)cc1
COc1nc(N)nc2c1ccn2C1OC(CO)C2OC21.CC(=O)O,COc1nc(N)nc2c1ccn2C1OC(CO)CC1O
Cl.O=C(O)c1c[nH]c2c(=O)[nH]c3ccc(S(=O)(=O)Cl)cc3c12.CNC,CN(C)S(=O)(=O)c1ccc2[nH]c(=O)c3[nH]cc(C(=O)O)c3c2c1
c1nc[nH]n1.OC(c1ccccc1)(c1ccccc1)c1ccns1,c1ccc(C(c2ccccc2)(c2ccns2)n2cncn2)cc1
Cl.OCCC1CNCCN1.Cc1cc2c(s1)Nc1ccc(Cl)cc1N=C2N,Cc1cc2c(s1)Nc1ccc(Cl)cc1N=C2N1CCNC(CCO)C1
Cc1c([N+](=O)[O-])cc(OCCO[Si](C)(C)C(C)(C)C)c(F)c1F.CCO,Cc1c(N)cc(OCCO[Si](C)(C)C(C)(C)C)c(F)c1F
Nc1ccc(S(=O)(=O)O)c2cc(S(=O)(=O)O)cc(S(=O)(=O)O)c12.Cc1cc([N+](=O)[O-])ccc1S(=O)(=O)Cl,Cc1cc([N+](=O)[O-])ccc1S(=O)(=O)Nc1ccc(S(=O)(=O)O)c2cc(S(=O)(=O)O)cc(S(=O)(=O)O)c12
CC(=O)OCC(=O)Cl.Fc1cc(C2=NOC(COc3ccon3)C2)ccc1N1CCNCC1,CC(=O)OCC(=O)N1CCN(c2ccc(C3=NOC(COc4ccon4)C3)cc2F)CC1
Ic1c[nH]cn1.Cc1cc(-c2ccc(C(F)(F)F)cc2)cc(Cl)n1,Cc1cc(-c2ccc(C(F)(F)F)cc2)cc(-n2cnc(I)c2)n1
Cc1cn(C(C)C(=O)N(C)C)nc1-c1ccccc1.CCI,Cc1cn(C2(C(=O)N(C)C)CC2)nc1-c1ccccc1
Cn1nc(-c2ccc([N+](=O)[O-])cc2)c2ccccc2c1=O.CCO,Cn1nc(-c2ccc(N)cc2)c2ccccc2c1=O
O=C(O)C(F)(F)F.ClCCl.CCCCc1nc2ccc(N(C)S(=O)(=O)c3ccc(Cl)cc3)cc2n1Cc1ccc(-c2ccccc2C(=O)OC(C)(C)C)cc1,CCCCc1nc2ccc(N(C)S(=O)(=O)c3ccc(Cl)cc3)cc2n1Cc1ccc(-c2ccccc2C(=O)O)cc1
[NH4+].COc1ccc(CC2c3cc(OC)c(OC)cc3CCCN2C(C(=O)O)c2ccccc2)cc1OC.[Cl-],COc1ccc(CC2c3cc(OC)c(OC)cc3CCCN2C(C(N)=O)c2ccccc2)cc1OC
COc1ccc2cc(N3CCCCC3)ccc2c1.[Li]c1ccccc1,c1ccc(-c2ccc3cc(N4CCCCC4)ccc3c2)cc1
CC(C)(Sc1ccncc1)C(=O)O.[Cl-].O=S(Cl)Cl,CC(C)(Sc1ccncc1)C(=O)Cl
CSc1ccc(C2=C(Br)CCC2)cc1.OB(O)c1ccc(C(F)(F)F)cc1,CSc1ccc(C2=C(c3ccc(C(F)(F)F)cc3)CCC2)cc1
NCc1ccccc1.C[Si](C)(C)CCl.CC#N,C[Si](C)(C)CNCc1ccccc1
C1CCOC1.COC(=O)c1ccc(C(C)NC(=O)c2cc(Cl)cc([N+](=O)[O-])c2Cl)cc1.NCc1cccc(Cl)c1,COC(=O)c1ccc(C(C)NC(=O)c2cc(Cl)cc([N+](=O)[O-])c2NCc2cccc(Cl)c2)cc1
c1ccc(B2OB(c3ccccc3)OB(c3ccccc3)O2)cc1.COCc1c(OC)ccc2cc(OC(C)=O)ccc12,COCc1c(OC)ccc2cc(-c3ccccc3)ccc12
[Pd].Cc1cc(Nc2cc(NC(=O)c3c(Cl)cccc3Cl)c([N+](=O)[O-])cn2)nc(C)n1.CCO,Cc1cc(Nc2cc(NC(=O)c3c(Cl)cccc3Cl)c(N)cn2)nc(C)n1
CCOC(=O)C=CC1COC(C)(C)O1.C[N+](=O)[O-],CCOC(=O)CC(C[N+](=O)[O-])C1COC(C)(C)O1
C1CCOC1.COc1ccc(CC#N)c(C)c1OC,COc1ccc(CCN)c(C)c1OC
NCc1ccc(F)cc1.COC(=O)c1ccc(-c2nc(Cl)c3cc(C)sc3n2)cc1,COC(=O)c1ccc(-c2nc(NCc3ccc(F)cc3)c3cc(C)sc3n2)cc1
CCN(CC)C(=O)Oc1ccc2c(c1)CCC1C2CC[C@]2(C)C1CCC21OCCO1.C[Si](C)(C)C[Mg]Cl,C[C@]12CCC3c4ccc(C[Si](C)(C)C)cc4CCC3C1CCC21OCCO1
N#CCOc1cccc(F)c1Nc1nc(Cl)ncc1Cl.CC1(C)CCC(=O)Nc2cc(N)ccc21,CC1(C)CCC(=O)Nc2cc(Nc3ncc(Cl)c(Nc4c(F)cccc4OCC#N)n3)ccc21
COc1cc2ncnc(N3CCNCC3)c2cc1OC.CCO.O=C=Nc1ccccc1,COc1cc2ncnc(N3CCN(C(=O)Nc4ccccc4)CC3)c2cc1OC
CS(=O)(=O)O.O=C1C(NS(=O)(=O)c2ccc(Oc3ccc(Cl)cc3)cc2)CC=C(CN2CCOCC2)CN1OCc1ccccc1,O=C1C(NS(=O)(=O)c2ccc(Oc3ccc(Cl)cc3)cc2)CC=C(CN2CCOCC2)CN1O
O=C(Cl)C(=O)Cl.CN(C)C=O.O=C(O)c1cc(F)cc(Cl)c1,O=C(Cl)c1cc(F)cc(Cl)c1
CNCCC1CNCCO1.CCn1cc(C(=O)O)c(=O)c2cc(F)c(F)c(F)c21,CCn1cc(C(=O)O)c(=O)c2cc(F)c(N3CCOC(CCNC)C3)c(F)c21
C1CCOC1.O=[N+]([O-])c1ccc(N2CCN3CC(COc4ccc(F)cc4)CCC3C2)cc1,Nc1ccc(N2CCN3CC(COc4ccc(F)cc4)CCC3C2)cc1
COC(=O)C(Cc1c[nH]c2ccccc12)NC(=O)OC(C)(C)C.O=C(O)C(F)(F)F,COC(=O)C(N)Cc1c[nH]c2ccccc12
CC(c1ccc(-c2cccc(C(=O)O)n2)cc1)N1CCC(CC(C)(C)O)(c2ccccc2)OC1=O.N,CC(c1ccc(-c2cccc(C(N)=O)n2)cc1)N1CCC(CC(C)(C)O)(c2ccccc2)OC1=O
Cc1ccc(N)nc1.COc1cc([N+](=O)[O-])ccc1C=O.[C-]#[N+]C1CCCCC1.O=C(O)C(F)(F)F.CC(C)O,COc1cc([N+](=O)[O-])ccc1-c1nc2ccc(C)cn2c1NC1CCCCC1
[Na].Cc1ccncc1O.[NH2-],Cc1ccnc(N)c1O
CCCCCCC1CC(NC(C)C(=O)N2CCCC2C(=O)OCc2ccccc2)C(=O)O1.CO,CCCCCCC1CC(NC(C)C(=O)N2CCCC2C(=O)O)C(=O)O1
CC(C)=O.NC1CC1.CCN(CC)c1nc(Cl)c(C#N)c(Cl)n1,CCN(CC)c1nc(Cl)c(C#N)c(NC2CC2)n1
O=[N+]([O-])c1ccc(F)cc1.C1COCCN1,O=[N+]([O-])c1ccc(N2CCOCC2)cc1
CC(C)(C)NS(=O)(=O)c1cccc(-c2cn(-c3nc(-c4ccc(F)c(F)c4)cc(C(F)(F)F)n3)cn2)c1.O=C(O)C(F)(F)F.ClCCl,NS(=O)(=O)c1cccc(-c2cn(-c3nc(-c4ccc(F)c(F)c4)cc(C(F)(F)F)n3)cn2)c1
C1CCOC1.CCCCC=O.CC(C)(C)OC(=O)C=P(c1ccccc1)(c1ccccc1)c1ccccc1,CCCCC=CC(=O)OC(C)(C)C
CCc1nc2ccccc2n1-c1nc(N2CCOCC2)c2nc(C=C3CN(C(=O)OC(C)(C)C)C3)n(C)c2n1.CCO,CCc1nc2ccccc2n1-c1nc(N2CCOCC2)c2nc(CC3CN(C(=O)OC(C)(C)C)C3)n(C)c2n1
c1ccc(N2CCNCC2)cc1.COc1ccccc1Oc1c(Cl)nc(Cl)nc1NS(=O)(=O)c1ccc(C(C)(C)C)cc1,COc1ccccc1Oc1c(Cl)nc(N2CCN(c3ccccc3)CC2)nc1NS(=O)(=O)c1ccc(C(C)(C)C)cc1
NCc1ccc(CN)c(Cl)c1.Fc1cc(CBr)ccc1CBr,NCc1ccc(CN)c(F)c1
Cl.NOCc1ccc(F)cc1.COc1ccc(C(C)=O)cc1O,COc1ccc(C(C)=NOCc2ccc(F)cc2)cc1O
CC(=N)N.CC(C)(C)OC(=O)NCCCN=C=S.Cl,CC(N)=NC(=S)NCCCNC(=O)OC(C)(C)C
CC(=O)Oc1ccc2cc(-c3ccccc3)ccc2c1.CCCCc1ccc(B2OB(c3ccc(CCCC)cc3)OB(c3ccc(CCCC)cc3)O2)cc1,CCCCc1ccc(-c2ccc3cc(-c4ccccc4)ccc3c2)cc1
CN(C)C(=[F+])N(C)C.F[P-](F)(F)(F)(F)F.COc1ccc2c(c1)c(CC(=O)O)c(C)n2C(=O)c1ccc(Cl)cc1.CNS(=O)(=O)Cc1ccc(N)cc1.CN(C)C=O.CN1CCOCC1,CNS(=O)(=O)Cc1ccc(NC(=O)Cc2c(C)n(C(=O)c3ccc(Cl)cc3)c3ccc(OC)cc23)cc1
Cc1cc(Cl)nc(-c2ccccn2)n1.Nc1cccc(Oc2ccccc2)c1,Cc1cc(Nc2cccc(Oc3ccccc3)c2)nc(-c2ccccn2)n1
C1COCCN1.CCCCN1CCN(C(=O)c2ccc(C=O)cc2)CC1,CCCCN1CCN(C(=O)c2ccc(CN3CCOCC3)cc2)CC1
CC(C)CCON=O.C1CCOC1.CCOC(=O)c1ncn(C(CO)C(C)O)c1N,CCOC(=O)c1cn(C(CO)C(C)O)cn1
CC(C)Oc1nc(N)nc2nc[nH]c12.Cc1cn(C2CC(N=[N+]=[N-])C(CO)O2)c(=O)[nH]c1=O.O=C([O-])CC(O)(CC(=O)[O-])C(=O)[O-],CC(C)Oc1nc(N)nc2c1ncn2C1CC(N=[N+]=[N-])C(CO)O1
ClCCl.O=C(O[N+](=O)[O-])c1ccccc1.CCOC(C)=O,NOC(=O)c1ccccc1
N#Cc1cc2c(cc1OCCCN1CCOCC1)NC(=O)CN=C2c1ccccc1Cl.COc1ccc(P2(=S)SP(=S)(c3ccc(OC)cc3)S2)cc1,N#Cc1cc2c(cc1OCCCN1CCOCC1)NC(=S)CN=C2c1ccccc1Cl
CC(C)(C)OC(=O)N1CCC(NCc2ccccc2)C(F)C1.CCO.Cl,CC(C)(C)OC(=O)N1CCC(N)C(F)C1
Oc1ccc(Cc2nnc3ccc(Cl)nn23)cc1.c1c[nH]cn1,Oc1ccc(Cc2nnc3ccc(-n4ccnc4)nn23)cc1
O=[N+]([O-])c1cc[nH]c1Cl.CNC,CN(C)c1[nH]ccc1[N+](=O)[O-]
CCOc1noc(C2CC(c3ccc(OC(F)(F)F)c(F)c3)CN(C(=O)OC(C)(C)C)C2)n1.ClCCl.O=C(O)C(F)(F)F,CCOc1noc(C2CNCC(c3ccc(OC(F)(F)F)c(F)c3)C2)n1
C1COCCO1.COC(=O)c1cc(I)ccc1OC.O,COc1ccc(I)cc1C(=O)O
CO.COc1ccc(C(=O)O)c(O)c1O.O=S(=O)(O)O,COC(=O)c1ccc(OC)c(O)c1O
O=Cc1cc(-c2ccccc2)n(-c2ccccc2)n1.[C-]#[N+]C1CCCCC1.Cc1ccc(N)nc1.O=C(O)C(F)(F)F.CC(C)O,Cc1ccc2nc(-c3cc(-c4ccccc4)n(-c4ccccc4)n3)c(NC3CCCCC3)n2c1
O=S(Cl)Cl.CC(C)(C)c1cc(CO)no1.ClCCl,CC(C)(C)c1cc(CCl)no1
CCCCC12CCC(=O)C(C(F)(F)F)=C1c1cc(F)c(OC)c(Cl)c1C2.ClCCl.BrB(Br)Br,CCCCC12CCC(=O)C(C(F)(F)F)=C1c1cc(F)c(O)c(Cl)c1C2
CN1C(=O)C=CC1=O.CCN(CC)CC.CC(C)(C)c1cc(S)cc(C(C)(C)C)c1O,CN1C(=O)CC(Sc2cc(C(C)(C)C)c(O)c(C(C)(C)C)c2)C1=O
O=P(Cl)(Cl)Cl.CC#N.CN1C(=O)C(F)=C(O)CC1(N)C#N,CN1C(=O)C(F)=C(Cl)CC1(N)C#N
CCN(CC)C(=O)Oc1ccccn1.Cl[Mg]c1ccccc1,c1ccc(-c2ccccn2)cc1
CN(CC(=O)NCC(=O)O)C(=O)C(Cc1ccc(O)cc1)NC(=O)OC(C)(C)C.CSCCC(NC(=O)C(N)Cc1ccccc1)C(=O)OCc1ccccc1,CSCCC(NC(=O)C(Cc1ccccc1)NC(=O)CNC(=O)CN(C)C(=O)C(Cc1ccc(O)cc1)NC(=O)OC(C)(C)C)C(=O)OCc1ccccc1
ClCCl.CN(C)C=O.O=C(O)C=Cc1ccc(S(=O)(=O)Nc2ccccc2)cc1,O=C(Cl)C=Cc1ccc(S(=O)(=O)Nc2ccccc2)cc1
[Ni].COc1ccc(S(N)(=O)=O)cc1[N+](=O)[O-],COc1ccc(S(N)(=O)=O)cc1N
COC(CCCCCCOS(=O)(=O)c1ccc(C)cc1)(OC)c1ccc(C(F)(F)F)cc1.N.CO,COC(CCCCCCN)(OC)c1ccc(C(F)(F)F)cc1
[Pd].C=C(C)CC(O)c1c(Cl)ccc(F)c1Cl.CCOC(C)=O,CC(C)CC(O)c1c(Cl)ccc(F)c1Cl
C=CCn1cnc2c1c(=O)[nH]c(=O)n2CCCC.CN(C)C=O.O=C1CCC(=O)N1Cl,C=CCn1c(Cl)nc2c1c(=O)[nH]c(=O)n2CCCC
O.CCCCCC.O=C(O)c1c(F)cc(F)c(F)c1C(=O)O,O=C1OC(=O)c2c(F)c(F)cc(F)c21
CCOC=C(C#N)C(=O)OCC.Cc1ccc(N)nc1,CCOC(=O)C(C#N)=CNc1ccc(C)cn1
C1COCCN1.C=CC(=O)c1cnc(N2CCCC2CO)nc1NCc1ccc(OC)c(Cl)c1.CCO,COc1ccc(CNc2nc(N3CCCC3CO)ncc2C(=O)CCN2CCOCC2)cc1Cl
CN(C)C=CC(=O)c1cccs1.N#Cc1ncn2c(-c3ccsc3)ccnc12,NC(=O)c1ncn2c(-c3ccsc3)ccnc12
CN1CCC(c2c[nH]c3ccc(N)cc23)CC1.O=C(O)c1cc(Cl)cc(Cl)c1,CN1CCC(c2c[nH]c3ccc(NC(=O)c4cc(Cl)cc(Cl)c4)cc23)CC1
CC(=O)C1CC1.CC1(C)OC(=O)CC(=O)O1,CC(=C1C(=O)OC(C)(C)OC1=O)C1CC1
c1c[nH]cn1.C=CC(=O)c1cn(C)c2ccccc12.CCOC(C)=O,Cn1cc(C(=O)CCn2ccnc2)c2ccccc21
O=C(O)c1cccc(-c2cnc3c(c2)N(Cc2cc(Cl)ccc2C(F)(F)F)CCN3)c1.Cc1cc(N2CCNCC2)c2ccccc2n1,Cc1cc(N2CCN(C(=O)c3cccc(-c4cnc5c(c4)N(Cc4cc(Cl)ccc4C(F)(F)F)CCN5)c3)CC2)c2ccccc2n1
CC(C)(C)OC(=O)NCCCCC(=O)O.NCCC(=O)OCc1ccccc1,CC(C)(C)OC(=O)NCCCCC(=O)NCCC(=O)OCc1ccccc1
[I-].C[Mg+].CC1CCCC(=O)C12CCCC2,CC1CCCC(C)(O)C12CCCC2
Cc1cc(C)c(N2CCN(C(=O)c3ccc(N4C(=O)OCC4CO)nc3)CC2)nc1C.CI,COCC1COC(=O)N1c1ccc(C(=O)N2CCN(c3nc(C)c(C)cc3C)CC2)cn1
O=C(Cl)c1ccc(F)c(F)c1.CCN1C(=O)C(C)(C)c2cc3[nH]c(-c4n[nH]cc4N)nc3cc21,CCN1C(=O)C(C)(C)c2cc3[nH]c(-c4n[nH]cc4NC(=O)c4ccc(F)c(F)c4)nc3cc21
CCN(C(C)C)C(C)C.Clc1ccc(C(c2ccc(Cl)cc2)N2CCNCC2)cc1.O=S(=O)(CCCCCCl)NCCO,O=S(=O)(CCCCCN1CCN(C(c2ccc(Cl)cc2)c2ccc(Cl)cc2)CC1)NCCO
Cn1c(=O)oc2ccc(Br)cc21.O=C1CCC2(CC1)OCCO2,Cn1c(=O)oc2ccc(C3(O)CCC4(CC3)OCCO4)cc21
CC(=O)O.CC(=O)OCC(COc1ccccc1CCCCNC(=O)OCc1ccccc1)OC(C)=O.CO,CC(=O)OCC(COc1ccccc1CCCCN)OC(C)=O
CC1(CCCC23CCC(c4nnc(-c5ccccc5C(F)(F)F)o4)(CC2)CC3)OCCO1.Cc1ccc(S(=O)(=O)O)cc1.O,CC(=O)CCCC12CCC(c3nnc(-c4ccccc4C(F)(F)F)o3)(CC1)CC2
C=C(OCC)[Sn](CCCC)(CCCC)CCCC.c1ccc([PH](c2ccccc2)(c2ccccc2)[Pd]([PH](c2ccccc2)(c2ccccc2)c2ccccc2)([PH](c2ccccc2)(c2ccccc2)c2ccccc2)[PH](c2ccccc2)(c2ccccc2)c2ccccc2)cc1.CC(c1ccc2c(cnn2C)c1)c1cnc2ccc(Cl)nn12,C=C(OCC)c1ccc2ncc(C(C)c3ccc4c(cnn4C)c3)n2n1
CCC1=C(NCc2ccc(OC)cc2)C(=O)N(OCc2ccccc2)C1.CC(=O)O.CCOC(C)=O,CCC1CN(OCc2ccccc2)C(=O)C1NCc1ccc(OC)cc1
O=Cc1ccncc1.CON=C1CCc2cc(C=CC(=O)c3ccc(OCCN(C)C)cc3)ccc21,CON=C1CCc2cc(C(CC(=O)c3ccc(OCCN(C)C)cc3)C(=O)c3ccncc3)ccc21
CCO.CCOC(C)=O.Clc1nc(N2CCOCC2)c2nc(C=C3CCOCC3)ccc2n1,Clc1nc(N2CCOCC2)c2nc(CC3CCOCC3)ccc2n1
CC(C)(C)OC(=O)NCc1cccc(-c2nc3c(N4CCN(CC(=O)Nc5nccs5)CC4)c(Br)cnc3[nH]2)c1.O=C(O)C(F)(F)F.ClCCl,NCc1cccc(-c2nc3c(N4CCN(CC(=O)Nc5nccs5)CC4)c(Br)cnc3[nH]2)c1
CCCCCc1ccc(OC(=O)c2ccc([N+](=O)[O-])c(C)c2)cc1.CCOC(C)=O,CCCCCc1ccc(OC(=O)c2ccc(N)c(C)c2)cc1
CC(C)NS(=O)(=O)c1cc2ccccc2[nH]1.OC(c1ccc(Cl)cc1)c1ccc(Cl)cc1,CC(C)NS(=O)(=O)c1[nH]c2ccccc2c1C(c1ccc(Cl)cc1)c1ccc(Cl)cc1
CC(=O)OC(C)=O.Cc1c(N)cccc1F,CC(=O)Nc1cccc(F)c1C
O=S(=O)(O)c1ccc2cc(O)ccc2c1.[Na],Oc1ccc2ccccc2c1
COC(=O)[C@H](Cc1ccc(OC(=O)C(C)(C)C)cc1)N(C(=O)C(C)(C)C)c1ccccc1.CC(=O)c1cn(C)c2ccccc12,COC(=O)[C@H](Cc1ccc(CC(=O)c2cn(C)c3ccccc23)cc1)N(C(=O)C(C)(C)C)c1ccccc1
O=C(c1cc(Cl)ccc1[N+](=O)[O-])N1CCOCC1.CS(C)=O.OCCNCCO,O=C(c1cc(N(CCO)CCO)ccc1[N+](=O)[O-])N1CCOCC1
COCC1CCCN1.N#Cc1c[nH]c2ccc(CCNC(=O)c3ccc(-c4ccnc(Cl)n4)cc3)cc12,COCC1CCCN1c1nccc(-c2ccc(C(=O)NCCc3ccc4[nH]cc(C#N)c4c3)cc2)n1
CC(=O)c1cc(C#N)c(=O)[nH]c1C.O=S(=O)(O)O,CC(=O)c1cc(C(N)=O)c(=O)[nH]c1C
O=C(O)c1cc2c(s1)-c1cccc(Br)c1OCC2.CNc1ccccc1Cl,CN(C(=O)c1cc2c(s1)-c1cccc(Br)c1OCC2)c1ccccc1Cl
CC(C)(C)c1ccc(N)cc1.Cc1nc(Cl)c2ccc(-c3ncccc3C(F)(F)F)cc2n1,Cc1nc(Nc2ccc(C(C)(C)C)cc2)c2ccc(-c3ncccc3C(F)(F)F)cc2n1
Cl.COC(=O)C1(CO)CCN(C(=O)OC(C)(C)C)CC1.CO,COC(=O)C1(CO)CCNCC1
CC(=O)N(C)C.CC(C)S(=O)(=O)c1ccc(F)c(F)c1F.CC(C)(C)OC(=O)N1CCNCC1,CC(C)S(=O)(=O)c1ccc(N2CCN(C(=O)OC(C)(C)C)CC2)c(F)c1F
C[Zn]C.C1COCCO1.CC(C)(C)OC(=O)N1CCC(c2nc(-c3cccc(NS(=O)(=O)c4c(F)cccc4F)c3F)c(-c3ccnc(Cl)n3)s2)CC1,Cc1nccc(-c2sc(C3CCN(C(=O)OC(C)(C)C)CC3)nc2-c2cccc(NS(=O)(=O)c3c(F)cccc3F)c2F)n1
O=C([O-])O.OCCOCCOCCOCCOCCO.[Na+].COc1ccc(N)cc1.Cc1cc(C)c(S(=O)(=O)Cl)c(C)c1.O.CC(C)=O,COc1ccc(NS(=O)(=O)c2c(C)cc(C)cc2C)cc1
CI.Cc1nc(C(F)(F)F)ccc1C(=O)Nc1ccc(Cl)c(-c2ccc(O)cn2)c1,COc1ccc(-c2cc(NC(=O)c3ccc(C(F)(F)F)nc3C)ccc2Cl)nc1
O=C(O)C(F)(F)F.CC[SiH](CC)CC.O=C1N(C(c2ccccc2)c2ccccc2)c2c(F)cccc2C1(O)c1cc2c(cc1O)OCCO2,O=C1C(c2cc3c(cc2O)OCCO3)c2cccc(F)c2N1C(c1ccccc1)c1ccccc1
COc1ccc(CC2c3cc(OC)c(OC)cc3CCCN2C(C(=O)O)c2ccccc2)cc1OC.Cn1nc(CN)c2ccccc21.Cl,COc1ccc(CC2c3cc(OC)c(OC)cc3CCCN2C(C(=O)NCc2nn(C)c3ccccc23)c2ccccc2)cc1OC
COc1cc(C(=O)N2CCC(CCCS(=O)(=O)[O-])(c3ccc(Cl)c(Cl)c3)C2)cc(OC)c1OC.O=C(O)C(F)(F)F.O=C1N(Cc2ccccc2)CN(c2ccc(F)cc2)C12CCNCC2,COc1cc(C(=O)N2CCC(CCN3CCC4(CC3)C(=O)N(Cc3ccccc3)CN4c3ccc(F)cc3)(c3ccc(Cl)c(Cl)c3)C2)cc(OC)c1OC
Cl.O=S(=O)(c1ccc2cc(Cl)ccc2c1)N1CCNCC1.FC(F)(F)c1nnc2ccc(Cl)nn12,O=S(=O)(c1ccc2cc(Cl)ccc2c1)N1CCN(c2ccc3nnc(C(F)(F)F)n3n2)CC1
CCCCN.CCC[N+](=O)[O-].O=Cc1ccc(OCc2ccccc2)cc1,CCC(=Cc1ccc(OCc2ccccc2)cc1)[N+](=O)[O-]
CCOC(=O)C(=O)N(Cc1ccc(C(=O)O)cc1)Cc1ccc(C(F)(F)F)cc1.CCCCCCCCCCCCNC,CCCCCCCCCCCCN(C)C(=O)c1ccc(CN(Cc2ccc(C(F)(F)F)cc2)C(=O)C(=O)OCC)cc1
F[B-](F)(F)c1cccs1.CC(C)(C)C(=O)Oc1cccc2ccccc12.[K+],c1csc(-c2cccc3ccccc23)c1
N#Cc1n[nH]cc1Br.CC1(C)OB(c2ccc(C3(c4ccc(Cl)cc4)CCNCC3)cc2)OC1(C)C,N#Cc1n[nH]cc1-c1ccc(C2(c3ccc(Cl)cc3)CCNCC2)cc1
O=S1CCN(c2nc(Cl)nc3c(SCCO)ncnc23)CC1.C1CNCCN1,O=S1CCN(c2nc(N3CCNCC3)nc3c(SCCO)ncnc23)CC1
Cl.Cc1ccc(S(=O)(=O)NCC(CCCNCc2cccc([N+](=O)[O-])c2)(c2ccccc2)c2ccccc2)cc1.CCO,Cc1ccc(S(=O)(=O)NCC(CCCNCc2cccc(N)c2)(c2ccccc2)c2ccccc2)cc1
[OH-].[Li+].CCOC(=O)Cn1ccc2ccc(OCc3cc(-c4ccc(C(F)(F)F)cc4)nn3C)cc21,Cn1nc(-c2ccc(C(F)(F)F)cc2)cc1COc1ccc2ccn(CC(=O)O)c2c1
COc1ccc2c(c1)N(C)C(=O)CC2.ClCCl.BrB(Br)Br,CN1C(=O)CCc2ccc(O)cc21
Cl.NO.CC(=O)c1cnc2nnn(Cc3ccc4ncccc4c3)c2n1,CC(=NO)c1cnc2nnn(Cc3ccc4ncccc4c3)c2n1
[OH-].O=C(O)c1cc([N+](=O)[O-])c(F)c(F)c1F.[Na+],O=C(O)c1cc([N+](=O)[O-])c(O)c(F)c1F
N#Cc1c(N2CCOCC2)sc(C(N)=O)c1-c1ccc(Cl)cc1Cl.COC(OC)N(C)C,CN(C)C=NC(=O)c1sc(N2CCOCC2)c(C#N)c1-c1ccc(Cl)cc1Cl
O.CO.OCc1c[nH]c2ccccc12,COCc1c[nH]c2ccccc12
CO.CCOc1ccc2c(c1)C(C)=CC(C)(C)N2C(=O)Cl,CCOc1ccc2c(c1)C(C)=CC(C)(C)N2C(=O)OC
O=C(c1ccc(F)cc1)C1CCN(CCCCn2c(=O)[nH]c3cscc3c2=O)CC1.CN(C)C=O.C=CC(=O)OC,COC(=O)CCn1c(=O)n(CCCCN2CCC(C(=O)c3ccc(F)cc3)CC2)c(=O)c2cscc21
O=C(O)CC(c1ccc(O)cc1)n1cccc1.CO,COC(=O)CC(c1ccc(O)cc1)n1cccc1
ClCCl.NC(=O)c1cnc(N2CCC(Oc3ccccc3C(F)(F)F)CC2)s1,N#Cc1cnc(N2CCC(Oc3ccccc3C(F)(F)F)CC2)s1
CC(C)(O)c1cc(F)c(-c2cc(C(N)=O)c(N)s2)c(F)c1.O=S(=O)(c1ccc(Br)cc1)N1CCOCC1,CC(C)(O)c1cc(F)c(-c2cc(C(N)=O)c(Nc3ccc(S(=O)(=O)N4CCOCC4)cc3)s2)c(F)c1
ClCCl.O=[N+]([O-])c1cn(CC(O)CCl)c(Cl)n1,O=[N+]([O-])c1cn(CC2CO2)c(Cl)n1
O=C(O)c1ncc(C(F)(F)F)cc1Cl.O=S(Cl)Cl,O=C(Cl)c1ncc(C(F)(F)F)cc1Cl
Brc1cccc(-c2nn3c(NC4CCCC4)cccc3c2-c2ccnc(NC3CCCC3)n2)c1.OB(O)c1ccncc1,c1cc(-c2ccncc2)cc(-c2nn3c(NC4CCCC4)cccc3c2-c2ccnc(NC3CCCC3)n2)c1
CC(=O)Nc1cccc(N)c1.CN(Cc1cccc(-c2ccc3cnc(S(C)=O)nn23)c1)S(C)(=O)=O,CC(=O)Nc1cccc(Nc2ncc3ccc(-c4cccc(CN(C)S(C)(=O)=O)c4)n3n2)c1
[Li]C1CC1.COc1ccc2ccccc2c1,c1ccc2cc(C3CC3)ccc2c1
CO.CC(C)(C)OC(=O)N1CCC(C#CCCOC2CCCCO2)CC1,CC(C)(C)OC(=O)N1CCC(C#CCCO)CC1
NC(=O)c1[nH]c2ncccc2c1-c1ccc(N)cc1.O=C=Nc1cccc(C(F)(F)F)c1,NC(=O)c1[nH]c2ncccc2c1-c1ccc(NC(=O)Nc2cccc(C(F)(F)F)c2)cc1
CC(CCl)OCC(NC(=O)OCc1ccccc1)C(=O)O.CO,CC(CCl)OCC(N)C(=O)O
Cc1cc(NC2CCN(C(=O)OC(C)(C)C)CC2)c(N)cc1F.COc1cc([N+](=O)[O-])c(NC2CCN(C(=O)OC(C)(C)C)CC2)cc1C,COc1cc(N)c(NC2CCN(C(=O)OC(C)(C)C)CC2)cc1C
COCc1oc(C)cc(=O)c1OCc1ccccc1.Cc1cc(=O)c(OCc2ccccc2)c(C(C)O)o1,COC(C)c1oc(C)cc(=O)c1OCc1ccccc1
Nc1ccc(O)cc1F.COc1cc([N+](=O)[O-])ccc1O,COc1cc(N)ccc1O
COC(=O)N1CCC(c2cc(=O)[nH]o2)CC1c1ccc(C(F)(F)F)c(F)c1.Br.CC(=O)O,O=c1cc(C2CCNC(c3ccc(C(F)(F)F)c(F)c3)C2)o[nH]1
CN1Cc2cnc(S(C)(=O)=O)nc2N(C)C1=O.CCN(CC)CCOc1ccc(N)cc1,CCN(CC)CCOc1ccc(Nc2ncc3c(n2)N(C)C(=O)N(C)C3)cc1
CCN(CC)CCN1CCCc2[nH]c(C=O)c(C)c2C1=O.CC(O)C(=O)Nc1cc2c(cc1F)CC(=O)N2,CCN(CC)CCN1CCCc2[nH]c(C=C3C(=O)Nc4cc(NC(=O)C(C)O)c(F)cc43)c(C)c2C1=O
CCO.NC1=Nc2cnc(Oc3ccccc3)cc2CN1C(CCC(=O)N(CCOCc1ccccc1)C1CCC(C(=O)OCc2ccccc2)CC1)C1CCOCC1,NC1=Nc2cnc(Oc3ccccc3)cc2CN1C(CCC(=O)N(CCOCc1ccccc1)C1CCC(C(=O)O)CC1)C1CCOCC1
CC(C)(C)OC(=O)NCCNc1nc(CCl)cs1.CC(C)(C)OC(=O)NCCS,CC(C)(C)OC(=O)NCCNc1nc(CSCCNC(=O)OC(C)(C)C)cs1
Cc1ccccc1.C1CCC2=NCCCN2CC1.O=C(c1ccc(Cl)cc1)c1ccc(CSCCCl)cc1,C=CSCc1ccc(C(=O)c2ccc(Cl)cc2)cc1
CC(C)c1nnc(N)s1.CC(=O)Oc1ccc(S(=O)(=O)Cl)cc1.c1ccncc1,CC(=O)Oc1ccc(S(=O)(=O)Nc2nnc(C(C)C)s2)cc1
C1CCOC1.Fc1cc(C2OCCCO2)ccc1-c1nc2ccc(C3(c4ccccn4)CC3)cc2s1.Cl,O=Cc1ccc(-c2nc3ccc(C4(c5ccccn5)CC4)cc3s2)c(F)c1
O=C1CCOc2ccccc21.[K+].O=[N+]([O-])[O-],O=C1CCOc2c1cccc2[N+](=O)[O-]
CC(C)(C)OC(=O)N1CC(COc2cccc(Cl)c2)OC1=O.O=C(O)C(F)(F)F.C1CCOC1,O=C1NCC(COc2cccc(Cl)c2)O1
Cl.O=[N+]([O-])c1c[nH]c([N+](=O)[O-])n1,O=[N+]([O-])c1c[nH]c(Cl)n1
N.CCOc1c(Nc2ccc(Cl)nc2)c(=O)c1=O.CO,Nc1c(Nc2ccc(Cl)nc2)c(=O)c1=O
CN1CCN(C(=O)Nc2nc3ccccc3s2)c2cc(-c3cccc(C(=O)OC(C)(C)C)n3)ccc21.O=C(O)C(F)(F)F.ClCCl,CN1CCN(C(=O)Nc2nc3ccccc3s2)c2cc(-c3cccc(C(=O)O)n3)ccc21
CCOCC.OCc1ccc(Cl)nc1Cl.ClCCl,O=Cc1ccc(Cl)nc1Cl
ClCCl.O=C(OO)c1cccc(Cl)c1.Cc1ccnc2c1CCCC2,Cc1cc[n+]([O-])c2c1CCCC2
O=C(Cl)C(c1ccccc1)c1ccccc1.COCCCCN,COCCCCNC(=O)C(c1ccccc1)c1ccccc1
Fc1ccc(-c2csc3cc(OCCCCBr)ccc23)cc1.CNCCOC,COCCN(C)CCCCOc1ccc2c(-c3ccc(F)cc3)csc2c1
C1COCCO1.Cl.CC(C)(C)OC(=O)COc1cc(NS(=O)(=O)c2cccs2)c2ccccc2c1O,O=C(O)COc1cc(NS(=O)(=O)c2cccs2)c2ccccc2c1O
CNCc1ccc2ccccc2n1.CC#N.O=[N+]([O-])c1ccc(OCC2CO2)cc1,CN(Cc1ccc2ccccc2n1)CC(O)COc1ccc([N+](=O)[O-])cc1
O=[Cr](=O)(O)O[Cr](=O)(=O)O.c1ccncc1.CC12CCC(CC1O)C2,CC12CCC(CC1=O)C2
N.CC(C)(C)OC(=O)N1CCC(C(=O)O)(c2ccccn2)CC1,CC(C)(C)OC(=O)N1CCC(C(N)=O)(c2ccccn2)CC1
O=C1NCCO1.Cc1cc(Br)ccc1C(=O)N1CCN(c2ncc(C3CC3)cc2C)CC1,Cc1cc(N2CCOC2=O)ccc1C(=O)N1CCN(c2ncc(C3CC3)cc2C)CC1
CC(CC=CC(C)(C)O)CCO.C=C(C)C(O)CCC(C)CCO,CC(C)=CCCC(C)CCO
N#Cc1nc(-c2c(F)cccc2F)oc1Nc1ccc(C(=O)O)cc1.O.O=S(=O)(O)O,NC(=O)c1nc(-c2c(F)cccc2F)oc1Nc1ccc(C(=O)O)cc1
CN1CCNCC1.CS(C)=O.COc1cc2nc(-c3cccc(-c4ccccc4)c3)nc(Nc3ccc4c(cnn4C(=O)OC(C)(C)C)c3)c2cc1OCCCl,COc1cc2nc(-c3cccc(-c4ccccc4)c3)nc(Nc3ccc4c(cnn4C(=O)OC(C)(C)C)c3)c2cc1OCCN1CCN(C)CC1
ClCCl.COC(=O)c1cc(C(C)=O)c2oc(N3CCOCC3)cc(=O)c2c1.CO,COC(=O)c1cc(C(C)O)c2oc(N3CCOCC3)cc(=O)c2c1
BrB(Br)Br.COc1cc(Br)ccc1-n1c(CC2CCN(C(=O)C3CC3)C2)n[nH]c1=O,O=C(C1CC1)N1CCC(Cc2n[nH]c(=O)n2-c2ccc(Br)cc2O)C1
CC1NCCN(CCCC(=O)N2CCC3(CC3)C(O)C2)C1=O.O=C=Nc1ccc(Cl)c(C(F)(F)F)c1,CC1C(=O)N(CCCC(=O)N2CCC3(CC3)C(O)C2)CCN1C(=O)Nc1ccc(Cl)c(C(F)(F)F)c1
CCO.[H][H].O=[N+]([O-])c1cccc(S(F)(F)(F)(F)F)c1,Nc1cccc(S(F)(F)(F)(F)F)c1
[C-]#[N+]C1CCCCC1.Cc1ccc(N)nc1.O=Cc1ccc(-c2ccccc2C(F)(F)F)o1.O=C(O)C(F)(F)F.CC(C)O,Cc1ccc2nc(-c3ccc(-c4ccccc4C(F)(F)F)o3)c(NC3CCCCC3)n2c1
CO.CCOP(=O)(CP(=O)(OCC)c1ccc(OC(=O)CC)c(C(C)(C)CC(=O)OCc2ccccc2)c1)OCC,CCOP(=O)(CP(=O)(OCC)c1ccc(OC(=O)CC)c(C(C)(C)CC(=O)O)c1)OCC
Nc1nc2n(n1)C(c1ccc(F)cc1)CCC2.Nc1cccc(Br)n1.Cc1nsc(N2CCC(=O)CC2)n1,Cc1nsc(N2CCC(Nc3nc4n(n3)C(c3ccc(F)cc3)CCC4)CC2)n1
NCCCOc1ccc(C2=NNC(=O)CC2)cc1.c1cc(OCC2CO2)ccc1CCOCC1CC1,O=C1CCC(c2ccc(OCCCNCC(O)COc3ccc(CCOCC4CC4)cc3)cc2)=NN1
CCOc1ccccc1.Cc1ccc(Br)cc1C(=O)O,CCOc1ccc(Cc2cc(Br)ccc2C)cc1
O=C1CCc2cc(Cl)ccc2C1.COc1cc(C=O)c([N+](=O)[O-])cc1OC,COc1cc(C=C2C(=O)CCc3cc(Cl)ccc32)c([N+](=O)[O-])cc1OC
O=C(CNc1nn(CCO)c2ccc(C(F)(F)F)cc12)NC1CNC1.O=C(O)C(F)(F)F.Cc1ccc(C2(O)CCC(=O)CC2)cn1,Cc1ccc(C2(O)CCC(N3CC(NC(=O)CNc4nn(CCO)c5ccc(C(F)(F)F)cc45)C3)CC2)cn1
CO.COCOc1ccc2c3c1OC1C(OC(=O)CCCCC(=O)OC)C=CC4C(C2)N(C)CCC341,COCOc1ccc2c3c1OC1C(OC(=O)CCCCC(=O)OC)CCC4C(C2)N(C)CCC341
CC1CCC(N(C(=O)Nc2ncc(Br)s2)C2CCOCC2)CC1.CCOC(=O)c1cnc(S)n1C,CCOC(=O)c1cnc(Sc2cnc(NC(=O)N(C3CCOCC3)C3CCC(C)CC3)s2)n1C
BrB(Br)Br.COc1ccc(-c2ccc3c(c2)c2c(n3Cc3ccccc3)CCCC2)cc1.ClCCl,Oc1ccc(-c2ccc3c(c2)c2c(n3Cc3ccccc3)CCCC2)cc1
CC1CCN(C(=O)Cl)CC1.c1ccncc1.Oc1n[nH]c2cccc(F)c12,CC1CCN(C(=O)Oc2n[nH]c3cccc(F)c23)CC1
COc1cccc(-c2cccc3c2OC(CN=[N+]=[N-])C3)c1.Cl,COc1cccc(-c2cccc3c2OC(CN)C3)c1
O=[N+]([O-])c1cc(Cl)ccc1Cl.CCN.CCO,CCNc1ccc(Cl)cc1[N+](=O)[O-]
CCC1C(=O)N(C)c2cc(F)ccc2N1C(=O)c1ccc(OC)cc1.CCI.CCC1C(=O)Nc2cc(F)ccc2N1S(=O)(=O)c1ccc(OC)cc1,CCC1C(=O)N(CC)c2cc(F)ccc2N1S(=O)(=O)c1ccc(OC)cc1
O=C(O)c1ccc(Br)cc1NS(=O)(=O)c1cccc2nccnc12.NCc1ccc(F)cc1Cl,O=C(NCc1ccc(F)cc1Cl)c1ccc(Br)cc1NS(=O)(=O)c1cccc2nccnc12
ClCCl.BrB(Br)Br.COc1ccc2c(c1)CC(CCCCCCCCCC(CCC(F)(F)C(F)(F)C(F)(F)C(F)(F)F)C(=O)O)C1C2CCC2(C)C(O)CCC12,CC12CCC3c4ccc(O)cc4CC(CCCCCCCCCC(CCC(F)(F)C(F)(F)C(F)(F)C(F)(F)F)C(=O)O)C3C1CCC2O
O=C(O)C(F)(F)F.COc1cccc(-c2c(C)n(Cc3c(F)cccc3F)c(=O)n(CC(NC(=O)OC(C)(C)C)C3CCCCC3)c2=O)c1F.ClCCl,COc1cccc(-c2c(C)n(Cc3c(F)cccc3F)c(=O)n(CC(N)C3CCCCC3)c2=O)c1F
CCNC(=O)Nc1ccc(-c2nc3c(c(N4CCOCC4)n2)CCNC3)cc1.N#CC1(C(=O)O)CC1,CCNC(=O)Nc1ccc(-c2nc3c(c(N4CCOCC4)n2)CCN(C(=O)C2(C#N)CC2)C3)cc1
CS(=O)(=O)N1CCNCC1.CS(=O)(=O)c1nc2nc(Cl)nc(N3CCOCC3)c2s1.CCN(CC)CC,CS(=O)(=O)N1CCN(c2nc3nc(Cl)nc(N4CCOCC4)c3s2)CC1
CCc1cccc2cc[nH]c12.CC1(C)OB(c2cc3cccc(Cl)c3[nH]2)OC1(C)C,CCc1cccc2cc(B3OC(C)(C)C(C)(C)O3)[nH]c12
CSc1cc(C)nc(SC)c1NC(=O)CN1CCN(CCSc2nc3ccc(OCc4ccccc4)cc3[nH]2)CC1.O=C(O)C(F)(F)F,CSc1cc(C)nc(SC)c1NC(=O)CN1CCN(CCSc2nc3ccc(O)cc3[nH]2)CC1
COc1ccc(N)cc1.Cc1nnc(-c2ccc(C)c(-c3ccc(C(=O)O)cc3)c2)o1,COc1ccc(NC(=O)c2ccc(-c3cc(-c4nnc(C)o4)ccc3C)cc2)cc1
O=C1CCC(=O)N1Br.Cc1cccc2c(=O)c3ccc(Cl)cc3oc12,O=c1c2ccc(Cl)cc2oc2c(CBr)cccc12
CS(=O)(=O)Cl.C1CCC(OCCOC2CCNCC2)OC1,CS(=O)(=O)N1CCC(OCCOC2CCCCO2)CC1
O=C([O-])O.OCCOCCOCCOCCOCCO.[Na+].Nc1ccc(I)cc1.CC(=O)c1ccc(S(=O)(=O)Cl)cc1.CC(C)=O.O,CC(=O)c1ccc(S(=O)(=O)Nc2ccc(I)cc2)cc1
CN(C)c1cccc(C(=O)O)c1.CN1CCC(c2c[nH]c3ccc(N)cc23)CC1,CN1CCC(c2c[nH]c3ccc(NC(=O)c4cccc(N(C)C)c4)cc23)CC1
Cc1cc2c(c(CO)c1C)C(C)(C)CCC2(C)C.O=[Cr](=O)([O-])Cl.c1cc[nH+]cc1,Cc1cc2c(c(C=O)c1C)C(C)(C)CCC2(C)C
NCc1cccnc1.Cc1nc(N2CCN(Cc3cccc(C(F)(F)F)c3)C2=O)sc1C(=O)O.Cc1nc(N2CCN(Cc3ccccc3)C2=O)sc1C(=O)O,Cc1nc(N2CCN(Cc3cccc(C(F)(F)F)c3)C2=O)sc1C(=O)NCc1cccnc1
C1CCOC1.C1CNCCN1.Cc1nc(S(C)(=O)=O)nc2c1ccc(=O)n2-c1ccc(C(=O)NCc2ccccc2)cc1,Cc1nc(N2CCNCC2)nc2c1ccc(=O)n2-c1ccc(C(=O)NCc2ccccc2)cc1
Cn1c(C=O)cc2ccccc21.Nc1cccc(-c2c(-c3ccccc3)nnc3c(Cl)cccc23)c1,Cn1c(CNc2cccc(-c3c(-c4ccccc4)nnc4c(Cl)cccc34)c2)cc2ccccc21
O=c1[nH]c2ccc(Cl)cc2n1CCCO.ClC(Cl)Cl.O=S(Cl)Cl,O=c1[nH]c2ccc(Cl)cc2n1CCCCl
O=C1CC(O)CN1Cc1ccc(OCc2ccccc2)cc1.CCN(CC)CC.CS(=O)(=O)Cl,CS(=O)(=O)OC1CC(=O)N(Cc2ccc(OCc3ccccc3)cc2)C1
O=S(Cl)Cl.O=C(Cc1ccccc1)NCCc1cccc2ccc(C(=O)O)cc12,O=C(Cc1ccccc1)NCCc1cccc2ccc(C(=O)Cl)cc12
O=C(O)C(F)(F)F.ClCCl.CC(C)(C)OC(=O)N1CC2CN(c3ccc4c(c3)Cc3ccccc3-4)CC2C1,c1ccc2c(c1)Cc1cc(N3CC4CNCC4C3)ccc1-2
COc1ccc2c(-c3c(C(C)C)ccc4[nH]ncc34)nc(C)c(C=O)c2c1.ClCCl.BrB(Br)Br,Cc1nc(-c2c(C(C)C)ccc3[nH]ncc23)c2ccc(O)cc2c1C=O
O=C(O)C(F)(F)F.CCC(CCS(=O)(=O)NC(C)(C)C)OC(=O)c1ccccc1,CCC(CCS(N)(=O)=O)OC(=O)c1ccccc1
O=Cc1ccc(Cl)c2[nH]ccc12.Cc1ccc(N)nc1.[C-]#[N+]C1CCCCC1.O=C(O)C(F)(F)F.CC(C)O,Cc1ccc2nc(-c3ccc(Cl)c4[nH]ccc34)c(NC3CCCCC3)n2c1
[C-]#[N+]C1CCCCC1.O=Cc1cccc(Cl)c1Br.Cc1ccc(N)nc1.CC(C)O.O=C(O)C(F)(F)F,Cc1ccc2nc(-c3cccc(Cl)c3Br)c(NC3CCCCC3)n2c1
ClC(Cl)Cl.CCOC(=O)CCCOc1cnc(N(Cc2cc(C(F)(F)F)cc(C(F)(F)F)c2)Cc2cc(C(F)(F)F)ccc2O)nc1.O=C1CCC(=O)N1Br,CCOC(=O)CCCOc1cnc(N(Cc2cc(C(F)(F)F)cc(C(F)(F)F)c2)Cc2cc(C(F)(F)F)cc(Br)c2O)nc1
NCC1CC(c2ccncc2)=NO1.CCc1cc(-c2cncc(C(=O)O)c2)c(C)[nH]c1=O,CCc1cc(-c2cncc(C(=O)NCC3CC(c4ccncc4)=NO3)c2)c(C)[nH]c1=O
OB(O)c1ccccc1.Cn1c2ccccc2c2ccc(OC(=O)C(C)(C)C)cc21,Cn1c2ccccc2c2ccc(-c3ccccc3)cc21
CC(Cl)OC(=O)Cl.COc1ccc(S(=O)(=O)Nc2cccc(Br)c2)cc1N1CCN(C)CC1,COc1ccc(S(=O)(=O)Nc2cccc(Br)c2)cc1N1CCNCC1
CNS(=O)(=O)c1cccc(C2=Nc3ccc(C(=O)OC)cc3CC2(C)C)c1.C1CCOC1.CO,CNS(=O)(=O)c1cccc(C2Nc3ccc(C(=O)OC)cc3CC2(C)C)c1
O=P(Cl)(Cl)Cl.Cc1n[nH]c(=O)c(-c2ccccn2)c1-c1ccc(Cl)cc1,Cc1nnc(Cl)c(-c2ccccn2)c1-c1ccc(Cl)cc1
CC(C)(C)c1ccc(-c2nn(C(C)(C)C)c3ncnc(N)c23)cc1.O=CO.Cl,CC(C)(C)c1ccc(-c2n[nH]c3ncnc(N)c23)cc1
[H][H].CCOC(=O)c1cc(OCC(=O)OCc2ccccc2)n(-c2ccccc2)n1.CCOC(C)=O,CCOC(=O)c1cc(OCC(=O)O)n(-c2ccccc2)n1
C1CCOC1.CCc1c(NC(=O)OCC[Si](C)(C)C)ncc2c1c1ccccc1n2C(C)C.CCCC[N+](CCCC)(CCCC)CCCC,CCc1c(N)ncc2c1c1ccccc1n2C(C)C
CC(C)(C)OC(=O)NC1CCNCC1.Cn1c(-c2cncc(C=O)c2)c(C#N)c2ccc(Cl)cc21,Cn1c(-c2cncc(CN3CCC(NC(=O)OC(C)(C)C)CC3)c2)c(C#N)c2ccc(Cl)cc21
COc1ccc(-c2nc3cc(F)c(F)cc3n2C(C(=O)O)C2CCCCC2)c(OC)n1.N#Cc1ccc(N)c(C(F)(F)F)c1,COc1ccc(-c2nc3cc(F)c(F)cc3n2C(C(=O)Nc2ccc(C#N)cc2C(F)(F)F)C2CCCCC2)c(OC)n1
COc1cc(C(=O)O)c(C(=O)O)cc1OC.O.CC(=O)OC(C)=O,COc1cc2c(cc1OC)C(=O)OC2=O
C[N+]1([O-])CCOCC1.OCC1CCC2CN(c3ncc(F)cn3)CCN2C1.ClCCl,O=CC1CCC2CN(c3ncc(F)cn3)CCN2C1
[H][H].O=C(Nc1ccc([N+](=O)[O-])cc1O)OCc1ccccc1.CCO,Nc1ccc(NC(=O)OCc2ccccc2)c(O)c1
CNC.CO.CCC(=C(c1ccc(I)cc1)c1ccc(OCCCCCl)cc1)c1ccccc1,CCC(=C(c1ccc(I)cc1)c1ccc(OCCCCN(C)C)cc1)c1ccccc1
CCO.Cl[Sn]Cl.CCOC(=O)c1cc(Br)cc([N+](=O)[O-])c1,CCOC(=O)c1cc(N)cc(Br)c1
CC(C)c1cc(OCCCC(=O)OCc2ccccc2)cc2c1C(=O)N(COc1cc(C(F)(F)F)nn1-c1ccccc1)S2(=O)=O.CCOC(C)=O.[H][H],CC(C)c1cc(OCCCC(=O)O)cc2c1C(=O)N(COc1cc(C(F)(F)F)nn1-c1ccccc1)S2(=O)=O
[OH-].CC(C)(C)c1nc(-c2cccc(NS(=O)(=O)c3cc(F)ccc3F)c2F)c(-c2ccnc(Cl)n2)o1.[NH4+],CC(C)(C)c1nc(-c2cccc(NS(=O)(=O)c3cc(F)ccc3F)c2F)c(-c2ccnc(N)n2)o1
CCc1ccccc1Oc1oc(=O)c2cc([N+](=O)[O-])ccc2c1Cl.CCO,CCc1ccccc1Oc1oc(=O)c2cc(N)ccc2c1Cl
CN(C)Cc1ncc(C2(O)CCC(=O)CC2)s1.O=C(CNC(=O)c1cccc(C(F)(F)F)c1)NC1CNC1,CN(C)Cc1ncc(C2(O)CCC(N3CC(NC(=O)CNC(=O)c4cccc(C(F)(F)F)c4)C3)CC2)s1
Cc1c(C)c2c(c(C)c1N)CC(C)(CBr)O2.OC1(c2ccc(Cl)cc2)CCNCC1.Cc1ccccc1C,Cc1c(C)c2c(c(C)c1N)CC(C)(CN1CCC(O)(c3ccc(Cl)cc3)CC1)O2
CCN(CC)CC.Cc1ccnc(N)c1.O=C(Cl)CCl,Cc1ccnc(NC(=O)CCl)c1
O=C1CCC(=O)N1Cl.O.Cn1nc(-c2c(F)cccc2Cl)nc1-c1csc(-c2cccc(C(F)(F)F)c2)c1,Cn1nc(-c2c(F)cccc2Cl)nc1-c1cc(-c2cccc(C(F)(F)F)c2)sc1Cl
ClCCl.CO.C=Cc1cc(Cl)c(C(=O)Nc2ccnc(NC(=O)C3CC3)c2)c(Cl)c1,O=Cc1cc(Cl)c(C(=O)Nc2ccnc(NC(=O)C3CC3)c2)c(Cl)c1
CCCCCC(O)C=CC1CCCC(=O)N1CC#CCCCC(=O)OC.CO.[H][H],CCCCCC(O)C=CC1CCCC(=O)N1CC=CCCCC(=O)OC
COc1cc(C)cc(C)c1.Cn1cnc2ccccc21,Cc1cc(C)cc(-c2nc3ccccc3n2C)c1
ClCCN1CCOCC1.O=c1oc2c(O)cccc2c(O)c1-c1ccccc1,O=c1oc2c(O)cccc2c(OCCN2CCOCC2)c1-c1ccccc1
CCOCC.O=[N+]([O-])O.CCOc1cc(C=O)ccc1OC,CCOc1cc(C=O)cc([N+](=O)[O-])c1OC
O=S(=O)(c1ccc(Cl)cc1)C(CCl)Sc1ccccc1.C1CCOC1.CCN(CC)CC,C=C(Sc1ccccc1)S(=O)(=O)c1ccc(Cl)cc1
CO.Cc1nc2cc(F)c([N+](=O)[O-])cc2o1.C1CCOC1,Cc1nc2cc(F)c(N)cc2o1
Oc1ccccc1.O=[N+]([O-])c1cccc(F)c1,O=[N+]([O-])c1cccc(Oc2ccccc2)c1
O=C1CCC(=O)N1Br.CCCCc1ncc(C=O)[nH]1.CN(C)C=O,CCCCc1nc(Br)c(C=O)[nH]1
CCc1cc2c(cc1CC)CC(C)(NC(=O)c1ccccc1)C2.CCc1cc2c(cc1CC)CC(NCc1ccccc1)C2,CCc1cc2c(cc1CC)CC(C)(NCc1ccccc1)C2
Clc1ncc(Cl)c(Nc2cc(C3CC3)n[nH]2)n1.CCc1cc(Cl)nc(Cl)n1,CCc1cc(Nc2cc(C3CC3)[nH]n2)nc(Cl)n1
CCCCO.Cl[Si](Cl)(Cl)Cl,CCCCO[Si](Cl)(Cl)Cl
Cc1cccc(N2CCN(CCCc3ccc(C(=O)CCC(=O)O)cc3)CC2)c1.Nc1ccccc1,Cc1cccc(N2CCN(CCCc3ccc(C4CCC(=O)N4c4ccccc4)cc3)CC2)c1
Cl.CCOC(=O)CC(c1ccccc1)n1cnc2ccc(N)cc21,Nc1ccc2ncn(C(CC(=O)O)c3ccccc3)c2c1
O=C(Cl)C(=O)Cl.Cc1c(F)c(F)c(Cl)c(F)c1C(=O)O,Cc1c(F)c(F)c(Cl)c(F)c1C(=O)Cl
ClCc1ccccc1.CN(C)C=O.NS(=O)(=O)c1cc(C(=O)O)c(NCc2ccco2)cc1Cl,NS(=O)(=O)c1cc(C(=O)OCc2ccccc2)c(NCc2ccco2)cc1Cl
Cc1nc(NC(=O)N(C2CCCCC2)C2CCCCC2)sc1SC#N.ClCCN1CCCC1,Cc1nc(NC(=O)N(C2CCCCC2)C2CCCCC2)sc1SCCN1CCCC1
[Pd].C1CCOC1.CCS(=O)(=O)NC(C(=O)NCCc1ccc(OCc2ccccc2)cc1)C(C)C,CCS(=O)(=O)NC(C(=O)NCCc1ccc(O)cc1)C(C)C
CC1=CC(=O)CC(C)(C)C1.CCOCC,CC1CC(=O)CC(C)(C)C1
Fc1ccc(Br)cc1.CON(C)C(=O)c1cn(-c2cccc(-c3ccccc3)c2)cn1,O=C(c1ccc(F)cc1)c1cn(-c2cccc(-c3ccccc3)c2)cn1
CS(C)=O.C1COCCN1.CCn1cc(C(=O)O)c(=O)c2cc(Cl)c(Cl)cc21,CCn1cc(C(=O)O)c(=O)c2cc(Cl)c(N3CCOCC3)cc21
O=C(O)COc1nc(-c2ccc(F)cc2)cs1.O=C(O)C(F)(F)F.Nc1ccccc1,O=C(COc1nc(-c2ccc(F)cc2)cs1)Nc1ccccc1
CCOC(C)=O.CCOC(=O)CC1CCC(CO)CC1.ClCCl,CCOC(=O)CC1CCC(C=O)CC1
NCCCO.O=C(O)c1cc2ccccc2[nH]1,O=C(NCCCO)c1cc2ccccc2[nH]1
O=[N+]([O-])c1cccc(S(=O)(=O)OCC2CO2)c1.c1ccc(-c2nsc(N3CCNCC3)n2)cc1,c1ccc(-c2nsc(N3CCN(CC4CO4)CC3)n2)cc1
ClCCl.O=S(=O)(OS(=O)(=O)C(F)(F)F)C(F)(F)F.COC(=O)c1cc(C=O)ccc1O,COC(=O)c1cc(C=O)ccc1OS(=O)(=O)C(F)(F)F
O=C1NCC2CCCN12.Cc1ccc2c(N3CCN(CCc4cccc(I)c4)CC3)cccc2n1,Cc1ccc2c(N3CCN(CCc4cccc(N5CC6CCCN6C5=O)c4)CC3)cccc2n1
Cc1nc(-c2ccc(Cl)cc2)sc1C(=O)NCC1CCCCNC1.COC(=O)c1ccccc1F,COC(=O)c1ccccc1N1CCCCC(CNC(=O)c2sc(-c3ccc(Cl)cc3)nc2C)C1
O=C1c2ccccc2C(=O)N1CC1CO1.Sc1nc2ccccc2s1.CCO,O=C1c2ccccc2C(=O)N1CC(O)CSc1nc2ccccc2s1
O=C(O)C(F)(F)F.CC(C)(C)OC(=O)C(Cc1ccc(N2CC(=O)N(CC[Si](C)(C)C)S2(=O)=O)c(OCc2ccccc2)c1)NS(=O)(=O)c1ccccc1.ClCCl,C[Si](C)(C)CCN1C(=O)CN(c2ccc(CC(NS(=O)(=O)c3ccccc3)C(=O)O)cc2OCc2ccccc2)S1(=O)=O
CC#N.Fc1cc(Br)ccc1CBr.C1CCNC1,Fc1cc(Br)ccc1CN1CCCC1
[OH-].[K+].CC1(C)CC(OC(=O)c2ccccc2)CC(C)(C)N1OCCO,CC1(C)CC(O)CC(C)(C)N1OCCO
CC(C)(C)OC(=O)NC1CCN(c2nccnc2OCc2ccncc2)C1.ClCCl.O=C(O)C(F)(F)F,NC1CCN(c2nccnc2OCc2ccncc2)C1
CCI.Cn1c(=O)c(-c2ccc(Br)cc2)cc2c3cc(-c4ccn[nH]4)ccc3n(C)c21,CCn1ccc(-c2ccc3c(c2)c2cc(-c4ccc(Br)cc4)c(=O)n(C)c2n3C)n1
CCCCCCCCCCCCCC(=O)OCC1CO1.CCO.CNCCO,CCCCCCCCCCCCCC(=O)OCC(O)CN(C)CCO
COc1ccc2c(c1)N(C1CCNCC1)CC2.BrCCc1ccc2ncsc2c1,COc1ccc2c(c1)N(C1CCN(CCc3ccc4ncsc4c3)CC1)CC2
N.CCOC(=O)c1cnc2ccc(OC(C)C)cc2c1Cl,CCOC(=O)c1cnc2ccc(OC(C)C)cc2c1N
N#Cc1n[nH]c2ccc(N)cc12.c1ccncc1.O=S(=O)(Cl)c1cccc(F)c1,N#Cc1n[nH]c2ccc(NS(=O)(=O)c3cccc(F)c3)cc12
C[Si](C)(C)CCOCn1ccc2nc(-c3cccnc3NC3CCNC3)cnc21.CC(C)C(=O)Cl,CC(C)C(=O)N1CCC(Nc2ncccc2-c2cnc3c(ccn3COCC[Si](C)(C)C)n2)C1
CCCN(CCC)Cc1ccc(NC(=O)c2ccc(CN(Cc3ncc[nH]3)Cc3nccn3C)cc2)cc1.c1ccncc1.CN(C)C(=O)Cl,CCCN(CCC)Cc1ccc(NC(=O)c2ccc(CN(Cc3nccn3C)Cc3nccn3C(=O)N(C)C)cc2)cc1
CC(O)c1cccc(-n2ccc(=O)c(-c3ccnn3-c3ccccc3F)n2)c1.ClCCl,CC(=O)c1cccc(-n2ccc(=O)c(-c3ccnn3-c3ccccc3F)n2)c1
O=P(Cl)(Cl)Cl.O=c1c2c([nH]n1-c1ccc(Cl)cc1F)CCC2,Fc1cc(Cl)ccc1-n1nc2c(c1Cl)CCC2
C1CCOC1.NN.N#Cc1ccc(Cn2ccc([N+](=O)[O-])n2)cc1,N#Cc1ccc(Cn2ccc(N)n2)cc1
CCO.CCOC=C(C#N)C(=O)OCC.NNc1ccc(C(F)(F)F)cc1[N+](=O)[O-],CCOC(=O)C(C#N)=CNNc1ccc(C(F)(F)F)cc1[N+](=O)[O-]
Fc1ccc(Cn2c(Br)nc3ccccc32)cc1.C1CNCCCNC1,Fc1ccc(Cn2c(N3CCCNCCC3)nc3ccccc32)cc1
COc1ccc2c(OCc3nnc4ccc(-c5ccc(C(NS(=O)C(C)(C)C)C(F)(F)F)c(Cl)c5)nn34)ccnc2c1.Cl.CO,COc1ccc2c(OCc3nnc4ccc(-c5ccc(C(N)C(F)(F)F)c(Cl)c5)nn34)ccnc2c1
Fc1ccc2c(c1)OC(c1ccc(CN3CCOCC3)cc1)CO2.Fc1ccc2c(c1)OC(c1ccc(Br)cc1)CO2,Fc1ccc2c(c1)OC(c1ccc(CN3CCCC3)cc1)CO2
ClCCl.CCCC(F)CN1CCC(NC(=O)C2(CC(=O)OC(C)(C)C)CN(Cc3c(Cl)cccc3C(F)(F)F)CC2C)CC1.O=C(O)C(F)(F)F,CCCC(F)CN1CCC(NC(=O)C2(CC(=O)O)CN(Cc3c(Cl)cccc3C(F)(F)F)CC2C)CC1
NC1CCc2cc(Br)ccc21.Clc1nc2ccccc2[nH]1,Brc1ccc2c(c1)CCC2Nc1nc2ccccc2[nH]1
ClC(Cl)(Cl)Cl.CC1(C)C(=O)N(Br)C(=O)N1Br.OC(CCl)(Cc1ccccc1Cl)c1ccc(F)cc1,OC(CCl)(c1ccc(F)cc1)C(Br)c1ccccc1Cl
C1CCC2OC2C1.CC(C)O,CC(C)OC1CCCCC1O
Cc1cc([N+](=O)[O-])ccc1N=C=S.Cl.CC(C)CNCCCCl,Cc1cc([N+](=O)[O-])ccc1N=C1SCCCN1CC(C)C
[Br-].CCCCCCCCCCCCCCCC[N+](CCCC)(CCCC)CCCC.C=CC1CC1(C(C)=O)C(=O)Nc1ccccc1,C=CC1CC(C(=O)Nc2ccccc2)=C(C)O1
CC(C)(C)OC(=O)NC(Cc1ccc(Cl)cc1)C(=O)NN1CC(NC2CCCCC2)C1.CC(C)C(=O)N(C1CCCCC1)C1CCNC1.CC(C)C(=O)Cl,CC(C)C(=O)N(C1CCCCC1)C1CN(NC(=O)C(Cc2ccc(Cl)cc2)NC(=O)OC(C)(C)C)C1
Cc1nc(N)sc1S(=O)(=O)NC(C)(C)CO.O=C(O)c1cnn2c(C(F)(F)F)cc(-c3ccc(Cl)cc3)nc12,Cc1nc(NC(=O)c2cnn3c(C(F)(F)F)cc(-c4ccc(Cl)cc4)nc23)sc1S(=O)(=O)NC(C)(C)CO
COc1ccc(N(Cc2cn[nH]c2)C(=O)C2CCCc3c(OCc4ccccc4)cccc32)cn1.Cc1ccc(CCl)nc1.Cl,COc1ccc(N(Cc2cnn(Cc3ccc(C)cn3)c2)C(=O)C2CCCc3c(OCc4ccccc4)cccc32)cn1
CO.Cn1nc(OCCOc2ncc(Cl)cn2)c(-c2ccc3c(c2)OCO3)c1NS(=O)(=O)c1ccc(C(C)(C)C)cc1,Cn1nc(OCCOc2ncc(Cl)cn2)c(-c2ccc3c(c2)OCO3)c1NS(=O)(=O)c1ccc(C(C)(C)CO)cc1
C1CCOC1.CC(C)(C)[Si](C)(C)Oc1cccc([N+](=O)[O-])c1N,CC(C)(C)[Si](C)(C)Oc1cccc(N)c1N
CN(C)CCCN.C1CCOC1.Cc1ccc(C(=O)NCc2ccccc2)cc1-c1nc(S(C)(=O)=O)nc2c1CNC(=O)N2c1c(F)cccc1F,Cc1ccc(C(=O)NCc2ccccc2)cc1-c1nc(NCCCN(C)C)nc2c1CNC(=O)N2c1c(F)cccc1F
O=[N+]([O-])c1cc(C(F)(F)F)ccc1CNCCO.C1CCOC1.N#CBr,N=C1OCCN1Cc1ccc(C(F)(F)F)cc1[N+](=O)[O-]
O=C(C=Cc1ccn(S(=O)(=O)c2cccc(Br)c2)c1)NOC1CCCCO1.CC1(C)OB(c2ccc(CCN3CCOCC3)cc2)OC1(C)C.COCCOC,O=C(C=Cc1ccn(S(=O)(=O)c2cccc(-c3ccc(CCN4CCOCC4)cc3)c2)c1)NOC1CCCCO1
CC[SiH](CC)CC.O=C(O)C(F)(F)F.O=c1[nH]c2c(c3ccccc13)C(O)c1ccccc1-2,O=c1[nH]c2c(c3ccccc13)Cc1ccccc1-2
Cl.Cc1cc(OC2CCCCO2)cc2c1C(CC(=O)OC(C)(C)C)OB2O.C1CCOC1,Cc1cc(O)cc2c1C(CC(=O)OC(C)(C)C)OB2O
[C-]#[N+]C1CCCCC1.Cc1ccc(N)nc1.Cc1ccc(Br)cc1C=O.CC(C)O.O=C(O)C(F)(F)F,Cc1ccc2nc(-c3cc(Br)ccc3C)c(NC3CCCCC3)n2c1
CCOC(=O)c1c(N2CCN(C(=O)c3cccs3)CC2)c2cnccc2[nH]c1=O.O=C(CBr)c1ccccc1,CCOC(=O)c1c(N2CCN(C(=O)c3cccs3)CC2)c2cnccc2n(CC(=O)c2ccccc2)c1=O
Cl.O=C(O)c1cc(Cl)ccc1Br.CO,COC(=O)c1cc(Cl)ccc1Br
Cc1cc(SCC2=C(C(=O)O)N3C(=O)C(NC(=O)C(=O)c4csc(N)n4)C3SC2)n2nc(C(=O)NO)nc2n1.NOCc1cc(Cl)c2c(c1Cl)OC(c1ccccc1)(c1ccccc1)O2.CC(=O)N(C)C,Cc1cc(SCC2=C(C(=O)O)N3C(=O)C(NC(=O)C(=NOCc4cc(Cl)c5c(c4Cl)OC(c4ccccc4)(c4ccccc4)O5)c4csc(N)n4)C3SC2)n2nc(C(=O)NO)nc2n1
COc1cc2ncnc(Oc3ccc(OCc4ccccc4)cc3)c2cc1OC.O=C(O)C(F)(F)F,COc1cc2ncnc(Oc3ccc(O)cc3)c2cc1OC
COc1cccc2c1nc(N1CCNCC1)n2C.O=C(NCC(F)(F)F)C1(CCCCBr)c2ccccc2-c2ccccc21,COc1cccc2c1nc(N1CCN(CCCCC3(C(=O)NCC(F)(F)F)c4ccccc4-c4ccccc43)CC1)n2C
C1CCOC1.COC(=O)CCOc1ccc(OCc2cccc(F)c2)cc1.Cl,O=C(O)CCOc1ccc(OCc2cccc(F)c2)cc1
O=C=O.Cc1ccc(-c2cc(C(=O)O)cc(-n3nnc(C(=O)O)c3C(C)C)c2)cc1,Cc1ccc(-c2cc(C(=O)O)cc(-n3nncc3C(C)C)c2)cc1
COc1ccc2ccccc2c1.[Li]c1ccccc1C,Cc1ccccc1-c1ccc2ccccc2c1
C1CNCCN1.C[Si](C)(C)CC[Si](C)(C)CCCOCC1CO1.CCO,C[Si](C)(C)CC[Si](C)(C)CCCOCC(O)CN1CCNCC1
COc1ccc(Oc2nc(OC)nc(OC)n2)cc1.OB(O)c1cccc(C(F)(F)F)c1,COc1ccc(-c2cccc(C(F)(F)F)c2)cc1
N.O=S(=O)(Cl)C=Cc1ccc(Cl)c(Cl)c1,NS(=O)(=O)C=Cc1ccc(Cl)c(Cl)c1
CCOC(C)=O.CC1NC(=O)c2c1cc(F)c(F)c2Nc1ccccc1Cl.O=C1CCC(=O)N1I,CC1NC(=O)c2c1cc(F)c(F)c2Nc1ccc(I)cc1Cl
N#CCc1ccc(OCC2CO2)cc1.CCCCNCCCC.CO,CCCCN(CCCC)CC(O)COc1ccc(CC#N)cc1
CC(=O)O.CC(=O)c1ccc2c(c1)C13CCCCC1C(C2)N(C(=O)OCC(Cl)(Cl)Cl)CC3,CC(=O)c1ccc2c(c1)C13CCCCC1C(C2)NCC3
COc1ccc([N+](=O)[O-])c(Cl)n1.NC(CO)CO.CCO,COc1ccc([N+](=O)[O-])c(NC(CO)CO)n1
O=C(Cl)Cc1ccccc1.CCn1cc(-c2ccnc3[nH]ccc23)c(-c2ccc(N)cc2)n1,CCn1cc(-c2ccnc3[nH]ccc23)c(-c2ccc(NC(=O)Cc3ccccc3)cc2)n1
Cc1nc2ccccc2n1-c1nc(N2CCOCC2)c2nc(CBr)n(C)c2n1.CN1CCC(N)CC1,Cc1nc2ccccc2n1-c1nc(N2CCOCC2)c2nc(CNC3CCN(C)CC3)n(C)c2n1
CO.[Pd].CC(C)(C)OC(=O)N1CCC(NC(=O)OCc2ccccc2)C(C(=O)N2CCCC(Cc3ccc(F)cc3)C2)C1,CC(C)(C)OC(=O)N1CCC(N)C(C(=O)N2CCCC(Cc3ccc(F)cc3)C2)C1
OC1CCNCC1.O=C(NCc1cn(-c2ccccc2)c2cc(Cl)ccc2c1=O)c1cnc(Br)s1,O=C(NCc1cn(-c2ccccc2)c2cc(Cl)ccc2c1=O)c1cnc(N2CCC(O)CC2)s1
CC(F)(F)c1ccc(Cn2ncc(N)n2)o1.Cc1nc(C(=O)O)c(-c2cc(F)cc(F)c2)o1,Cc1nc(C(=O)Nc2cnn(Cc3ccc(C(C)(F)F)o3)n2)c(-c2cc(F)cc(F)c2)o1
COc1cc(Nc2nc3ccccc3nc2NS(=O)(=O)c2ccc(C(=O)O)cc2)cc(OC)c1.On1nnc2ccccc21.COCCCN,COCCCNC(=O)c1ccc(S(=O)(=O)Nc2nc3ccccc3nc2Nc2cc(OC)cc(OC)c2)cc1
C1CCOC1.Cc1ccc(NC(=O)Nc2cc(C(C)(C)C)sc2C(N)=O)cc1.Cl,Cc1ccc(NC(=O)Nc2cc(C(C)(C)C)sc2CN)cc1
CCOC(=O)c1cc(-c2ccc(C(F)(F)F)cc2)on1.O=C1CCC(=O)N1Cl.CC(=O)O,CCOC(=O)c1noc(-c2ccc(C(F)(F)F)cc2)c1Cl
NCc1cccc(C(F)(F)F)c1.Cc1ccccc1-c1ccc(C(=O)N2Cc3ccc(C(=O)C(Cl)(Cl)Cl)n3Cc3ccccc32)cc1C,Cc1ccccc1-c1ccc(C(=O)N2Cc3ccc(C(=O)NCc4cccc(C(F)(F)F)c4)n3Cc3ccccc32)cc1C
O=S(=O)(Cl)Cl.Cc1ccc(F)c(N)c1F.CC(=O)O,Cc1c(Cl)cc(F)c(N)c1F
O=[N+]([O-])O.Cc1cccc(Nc2ccccn2)c1,Cc1ccc([N+](=O)[O-])c(Nc2ccccn2)c1
CCOC(=O)COc1cc2nc(N3CCOCC3)nc(N3CCC(n4c(=O)c5cc(C)ccc5n(C)c4=O)CC3)c2cc1OCC.CO,CCOc1cc2c(N3CCC(n4c(=O)c5cc(C)ccc5n(C)c4=O)CC3)nc(N3CCOCC3)nc2cc1OCC(=O)O
CN(C)C=O.CCOC(=O)c1sc2nc(Cl)c(C#N)c3c2c1NC(=O)N3c1c(Cl)ccc2c1OCO2.C[Sn](C)(C)C,CCOC(=O)c1sc2nc(C)c(C#N)c3c2c1NC(=O)N3c1c(Cl)ccc2c1OCO2
CCOC(=O)c1sc(-n2cnn(Cc3ccc(C(F)(F)F)cc3)c2=O)cc1C.CCOC(=O)c1sc(-n2cnn(Cc3ccc(F)cc3)c2=O)cc1C,Cc1cc(-n2cnn(Cc3ccc(C(F)(F)F)cc3)c2=O)sc1C(=O)O
CS(=O)(=O)OCCCCc1ccc2c(-c3ccc(C(F)(F)F)cc3)nsc2c1.CNCCO,CN(CCO)CCCCc1ccc2c(-c3ccc(C(F)(F)F)cc3)nsc2c1
CC(C)(C)OC(=O)N1CCCNCC1.C1COCCO1.O=Cc1c(Cl)n(-c2ccccc2)c2ncccc12,CC(C)(C)OC(=O)N1CCCN(c2c(C=O)c3cccnc3n2-c2ccccc2)CC1
NC1CCC(N)CC1.CN1CCCC1=O.Nc1cc(Cl)cc(Nc2cc(Cl)nn3c(C(=O)Nc4ccncc4F)cnc23)n1,Nc1cc(Cl)cc(Nc2cc(NC3CCC(N)CC3)nn3c(C(=O)Nc4ccncc4F)cnc23)n1
BrP(Br)Br.COc1cc(OC)cc(C(C)CCO)c1,COc1cc(OC)cc(C(C)CCBr)c1
Cc1ccc(S(=O)(=O)n2ccc3c(Cl)nc(Cl)nc32)cc1.COc1cc(N)c(C(N)=O)cc1OC,COc1cc(Nc2nc(Cl)nc3c2ccn3S(=O)(=O)c2ccc(C)cc2)c(C(N)=O)cc1OC
CNc1cc(Oc2c(F)c(F)c(F)c(F)c2F)ccc1[N+](=O)[O-].CO,CNc1cc(Oc2c(F)c(F)c(F)c(F)c2F)ccc1N
O=P([O-])([O-])[O-].Nc1nc(N)c2ncn(C3OC(CO)C(O)C3O)c2n1.CO,Nc1nc(O)c2ncn(C3OC(CO)C(O)C3O)c2n1
O=C(O)c1ccc(F)cn1.COC(=O)c1ncc(F)cc1F,COC(=O)c1ccc(F)cn1
CCCCOC(=O)c1nc(Cl)c2ccccc2c1O.COc1cccc(O)c1,CCCCOC(=O)c1nc(Oc2cccc(OC)c2)c2ccccc2c1O
Br.COc1cc(C(C)(C)C)ccc1CCN(C)C,CN(C)CCc1ccc(C(C)(C)C)cc1O
CC(=O)N(C)C.c1ccc(CSc2nnc(-c3ccccc3)c3ccccc23)cc1.O,O=S(=O)(Cc1ccccc1)c1nnc(-c2ccccc2)c2ccccc12
ClCCl.O=C(O)C(F)(F)F.CC(C)(C)OC(=O)Nc1cc(Cl)cc(Br)c1F,Nc1cc(Cl)cc(Br)c1F
OB(O)c1cccnc1F.NC1=NC(c2ccncc2)(c2ccc(F)c(Br)c2)c2ccccc21,NC1=NC(c2ccncc2)(c2ccc(F)c(-c3cccnc3F)c2)c2ccccc21
COc1ncc(B(O)O)cn1.CC(C)(CO)c1ccc(C(=O)Nc2nc3ccc(Br)nc3s2)cc1,COc1ncc(-c2ccc3nc(NC(=O)c4ccc(C(C)(C)CO)cc4)sc3n2)cn1
CCC(C=O)(CCC(=O)OC)CCC(=O)OC.O,CCC1(CCC(=O)OC)CCC(=O)O1
CC(C)(C)c1cc(N2CCC(=O)NC2=O)cc(CN2CCCC(C(N)=O)C2)c1O.O=C(O)C(F)(F)F,CC(C)(C)c1cc(N2CCC(=O)NC2=O)cc(CN2CCCC(O)C2)c1O
Cc1csc(CN)c1.Cc1nc(-n2ccc(OCc3ccccc3)cc2=O)sc1C(=O)O,Cc1csc(CNC(=O)c2sc(-n3ccc(OCc4ccccc4)cc3=O)nc2C)c1
[N-]=[N+]=NCC1OC(n2ccc(=O)[nH]c2=O)C(O)C1O.CO,NCC1OC(n2ccc(=O)[nH]c2=O)C(O)C1O
Cc1ccc(N)nc1.[C-]#[N+]C1CCCCC1.O=Cc1ccc(OC(F)(F)F)cc1.CC(C)O.O=C(O)C(F)(F)F,Cc1ccc2nc(-c3ccc(OC(F)(F)F)cc3)c(NC3CCCCC3)n2c1
CC#N.CC(=O)Cc1ccc(CO)cc1.BrP(Br)(c1ccccc1)(c1ccccc1)c1ccccc1,CC(=O)Cc1ccc(CBr)cc1
CO.COC(=O)C(CCC(=O)c1cccs1)(NC(C)C(=O)N1CCCC1C(=O)OC(C)(C)C)C(=O)OC.O,COC(=O)C(CCC(=O)c1cccs1)NC(C)C(=O)N1CCCC1C(=O)OC(C)(C)C
CC(C)(C)C(=O)Oc1cccc2c(O[Si](C)(C)C(C)(C)C)cccc12.O=C=O,CC(C)(C)[Si](C)(C)Oc1cccc2c(C(=O)O)cccc12
Cc1ccc(N)nc1.[C-]#[N+]C1CCCCC1.O=Cc1cc(O)ccc1[N+](=O)[O-].CC(C)O.O=C(O)C(F)(F)F,Cc1ccc2nc(-c3cc(O)ccc3[N+](=O)[O-])c(NC3CCCCC3)n2c1
Cc1ccccc1C(=O)Nc1ccc(C(=O)Cl)cc1.c1ccc2c(c1)NCCc1cncnc1-2.c1ccncc1,Cc1ccccc1C(=O)Nc1ccc(C(=O)N2CCc3cncnc3-c3ccccc32)cc1
CCO.CCOC(=O)NN.O=Cc1ccnc2ccccc12,CCOC(=O)NN=Cc1ccnc2ccccc12
Cc1cc(O)c2ccccc2n1.CC1(C)OB(c2ccc(CBr)cc2)OC1(C)C,Cc1cc(OCc2ccc(B3OC(C)(C)C(C)(C)O3)cc2)c2ccccc2n1
O=Cc1c[nH]c2ccccc12.COc1ccccc1COS(C)(=O)=O,COc1ccccc1Cn1cc(C=O)c2ccccc21
CCO.O=[N+]([O-])c1cc2n(n1)CCOC2,Nc1cc2n(n1)CCOC2
CC(C)I.CN(C)S(=O)(=O)c1cccc2c1Sc1ccc(O)cc1N2,CC(C)Oc1ccc2c(c1)Nc1cccc(S(=O)(=O)N(C)C)c1S2
CC1=C(C)C(=O)OC1=O.Nc1ccc(Cl)c(Cl)c1,CC1=C(C)C(=O)N(c2ccc(Cl)c(Cl)c2)C1=O
N.CO.Cc1ccc(C(=O)O)cc1S(=O)(=O)Cl,Cc1ccc(C(=O)O)cc1S(N)(=O)=O
CCCCCCCN(CC)CCCCc1ccc([N+](=O)[O-])cc1.CCO,CCCCCCCN(CC)CCCCc1ccc(N)cc1
CC1CCCC(C)N1CCN.CCOC(=O)C(C)N1CCCC1=O,CC(C(=O)NCCN1C(C)CCCC1C)N1CCCC1=O
CC1CCCN1CC1CCCN1.COC(=O)c1ccc(-c2csc(S(C)(=O)=O)n2)cc1,CC1CCCN1CC1CCCN1C(=O)c1ccc(-c2csc(S(C)(=O)=O)n2)cc1
CCCC=Cc1c(C(C)C)nc(C(C)C)c(C(=O)OCC)c1-c1ccc(CC)cc1.CCOC(C)=O.CCCCCC,CCCC=Cc1c(C(C)C)nc(C(C)C)c(CO)c1-c1ccc(CC)cc1
Cl.CO.OC(C1=CCN(Cc2ccccc2)CC1)(c1ccc(F)cc1)c1ccc(F)cc1,COC1CN(Cc2ccccc2)CCC1=C(c1ccc(F)cc1)c1ccc(F)cc1
CCOC(C)=O.CCCCCCCCCCC#Cc1ccc(CN(Cc2ccc(C(F)(F)F)cc2)C(=O)C(=O)OCC)cc1,CCCCCCCCCCCCc1ccc(CN(Cc2ccc(C(F)(F)F)cc2)C(=O)C(=O)OCC)cc1
O=P(Cl)(Cl)Cl.CCCc1cc(O)nc(SC)n1,CCCc1cc(Cl)nc(SC)n1
Cc1nc(-n2cn[nH]c2=O)sc1C(=O)NCc1cccnc1.FC(F)(F)c1ccc(CBr)cc1.OCCBr,Cc1nc(-n2cnn(CCO)c2=O)sc1C(=O)NCc1cccnc1
CN(Cc1ccc(Cl)c(Cl)c1)C(=O)C1=C(O)C(=O)N(CCC(=O)NCCC(=O)O)C1.NCCC(N)=O.CN(Cc1ccc(Cl)c(Cl)c1)C(=O)C=C1OC(C)(C)OC1=O,CN(Cc1ccc(Cl)c(Cl)c1)C(=O)C1=C(O)C(=O)N(CCC(N)=O)C1
Cl.Cc1ccnc(CCl)c1.Cc1ccc(OCc2ccccc2)c2c1C(C(=O)N(Cc1cn[nH]c1)c1ccc(C(C)C)nc1)CCC2,Cc1ccnc(Cn2cc(CN(C(=O)C3CCCc4c(OCc5ccccc5)ccc(C)c43)c3ccc(C(C)C)nc3)cn2)c1
OO.O=S(=O)(O)O.NC(=O)NC(=O)CCCC(=O)O,NC(=O)NC(=O)CCCC(=O)OO
ClCCl.COC(=O)c1ccc(-c2cc(OC)ccc2F)c(C2C(C)CCC2O)c1.CS(=O)(=O)Cl,COC(=O)c1ccc(-c2cc(OC)ccc2F)c(C2C(C)CCC2OS(C)(=O)=O)c1
NCCO.Cc1ccccc1.CCCCc1noc(C)c1C=Cc1nc(C)c(C(=O)OC)s1,CCCCc1noc(C)c1C=Cc1nc(C)c(C(=O)NCCO)s1
C1CNCCNC1.CC(C)O.Cn1c(=O)c2c(nc(Cl)n2Cc2ccccc2C#N)n(C)c1=O,Cn1c(=O)c2c(nc(N3CCCNCC3)n2Cc2ccccc2C#N)n(C)c1=O
C#CCn1c(=O)sc2cc(F)c(N)cc21.O=C(Cl)Cl.CCOC(C)=O,C#CCn1c(=O)sc2cc(F)c(N=C=O)cc21
Cl.C=C(OCC)c1cncc(-c2c(CCCCC(=O)OCC)c(C)nn3c(CC)ccc23)c1.CO,CCOC(=O)CCCCc1c(C)nn2c(CC)ccc2c1-c1cncc(C(C)=O)c1
O=C=NC(=O)c1ccccc1.COc1cccc(C#N)c1N,COc1cccc(C#N)c1NC(=O)NC(=O)c1ccccc1
COC(OC)OC.CC(C)c1cc(S(N)(=O)=O)c(C(C)C)cc1C#N.Cc1ccc(S(=O)(=O)O)cc1,COC=NS(=O)(=O)c1cc(C(C)C)c(C#N)cc1C(C)C
CCN(CC)C(=O)Oc1cc2ccccc2c2ccccc12.C[Mg]Br,Cc1cc2ccccc2c2ccccc12
CC(=O)OF.Cc1ccncc1.Cc1ccnc(O)c1,CC(=O)Oc1cc(C)ccn1
FC(F)(F)c1ccccc1C(OC1CNC1)c1ccccc1.Cl.CC(C)(C)N=C=O,CC(C)(C)NC(=O)N1CC(OC(c2ccccc2)c2ccccc2C(F)(F)F)C1
ClCCl.C1CCNC1.CC(C)CC(=O)C(=O)O,CC(C)CC(=O)C(=O)N1CCCC1
O.C1CCOC1.COc1cc([N+](=O)[O-])ccc1C(=O)N1CCCCC1,COc1cc([N+](=O)[O-])ccc1CN1CCCCC1
O=C(c1cnccc1Oc1cc(Cl)ccc1Cl)N1CCCc2ccccc21.COc1ncccc1N,COc1ncccc1NC(=O)c1cnccc1Oc1cc(Cl)ccc1Cl
Cc1nc(-c2cncc(I)n2)sc1C(=O)NCc1ccc(F)cc1.CNCCCc1ccccc1.CNCc1ccc(F)cc1,Cc1nc(-c2cncc(N(C)CCCc3ccccc3)n2)sc1C(=O)NCc1ccc(F)cc1
OCc1ccoc1.O=[N+]([O-])c1ccc(F)c(-c2nc3cc(-c4ccccc4)ccc3o2)c1,O=[N+]([O-])c1ccc(OCc2ccoc2)c(-c2nc3cc(-c4ccccc4)ccc3o2)c1
C[Si](C)(C)CCOCn1cc(-c2cnc3ccc(N4CCOCC4)nn23)cn1.O=C(O)C(F)(F)F.O,c1n[nH]cc1-c1cnc2ccc(N3CCOCC3)nn12
CNC(=O)c1cccc(C)c1Nc1nc(Cl)ncc1C(F)(F)F.COCCN1CCc2ccc(N)cc2CC1,CNC(=O)c1cccc(C)c1Nc1nc(Nc2ccc3c(c2)CCN(CCOC)CC3)ncc1C(F)(F)F
CCN(CC)CC.O=C=NCc1ccccc1.COC(=O)c1sc(-c2cccc(NC3CCCCC3)c2)c(Br)c1OCC(=O)OC(C)(C)C,COC(=O)c1sc(-c2cccc(N(C(=O)NCc3ccccc3)C3CCCCC3)c2)c(Br)c1OCC(=O)OC(C)(C)C
ClCCl.CSc1cc(C(F)(F)F)ccc1C(=O)c1cnoc1C1CC1.O=C(OO)c1cccc(Cl)c1,CS(=O)c1cc(C(F)(F)F)ccc1C(=O)c1cnoc1C1CC1
CN(C)c1ccc([Mg]Br)cc1.COc1cccc2ccccc12,CN(C)c1ccc(-c2cccc3ccccc23)cc1
ClCCl.COCCOCCOCCOCCCC(=O)O.O=C1CCC(=O)N1O,COCCOCCOCCOCCCC(=O)ON1C(=O)CCC1=O
ClCCl.CCCOC(=O)c1sc(-c2cccc(NC3CC(C)(C)CC(C)(C)C3)c2)c(Br)c1OCC(=O)OC(C)(C)C.O=C(O)C(F)(F)F,CCCOC(=O)c1sc(-c2cccc(NC3CC(C)(C)CC(C)(C)C3)c2)c(Br)c1OCC(=O)O
CN(C)C=O.O=S(Cl)Cl.O=C(O)c1cc(F)c(F)c(F)c1F,O=C(Cl)c1cc(F)c(F)c(F)c1F
COc1ccc(N)cc1F.Cc1nnc(-c2ccc(C)c(-c3ccc(C(=O)Cl)cc3)c2)o1,COc1ccc(NC(=O)c2ccc(-c3cc(-c4nnc(C)o4)ccc3C)cc2)cc1F
ClCCl.O=C(O)C(F)(F)F.CCOC(=O)c1ccc(Nc2nc(C)c3ccc(=O)n(-c4ccc(C(=O)OC(C)(C)C)cc4)c3n2)cc1,CCOC(=O)c1ccc(Nc2nc(C)c3ccc(=O)n(-c4ccc(C(=O)O)cc4)c3n2)cc1
Fc1ccccc1CCBr.Cc1noc(C)c1Cn1cc(N2C(=O)CNC2=O)cn1,Cc1noc(C)c1Cn1cc(N2C(=O)CN(CCc3ccccc3F)C2=O)cn1
Cc1nn(-c2ccccc2)c(C)c1N.Cc1nn(-c2ccccc2)c(C)c1NCCN1C(=O)c2ccccc2C1=O.O=C1c2ccccc2C(=O)N1CCBr,Cc1nn(-c2ccccc2)c(C)c1NCCN
[C-]#N.Cc1cn(-c2cc(Br)c(N)c(C(F)(F)F)c2)c(C)n1.CN1CCCC1=O,Cc1cn(-c2cc(C#N)c(N)c(C(F)(F)F)c2)c(C)n1
CCCCI.COc1cc2ncnc(N3CCC(n4c(=O)[nH]c5ccc([N+](=O)[O-])cc5c4=O)CC3)c2cc1OC,CCCCn1c(=O)n(C2CCN(c3ncnc4cc(OC)c(OC)cc34)CC2)c(=O)c2cc([N+](=O)[O-])ccc21
COCCOC.Clc1cc2c(nn1)OCCO2,C=Cc1cc2c(nn1)OCCO2
CC(C)N1CCN(c2ccc(Nc3nc(Cl)ncc3Cl)c3c2CN(C)C3=O)CC1.COCCN1CCc2ccc(N)cc2CC1,COCCN1CCc2ccc(Nc3ncc(Cl)c(Nc4ccc(N5CCN(C(C)C)CC5)c5c4C(=O)N(C)C5)n3)cc2CC1
CC(=O)N(c1ccc(F)cc1)C1CCNCC1.O=C1CCCCC1,CC(=O)N(c1ccc(F)cc1)C1CCN(C2CCCCC2)CC1
O=C1CCC(=O)N1Cl.CCOC(=O)c1nc(C#N)c2c(ccn2Cc2ccc(OC)cc2)c1OC(C)=O.CC#N,CCOC(=O)c1nc(C#N)c2c(c(Cl)cn2Cc2ccc(OC)cc2)c1OC(C)=O
C1CCOC1.CC(CCCO)Oc1cccc2ccc(N)nc12.Cc1ccc2cccc(O)c2n1,Cc1ccc2cccc(OCCCC(C)Oc3cccc4ccc(N)nc34)c2n1
[Pd].CCOC(=O)N1CC=C(c2c[nH]c3ncccc23)CC1.CCO,CCOC(=O)N1CCC(c2c[nH]c3ncccc23)CC1
CCCC(=O)c1cnc2c(OCCSC)cccc2c1Cl.Cc1ccccc1N.CC#N,CCCC(=O)c1cnc2c(OCCSC)cccc2c1Nc1ccccc1C
ClCC1CN(Cc2ccccc2)CCN1Cc1ccccc1.O=C(c1c[nH]c2cc(Cl)ccc12)N1CCC2(CC1)OCc1ccccc12,O=C(c1cn(CC2CN(Cc3ccccc3)CCN2Cc2ccccc2)c2cc(Cl)ccc12)N1CCC2(CC1)OCc1ccccc12
OCc1ncc2n1-c1ccc(Cl)cc1C(c1ccccc1F)=NC2.ClCCl,O=Cc1ncc2n1-c1ccc(Cl)cc1C(c1ccccc1F)=NC2
CO.CNc1cccc(-c2ccc(C=CC(=O)OC)cc2OC)c1,CNc1cccc(-c2ccc(CCC(=O)OC)cc2OC)c1
CC1(C)CC(=O)c2sc(N)nc2C1.O=S(=O)(Cl)c1ccc(Cl)c(Cl)c1Cl,CC1(C)CC(=O)c2sc(NS(=O)(=O)c3ccc(Cl)c(Cl)c3Cl)nc2C1
C=CCN=C=O.FC(F)(F)c1ccc(OC2CNC2)cc1.CC(C)OC(C)C,C=CCNC(=O)N1CC(Oc2ccc(C(F)(F)F)cc2)C1
CCn1cc(C(=O)O)c(=O)c2cc(F)c(N3CCNC(COC(C)C)C3)cc21.O=CO.C=O,CCn1cc(C(=O)O)c(=O)c2cc(F)c(N3CCN(C)C(COC(C)C)C3)cc21
COc1cc(C(C)=O)cc(OC)c1OC.Cc1ccc2c(C=O)c[nH]c2c1,COc1cc(C(=O)C=Cc2c[nH]c3cc(C)ccc23)cc(OC)c1OC
CNC.Cc1ccc(C(=O)Cl)cc1I,Cc1ccc(C(=O)N(C)C)cc1I
COc1cc(-c2cc(C)nc(-c3ccnc(-c4cccc(S(=O)(=O)NC(C)(C)C)c4)c3)c2)ccc1C(F)(F)F.O=C(O)C(F)(F)F,COc1cc(-c2cc(C)nc(-c3ccnc(-c4cccc(S(N)(=O)=O)c4)c3)c2)ccc1C(F)(F)F
Cl.Cc1ccc(N2CCC3(CC2)OCC(C)O3)c(C#N)c1,Cc1ccc(N2CCC(=O)CC2)c(C#N)c1
O=CO.ClCCl.c1ccc(CN2CCCCC(NC(c3ccccc3)(c3ccccc3)c3ccccc3)C2)cc1,NC1CCCCN(Cc2ccccc2)C1
ClCCl.CC(C)(C)OC(=O)N1CCCC(Nc2ncc(Br)cn2)C1.O=C(O)C(F)(F)F,Brc1cnc(NC2CCCNC2)nc1
COCCCNC(=O)N1CCc2cc(C(=O)NOC3CCCCO3)ccc2C1.CO.Cl,COCCCNC(=O)N1CCc2cc(C(=O)NO)ccc2C1
CNC(=O)c1c(-c2ccccc2)noc1CC(O)c1ccccc1.O,CN1C(=O)c2c(-c3ccccc3)noc2CC1c1ccccc1
O=S(=O)(O)O.Cn1cc([N+](=O)[O-])c(C(=O)O)n1.CO,COC(=O)c1nn(C)cc1[N+](=O)[O-]
CON(Cc1cc([N+](=O)[O-])c(F)cc1Cl)C(C)=O.O=[Pt].CC(=O)O,CON(Cc1cc(N)c(F)cc1Cl)C(C)=O
COc1cc2c(nc1OC)c(-c1cc3c(CNc4ccc(N5CCOCC5)cc4)ccnc3n1S(=O)(=O)c1ccc(C)cc1)cn2C.[OH-].[K+],COc1cc2c(nc1OC)c(-c1cc3c(CNc4ccc(N5CCOCC5)cc4)ccnc3[nH]1)cn2C
COc1ccc(C(=O)Cl)cc1.CCc1cc(-c2ccc(CN)o2)c(C)[nH]c1=O,CCc1cc(-c2ccc(CNC(=O)c3ccc(OC)cc3)o2)c(C)[nH]c1=O
CNCC=O.c1ccccc1.O=C=Nc1nc2ccccc2s1,CN(CC=O)C(=O)Nc1nc2ccccc2s1
CO.O=S(=O)(O)O.O=C(O)CCc1cnoc1-c1ccc(F)c(Br)c1,COC(=O)CCc1cnoc1-c1ccc(F)c(Br)c1
Nc1ccc(Cl)nc1.OB(O)c1ccccc1F,Nc1ccc(-c2ccccc2F)nc1
NCCNc1cccnc1.ClCC=Cc1ccccc1,C(=Cc1ccccc1)CNCCNc1cccnc1
CCOC(=O)Nc1nc2cc(Cl)ccc2nc1OC.Clc1ccc(N2CCNCC2)cc1,COc1nc2ccc(Cl)cc2nc1NC(=O)N1CCN(c2ccc(Cl)cc2)CC1
ClCCl.Cc1cc(C(=O)N2Cc3cnn(C)c3Nc3ccccc32)ccc1CCC(=O)OC(C)(C)C.O=C(O)C(F)(F)F,Cc1cc(C(=O)N2Cc3cnn(C)c3Nc3ccccc32)ccc1CCC(=O)O
CC1CNCC1c1nc2c(cnn2C(C)C)c(=O)[nH]1.COc1ccc(C=O)cn1,COc1ccc(CN2CC(C)C(c3nc4c(cnn4C(C)C)c(=O)[nH]3)C2)cn1
CCN(CC)CCNC(=O)c1ccc(C=O)[nH]1.CCOC(=O)c1ccc[nH]1.O=C1Cc2cc(Br)ccc2N1,CCN(CC)CCNC(=O)c1ccc(C=C2C(=O)Nc3ccc(Br)cc32)[nH]1
ClCCl.O=C(Cl)CBr.Cc1cc(Nc2nc(Nc3ccccc3S(=O)(=O)C(C)C)c3c(C)n[nH]c3n2)c(OC(C)C)cc1C1CCNCC1,Cc1cc(Nc2nc(Nc3ccccc3S(=O)(=O)C(C)C)c3c(C)n[nH]c3n2)c(OC(C)C)cc1C1CCN(C(=O)CBr)CC1
CC(C)(C)C1CCC(Oc2ccc3cc(C(C)(CCC(=O)O)[N+](=O)[O-])ccc3c2)CC1.CC(C)(C)C1CCC(Oc2ccc3cc(C(N)CCC(=O)O)ccc3c2C(F)(F)F)CC1,CC(N)(CCC(=O)O)c1ccc2cc(OC3CCC(C(C)(C)C)CC3)ccc2c1
O=C(c1ccc(F)cc1)C1CCNCC1.CS(C)=O.Cc1ccc(S(=O)(=O)OCC2COc3ccc4nc(C)oc4c3O2)cc1,Cc1nc2ccc3c(c2o1)OC(CN1CCC(C(=O)c2ccc(F)cc2)CC1)CO3
Oc1nc(COCc2ccccc2)nc2c1SCCC2.O=P(Cl)(Cl)Cl,Clc1nc(COCc2ccccc2)nc2c1SCCC2
ClCCl.OC1COc2ccccc2OC1,O=C1COc2ccccc2OC1
c1ccc(C2(c3nc(-c4ccc5c(c4)OCO5)cs3)CC2)cc1.BrB(Br)Br.ClCCl,Oc1ccc(-c2csc(C3(c4ccccc4)CC3)n2)cc1O
O=C1CCc2cc(O)ccc2N1.N#Cc1ccc(N(CCO)CC(F)(F)F)cc1C(F)(F)F,N#Cc1ccc(N(CCOc2ccc3c(c2)CCC(=O)N3)CC(F)(F)F)cc1C(F)(F)F
O=S(=O)(Cl)c1cc(Cl)cc(Cl)c1O.NCC(O)(Cn1cncn1)c1ccc(Cl)cc1Cl,O=S(=O)(NCC(O)(Cn1cncn1)c1ccc(Cl)cc1Cl)c1cc(Cl)cc(Cl)c1O
NC(N)=O.O=C(O)Cc1cc(F)ccc1C(=O)O,O=C1Cc2cc(F)ccc2C(=O)N1
[C-]#[N+]C1CCCCC1.CC(=O)OCc1ccc(C=O)o1.Cc1ccc(N)nc1.CC(C)O.O=C(O)C(F)(F)F,CC(=O)OCc1ccc(-c2nc3ccc(C)cn3c2NC2CCCCC2)o1
CCCCCC.CCOC(C)=O.COC(=O)C(O)=CC(=O)c1cn(Cc2ccccc2)c(=O)n(Cc2ccc(F)cc2)c1=O,O=C(O)C(O)=CC(=O)c1cn(Cc2ccccc2)c(=O)n(Cc2ccc(F)cc2)c1=O
COc1cc(N2CCCC(C(=O)N3CCN(C)CC3)C2)ccc1N.COc1cc(N2CCC(CN3CCN(C)CC3)CC2)ccc1[N+](=O)[O-],COc1cc(N2CCC(CN3CCN(C)CC3)CC2)ccc1N
Cc1csc(N)n1.Cc1c(Cl)cccc1S(=O)(=O)Cl,Cc1csc(NS(=O)(=O)c2cccc(Cl)c2C)n1
COc1cc(CC(=O)O)cc(OC)c1OC.COc1ccc(CCN)cc1OC,COc1ccc(CCNC(=O)Cc2cc(OC)c(OC)c(OC)c2)cc1OC
CCO.NCCNCCCNCCN.O=C1OC(=O)c2c3ccccc3cc3cccc1c23,NCCNCCCNCCN1C(=O)c2cccc3cc4ccccc4c(c23)C1=O
Cc1cc2c(C(F)(F)F)c(C#N)ccc2[nH]1.Cc1noc(C)c1-c1nc(CCl)no1,Cc1noc(C)c1-c1nc(Cn2c(C)cc3c(C(F)(F)F)c(C#N)ccc32)no1
ClCCl.C=CCCC(NC(=O)C=C)C(O)C(Cc1ccccc1)N(Cc1ccccc1)Cc1ccccc1,O=C1C=CCCC(C(O)C(Cc2ccccc2)N(Cc2ccccc2)Cc2ccccc2)N1
O=C(O)C(F)(F)F.COc1ccc(Nc2cc(-c3ccccc3)ccc2C(=O)OC(C)(C)C)cc1,COc1ccc(Nc2cc(-c3ccccc3)ccc2C(=O)O)cc1
COC(=O)c1ccc(N=C=O)c(Cl)c1.Clc1ccc(-n2nc3ccccc3c2Nc2ccccc2)cc1.Cc1ccccc1,COC(=O)c1ccc(NC(=O)N(c2ccccc2)c2c3ccccc3nn2-c2ccc(Cl)cc2)c(Cl)c1
CC(C)C(=O)Nc1cccc(C2CCN(CCC(N)c3ccccc3)CC2)c1.O=C(Cl)c1sccc1Cl,CC(C)C(=O)Nc1cccc(C2CCN(CCC(NC(=O)c3sccc3Cl)c3ccccc3)CC2)c1
Brc1cc2ncnc(Nc3ccc4[nH]ccc4c3)c2s1.COc1cccc(B(O)O)c1,COc1cccc(-c2cc3ncnc(Nc4ccc5[nH]ccc5c4)c3s2)c1
CCn1ccc2cnc(NC(=O)c3ccc(C(C)(O)CO)cc3)cc21.CN(C)C=O.O=C1CCC(=O)N1Cl,CCn1cc(Cl)c2cnc(NC(=O)c3ccc(C(C)(O)CO)cc3)cc21
CS(C)=O.CC(C)Oc1ccc(C(C)NC(=O)C2CC2c2ccccc2)cn1.Cc1ccc(C(C)N)cn1,Cc1ccc(C(C)NC(=O)C2CC2c2ccccc2)cn1
COc1cc(C=O)ccc1OCC(F)(F)F.COc1cc(C=O)ccc1OC(F)F,O=Cc1ccc(OCC(F)(F)F)c(O)c1
O=S(=O)(Cl)c1cc(F)c(F)cc1F.CC(C)(C)OC(=O)Nc1cscn1,CC(C)(C)OC(=O)N(c1cscn1)S(=O)(=O)c1cc(F)c(F)cc1F
COc1ccccc1Sc1ccc(-c2ccnc(Cl)c2)cc1C(F)(F)F.OC1CCNC1.CN(C)CCCN1CCNCC1,COc1ccccc1Sc1ccc(-c2ccnc(N3CCN(CCCN(C)C)CC3)c2)cc1C(F)(F)F
CC(C)CCCC(C)CCCC(C)(O)C1CO1.COc1ccc(CN2CCNCC2)c(OC)c1OC.Cc1ccccc1,COc1ccc(CN2CCN(CC(O)C(C)(O)CCCC(C)CCCC(C)C)CC2)c(OC)c1OC
O=S(Cl)Cl.CCOC(=S)CC(C(N)=S)C(Cl)(Cl)Cl,CCOC(=S)CC=CCl
COc1ccc(P2(=S)SP(=S)(c3ccc(OC)cc3)S2)cc1.Cc1ccccc1.COc1cc2c(=O)nc(-c3ccccc3)n(C)c2cc1OC,COc1cc2c(=S)nc(-c3ccccc3)n(C)c2cc1OC
C1CCOC1.CNC1CCN(C)CC1.CCSc1nc2cc([N+](=O)[O-])ccc2o1,CN1CCC(N(C)c2nc3cc([N+](=O)[O-])ccc3o2)CC1
CN(c1ccc(N)cn1)C1CC1.CCCc1nc(-c2ccccc2Cl)oc1C(=O)ON1C(=O)CCC1=O,CCCc1nc(-c2ccccc2Cl)oc1C(=O)Nc1ccc(N(C)C2CC2)nc1
O=C(O)c1ccc(Br)o1.CC(C)(C)OC(=O)N1CCC(CN)C1,CC(C)(C)OC(=O)N1CCC(CNC(=O)c2ccc(Br)o2)C1
OB(O)c1ccc(OC(F)(F)F)cc1.CCOC(=O)c1c(-c2cncnc2)n[nH]c1C1CC1,CCOC(=O)c1c(-c2cncnc2)nn(-c2ccc(OC(F)(F)F)cc2)c1C1CC1
CN1CN(c2ccccc2)C2(CCCN(C(=O)OC(C)(C)C)C2)C1=O.O=C(O)C(F)(F)F.ClCCl,CN1CN(c2ccccc2)C2(CCCNC2)C1=O
O=Cc1ccc2ccccc2n1.CCN,CCNCc1ccc2ccccc2n1
O=CO.N#CC1(NC(=O)C2CC(S(=O)(=O)c3ccc(Br)cc3C(F)(F)F)CC2COC(c2ccccc2)(c2ccccc2)c2ccccc2)CC1,N#CC1(NC(=O)C2CC(S(=O)(=O)c3ccc(Br)cc3C(F)(F)F)CC2COC=O)CC1
CO.COc1cc([N+](=O)[O-])cc(O)c1OC,COc1cc(N)cc(O)c1OC
Oc1c(Cl)cc(-c2cccs2)cc1Cl.BrCCCCCc1ccco1,Clc1cc(-c2cccs2)cc(Cl)c1OCCCCCc1ccco1
COc1ccc(NC2CCN(C(C)CCN)CC2)cc1.Cc1ncnc(C)c1C(=O)O,COc1ccc(NC2CCN(C(C)CCNC(=O)c3c(C)ncnc3C)CC2)cc1
COC(=O)c1ccc(Cl)cc1NC(=O)Oc1ccccc1.NS(=O)(=O)c1cccnc1,COC(=O)c1ccc(Cl)cc1NC(=O)NS(=O)(=O)c1cccnc1
c1ccncc1.CC(O)CCc1cc(O)n2nccc2n1.CC(=O)OC(C)=O,CC(=O)OC(C)CCc1cc(O)n2nccc2n1
CC(=O)O.CO.COc1ccc(C(=O)CSC2C(=O)N(c3ccc(F)cc3)C2c2ccc(OCC(=O)NCC(=O)NC(C(=O)O)C(C)C)cc2)cc1,COc1ccc(C(O)CSC2C(=O)N(c3ccc(F)cc3)C2c2ccc(OCC(=O)NCC(=O)NC(C(=O)O)C(C)C)cc2)cc1
O=C1CCC(=O)N1Br.COCc1cccc(CNC(=O)c2cc(-c3ccc(C)o3)nc(N)n2)n1.CC(=O)O,COCc1cccc(CNC(=O)c2nc(N)nc(-c3ccc(C)o3)c2Br)n1
CCO.CNN.COC(=O)C(CSC)NC(C)=O,CSCC(NC(C)=O)C(=O)N(C)N
CN(C)C=O.COc1cc(N)nc(Br)c1.N#C[Cu],COc1cc(N)nc(C#N)c1
CO.CC(C)(C)OC(=O)N1CCN(c2ccc(C#N)c(F)c2)CC1.Cl,N#Cc1ccc(N2CCNCC2)cc1F
CCO.CN(C)C=O.COc1cc2nc(-c3n[nH]cc3[N+](=O)[O-])[nH]c2cc1OC,COc1cc2nc(-c3n[nH]cc3N)[nH]c2cc1OC
CC(C)=O.COC(=O)CC(=O)OC.O=C1C=CCCC1,COC(=O)C(C(=O)OC)C1CCCC(=O)C1
OO.CC1(C)OC(=O)Nc2ccc(OCCCCSc3ccc(O)cc3)cc21,CC1(C)OC(=O)Nc2ccc(OCCCCS(=O)c3ccc(O)cc3)cc21
COc1cc(OCC(=O)NC2CCN(Cc3ccccc3)C2)ccc1C=O.NNC(=O)c1ccc(O)c(N)c1.CC(C)O,COc1cc(OCC(=O)NC2CCN(Cc3ccccc3)C2)ccc1C=NNC(=O)c1ccc(O)c(N)c1
CN.CO.CCCCOC(=O)C1CN(c2cc(F)c(N3CCOCC3)c(F)c2)C(=O)O1,CNC(=O)C1CN(c2cc(F)c(N3CCOCC3)c(F)c2)C(=O)O1
CCOc1ccc(F)c(C=O)c1.N#Cc1ccc(N)cc1.Cc1ccccc1,CCOc1ccc(F)c(C=Nc2ccc(C#N)cc2)c1
COC(=O)c1ccc(B2OCC(C)(C)CO2)cc1.COc1ccc2ccccc2c1,COC(=O)c1ccc(-c2ccc3ccccc3c2)cc1
CCOC(=O)C(Cc1ccc(OC)c(CO)c1)OC(C)C.COCCOC.BrP(Br)Br,CCOC(=O)C(Cc1ccc(OC)c(CBr)c1)OC(C)C
Oc1cc(Cl)nnc1-c1ccc(Cl)cc1.O=[N+]([O-])O,O=[N+]([O-])c1cc(-c2nnc(Cl)cc2O)ccc1Cl
OO.OCc1ccccc1.CC(C)=O,O=Cc1ccccc1
C1CCOC1.CC(=O)NCc1ccccc1.CCCCCOc1ccc(P(=S)=S)cc1,CC(=S)NCc1ccccc1
O=C(O)Cn1nnnc1S.Cc1ccc(NC(=O)Nc2ncc(Br)s2)c(C(=O)C2CCCC2)c1,Cc1ccc(NC(=O)Nc2ncc(Sc3nnnn3CC(=O)O)s2)c(C(=O)C2CCCC2)c1
CCCn1c(CCl)nc2cccnc21.CC#N.COc1ccc(CN)cc1,CCCn1c(CNCc2ccc(OC)cc2)nc2cccnc21
COc1cccc(C(=O)Nc2c[nH]c3ncc(Br)c(F)c23)n1.CC(C)(C)OC(=O)NC1CCCNC1.CCCCO,COc1cccc(C(=O)Nc2c[nH]c3ncc(Br)c(N4CCCC(NC(=O)OC(C)(C)C)C4)c23)n1
O=C(O)C1CCN(CC2CC2)CC1.CN(C(=O)Cc1ccc(F)cc1)C1CNCC1c1ccc(Cl)c(Cl)c1,CN(C(=O)Cc1ccc(F)cc1)C1CN(C(=O)C2CCN(CC3CC3)CC2)CC1c1ccc(Cl)c(Cl)c1
CN1CCNCC1.Cc1nc[nH]c1C=C1C(=O)Nc2ncnc(Cl)c21,Cc1nc[nH]c1C=C1C(=O)Nc2ncnc(N3CCN(C)CC3)c21
Cc1nc(Cl)c2ccccc2n1.CCc1ccc(N)cc1,CCc1ccc(Nc2nc(C)nc3ccccc23)cc1
CCNC(=O)c1ccc(-n2nnc(C(=O)NC3CC3)c2CO)cc1.c1ccncc1.O=C=Nc1ccc(F)cc1,CCNC(=O)c1ccc(-n2nnc(C(=O)NC3CC3)c2COC(=O)Nc2ccc(F)cc2)cc1
Nc1cc(C(F)(F)F)cc(C(F)(F)F)c1.O=C(O)c1cc(N=Nc2ccc([N+](=O)[O-])cc2)ccc1O,O=C(Nc1cc(C(F)(F)F)cc(C(F)(F)F)c1)c1cc(N=Nc2ccc([N+](=O)[O-])cc2)ccc1O
[H][H].CCCCCC(C(=O)OCC)c1cccc([N+](=O)[O-])c1.CCOC(C)=O,CCCCCC(C(=O)OCC)c1cccc(N)c1
CC1(C)C=C(N2CCCC2=O)c2cc(C#N)ccc2N1.CC1(C)C=C(N2CCCC2=O)c2cc(Br)ccc2N1,CC1(C)Nc2ccc(Br)cc2C(N2CCCC2=O)C1O
Cc1cc(C)cc(N2CCNCC2)c1.CCc1cc(NC(=O)Oc2ccccc2)c(NC)nc1C,CCc1cc(NC(=O)N2CCN(c3cc(C)cc(C)c3)CC2)c(NC)nc1C
N.CN(Cc1ccccc1C#N)S(C)(=O)=O.CO,CN(Cc1ccccc1CN)S(C)(=O)=O
CCO.CON=C(C1=NOCCO1)c1ccccc1C=O.CON=C(C)C(C)=NN,CON=C(C)C(C)=NN=Cc1ccccc1C(=NOC)C1=NOCCO1
C#CCN.O=S(=O)(Cl)c1ccccc1,C#CCNS(=O)(=O)c1ccccc1
[Co].CC#N.CCC(N)CCN,CCC1CCNC(C)N1
O=S(Cl)Cl.CCOC(=O)c1c(C)nn(C)c1CO.ClCCl,CCOC(=O)c1c(C)nn(C)c1CCl
O=P(Cl)(Cl)Cl.Cc1ccc2c(O)ccnc2n1,Cc1ccc2c(Cl)ccnc2n1
BrCc1ccccc1.COc1ccc2c(c1)C(C(=O)N(Cc1ccc(N)cc1)c1ccc(C(C)C)cc1)CCC2,COc1ccc2c(c1)C(C(=O)N(Cc1ccc(NCc3ccccc3)cc1)c1ccc(C(C)C)cc1)CCC2
CN.CN(C)C=O.O=C(Nc1ncc(Cc2ccccc2Cl)s1)C(Br)c1ccccc1,CNC(C(=O)Nc1ncc(Cc2ccccc2Cl)s1)c1ccccc1
CO.O=C(O)CCCCCCC(=O)Nc1ccccc1.Cl,COC(=O)CCCCCCC(=O)Nc1ccccc1
C1COCCO1.CC1CCCc2ccc(NS(=O)(=O)c3ccccc3NCCC3CCCN3C(=O)OC(C)(C)C)c(C(=O)O)c21,CC1CCCc2ccc(NS(=O)(=O)c3ccccc3NCCC3CCCN3)c(C(=O)O)c21
CCCC[Sn](CCCC)(CCCC)c1nc(N2CCOCC2)c2sc(CN3CCC(N(C)C)CC3)cc2n1.O=c1[nH]cc(Br)c2ccccc12,CN(C)C1CCN(Cc2cc3nc(-c4c[nH]c(=O)c5ccccc45)nc(N4CCOCC4)c3s2)CC1
CCCCN=C=O.CN1CCC(c2c[nH]c3ccc(N)cc23)CC1,CCCCNC(=O)Nc1ccc2[nH]cc(C3CCN(C)CC3)c2c1
CC(C)N(CCN1C(=O)C(=O)c2cc(N)ccc21)C(C)C.NNC(N)=O.Cl,CC(C)N(CCN1C(=O)C(=NNC(N)=O)c2cc(N)ccc21)C(C)C
CC(=O)Cl.C1CCOC1.COc1ccc(C2CCN(CCC3CCNc4ccccc43)CC2)cc1OC,COc1ccc(C2CCN(CCC3CCN(C(C)=O)c4ccccc43)CC2)cc1OC
CCc1cnccc1C.BrCCc1ccccc1,CCc1cnccc1CCCc1ccccc1
CC(N)c1ccncc1.O=C(N1CCc2ccc(Cl)c(OS(=O)(=O)C(F)(F)F)c2CC1)C(F)(F)F,CC(Nc1c(Cl)ccc2c1CCN(C(=O)C(F)(F)F)CC2)c1ccncc1
N#Cc1ccc2[nH]cc(CCCCCl)c2c1.NC(=O)c1cc2cc(N3CCNCC3)ccc2o1,N#Cc1ccc2[nH]cc(CCCCN3CCN(c4ccc5oc(C(N)=O)cc5c4)CC3)c2c1
O=C(NCc1cn(-c2ccccc2)c2cc(Cl)ccc2c1=O)NC1CCNCC1.CC(=O)Cl,CC(=O)N1CCC(NC(=O)NCc2cn(-c3ccccc3)c3cc(Cl)ccc3c2=O)CC1
Cc1ccc(S(=O)(=O)Cl)cc1.Nc1ncc(C(F)(F)F)cc1C#Cc1ccccc1,Cc1ccc(S(=O)(=O)Nc2ncc(C(F)(F)F)cc2C#Cc2ccccc2)cc1
C=Cc1ccncc1.O=C1Nc2cc(F)ccc2N2CCNCC12,O=C1Nc2cc(F)ccc2N2CCN(CCc3ccncc3)CC12
O=C(N1CCCC2c3cc(OS(=O)(=O)C(F)(F)F)ccc3CC21)C(F)(F)F.OB(O)c1ccoc1,O=C(N1CCCC2c3cc(-c4ccoc4)ccc3CC21)C(F)(F)F
Nc1ccc2c(c1)nc(-c1ccccc1)n2-c1ccccc1.[Cl-].O=S(=O)(O)c1ccc(F)cc1,O=S(=O)(Nc1ccc2c(c1)nc(-c1ccccc1)n2-c1ccccc1)c1ccc(F)cc1
Cn1c2cccc(Br)c2c2c(CC#N)nn(-c3ccccc3)c(=O)c21.CC(=O)O.Cl,Cn1c2cccc(Br)c2c2c(CC(=O)O)nn(-c3ccccc3)c(=O)c21
ClCCl.O=C(O)C(F)(F)F.COc1c(C)ccc2oc(C(=O)OC(C)(C)C)c(C)c12,COc1c(C)ccc2oc(C(=O)O)c(C)c12
Cc1ccccc1.ClCCl.CCc1ccc(Cc2ccc(OCCC3(OC)OC(COC(C)=O)C(OC(C)=O)C(OC(C)=O)C3OC(C)=O)cc2Cl)cc1,CCc1ccc(Cc2cc3c(cc2Cl)OCCC32OC(COC(C)=O)C(OC(C)=O)C(OC(C)=O)C2OC(C)=O)cc1
O=S(=O)(O)O.O=[N+]([O-])c1ccc(C(CN=C=S)c2cccc(Cl)c2)cc1.ClCCl,O=[N+]([O-])c1ccc(C2CN=C(S)c3ccc(Cl)cc32)cc1
ClC(Cl)Cl.CC1(C)SC2C(NC(c3ccccc3)(c3ccccc3)c3ccccc3)C(=O)N2C1C(N)=O.c1ccncc1,CC1(C)SC2C(NC(c3ccccc3)(c3ccccc3)c3ccccc3)C(=O)N2C1C#N
CC(C)(C)c1ccc(Oc2cccc(C=O)c2)cc1.Cc1ccc(N)nc1.[C-]#[N+]C1CCCCC1.CC(C)O.O=C(O)C(F)(F)F,Cc1ccc2nc(-c3cccc(Oc4ccc(C(C)(C)C)cc4)c3)c(NC3CCCCC3)n2c1
O=C1OC(=O)C2=C1CCCC2.CCOCC.Nc1ccc(Cl)cc1F,O=C(O)C1=C(C(=O)Nc2ccc(Cl)cc2F)CCCC1
NCc1ccc(Cl)c(Cl)c1.Clc1nc(Cl)c2c3c(sc2n1)CCCC3,Clc1nc(NCc2ccc(Cl)c(Cl)c2)c2c3c(sc2n1)CCCC3
Clc1ccccc1.COc1ccccc1N.O=C(Cl)Cl,COc1ccccc1N=C=O
O=C1CCC2(CC1)OCCO2.COc1ncc(Br)cn1,COc1ncc(C2(O)CCC3(CC2)OCCO3)cn1
c1ccncc1.CS(=O)(=O)Cl.COc1ccc2cc(C(OC)(OC)C(C)O)ccc2c1,COc1ccc2cc(C(OC)(OC)C(C)OS(C)(=O)=O)ccc2c1
Cl.COCCCBr.CCNC(=O)Nc1ccc(-c2nc3c(c(N4CCOCC4C)n2)CCNC3)cc1,CCNC(=O)Nc1ccc(-c2nc3c(c(N4CCOCC4C)n2)CCN(CCCOC)C3)cc1
ClCCl.Cn1nnc(-c2ccc(CN3CCC(C(O)(c4ccc(C(F)(F)F)cc4)c4ccc(C(F)(F)F)cc4)CC3)cc2)n1.O=C(OO)c1cccc(Cl)c1,Cn1nnc(-c2ccc(C[N+]3([O-])CCC(C(O)(c4ccc(C(F)(F)F)cc4)c4ccc(C(F)(F)F)cc4)CC3)cc2)n1
NN.CCOC(=O)CC1(O)c2ccccc2C=Cc2ccccc21,NNC(=O)CC1(O)c2ccccc2C=Cc2ccccc21
CC(=O)OC(C)=O.c1ccncc1.COc1cc2nc(-c3cccc([N+](=O)[O-])c3)[nH]c(=O)c2cc1O,COc1cc2nc(-c3cccc([N+](=O)[O-])c3)[nH]c(=O)c2cc1OC(C)=O
COc1ccc2ncc([N+](=O)[O-])cc2c1.CCOC(C)=O.[H][H],COc1ccc2ncc(N)cc2c1
Cl.CCOC(=O)CCc1ncc2c(=O)[nH]c3cc(CC)ccc3n12.CCO,CCc1ccc2c(c1)[nH]c(=O)c1cnc(CCC(=O)O)n12
CCCCCCCCCCCCCCCCCC(CC1OC(=O)C1CC)OC(=O)C(CC(C)C)NC(=O)OCc1ccccc1.C1CCOC1,CCCCCCCCCCCCCCCCCC(CC1OC(=O)C1CC)OC(=O)C(CC(C)C)NC=O
N.CCOC(=O)C1CCCNC1,NC(=O)C1CCCNC1
CS(C)=O.Brc1cccc2c1CC(N(Cc1ccccc1)Cc1ccccc1)CC2.COc1ncc(B(O)O)cn1,COc1ncc(-c2cccc3c2CC(N(Cc2ccccc2)Cc2ccccc2)CC3)cn1
O=C1OC(=O)c2c(Cl)ccc(Cl)c21.NCCN1CCC(c2noc3cc(F)ccc23)CC1.ClCCl,O=C1c2c(Cl)ccc(Cl)c2C(=O)N1CCN1CCC(c2noc3cc(F)ccc23)CC1
OCc1ccccc1C(F)(F)F.BrP(Br)Br.Cc1ccccc1,FC(F)(F)c1ccccc1CBr
c1ccncc1.CC1(C)C2CCC1(C)C(C(=O)Cl)C2.N#Cc1ccc(NC(=O)C(O)(CSc2ccccc2)C(F)(F)F)cc1C(F)(F)F,CC1(C)C2CCC1(C)C(C(=O)OC(CSc1ccccc1)(C(=O)Nc1ccc(C#N)c(C(F)(F)F)c1)C(F)(F)F)C2
COC(=O)c1cc(C(=O)O)ccc1Cl.NCCc1ccc(OCCCCCc2ccccc2)cc1,COC(=O)c1cc(C(=O)NCCc2ccc(OCCCCCc3ccccc3)cc2)ccc1Cl
C=CC(NS(=O)C(C)(C)C)C1CCC2(CC1)OCCO2.CO.Cl,C=CC(N)C1CCC2(CC1)OCCO2
ClCCl.COC(=O)c1ccccc1OCCc1ccc(OCC(=O)OC(C)(C)C)cc1,COC(=O)c1ccccc1OCCc1ccc(OCC(=O)O)cc1
O=C(O)C(F)(F)F.CC(C)c1ccc(OC(C(=O)N2C(=O)OCC2Cc2ccccc2)C(O)c2ccc(O)cc2)cc1.CC[SiH](CC)CC,CC(C)c1ccc(OC(Cc2ccc(O)cc2)C(=O)N2C(=O)OCC2Cc2ccccc2)cc1
CCC(N)(CC)CO.O=C(O)c1cccc(-c2cccc(Cl)c2)n1,CCC(CC)(CO)NC(=O)c1cccc(-c2cccc(Cl)c2)n1
O=C(C=Cc1ccc(CCl)cc1)Nc1ccc(-c2ccc(Cl)cc2)cc1.C1CCOC1.NC1CCCCC1,O=C(C=Cc1ccc(CNC2CCCCC2)cc1)Nc1ccc(-c2ccc(Cl)cc2)cc1
Cc1ccccc1.O=Cc1ccccc1.COc1ccccc1N,COc1ccccc1N=Cc1ccccc1
O=C(O)C(F)(F)F.C1N2CN3CN1CN(C2)C3.COc1cccc(C(F)(F)F)c1O,COc1cc(C=O)cc(C(F)(F)F)c1O
CC(=O)OC(C)=O.c1ccncc1.Oc1ccccc1-c1cccc(-c2cccc(-c3ccccc3)n2)n1,CC(=O)Oc1ccccc1-c1cccc(-c2cccc(-c3ccccc3)n2)n1
O=S(=O)(O)Cl.ClCc1ccccc1,O=S(=O)(Cl)c1ccc(CCl)cc1
CCSC1=NC(=O)C(=Cc2ccc3c(cnn3Cc3ccc(C(F)(F)F)cc3C(F)(F)F)c2)S1.COC(=O)C1CCNCC1,COC(=O)C1CCN(C2=NC(=O)C(=Cc3ccc4c(cnn4Cc4ccc(C(F)(F)F)cc4C(F)(F)F)c3)S2)CC1
O=c1[nH]c2ccc([N+](=O)[O-])cc2c(=O)n1CCCCn1ccnc1.[H][H].CCO,Nc1ccc2[nH]c(=O)n(CCCCn3ccnc3)c(=O)c2c1
[LiH].CCOc1ccc(C(C)(C)C=C(F)C(=O)OC)cc1.CCOCC,CCOc1ccc(C(C)(C)C=C(F)CO)cc1
Cc1ccc(N)nc1.[C-]#[N+]C1CCCCC1.CN(C)CCOc1ccc(Br)cc1C=O.CC(C)O.O=C(O)C(F)(F)F,Cc1ccc2nc(-c3cc(Br)ccc3OCCN(C)C)c(NC3CCCCC3)n2c1
ClCCl.OCc1cc2cc(OCc3ccccc3)cnc2[nH]1,O=Cc1cc2cc(OCc3ccccc3)cnc2[nH]1
COc1ccc(Cl)cc1CO.O=S(Cl)Cl.ClCCl,COc1ccc(Cl)cc1CCl
ONc1ccc(F)cc1.Clc1ccc(C=Nc2ccccc2)cc1,[O-][N+](=Cc1ccc(Cl)cc1)c1ccc(F)cc1
CCCCCCO.O=C1CCC(O)N1,CCCCCCOC1CCC(=O)N1
Cc1ccc(N)cc1C(=O)c1ccc(Nc2ccc(F)cc2F)cc1Cl.Cc1ccc([N+](=O)[O-])cc1C(=O)c1ccc(Nc2ccc(F)cc2)cc1Cl,Cc1ccc(N)cc1C(=O)c1ccc(Nc2ccc(F)cc2)cc1Cl
C#CCCCCO.COc1c(C)cnc(Cn2cc(I)c3c(Cl)nc(N)nc32)c1C,COc1c(C)cnc(Cn2cc(C#CCCCCO)c3c(Cl)nc(N)nc32)c1C
COc1ccc(P2(=S)SP(=S)(c3ccc(OC)cc3)S2)cc1.CC1=[SH]C(=NC(=O)C(F)(F)F)N(c2cccc(C(F)(F)F)c2)C1.C1CCOC1,CC1=[SH]C(=NC(=S)C(F)(F)F)N(c2cccc(C(F)(F)F)c2)C1
OB(O)c1ccncc1.Cc1c(Br)c2c(c(C)c1NC(=O)CC(C)(C)C)C(c1ccc(C(C)C)cc1)CO2,Cc1c(NC(=O)CC(C)(C)C)c(C)c2c(c1-c1ccncc1)OCC2c1ccc(C(C)C)cc1
CCN(CC)CCNC(=O)c1cc(Cl)c(N)cc1OC.CC(C)O.COc1cc(N)c(Cl)cc1C(=O)NC1CCN(CCCOc2ccc(F)cc2)CC1OC,COC1CN(CCCOc2ccc(F)cc2)CCC1NC(=O)c1cc(Cl)c(N)cc1O
O=C1CCC2(CC1)OCCO2.Cc1cccc(Br)c1,Cc1cccc(C2(O)CCC3(CC2)OCCO3)c1
O.CC(C)CN.c1ccc(CC2CO2)cc1,CC(C)CNCC(O)Cc1ccccc1
C=C(C)C(=O)OC.FC(F)=C(F)Cl.Oc1ccc(O)cc1,COC(=O)C1(C)CC(F)(F)C1(F)Cl
CN1CCc2c(Cl)ccc3c4c(n(c23)CC1)CCCC4.CC(Cl)OC(=O)Cl.CC(Cl)Cl,Clc1ccc2c3c(n4c2c1CCNCC4)CCCC3
Cc1c(C(=O)Cl)cnn1-c1ccc(C(F)(F)F)cc1.N#Cc1cc(N)ccc1OCCCN1CCOCC1,Cc1c(C(=O)Nc2ccc(OCCCN3CCOCC3)c(C#N)c2)cnn1-c1ccc(C(F)(F)F)cc1
COc1ccccc1C(c1ccc(NC(=O)C2(c3ccc4c(c3)OCO4)CC2)nc1)N(C)C.COc1ccccc1C(OS(C)(=O)=O)c1ccc(NC(=O)C2(c3ccc4c(c3)OCO4)CC2)nc1.OC1CCNCC1,COc1ccccc1C(c1ccc(NC(=O)C2(c3ccc4c(c3)OCO4)CC2)nc1)N1CCC(O)CC1
CC(F)(F)c1ccc(Cn2ccc(N)n2)o1.COc1cccc(C=CC(=O)O)c1,COc1cccc(C=CC(=O)Nc2ccn(Cc3ccc(C(C)(F)F)o3)n2)c1
Cl.COC(=O)NC1CCC(C(=O)O)CC1.CN(C(=O)N(C)C1CNCC1c1ccc(F)cc1)c1cc(Br)cc(Br)c1,COC(=O)NC1CCC(C(=O)N2CC(c3ccc(F)cc3)C(N(C)C(=O)N(C)c3cc(Br)cc(Br)c3)C2)CC1
CCO.CCN.CCSC(=N)Nc1nc(C)c(-c2cc(C)ccn2)s1,CCNC(=N)Nc1nc(C)c(-c2cc(C)ccn2)s1
CCOC(=O)C1C(C(=O)Nc2ccc(Cl)cc2)C1C(=O)Nc1ccc(-n2ccccc2=O)cc1F.C1CCOC1,O=C(O)C1C(C(=O)Nc2ccc(Cl)cc2)C1C(=O)Nc1ccc(-n2ccccc2=O)cc1F
C#Cc1ccc(C#N)cc1.FC1(F)CCC(Cn2c(-c3ccccc3Br)nc3ccccc32)CC1,N#Cc1ccc(C#Cc2ccccc2-c2nc3ccccc3n2CC2CCC(F)(F)CC2)cc1
CC(C)CCCCCCCCCCO.CC(CC(=O)O)CC(C)(C)C,CC(C)CCCCCCCCCCOC(=O)CC(C)CC(C)(C)C
C=CCCn1c(OC2CC(C(=O)OC)N(C(=O)OC(C)(C)C)C2)cc2ccccc2c1=O.O=C(O)C(F)(F)F.ClCCl,C=CCCn1c(OC2CNC(C(=O)OC)C2)cc2ccccc2c1=O
ClCCl.CC(C)(C)OC(=O)CC(C=O)NS(=O)(=O)c1ccc(N2CCCC2)cc1OCCc1cccc2ccccc12.O=C(O)C(F)(F)F,O=CC(CC(=O)O)NS(=O)(=O)c1ccc(N2CCCC2)cc1OCCc1cccc2ccccc12
O=C(O)C(F)(F)F.CCOC(=O)COc1ccc(N(CC)C(=O)OC(C)(C)C)cc1,CCNc1ccc(OCC(=O)OCC)cc1
COCOc1c(OC)cc(C(=O)OC)cc1C(F)(F)F.C1CCOC1.CCOC(C)=O,COC(=O)c1cc(OC)c(O)c(C(F)(F)F)c1
FC1(F)CCNC1.Nc1ncnn2c(C3CCN(C(=O)CCl)C3)cc(-c3ccc4cn(Cc5ccccc5)nc4c3)c12,Nc1ncnn2c(C3CCN(C(=O)CN4CCC(F)(F)C4)C3)cc(-c3ccc4cn(Cc5ccccc5)nc4c3)c12
CCO.NN.COC(=O)c1ccc(Oc2cccnc2)cc1,NNC(=O)c1ccc(Oc2cccnc2)cc1
[H][H].CCO.CCOC(=O)CCC(C)=Cc1ccc(F)cc1,CCOC(=O)CCC(C)Cc1ccc(F)cc1
C1CNCCN1.CSc1ncnc2c(N(C)Cc3ccccc3)nc(Cl)nc12.CS(C)=O,CSc1ncnc2c(N(C)Cc3ccccc3)nc(N3CCNCC3)nc12
CCOCCn1c(N2CCCNCC2)nc2ccccc21.COc1cc(CN2CCC(CCCOS(C)(=O)=O)(Cc3ccc(F)cc3)C2=O)cc(OC)c1OC,CCOCCn1c(N2CCCN(CCCC3(Cc4ccc(F)cc4)CCN(Cc4cc(OC)c(OC)c(OC)c4)C3=O)CC2)nc2ccccc21
c1ccncc1.COC(=O)Cl.CN1CCC(O)N(c2nnc(C3CC3)s2)C1=O,COC(=O)OC1CCN(C)C(=O)N1c1nnc(C2CC2)s1
Cc1nc(NC(=O)c2ccncc2)sc1C(=O)O.NCCc1ccccc1,Cc1nc(NC(=O)c2ccncc2)sc1C(=O)NCCc1ccccc1
CCOC(=O)C1=C(O)CCn2c1nc1ccccc12.Nc1ccncc1,O=C(Nc1ccncc1)C1=C(O)CCn2c1nc1ccccc12
Clc1cc2c(Cl)nc(-c3ccccn3)nc2s1.NCc1ccccc1,Clc1cc2c(NCc3ccccc3)nc(-c3ccccn3)nc2s1
CO.Cc1cc(O)ccc1-n1cc(C(=O)O)c(=O)cc1C=O.CCOC(=O)C=P(c1ccccc1)(c1ccccc1)c1ccccc1,CCOC(=O)C=Cc1cc(=O)c(C(=O)O)cn1-c1ccc(O)cc1C
CC(N)c1ccc(F)cc1.CCOc1cc(C(C)(C)C)ncc1C1=NC(C)(c2ccc(Cl)cc2)C(C)(c2ccc(Cl)cc2)N1C(=O)N1CCC(CC(=O)O)CC1,CCOc1cc(C(C)(C)C)ncc1C1=NC(C)(c2ccc(Cl)cc2)C(C)(c2ccc(Cl)cc2)N1C(=O)N1CCC(CC(=O)NC(C)c2ccc(F)cc2)CC1
OCC1CO1.CCc1cc(C(=N)NO)cc(C)c1OCC(O)CNC(=O)CO,Cc1cc(C(=N)NO)cc(C)c1OCC(O)CNC(=O)CO
O=C(O)COc1nc(-c2ccc(F)cc2)cs1.O=C(O)C(F)(F)F.Nc1nccs1,O=C(COc1nc(-c2ccc(F)cc2)cs1)Nc1nccs1
Nc1nc2ccc(Br)cn2n1.O=C(Cl)c1ccccc1,O=C(Nc1nc2ccc(Br)cn2n1)c1ccccc1
NNC(=O)CC1CCN(C(=O)C2CC2)C1.ClCCl.O=C=Nc1ccc(Br)cc1C(F)(F)F,O=C(CC1CCN(C(=O)C2CC2)C1)NNC(=O)Nc1ccc(Br)cc1C(F)(F)F
c1ccc2c(c1)Cc1ccccc1N1CCNCC21.O=C1c2ccccc2C(=O)N1CCCBr,O=C1c2ccccc2C(=O)N1CCCN1CCN2c3ccccc3Cc3ccccc3C2C1
COc1cc(OCC2CC2)c(B2OC(C)(C)C(C)(C)O2)cc1F.CCOC(=O)c1c[nH]c2c(Cl)ncnc12,CCOC(=O)c1c[nH]c2c(-c3cc(F)c(OC)cc3OCC3CC3)ncnc12
ClCCl.COc1ccc(-c2nc(CCl)nc3cc(OC)c(OC)cc23)cc1OC.CC(C)(C)N,COc1ccc(-c2nc(CNC(C)(C)C)nc3cc(OC)c(OC)cc23)cc1OC
COC1=C(OC)C(=O)C(Cc2cccc(C=CC(=O)O)c2)=C(C)C1=O.C1COCCN1,COC1=C(OC)C(=O)C(Cc2cccc(C=CC(=O)N3CCOCC3)c2)=C(C)C1=O
O=C(OO)c1cccc(Cl)c1.CCOC(=O)c1c(CCl)nc2cc(OC)c(OC)cc2c1-c1ccc(OC)c(OC)c1.CO,CCOC(=O)c1c(-c2ccc(OC)c(OC)c2)c2cc(OC)c(OC)cc2[n+]([O-])c1CCl
CC1(C)COB(c2ccc(F)c(-c3ccc(F)cc3C#N)c2)OC1.CC(C)(F)c1cnn2c(Br)cnc2n1,CC(C)(F)c1cnn2c(-c3ccc(F)c(-c4ccc(F)cc4C#N)c3)cnc2n1
COc1cc(-c2cnccc2C=O)ccc1C#N.C1CCOC1,COc1cc(-c2cnccc2C(O)C2CC2)ccc1C#N
ClCCl.Cc1cc(F)ccc1CO.O=S(Cl)Cl,Cc1cc(F)ccc1CCl
CCOC(=O)Cc1cccc(-c2c(-c3ccccc3)cnc3c(C(F)(F)F)cccc23)c1.CCOC(=O)Cc1ccc(CNc2cccc(-c3c(-c4ccccc4)cnc4c(C(F)(F)F)cccc34)c2)cc1,O=C(O)Cc1ccc(CNc2cccc(-c3c(-c4ccccc4)cnc4c(C(F)(F)F)cccc34)c2)cc1
CO.COc1ccc(CC(=O)c2ccc(O)cc2O)cc1,COc1ccc(CC(=O)c2ccc(OC)cc2O)cc1
c1cc[nH]c1.O=C(Cl)C(Cl)(Cl)Cl,O=C(c1ccc[nH]1)C(Cl)(Cl)Cl
ClCCl.CCCCc1oc2ccccc2c1C(=O)N(C)Cc1ccc(-c2ccc(OC)c(Br)c2)cc1.BrB(Br)Br,CCCCc1oc2ccccc2c1C(=O)N(C)Cc1ccc(-c2ccc(O)c(Br)c2)cc1
CC(C)OCCOCc1ccc(OCC2CO2)cc1.NCCOc1ccc(-c2ccc(=O)[nH]n2)cc1,CC(C)OCCOCc1ccc(OCC(O)CNCCOc2ccc(-c3ccc(=O)[nH]n3)cc2)cc1
O=C(O)c1ccc(C2CC2)c(OCC2CC2)n1.Cl.CC(C)(N)c1nc(N)no1,CC(C)(NC(=O)c1ccc(C2CC2)c(OCC2CC2)n1)c1nc(N)no1
CN(C)CCN.Cc1ccc(C(=O)Nc2nccs2)cc1-c1nc(S(C)=O)nc2c1ccc(=O)n2-c1c(F)cccc1F,Cc1ccc(C(=O)Nc2nccs2)cc1-c1nc(NCCN(C)C)nc2c1ccc(=O)n2-c1c(F)cccc1F
Nc1cc(Cl)c(Cl)c(Cl)c1.[H][H],Nc1cc(Cl)cc(Cl)c1
[H][H].C1CCOC1.CC(C)(C)OC(=O)CON=C(C(=O)OCc1ccc([N+](=O)[O-])cc1)c1csc(N)n1,CC(C)(C)OC(=O)CON=C(C(=O)O)c1csc(N)n1
COCCCCN1C(=O)C(C)(C)Oc2cc(C(F)(F)F)c(C(=O)OC)cc21.CC(C)NC1CCCN(C(=O)OC(C)(C)C)C1,COCCCCN1C(=O)C(C)(C)Oc2cc(C(F)(F)F)c(C(=O)N(C(C)C)C3CCCN(C(=O)OC(C)(C)C)C3)cc21
CC[Mg+].CC1(C)CCC(C)(C)c2cc(C#Cc3ccc(C=O)cn3)ccc21.[Br-],CCC(O)c1ccc(C#Cc2ccc3c(c2)C(C)(C)CCC3(C)C)nc1
CC(=O)Cl.COc1ccc2c(c1)C(CCCCN)=CCC2,COc1ccc2c(c1)C(CCCCNC(C)=O)=CCC2
c1ccncc1.Cc1ccc2[nH]c3c(cc(-c4cccc(C#N)c4)c(=O)n3C)c2c1.CC(=O)O,Cc1ccc2[nH]c3c(cc(-c4cccc(C=O)c4)c(=O)n3C)c2c1
O=C(OO)c1cccc(Cl)c1.CC(O)C1C(=O)C2C(C(=O)O)=C(Sc3ccccc3)CC21.ClCCl,CC(O)C1C(=O)C2C(C(=O)O)=C(S(=O)c3ccccc3)CC21
CCOC(C)=O.CC(C)(C)OC(=O)N1CCCC(c2cc(-c3ccccc3OCc3ccccc3)nc(N)c2C#N)C1,CC(C)(C)OC(=O)N1CCCC(c2cc(-c3ccccc3O)nc(N)c2C#N)C1
C1CCOC1.CC1C(=O)C2(CC2)C(=O)N1c1ccc(C#N)c(Cl)c1,CC1N(c2ccc(C#N)c(Cl)c2)C(=O)C2(CC2)C1(C)O
CC(=O)c1ocnc1C.[Li]c1ccco1.CCOCC,Cc1ncoc1C(C)(O)c1ccco1
S=C=Nc1ccc(Cl)cc1.CCO.CC(C)(C)OC(=O)N1CCCNCC1,CC(C)(C)OC(=O)N1CCCN(C(=S)Nc2ccc(Cl)cc2)CC1
COc1ccc(CN(Cc2ccc(OC)cc2)c2ncc(-c3nc(N4CCOCC4)nc4c3CCN4)cn2)cc1.O=C(c1ccc(Br)c(Cl)c1)N1CCOCC1.COc1ccc(CN(Cc2ccc(OC)cc2)c2ncc(-c3nc(N4CCOCC4)nc4c3CCN4c3ccc(C(=O)N4CCOCC4)cc3Cl)cn2)cc1,Nc1ncc(-c2nc(N3CCOCC3)nc3c2CCN3c2ccc(C(=O)N3CCOCC3)cc2Cl)cn1
CNC(=O)c1ccccc1CN.Cc1nnc(-c2ccc(C)c(-c3ccc(C(=O)O)cc3)c2)o1,CNC(=O)c1ccccc1CNC(=O)c1ccc(-c2cc(-c3nnc(C)o3)ccc2C)cc1
CONS(C)(=O)=O.O=C=NS(=O)(=O)Cl.Clc1ccccc1,CON(S(C)(=O)=O)S(=O)(=O)N=C=O
CN(C)C1CCN(Cc2nc3c(N4CCOCC4)nc(Cl)nc3n2C)CC1F.CCc1nc2ccccc2[nH]1,CCc1nc2ccccc2n1-c1nc(N2CCOCC2)c2nc(CN3CCC(N(C)C)C(F)C3)n(C)c2n1
Cc1ccc(F)c(C=O)c1Cl.Cc1ccc(N)nc1.[C-]#[N+]C1CCCCC1.O=C(O)C(F)(F)F.CC(C)O,Cc1ccc2nc(-c3c(F)ccc(C)c3Cl)c(NC3CCCCC3)n2c1
NC1CCn2c1nc1cc(Br)cnc12.NC(=O)c1cc2cc(F)ccc2n1Cc1cccc(F)c1,NC1CCn2c1nc1cc(NC(=O)c3cc4cc(F)ccc4n3Cc3cccc(F)c3)cnc12
CC#N.CCOC(C)=O.CC(C)(C)OC(=O)N1CCN(CC(O)CCl)C(=O)C1,CC(C)(C)OC(=O)N1CCN(CC(=O)CCl)C(=O)C1
CC(=O)Nc1ccc(-c2ccc(C(O)(c3cn(C(c4ccccc4)(c4ccccc4)c4ccccc4)cn3)C(C)C)cc2)cc1.Cl.c1ccncc1,CC(=O)Nc1ccc(-c2ccc(C(O)(c3c[nH]cn3)C(C)C)cc2)cc1
O=C(O)c1cccc(F)c1F.Cc1ccccc1.O=S(Cl)Cl,O=C(Cl)c1cccc(F)c1F
Clc1ccc(Nc2ncnc3oc4c(c23)CCNC4)cc1Cl.Cl.CN(C)CC=CC(=O)O,CN(C)CC=CC(=O)N1CCc2c(oc3ncnc(Nc4ccc(Cl)c(Cl)c4)c23)C1
CCCc1cc(CCC=O)n(C(C)(C)C)n1.CCN(C(C)C)C(C)C.Clc1ccc(N2CCNCC2)cc1,CCCc1cc(CCCN2CCN(c3ccc(Cl)cc3)CC2)n(C(C)(C)C)n1
CC(O)=S.COc1ccc(Oc2c(C)cc(-n3nc(C(=O)O)c(=O)[nH]c3=O)cc2C)cc1Br.CCOC(C)=O,COc1ccc(Oc2c(C)cc(-n3ncc(=O)[nH]c3=O)cc2C)cc1Br
C#Cc1cccc(N)c1.Cl.Cc1cc(C(=O)NCCN2CCOCC2)[nH]c1C=C1C(=O)Nc2ncnc(Cl)c21,C#Cc1cccc(Nc2ncnc3c2C(=Cc2[nH]c(C(=O)NCCN4CCOCC4)cc2C)C(=O)N3)c1
[H][H].COC(=Cc1ccc(OCCc2nc(-c3ccccc3)oc2C)c2ccsc12)C(=O)O,COC(Cc1ccc(OCCc2nc(-c3ccccc3)oc2C)c2ccsc12)C(=O)O
COc1cc(C(=O)O)ccc1N.CN1C(=O)C(F)(F)CN(C2CCCC2)c2nc(Cl)ncc21.Cl,COc1cc(C(=O)O)ccc1Nc1ncc2c(n1)N(C1CCCC1)CC(F)(F)C(=O)N2C
O=C1Cc2ccc(C(F)(F)F)cc2N1.COc1c(C(C)C)cc(C=O)cc1C(C)C,COc1c(C(C)C)cc(C=C2C(=O)Nc3cc(C(F)(F)F)ccc32)cc1C(C)C
CCOC(=O)C(OC(C)=O)c1cccc2cnccc12.CCO,CCOC(=O)Cc1cccc2cnccc12
O=C1CC2(CCCC2)C(=O)O1.CCn1c(C(=O)Nc2ccc(C3CCNCC3)cc2)cc2c(Cl)c(Cl)ccc21.CCOc1cccc2c1cc(C(=O)Nc1ccc(C3CCN(C(=O)CC(C)(C)C(=O)O)CC3)cc1)n2CC,CCn1c(C(=O)Nc2ccc(C3CCN(C(=O)CC4(C(=O)O)CCCC4)CC3)cc2)cc2c(Cl)c(Cl)ccc21
Cn1ccc2cc(B3OCC(C)(C)CO3)ccc21.CCN(CC)C(=O)Oc1ccccc1,Cn1ccc2cc(-c3ccccc3)ccc21
O=Cc1c(F)cc(C(F)(F)F)cc1C(F)(F)F.[C-]#[N+]C1CCCCC1.Cc1ccc(N)nc1.O=C(O)C(F)(F)F.CC(C)O,Cc1ccc2nc(-c3c(F)cc(C(F)(F)F)cc3C(F)(F)F)c(NC3CCCCC3)n2c1
CC(C)O.Cl.CC(C)(C)OC(=O)N1CCC(OCC(=O)N2CCOCC2)CC1,O=C(COC1CCNCC1)N1CCOCC1
CCCCS(=O)(=O)Nc1ccc(N2CCC(=O)CC2)cc1.NCC(O)COc1cccc2[nH]c(=O)[nH]c12,CCCCS(=O)(=O)Nc1ccc(N2CCC(NCC(O)COc3cccc4[nH]c(=O)[nH]c34)CC2)cc1
NCCO.ClCCl.O=C(Cl)OCc1ccccc1,O=C(NCCO)OCc1ccccc1
CN(C)C(=O)Oc1cnc2ccccc2c1[Si](C)(C)C.C[Si](C)(C)C[Mg]Cl,C[Si](C)(C)Cc1cnc2ccccc2c1[Si](C)(C)C
O=C(O)c1cn(C2CC2)c2cc(F)c(F)cc2c1=O.CCN1CCNCC1C,CCN1CCN(c2cc3c(cc2F)c(=O)c(C(=O)O)cn3C2CC2)CC1C
COc1nc(Br)cnc1N.O=S(=O)(Cl)c1cc(Cl)cc(Cl)c1,COc1nc(Br)cnc1NS(=O)(=O)c1cc(Cl)cc(Cl)c1
O=[N+]([O-])c1cc(S(=O)(=O)Cl)ccc1F.CO.COc1ccc(N)cc1,COc1ccc(NS(=O)(=O)c2ccc(F)c([N+](=O)[O-])c2)cc1
[H][H].CCOC(C)=O.C=C(c1cccc(C(=O)OC)c1)c1ccc2c(c1)C(C)(C)CCC2(C)C,COC(=O)c1cccc(C(C)c2ccc3c(c2)C(C)(C)CCC3(C)C)c1
Cc1cc(CCCC2CN(Cc3ccc(C(C)(C)C)cc3)C(=O)N2C)ccc1OC(C)(C)C(=O)O.O=S(=O)(O)O.CO,COC(=O)C(C)(C)Oc1ccc(CCCC2CN(Cc3ccc(C(C)(C)C)cc3)C(=O)N2C)cc1C
Cl.CCN.O=C(O)c1cc2c(N3CCOCC3)nc(-c3cccc4[nH]ncc34)nc2s1,CCNC(=O)c1cc2c(N3CCOCC3)nc(-c3cccc4[nH]ncc34)nc2s1
CCO.CN(O)C(=N)c1ccccc1N1CCCCS1(=O)=O.CCOC(=O)C#CC(=O)OCC,CCOC(=O)CC1(C(=O)OCC)N=C(c2ccccc2N2CCCCS2(=O)=O)N(C)O1
CO.C=CCOC(=O)N1CC=C(C(=O)OC(C)(C)C)CC1COC.CC(=O)Cl,C=CCOC(=O)N1CC=C(C(=O)OC)CC1COC
[H][H].O=c1c([N+](=O)[O-])c(-c2ccccc2)nc2n1CCCN2c1ccnc(NCCc2ccccc2)n1.CO,Nc1c(-c2ccccc2)nc2n(c1=O)CCCN2c1ccnc(NCCc2ccccc2)n1
Nc1nc(-c2ccco2)c(-c2ccnc(F)c2)c(-c2ccco2)n1.COCCOC.CNC,CN(C)c1cc(-c2c(-c3ccco3)nc(N)nc2-c2ccco2)ccn1
CO.CC(C)(NC(=O)c1ccc(OCc2ccccc2)cc1)C(=O)N1CCN(C(=O)c2ccccc2C(F)(F)F)CC1.CCOC(C)=O,CC(C)(NC(=O)c1ccc(O)cc1)C(=O)N1CCN(C(=O)c2ccccc2C(F)(F)F)CC1
BrCC1CC1.Fc1ccc2cc[nH]c2c1,c1ccc2[nH]ccc2c1
CC(C)(C)OC(=O)N1CCc2sc(CN3CCCC3)cc2C1.O=C(O)C(F)(F)F.ClCCl,c1c(CN2CCCC2)sc2c1CNCC2
Fc1ccc(-c2cc(C(F)(F)F)nc(Cl)n2)cc1F.OB(O)c1ccnc(Cl)c1,Fc1ccc(-c2cc(C(F)(F)F)nc(-c3ccnc(Cl)c3)n2)cc1F
O=C1CCc2cc(F)cc(F)c2C1.CCCC(N)C(=O)Nc1cn(C(C)(C)CCNC(C)c2ccccc2)cn1,CCCC(NC1CCc2cc(F)cc(F)c2C1)C(=O)Nc1cn(C(C)(C)CCNC(C)c2ccccc2)cn1
CC(C)(C)OC(=O)N1CCC(O)C(CN=[N+]=[N-])C1.CCOC(C)=O,CC(C)(C)OC(=O)N1CCC(O)C(CN)C1
O.Cc1[nH]c(=O)[nH]c1C(=O)c1ccc(F)cc1.Cc1c[nH]cn1,Cc1cn(-c2ccc(C(=O)c3[nH]c(=O)[nH]c3C)cc2)cn1
CCCSC1=NC(=O)C(=Cc2ccc3c(cnn3Cc3ccc(Cl)cc3C(F)(F)F)c2)S1.OC1(Cn2ccnc2)CCNCC1,O=C1N=C(N2CCC(O)(Cn3ccnc3)CC2)SC1=Cc1ccc2c(cnn2Cc2ccc(Cl)cc2C(F)(F)F)c1
Cc1ccc2c(c1)nc(N)c1ncc(NC(=O)OC(C)(C)C)cc12.CC(C)(C)OC(=O)Nc1cnc(C#N)c(Cl)c1,Cc1ccc2c(c1)nc(N)c1ncc(N)cc12
CCN(CC)CCN1C(=O)C(O)(c2ccccc2Cl)c2c1cc(I)cc2C(F)(F)F.C#CCCC(=O)NCCO,CCN(CC)CCN1C(=O)C(O)(c2ccccc2Cl)c2c1cc(C#CCCC(=O)NCCO)cc2C(F)(F)F
COc1cc2ncnc(Oc3cccc(N)c3)c2cc1OC.CC(C)(C)c1cc(NC(=O)Oc2ccccc2)on1,COc1cc2ncnc(Oc3cccc(NC(=O)Nc4cc(C(C)(C)C)no4)c3)c2cc1OC
COC(=O)C(C)(Sc1ccccc1)c1cccc(Oc2ccccc2)c1.CCO,COC(=O)C(C)c1cccc(Oc2ccccc2)c1
O=C(CNc1nn(CCO)c2ccc(C(F)(F)F)cc12)NC1CNC1.O=C(O)C(F)(F)F.COCC1CCC(=O)CC1,COCC1CCC(N2CC(NC(=O)CNc3nn(CCO)c4ccc(C(F)(F)F)cc34)C2)CC1
O=S(Cl)Cl.CN(C)C=O.O=C(O)COc1ccc(OC(F)(F)F)cc1,O=C(Cl)COc1ccc(OC(F)(F)F)cc1
Oc1ccc(Oc2ncc(Cl)cc2Cl)cc1.CN(Cc1ccccc1)C(=O)n1cc[n+](C)c1.[I-],CN(Cc1ccccc1)C(=O)Oc1ccc(Oc2ncc(Cl)cc2Cl)cc1
Cc1c(C=O)[nH]c2c1C(=O)N(CCN1CCCC1)CCC2.O=C1Cc2cc(F)cc(Br)c2N1,Cc1c(C=C2C(=O)Nc3c(Br)cc(F)cc32)[nH]c2c1C(=O)N(CCN1CCCC1)CCC2
[H][H].CC(C)COP(C)(=O)CC(O)CN=[N+]=[N-].CCO,CC(C)COP(C)(=O)CC(O)CN
CCCC1CN(Cc2ccccc2)CC(O)C1c1ccc(F)cc1.ClCc1cc(OCc2ccccc2)c2ccccc2c1,CCCC1CN(Cc2ccccc2)CC(OCc2cc(OCc3ccccc3)c3ccccc3c2)C1c1ccc(F)cc1
CC(=O)CCc1cn(CC(=O)N(C)CCc2ccccc2)c2ccc(OCc3ccccc3)cc12.CCOC(=O)CP(=O)(OCC)OCC,CCOC(=O)C=C(C)CCc1cn(CC(=O)N(C)CCc2ccccc2)c2ccc(OCc3ccccc3)cc12
CC(=O)OC1CSC(Br)C(OC(C)=O)C1OC(C)=O.COc1cc(S)cc(OC)c1OC,COc1cc(SC2SCC(OC(C)=O)C(OC(C)=O)C2OC(C)=O)cc(OC)c1OC
CCN=C=NCCCN(C)C.O=C(O)CNC(=O)c1cc(C(F)(F)F)ccc1C(F)(F)F.CC(C)(C)OC(=O)N1CC(N)C1,CC(C)(C)OC(=O)N1CC(NC(=O)CNC(=O)c2cc(C(F)(F)F)ccc2C(F)(F)F)C1
O=[N+]([O-])c1cc2c(NCCc3ccc4c(c3)OCO4)nc(Cl)nc2s1.c1nc[nH]n1,O=[N+]([O-])c1cc2c(NCCc3ccc4c(c3)OCO4)nc(-n3cncn3)nc2s1
ClCCl.CCOC(=O)C1(CC(=O)OC(C)(C)C)C(=O)N(Cc2ccc(Br)cc2F)C(=O)c2cccn21.O=C(O)C(F)(F)F,CCOC(=O)C1(CC(=O)O)C(=O)N(Cc2ccc(Br)cc2F)C(=O)c2cccn21
Nc1nccc(Oc2ccc3c(c2)OCCN3)n1.O=C=Nc1cccc(C(F)(F)F)c1.CC#N,Nc1nccc(Oc2ccc3c(c2)OCCN3C(=O)Nc2cccc(C(F)(F)F)c2)n1
CCOC(=O)C1Cc2ccccc2CN1C(=O)C(N)CCSCCNC(=O)OCc1ccccc1.CO.O=C(O)C(=O)CCc1ccccc1,CCOC(=O)C1Cc2ccccc2CN1C(=O)C(CCSCCNC(=O)OCc1ccccc1)NC(CCc1ccccc1)C(=O)O
C1CNCCN1.CC1CN(c2nc(Cl)nc3c(SCc4ccccc4)ncnc23)CCO1,CC1CN(c2nc(N3CCNCC3)nc3c(SCc4ccccc4)ncnc23)CCO1
ClCCl.CC(C)(C)OC(=O)c1ccc(-c2ccccc2)cc1NC(=O)c1cccc(-n2cnnn2)c1.O=C(O)C(F)(F)F,O=C(Nc1cc(-c2ccccc2)ccc1C(=O)O)c1cccc(-n2cnnn2)c1
CC(C)(C)OC(=O)NCCC(CO)NC(=O)C(CCCN(Cc1ccccc1)C(=O)[O-])NC(=O)OC(C)(C)C.CCO,CC(C)(C)OC(=O)NCCC(CO)NC(=O)C(CCCN)NC(=O)OC(C)(C)C
NC1CCN(CC2CCCCC2)CC1.O=C(O)C1CCCN1C(=O)C1CCCN1C(=O)CC(c1ccccc1)(c1ccccc1)c1ccccc1,O=C(NC1CCN(CC2CCCCC2)CC1)C1CCCN1C(=O)C1CCCN1C(=O)CC(c1ccccc1)(c1ccccc1)c1ccccc1
Cl.CN1CCN(c2cc(-c3ccc4c(c3)CNCC4)nc(N)n2)CC1.N#Cc1ccc(F)cc1F,CN1CCN(c2cc(-c3ccc4c(c3)CN(c3ccc(C#N)c(F)c3)CC4)nc(N)n2)CC1
C1CCOC1.CNC.O=C(NCC1(CC2CC2)CCC(S(=O)(=O)CC2CC2)CC1)c1ccc(C(F)(F)F)nc1Cl,CN(C)c1nc(C(F)(F)F)ccc1C(=O)NCC1(CC2CC2)CCC(S(=O)(=O)CC2CC2)CC1
CCCCNC.O=C(O)Cc1ccc(-n2nc(C(F)(F)F)c3c2CCCC3)cc1,CCCCN(C)C(=O)Cc1ccc(-n2nc(C(F)(F)F)c3c2CCCC3)cc1
[N-]=[N+]=[N-].[Na+].COc1ccc(OC)c(C(O)CNC(=O)CCl)c1,COc1ccc(OC)c(C(O)CNC(=O)CN=[N+]=[N-])c1
Nc1cccc(-c2c(Cc3ccccc3)cnc3c(C(F)(F)F)cccc23)c1.O=Cc1c(Cl)ccc(Cl)c1Cl,FC(F)(F)c1cccc2c(-c3cccc(NCc4c(Cl)ccc(Cl)c4Cl)c3)c(Cc3ccccc3)cnc12
CCCCCCC(C)C(=O)Cl.COc1ccc(-c2cccc(O)c2)cc1,CCCCCCC(C)C(=O)Oc1cccc(-c2ccc(OC)cc2)c1
NCCNC(=O)CN1CCCC1=O.C[Si](C)(CCBr)CCBr.ClC(Cl)Cl,C[Si]1(C)CCN(CCNC(=O)CN2CCCC2=O)CC1
C1CCOC1.NCc1ccccc1.Fc1ccc(Br)cc1COCC#CCBr,Fc1ccc(Br)cc1COCC#CCNCc1ccccc1
Cc1sc(C=O)cc1Br.O.COC(CN)OC,COC(CN=Cc1cc(Br)c(C)s1)OC
[C-]#[N+]C(CC)c1cccs1.ClCCCc1ccc(Cl)cc1,[C-]#[N+]C(CC)(CCCc1ccc(Cl)cc1)c1cccs1
O=C(NCc1ccc(F)cc1F)c1cn2c(c(OCc3ccccc3)c1=O)C(=O)N1CC3CCCN3C1C2.CO,O=C(NCc1ccc(F)cc1F)c1cn2c(c(O)c1=O)C(=O)N1CC3CCCN3C1C2
O=C(NCC1CCCNC1)c1c[nH]c2c(-c3c(OCC4CC4)ccc4c3OCO4)ncnc12.CCOC(=O)Cl,CCOC(=O)N1CCCC(CNC(=O)c2c[nH]c3c(-c4c(OCC5CC5)ccc5c4OCO5)ncnc23)C1
CS(=O)(=O)c1sccc1S(=O)(=O)Cl.CCOC(C)=O.N,CS(=O)(=O)c1sccc1S(N)(=O)=O
CI.CN1C(=N)N(C)C(=Cc2c[nH]c3ccccc23)C1=O.CO,CN=C1N(C)C(=O)C(=Cc2c[nH]c3ccccc23)N1C
CCO.Cc1ccc2c(Cl)ccnc2n1.CC(=O)Nc1ccc(Sc2cc(O)c(C)cc2N)cc1,CC(=O)Nc1ccc(Sc2cc(O)c(C)cc2Nc2ccnc3nc(C)ccc23)cc1
CN1CCC(CO)CC1.COc1cc2c(Cl)ncnc2cc1O,COc1cc2c(Cl)ncnc2cc1OCC1CCN(C)CC1
COC(=O)C1(C)Cc2c([nH]c3ccc(OC)cc23)C(c2cccc(O)c2)N1.O=C=NCCCCl,COc1ccc2[nH]c3c(c2c1)CC1(C)C(=O)N(CCCCl)C(=O)N1C3c1cccc(O)c1
CC(C)(C)OC(=O)NCCCCCNC(N)=S.COC(OC)N(C)C,CN(C)C=NC(=S)NCCCCCNC(=O)OC(C)(C)C
NC(=O)CC(NC(=O)OCc1ccccc1)C(=O)NC(Cc1ccccc1)C(O)C(=O)O.CC(C)(C)NC(=O)C1CC(O)CN1C(=O)OC(C)(C)C,CC(C)(C)NC(=O)C1CC(O)CN1C(=O)C(O)C(Cc1ccccc1)NC(=O)C(CC(N)=O)NC(=O)OCc1ccccc1
Br.CCN(CC)CCn1c(O)nc2ccc(OC)nc21,CCN(CC)CCn1c(O)nc2ccc(O)nc21
CCCN.O=Cc1cc(Oc2cccc(NC(=O)OCc3ccccc3)c2)ccc1[N+](=O)[O-],CCCNCc1cc(Oc2cccc(NC(=O)OCc3ccccc3)c2)ccc1[N+](=O)[O-]
ClCCl.BrB(Br)Br.CCCCCc1ccc(-c2ncc(-c3ccc(OC(C)C)cc3)cn2)cc1,CCCCCc1ccc(-c2ncc(-c3ccc(O)cc3)cn2)cc1
CCOC(=O)c1cn(C(C)C)nc1C.[OH-].[Li+],Cc1nn(C(C)C)cc1C(=O)O
CC(C)I.COc1ccc2c(c1)C(C(=O)N(Cc1cn[nH]c1)c1ccc(C(C)C)cc1)CCC2,COc1ccc2c(c1)C(C(=O)N(Cc1cnn(C(C)C)c1)c1ccc(C(C)C)cc1)CCC2
CC(NC(=O)c1cc(Cl)cnc1Oc1ccc(F)cc1)c1ccc(C(=O)O)cc1.NS(=O)(=O)c1ccccc1Cl,CC(NC(=O)c1cc(Cl)cnc1Oc1ccc(F)cc1)c1ccc(C(=O)NS(=O)(=O)c2ccccc2Cl)cc1
O=C(Cl)CCCCCl.Cn1c(=O)n(C)c2ccccc21,Cn1c(=O)n(C)c2cc(C(=O)CCCCCl)ccc21
c1ccc(P(C2CCCCC2)C2CCCCC2)c(-c2ccccc2P(C2CCCCC2)C2CCCCC2)c1.CN(Cc1cccc(-c2cccn3nc(Cl)nc23)c1)S(C)(=O)=O.CN1CCN(c2ccc(N)cc2)CC1,CN1CCN(c2ccc(Nc3nc4c(-c5cccc(CN(C)S(C)(=O)=O)c5)cccn4n3)cc2)CC1
NCCCc1ccccc1.O=C(O)C1CCCN1S(=O)(=O)Nc1cccnc1,O=C(NCCCc1ccccc1)C1CCCN1S(=O)(=O)Nc1cccnc1
CC(=O)Nc1ccc(C=Cc2ncn(C(c3ccccc3)(c3ccccc3)c3ccccc3)c2C)cc1[N+](=O)[O-].CCO,Cc1c(C=Cc2ccc(N)c([N+](=O)[O-])c2)ncn1C(c1ccccc1)(c1ccccc1)c1ccccc1
BrB(Br)Br.COc1cccc(Cl)c1-c1nc(Cl)c2ccccc2n1.ClCCl,Oc1cccc(Cl)c1-c1nc(Cl)c2ccccc2n1
Cc1noc(-c2ccc(Br)cc2)c1NC(=O)OC(C)c1ccccc1Cl.CCOC(=O)c1ccc(B(O)O)cc1,CCOC(=O)c1ccc(-c2ccc(-c3onc(C)c3NC(=O)OC(C)c3ccccc3Cl)cc2)cc1
N#Cc1cc(N)ccc1N1CCC(N2CCOCC2)CC1.COc1ccc(-n2ncc(C(=O)O)c2C)cc1,COc1ccc(-n2ncc(C(=O)Nc3ccc(N4CCC(N5CCOCC5)CC4)c(C#N)c3)c2C)cc1
CCOC(=O)CC(=O)c1cccc(N=[N+]=[N-])c1.CC(C)(C)OC(=O)Nc1ccc(-c2ccccc2)cc1N.[N-]=[N+]=Nc1cccc(C(=O)Cl)c1,CC(C)(C)OC(=O)Nc1ccc(-c2ccccc2)cc1NC(=O)CC(=O)c1cccc(N=[N+]=[N-])c1
O=C=Nc1ccc(OC(F)(F)F)cc1.NC(=O)c1[nH]c2cnccc2c1-c1ccc(N)cc1,NC(=O)c1[nH]c2cnccc2c1-c1ccc(NC(=O)Nc2ccc(OC(F)(F)F)cc2)cc1
CC(NO)c1ccc2c(c1)Cc1ccccc1-2.CCN=C=S,CCNC(=S)N(O)C(C)c1ccc2c(c1)Cc1ccccc1-2
N#Cc1ccc2c(c1)CC(C=O)C2.Cl.Cc1nc2cc(F)ccc2n1C1CCC(N)CC1,Cc1nc2cc(F)ccc2n1C1CCC(NCC2Cc3ccc(C#N)cc3C2)CC1
CCOC1CN(c2ncccn2)CC1Nc1nc(CC)c(-c2ccc(OC)nc2C)nc1CC.CCOC1CNCC1Nc1nc(CC)c(-c2cnc(N(C)C)cc2C)nc1CC,CCOC1CN(c2ncccn2)CC1Nc1nc(CC)c(-c2cnc(N(C)C)cc2C)nc1CC
COCc1cc(-c2nc(-c3cccc(C(=O)Cl)c3)no2)ccc1-c1ccccc1C.Cl.CNCC(=O)OC,COCc1cc(-c2nc(-c3cccc(C(=O)N(C)CC(=O)OC)c3)no2)ccc1-c1ccccc1C
CCN(CC)CC.Cc1ccc2cccc(N)c2n1.BrC(c1ccccc1)c1cccc2ccccc12,Cc1ccc2cccc(NC(c3ccccc3)c3cccc4ccccc34)c2n1
Cc1c(Cl)cccc1[N+](=O)[O-].O=C1NS(=O)(=O)c2cccc(Cl)c21,O=C1NS(=O)(=O)c2cccc(O)c21
O=c1[nH]c2cc([N+](=O)[O-])c(F)cc2n2c(=O)[nH]nc12.C1COCCN1,O=c1[nH]c2cc([N+](=O)[O-])c(N3CCOCC3)cc2n2c(=O)[nH]nc12
CO.CN(C(=O)C(C)(C)c1cc(C(F)(F)F)cc(C(F)(F)F)c1)c1cnc(N2CC3COCCN3CC2CO[Si](C)(C)C(C)(C)C)cc1-c1ccc(F)cc1Cl,CN(C(=O)C(C)(C)c1cc(C(F)(F)F)cc(C(F)(F)F)c1)c1cnc(N2CC3COCCN3CC2CO)cc1-c1ccc(F)cc1Cl
CC1CCCCC1N.COc1ccccc1C=CC(=O)O,COc1ccccc1C=CC(=O)NC1CCCCC1C
Cc1oc(-c2ccccc2)nc1CCO.COC(=O)c1c(C)cccc1COc1cccc(O)c1,COC(=O)c1c(C)cccc1COc1cccc(OCCc2nc(-c3ccccc3)oc2C)c1
O=[N+]([O-])O.Cc1cc(C(=O)O)n(C)n1.O=S(=O)(O)O,Cc1nn(C)c(C(=O)O)c1[N+](=O)[O-]
COc1ccc2c(C)cc(=O)n(CCN3CCC(N(Cc4ccc5c(c4)OCCO5)C(=O)OC(C)(C)C)CC3)c2c1.ClCCl.O=C(O)C(F)(F)F,COc1ccc2c(C)cc(=O)n(CCN3CCC(NCc4ccc5c(c4)OCCO5)CC3)c2c1
BrB(Br)Br.ClCCl.COc1ccccc1NC(=O)N1CCN(c2ccnc3cc(Cl)ccc23)CC1,O=C(Nc1ccccc1O)N1CCN(c2ccnc3cc(Cl)ccc23)CC1
CCO.N.N#Cc1ccccc1-c1ncc[nH]1,NCc1ccccc1-c1ncc[nH]1
CN(C)C(=O)OC(c1ccccc1)c1nc(-c2ccccc2)c(-c2nc3c(N)ncnc3s2)n1C.CN(C)C(=O)OC(c1nc(-c2ccccc2)c(-c2nc3c(N)ncnc3s2)n1C)C1CC1,Cn1c(C(O)C2CC2)nc(-c2ccccc2)c1-c1nc2c(N)ncnc2s1
[OH-].COc1c[n+]([O-])cc(Cl)n1.[NH4+],COc1c[n+]([O-])cc(N)n1
Oc1ccc(Cl)cc1.COc1ccc2c(Cl)nc(Nc3cc(C)[nH]n3)cc2c1OC,COc1ccc2c(Oc3ccc(Cl)cc3)nc(Nc3cc(C)[nH]n3)cc2c1OC
NC(CO)c1ccccc1.O=C(O)c1ccc(C(=O)Nc2ccc(Cl)c(-c3ccccn3)c2)c(Cl)c1,O=C(NC(CO)c1ccccc1)c1ccc(C(=O)Nc2ccc(Cl)c(-c3ccccn3)c2)c(Cl)c1
COc1ccc2ncnc(Cl)c2c1.C1CNCCN1.CN(C)C=O,COc1ccc2ncnc(N3CCNCC3)c2c1
CC1(C)OCC(C)(C)C(C(=O)NCCC(=O)O)O1.CCCCCCCCC=CCCCCCCCC(=O)NCCO,CCCCCCCCC=CCCCCCCCC(=O)NCCOC(=O)CCNC(=O)C1OC(C)(C)OCC1(C)C
O=c1ccoc2ccccc12.OO.O,O=c1c2c(oc3ccccc13)O2
CC(C)(C)OC(=O)NCCSCc1ncccc1S.Nc1nc(C(=NOC(c2ccccc2)(c2ccccc2)c2ccccc2)C(=O)NC2C(=O)N3C(C(=O)OC(c4ccccc4)c4ccccc4)=C(OS(=O)(=O)C(F)(F)F)CCC23)ns1,CC(C)(C)OC(=O)NCCSCc1ncccc1SC1=C(C(=O)OC(c2ccccc2)c2ccccc2)N2C(=O)C(NC(=O)C(=NOC(c3ccccc3)(c3ccccc3)c3ccccc3)c3nsc(N)n3)C2CC1
CC(=O)OCc1cccc2nc(-c3c(F)cccc3F)[nH]c12.Fc1cccc(F)c1CBr,CC(=O)OCc1cccc2c1nc(-c1c(F)cccc1F)n2Cc1c(F)cccc1F
CC(=O)Nc1nc(Cl)ccc1[N+](=O)[O-].COc1nc(NCCNc2ncc(-c3ncc[nH]3)c(-c3ccc(Cl)cc3Cl)n2)ccc1[N+](=O)[O-].NCCc1ncc(-n2ccnc2)c(-c2ccc(Cl)cc2Cl)n1,CC(=O)Nc1nc(NCCNc2ncc(-c3ncc[nH]3)c(-c3ccc(Cl)cc3Cl)n2)ccc1[N+](=O)[O-]
ClCCl.COc1ccc2c(=O)[nH]ncc2c1C#CCCCc1ccccc1.O=P(Cl)(Cl)Cl,COc1ccc2c(Cl)nncc2c1C#CCCCc1ccccc1
[C-]#[N+]C1CCCCC1.CC(C)(C)OC(=O)N1CCc2cccc(C=O)c21.Cc1ccc(N)nc1.O=C(O)C(F)(F)F.CC(C)O,Cc1ccc2nc(-c3cccc4c3N(C(=O)OC(C)(C)C)CC4)c(NC3CCCCC3)n2c1
Cc1c(Cl)ccc(C(=O)O)c1Cl.O=S(=O)(O)O.CO,COC(=O)c1ccc(Cl)c(C)c1Cl
Cc1nc(Oc2ccccc2)c([N+](=O)[O-])c(NCCCCNC(=O)OC(C)(C)C)c1C.CC(C)O.Cc1ccccc1,Cc1nc(Oc2ccccc2)c(N)c(NCCCCNC(=O)OC(C)(C)C)c1C
Oc1ccc2c(c1)OCO2.CC#CC(C)(C)NC(=O)C(Cl)SC,CC#CC(C)(C)NC(=O)C(Oc1ccc2c(c1)OCO2)SC
COC(=O)C(Cl)Cc1cc(-c2ncc(C(F)(F)F)cc2Cl)ccc1Cl.ClC(Cl)(Cl)Cl.O=C1CCC(=O)N1Br,FC(F)(F)c1cnc(-c2ccc(Cl)c(CBr)c2)c(Cl)c1
CC#CC(O)(c1cc(-c2cccc(Cl)c2)ccc1N)C1CC1.C1CCOC1.O=C(n1ccnc1)n1ccnc1,CC#CC1(C2CC2)OC(=O)Nc2ccc(-c3cccc(Cl)c3)cc21
COC(=O)C(Cc1ccccc1)NC(=O)CN(Cc1ccccc1)C(=O)OC(C)(C)C.O=S(Cl)Cl.CO,O=C1CN(Cc2ccccc2)C(=O)C(Cc2ccccc2)N1
NNc1ccccc1Br.O=C(C(=O)c1ccccc1)c1ccccc1,O=C(C(=NNc1ccccc1Br)c1ccccc1)c1ccccc1
CC1(C)OC2CN(c3cc4c(cc3-c3ccc(F)cc3)NC(=O)CC(c3cccc(-n5ccnc5)c3)=N4)CC2O1.Cl.C1CCOC1,O=C1CC(c2cccc(-n3ccnc3)c2)=Nc2cc(N3CC(O)C(O)C3)c(-c3ccc(F)cc3)cc2N1
CCOC(C)=O.[N-]=[N+]=NCC(F)(F)c1ccccn1.[H][H],NCC(F)(F)c1ccccn1
Cc1ccccc1.CC(C)OC(=O)c1ccccc1SNc1ccc(OC(F)(F)F)cc1.O=C=NC(=O)c1ccccc1Cl,CC(C)OC(=O)c1ccccc1SN(C(=O)NC(=O)c1ccccc1Cl)c1ccc(OC(F)(F)F)cc1
c1ccc(P(c2ccccc2)c2ccccc2)cc1.CC(CO)C1CCC2C3CCC4=C(N=[N+]=[N-])C(=O)CCC4(C)C3CCC12C.C1CCOC1,CC(CO)C1CCC2C3CCC4=C(N)C(=O)CCC4(C)C3CCC12C
C1COCCN1.ClCc1nnn[nH]1,C1CN(Cc2nnn[nH]2)CCO1
COC(=O)C(=Cc1cccc(OCc2ccccc2)c1)OC.CO,COC(=O)C(Cc1cccc(OCc2ccccc2)c1)OC
O=S(=O)(Cl)c1cccs1.CCOC(=O)c1cc2c(Cl)ccc(N)c2n1COC.c1ccncc1,CCOC(=O)c1cc2c(Cl)ccc(NS(=O)(=O)c3cccs3)c2n1COC
N#Cc1cc(Br)ccc1F.CCC1(c2cccs2)OCC(=O)Nc2ccc(Br)cc21,CCC1(c2cccs2)OCC(=O)Nc2ccc(-c3ccc(F)c(C#N)c3)cc21
CCOC(=O)C(=O)CCC1CCCCC1.CC(C)(C)OC(=O)CN1C(=O)C(N)COc2ccccc21,CCOC(=O)C(CCC1CCCCC1)NC1COc2ccccc2N(CC(=O)OC(C)(C)C)C1=O
Cc1ccc([Mg]Br)cc1.COc1cccc(OC)c1,Cc1ccc(-c2cccc(-c3ccc(C)cc3)c2)cc1
CC(C)(C)c1cc(N)n(-c2cc(F)ccc2F)n1.O=C(O)Cc1ccc(-n2cnc3cccnc32)cc1,CC(C)(C)c1cc(NC(=O)Cc2ccc(-n3cnc4cccnc43)cc2)n(-c2cc(F)ccc2F)n1
COC(=O)C1CN(Cc2ccccc2)CC1C1CC1.CO,COC(=O)C1CNCC1C1CC1
CC(C)(C)OC(=O)NC1(c2ccc(-c3c(-c4ccccc4)oc4cc(Br)ccc4c3=O)cc2)CCC1.NC1(c2ccc(-c3c(-c4ccccc4)oc4ccc(F)cc4c3=O)cc2)CCC1,NC1(c2ccc(-c3c(-c4ccccc4)oc4cc(Br)ccc4c3=O)cc2)CCC1
COC(=O)C1=C(O)c2ccsc2S(=O)(=O)C1.Nc1nccs1.Cc1ccccc1C,O=C(Nc1nccs1)C1=C(O)c2ccsc2S(=O)(=O)C1
CC1(C)OB(c2cnc(N)nc2)OC1(C)C.CC(C)(C)OC(=O)N1CCN(Cc2cc3nc(Cl)nc(N4CCOCC4)c3s2)CC1,CC(C)(C)OC(=O)N1CCN(Cc2cc3nc(-c4cnc(N)nc4)nc(N4CCOCC4)c3s2)CC1
O=S(=O)(Cl)c1cc(Cl)cc(Cl)c1.COc1ccc(C2=NN(C3CCNCC3)C(=O)C2(C)C)cc1OC,COc1ccc(C2=NN(C3CCN(S(=O)(=O)c4cc(Cl)cc(Cl)c4)CC3)C(=O)C2(C)C)cc1OC
O=C(O)c1ccc(Cl)nc1.COc1ccc2cc(-c3ccc(OCCN4CCCC4)cc3)sc2c1,COc1ccc2c(C(=O)c3ccc(Cl)nc3)c(-c3ccc(OCCN4CCCC4)cc3)sc2c1
Cc1ccc(N)nc1.[C-]#[N+]C1CCCCC1.O=Cc1nc(-c2ccco2)n2ccccc12.O=C(O)C(F)(F)F.CC(C)O,Cc1ccc2nc(-c3nc(-c4ccco4)n4ccccc34)c(NC3CCCCC3)n2c1
CCCc1nc(C(C)O)c(C(=O)OCC)n1Cc1ccc(-c2ccccc2-c2nnnn2C(c2ccccc2)(c2ccccc2)c2ccccc2)cc1.CC(=O)O,CCCc1nc(C(C)O)c(C(=O)OCC)n1Cc1ccc(-c2ccccc2-c2nnn[nH]2)cc1
