src,tgt
COc1ccc2cc(CNc3cccc(-c4c(Cc5ccccc5)cnc5c(C(F)(F)F)cccc45)c3)ccc2c1,Nc1cccc(-c2c(Cc3ccccc3)cnc3c(C(F)(F)F)cccc23)c1.COc1ccc2cc(C=O)ccc2c1
CC(C)CNc1cc(NC(=O)OC(C)(C)C)c(NC(=O)CC(=O)c2cccc(-c3cncnc3)c2)cc1Cl,CC(C)(C)OC(=O)CC(=O)c1cccc(-c2cncnc2)c1.CC(C)CNc1cc(NC(=O)OC(C)(C)C)c(N)cc1Cl
Cc1cc(-c2cccc(Cl)c2)nnc1Cl,O=P(Cl)(Cl)Cl.Cc1cc(-c2cccc(Cl)c2)n[nH]c1=O
COC(=O)c1cc(C#N)cc(OC(F)(F)F)c1,COC(=O)c1cc(C#N)cc(OC(C)C)c1.COC(=O)c1cc(Br)cc(OC(F)(F)F)c1
O=C(c1ccc(-c2ccsc2)nc1)N1CCCC1CN1CCCC1,O=C(O)c1ccc(-c2ccsc2)nc1.C1CNC(CN2CCCC2)C1
COc1ccc(C#CCSc2ccc(OCC(=O)OC(C)(C)C)c(C)c2)cc1,COc1ccc(I)cc1.C#CCSc1ccc(OCC(=O)OC(C)(C)C)c(C)c1
CCNC(=O)c1ccc(C#CC(O)c2ccc3c(c2)C(C)(C)CCC3(C)C)cc1,C#CC(O)c1ccc2c(c1)C(C)(C)CCC2(C)C.CCNC(=O)c1ccc(I)cc1
Cc1noc(-c2sc(NC(=O)C3CCCCC3)nc2-c2ccccc2)n1,Cc1noc(-c2sc(N)nc2-c2ccccc2)n1.O=C(Cl)C1CCCCC1
CCOC(=O)C(C#N)=Cc1cc(OC)c(N)c(OC)c1,CCOC(=O)CC#N.COc1cc(C=O)cc(OC)c1N
CCOC(=O)Cc1cccc2cnccc12,CCOC(=O)C(OC(C)=O)c1cccc2cnccc12.CCO
CCN(CCO)CCCCc1ccc2c(-c3ccc(Cl)cc3)nsc2c1,CS(=O)(=O)OCCCCc1ccc2c(-c3ccc(Cl)cc3)nsc2c1.CCNCCO
CC(C)(C)OC(=O)NCCOc1ccccc1OCCBr,BrCCBr.CC(C)(C)OC(=O)NCCOc1ccccc1O
O=C(Cl)Cc1ccc(Cl)c(Cl)c1,O=S(Cl)Cl.O=C(O)Cc1ccc(Cl)c(Cl)c1
CCc1cc(-c2ccc(C(=O)N(C)C)s2)c(C)[nH]c1=O,CCc1cc(-c2ccc(C(=O)O)s2)c(C)[nH]c1=O.CNC
Cc1ccccc1CNC(=O)n1sc2ccccc2c1=O,Cc1ccccc1CN=C=O.O=c1[nH]sc2ccccc12
Cc1ccc(C2COc3c(C)c(C)c(N)c(C)c32)cc1,CCCCCC.Cc1ccc(C2COc3c(C)c(C)c(NCc4ccccc4)c(C)c32)cc1
O=[N+]([O-])c1ccc(-n2c(-c3ccc4c(ccn4Cc4ccccc4)c3)cnc2-c2ccccc2)cc1,Brc1ccc2c(ccn2Cc2ccccc2)c1.O=[N+]([O-])c1ccc(-n2ccnc2-c2ccccc2)cc1
O=C1Cc2cccc(F)c2N1,O=C(O)Cc1cccc(F)c1[N+](=O)[O-].CC(=O)O
COc1ccc(NC(=O)c2ccc(Cl)nc2)c(C)c1,O=C(Cl)c1ccc(Cl)nc1.COc1ccc(N)c(C)c1
CC1(C)OC(=O)Nc2ccc(-c3ccc(S(N)(=O)=O)s3)cc21,NS(=O)(=O)c1ccc(Br)s1.CC1(C)OC(=O)Nc2ccc(B(O)O)cc21
CCOC(=O)c1cnc2cc(OCCOC)c(N3CCOCC3)cc2c1Nc1ccc(C)cc1F,CCOC(=O)c1cnc2cc(OCCOC)c(Br)cc2c1Nc1ccc(C)cc1F.C1COCCN1
CC(C)(C)c1c(NC(=O)CC2CCC3CC2C3(C)C)nn2cccnc12,CC(C)(C)c1c(N)nn2cccnc12.CC1(C)C2CCC(CC(=O)O)C1C2
CC(N)Cc1ccc(-c2ccnc(NC3CC(C)(C)NC(C)(C)C3)n2)cc1,CC(Cc1ccc(-c2ccnc(NC3CC(C)(C)NC(C)(C)C3)n2)cc1)N=[N+]=[N-].CO
CC(c1ccc2c(C(F)(F)F)c(OC3CCC(C(C)(C)C)CC3)ccc2c1)[N+](=O)[O-],CC(c1ccc2cc(OC3CCC(C(C)(C)C)CC3)ccc2c1)[N+](=O)[O-].CC(C)(C)C1CCC(Oc2ccc3cc(Br)ccc3c2C(F)(F)F)CC1
Clc1ccc(N2CCOCC2)c(Cl)n1,C1COCCN1.Clc1ccc(Br)c(Cl)n1
CC(C)Nc1ccccc1,CC(C)=O.Nc1ccccc1
COc1cc(F)ccc1-c1ncccc1C#N,N#Cc1cccnc1Cl.COc1cc(F)ccc1B(O)O
COc1ccc(NC(=O)c2ccc(C(=O)Nc3ccc(Cl)c(-c4ccccn4)c3)c(Cl)c2)cn1,COc1ccc(N)cn1.O=C(O)c1ccc(C(=O)Nc2ccc(Cl)c(-c3ccccn3)c2)c(Cl)c1
O=C(CNC(=O)c1cccc(C(F)(F)F)c1)NC1CN(C2CCC(c3c[nH]c(=O)s3)CC2)C1,O=C1CCC(c2c[nH]c(=O)s2)CC1.O=C(CNC(=O)c1cccc(C(F)(F)F)c1)NC1CNC1
CC(C)(C)OC(=O)N1CCCC1c1ccc(Cl)cc1,Clc1ccc(I)cc1.CC(C)(C)OC(=O)N1CCCC1C(=O)O
CCc1ccc(CC(NC(=O)N2CCC(N3CCc4ccccc4NC3=O)CC2)C(=O)N2CCC(N3CCCCCC3)CC2)cc1CC,C1CCCN(C2CCNCC2)CC1.CCc1ccc(CC(NC(=O)N2CCC(N3CCc4ccccc4NC3=O)CC2)C(=O)O)cc1CC
COC(=O)[C@H](Cc1ccc(CC(=O)c2ccc(OC)cc2)cc1)N(C(=O)C(C)(C)C)c1ccccc1,COC(=O)[C@H](Cc1ccc(OC(=O)C(C)(C)C)cc1)N(C(=O)C(C)(C)C)c1ccccc1.COc1ccc(C(C)=O)cc1
COc1ccc(C#Cc2cncc(C#N)c2)cc1Cl,COc1ccc(I)cc1Cl.C[Si](C)(C)C#Cc1cncc(C#N)c1
Nc1cc2ncnc(NCc3ccccc3C(F)(F)F)c2cn1,CSc1ncnc2cc(N)ncc12.NCc1ccccc1C(F)(F)F
COc1ccccc1-c1ccccc1,Br[Mg]c1ccccc1.CCN(CC)C(=O)Oc1ccccc1OC
CN1CCC(Nc2cccc(N)c2)CC1,CO.CN1CCC(Nc2cccc([N+](=O)[O-])c2)CC1
COC(=O)C(NC(=O)c1ccc(I)cc1NS(=O)(=O)c1cccc2nsnc12)C(c1ccc(Cl)cc1)c1ccc(Cl)cc1,O=C(O)c1ccc(I)cc1NS(=O)(=O)c1cccc2nsnc12.COC(=O)C(N)C(c1ccc(Cl)cc1)c1ccc(Cl)cc1
O=C(Cl)c1cc(-n2ncc(=O)[nH]c2=O)ccc1Cl,O=C(O)c1cc(-n2ncc(=O)[nH]c2=O)ccc1Cl.O=S(Cl)Cl
COC(=O)NC(C(=O)N1CCCC1c1ncc(-c2ccc(-c3ccc4cc(-c5cnc(C6CCCN6C(=O)C(NC(=O)OC)C(C)C)[nH]5)ccc4c3)cc2)[nH]1)c1ccccc1C,COC(=O)NC(C(=O)N1CCCC1c1ncc(-c2ccc(-c3ccc4cc(-c5cnc(C6CCCN6C(=O)C(NC(=O)OC)C(C)C)[nH]5)ccc4c3)cc2)[nH]1)c1ccccc1.COC(=O)NC(C(=O)O)c1ccccc1C
CCNCC(COc1cccc2ccccc12)N1CCCCC1,Cl.CC(C)NCC(COc1cccc2ccccc12)N1CCCCC1
COc1ccc(/C=C/[C@H](C)c2ccc3c(c2)OCO3)cc1,C[C@@H](Cl)c1ccc2c(c1)OCO2.COc1ccc(/C=C/Br)cc1
NC(=O)c1cnn2cccnc12,N#Cc1cnn2cccnc12.O=S(=O)(O)O
CCOC(=O)c1cnc(NC(=O)C(=CC2CCCC2)c2ccc(SC3CC3)nc2)s1,CCOC(=O)c1cnc(N)s1.O=C(O)C(=CC1CCCC1)c1ccc(SC2CC2)nc1
Nc1cnc2cc(Br)ccc2c1NCc1ccccc1,O=[N+]([O-])c1cnc2cc(Br)ccc2c1NCc1ccccc1.CC#N
CC(C)c1ncc(-c2cncc(S(=O)(=O)NC(C)(C)C)c2)n1C,CC(C)c1nccn1C.CC(C)(C)NS(=O)(=O)c1cncc(Br)c1
COc1cccc(CN2Cc3ccc(N4CCN(CCC(c5ccccc5)c5ccccc5)CC4)cc3C2=O)c1,O=C1NCc2ccc(N3CCN(CCC(c4ccccc4)c4ccccc4)CC3)cc21.COc1cccc(CCl)c1
CN(CC1=CCC(C(C)(C)C)CC1)Cc1cccc2ccccc12,CC(C)(C)C1CC=C(CNCc2cccc3ccccc23)CC1.C1COCCO1
O=CCn1c(=O)ccc2ccccc21,O=c1ccc2ccccc2n1CC1OCCO1.O=C(O)C(F)(F)F
CC(Oc1ccc(S(C)(=O)=O)cc1C(=O)N1CCc2c(sc3ccc(Cl)cc23)C1)C(F)(F)F,Clc1ccc2sc3c(c2c1)CCNC3.CC(Oc1ccc(S(C)(=O)=O)cc1C(=O)O)C(F)(F)F
CCCN1CCN(c2ccc(Cl)c(S(C)(=O)=O)c2)CC1,CS(=O)(=O)c1cc(N2CCNCC2)ccc1Cl.CCCI
Cc1c(NC(c2nnc(-c3ccc(N)cc3)o2)C(C)O[Si](C)(C)C(C)(C)C)ccc(C#N)c1Cl,ClCCl.Cc1c(NC(c2nnc(-c3ccc([N+](=O)[O-])cc3)o2)C(C)O[Si](C)(C)C(C)(C)C)ccc(C#N)c1Cl
Cc1nc(NC(=O)c2cnn3c(C(F)(F)F)cc(-c4ccc(Cl)cc4)nc23)sc1S(=O)(=O)NC(C)(C)CO,Cc1nc(N)sc1S(=O)(=O)NC(C)(C)CO.O=C(O)c1cnn2c(C(F)(F)F)cc(-c3ccc(Cl)cc3)nc12
Cc1cccc(-n2cc(C#Cc3cccc(C#N)c3)nc2C)n1,Cc1cccc(F)n1.Cc1nc(C#Cc2cccc(C#N)c2)c[nH]1
COc1cc(-c2cnccc2C(O)C2CC2)ccc1C#N,C1CCOC1.COc1cc(-c2cnccc2C=O)ccc1C#N
CC1CN(Cc2ccnc3ncccc23)CC1c1nc2c(cnn2C(C)C)c(=O)[nH]1,CC1CNCC1c1nc2c(cnn2C(C)C)c(=O)[nH]1.O=Cc1ccnc2ncccc12
COC(=O)c1cc(Br)ccc1N1CCOCC1,COC(=O)c1cc(Br)ccc1I.C1COCCN1
CC(C)n1nc2c(c1-c1ccc(F)cc1)CCN(Cc1ccccc1)C2,OB(O)c1ccc(F)cc1.CC(C)n1nc2c(c1OS(=O)(=O)C(F)(F)F)CCN(Cc1ccccc1)C2
Cc1cc(-c2cc(CO)c(=O)n(CC=Cc3ccc(Cl)cc3)n2)ccc1F,Cc1cc(-c2cc(C(=O)O)c(=O)n(CC=Cc3ccc(Cl)cc3)n2)ccc1F.CC(C)Cn1nc(-c2ccc(F)cc2F)cc(CN2C(=O)c3ccccc3C2=O)c1=O
Cc1cc(C)c(-c2ccc3ccccc3c2)c(C)c1,Cc1cc(C)c([Mg]Br)c(C)c1.COc1ccc2ccccc2c1
O=C(O)c1ccc(N2CCCCC2)c(Cl)c1,O=C(O)c1ccc(Br)c(Cl)c1.C1CCNCC1
O=C(CBr)c1ccc(Cl)c(F)c1,CC(=O)c1ccc(Cl)c(F)c1.O=C(CBr)c1ccc(OC(F)(F)F)cc1
CC(=O)n1cc2ccccc2n1,c1ccc2[nH]ncc2c1.CC(=O)OC(C)=O
COc1cc(C(O)C(C)N)ccc1SC,CCOC(C)=O.COc1cc(C(O)C(C)NC(=O)OC(C)(C)C)ccc1SC
CN(C)CCC=C1c2ccccc2CCn2cccc21,CN(C)CCCC1(O)c2ccccc2CCn2cccc21.ClC(Cl)Cl
CCCCn1c(=O)n(Cc2ccccc2F)c(=O)c2[nH]c(Cc3ccc(NS(=O)(=O)c4c(C)cccc4Cl)cc3)nc21,CCCCn1c(=O)n(Cc2ccccc2F)c(=O)c2[nH]c(Cc3ccc(N)cc3)nc21.Cc1cccc(Cl)c1S(=O)(=O)Cl
CCC(=O)Oc1cc(Cl)c(Oc2ccc(NC(=O)c3ccc(F)cc3)c(Br)c2)c(Cl)c1CC,O=C(Cl)c1ccc(F)cc1.CCC(=O)Oc1cc(Cl)c(Oc2ccc(N)c(Br)c2)c(Cl)c1CC
COc1cscc1C(=O)Nc1ccc2[nH]cc(C3CCN(C)CC3)c2c1,CN1CCC(c2c[nH]c3ccc(N)cc23)CC1.COc1cscc1C(=O)O
Cn1c(=O)oc2cc(O)c(C3C(=O)N(C(c4ccccc4)c4ccccc4)c4ccccc43)cc21,CN1C(=O)COc2cc(C3(O)C(=O)N(C(c4ccccc4)c4ccccc4)c4ccccc43)c(O)cc21.Cn1c(=O)oc2cc(O)c(C3(O)C(=O)N(C(c4ccccc4)c4ccccc4)c4ccccc43)cc21
Cc1ccc(Oc2ccnc(Nc3ccc(S(C)(=O)=O)cc3)c2)c(C)n1,Cc1ccc(Oc2ccnc(Cl)c2)c(C)n1.CS(=O)(=O)c1ccc(N)cc1
COc1ccc(Cl)c(Oc2c(NS(=O)(=O)NCc3ccccc3)ncnc2OCCOc2ncc(SC)cn2)c1,CSc1cnc(Cl)nc1.COc1ccc(Cl)c(Oc2c(NS(=O)(=O)NCc3ccccc3)ncnc2OCCO)c1
CCOC(=O)CSc1cnc(NC(=O)c2cc(OCC(C)C)cc(Oc3ccc(F)cc3)c2)s1,CCOC(=O)CSc1cnc(N)s1.CC(C)COc1cc(Oc2ccc(F)cc2)cc(C(=O)O)c1
COC(=O)C(Oc1ccc(Cl)cc1)c1ccc(Sc2ccc(Cl)cc2)cc1,COC(=O)C(Br)c1ccc(Sc2ccc(Cl)cc2)cc1.Oc1ccc(Cl)cc1
CCCCOC(=O)c1nc(C#N)c2ccc(S(=O)(=O)c3ccccc3)cc2c1O,N#C[Cu].CCCCOC(=O)c1nc(Br)c2ccc(S(=O)(=O)c3ccccc3)cc2c1O
CC(C)COC(=O)C(O)C(N)c1ccccc1,CNC(=O)C(O)C(N)c1ccccc1.CC(C)CO
CCCN(CCC)C(=O)c1cc(C#N)cc(C(=O)O)c1,CN1CCCC1=O.CCCN(CCC)C(=O)c1cc(Br)cc(C(=O)O)c1
O=C(C=Cc1ccc(Cl)c(Cl)c1)N1CCN(CCN2CCCC2)C(=O)C1,O=C(O)C=Cc1ccc(Cl)c(Cl)c1.CC(C)(C)OC(=O)N1CCN(CCN2CCCC2)C(=O)C1
CSc1cc(N)nc(Br)c1,CSc1cc(Br)nc(Br)c1.N
COc1cc(Nc2ccc3c(n2)OC(COC(C)C)CN(C(C)=O)C3)ccc1-n1cnc(C)c1,COc1cc(N)ccc1-n1cnc(C)c1.CC(=O)N1Cc2ccc(Cl)nc2OC(COC(C)C)C1
COc1cc2c(Nc3c(F)cc(Cl)cc3F)ncnc2cc1O,COc1cc2c(Nc3c(F)cc(Cl)cc3F)ncnc2cc1OCc1ccccc1.O=C(O)C(F)(F)F
O=C1NCc2ccc3c(c21)C=CCO3,C#CCOc1ccc2c(c1)C(=O)NC2.CCN(CC)c1ccccc1
Cc1noc(-c2ccc(Br)cc2)c1C(O)CSCc1cccc(C(F)(F)F)c1,FC(F)(F)c1cccc(CS)c1.Cc1noc(-c2ccc(Br)cc2)c1C1CO1
CS(=O)(=O)c1ccc(Oc2cc(Cl)cc(CC(=O)O)c2)c(C(F)(F)F)c1,CS(=O)(=O)c1ccc(F)c(C(F)(F)F)c1.O=C(O)Cc1cc(O)cc(Cl)c1
O=[N+]([O-])c1cccnc1N1CCC(=CC#Cc2ccccn2)CC1,Ic1ccccn1.C#CC=C1CCN(c2ncccc2[N+](=O)[O-])CC1
COc1ccc(C)c(NC(=O)c2cc(C(N)=O)ccc2OC)c1,COc1ccc(C)c(N)c1.COc1ccc(C(N)=O)cc1C(=O)O
O=C(O)c1ccc(Nc2ncc(CNc3cc(C(=O)NC4CC4)c(F)cc3F)s2)nc1,Nc1cc(C(=O)NC2CC2)c(F)cc1F.O=Cc1cnc(Nc2ccc(C(=O)O)cn2)s1
CCN(CC)CC(C)(C)c1ccc(N)cc1,CCOC(C)=O.CCN(CC)CC(C)(C)c1ccc([N+](=O)[O-])cc1
OCC(O)COc1ccc(Nc2ncc(F)c(Nc3ccc4c(c3)OCCO4)n2)cc1,Fc1cnc(Cl)nc1Nc1ccc2c(c1)OCCO2.Nc1ccc(OCC(O)CO)cc1
N#Cc1ccc(Cl)cc1Nc1cccc(Cl)n1,Clc1cccc(Cl)n1.N#Cc1ccc(Cl)cc1N
Cn1c(=O)oc2cc(O)ccc21,Cn1c(=O)oc2ccc(O[Si](C)(C)C(C)(C)C)cc21.Cn1c(=O)oc2cc(O[Si](C)(C)C(C)(C)C)ccc21
CC(=CCO)c1ccc(-c2cc(C(F)(F)F)cc(C(F)(F)F)c2)cc1,CC(C)C[AlH]CC(C)C.CCOC(=O)C=C(C)c1ccc(-c2cc(C(F)(F)F)cc(C(F)(F)F)c2)cc1
COCCN1CCc2ccc(Nc3ncc(Cl)c(Oc4c(F)cccc4OC4CCOC4)n3)cc2CC1,COCCN1CCc2ccc(N)cc2CC1.Fc1cccc(OC2CCOC2)c1Oc1nc(Cl)ncc1Cl
Cc1csc(N2CCN(C(=O)c3cc(S(C)(=O)=O)ccc3OC(C)C)CC2)n1,Cc1csc(N2CCNCC2)n1.CC(C)Oc1ccc(S(C)(=O)=O)cc1C(=O)O
Oc1ccc2[nH]cnc2c1,COc1ccc2nc[nH]c2c1.Br
O=S(=O)(Cl)c1ccc(Cl)s1,Clc1cccs1.O=S(=O)(O)Cl
COc1cc(C)nc(C(=O)Nc2nnn[nH]2)c1,COc1cc(C)nc(C(=O)O)c1.Nc1nnn[nH]1
CCc1cc(NC(=O)OC(C)(C)C)c(NC(=O)CC(=O)c2cccc(-c3cccnc3)c2)cc1C(F)(F)F,CC(C)(C)OC(=O)CC(=O)c1cccc(-c2cccnc2)c1.CCc1cc(NC(=O)OC(C)(C)C)c(N)cc1C(F)(F)F
COn1cc(C2=NC(c3ccc(Cl)cc3)(c3ccc(F)nc3)C(C)N2)ccc1=O,COn1cc(C(=O)O)ccc1=O.CC(N)C(N)(c1ccc(Cl)cc1)c1ccc(F)nc1
COCC1COc2cc3ncnc(Nc4cc(C(F)(F)F)cc(C(F)(F)F)c4)c3cc2O1,Nc1cc(C(F)(F)F)cc(C(F)(F)F)c1.COCC1COc2cc3ncnc(Cl)c3cc2O1
Cc1cc2c(C(F)(F)F)c(C#N)ccc2n1Cc1coc(-c2cccc(C(F)(F)F)c2)n1,FC(F)(F)c1cccc(-c2nc(CCl)co2)c1.Cc1cc2c(C(F)(F)F)c(C#N)ccc2[nH]1
CC(C)(C)N1Cc2ccccc2P1(=O)c1ccccc1,CC(C)(C)NCc1ccccc1.O=P(Cl)(Cl)c1ccccc1
ClCc1cc2cccc(Cl)c2nc1-c1ccccc1Cl,O=S(Cl)Cl.OCc1cc2cccc(Cl)c2nc1-c1ccccc1Cl
COc1ccc(CCN(CCC(=O)NO)S(=O)(=O)c2cccc(N)c2)cc1,NO.COC(=O)CCN(CCc1ccc(OC)cc1)S(=O)(=O)c1cccc(N)c1
COCc1cc(C(=O)OC)ccc1Br,COC(=O)c1ccc(Br)c(CBr)c1.CO
COc1ccc(CC2c3c(OC)ccc(OCCCF)c3CCN2CC(=O)NCc2ccccn2)cc1OC,COc1ccc(CC2c3c(OC)ccc(O)c3CCN2CC(=O)NCc2ccccn2)cc1OC.FCCCBr
CN(Cc1ccccc1)c1cc(NC(=O)NCCN2CCC(O)(Cc3ccccc3)CC2)ccn1,NCCN1CCC(O)(Cc2ccccc2)CC1.CN(Cc1ccccc1)c1cc(N=C=O)ccn1
Cc1ncnc(-c2cc(CN3CCN(S(C)(=O)=O)CC3)cnc2F)n1,CSc1nc(C)nc(-c2cc(CN3CCN(S(C)(=O)=O)CC3)cnc2F)n1.CCO
CC(C)(N)CCS(=O)(=O)Oc1ccccc1,CC(C)(CCS(=O)(=O)Oc1ccccc1)[N+](=O)[O-].CO
CCCN(CC(O)(CNc1cc(C)cc2c1cnn2-c1ccccc1)C(F)(F)F)C(=O)c1ccsc1,O=C(O)c1ccsc1.CCCNCC(O)(CNc1cc(C)cc2c1cnn2-c1ccccc1)C(F)(F)F
Cc1ccc(-c2ccc(-c3ccc(C)cc3)cc2)cc1,Cc1ccc([Mg]Br)cc1.COc1ccc(OC)cc1
O=[N+]([O-])c1ccsc1-c1ncco1,CCCC[Sn](CCCC)(CCCC)c1ncco1.O=[N+]([O-])c1ccsc1Cl
CCCCCCCCOc1ccc(-c2c(F)c(F)cc3cc(CCCCCCCC)ccc23)cc1,CCCCCCCCc1ccc2c(-c3ccc(O)cc3)c(F)c(F)cc2c1.CCCCCCCCBr
Cc1[nH]c2ccc(F)cc2c1-c1ccnc2c(C)cccc12,Cc1cc2cc(F)ccc2[nH]1.Cc1cccc2c(Cl)ccnc12
CC(C)(C)[Si](C)(C)OCCCC(=O)c1ccccc1,CC(C)(C)[Si](C)(C)OCC#CC(=O)c1ccccc1.CCOC(C)=O
CCOC(=O)C1CSC(c2ccccc2O)N1,O=Cc1ccccc1O.CCOC(=O)C(N)CS
COc1ccc(Cn2c(=O)ccn(C3OC(C(O)C(NCCCNC(=O)C(C)N)C(=O)OC(C)(C)C)C(O[Si](C)(C)C(C)(C)C)C3O[Si](C)(C)C(C)(C)C)c2=O)cc1,CO.COc1ccc(Cn2c(=O)ccn(C3OC(C(O)C(NCCCNC(=O)C(C)NC(=O)OCc4ccccc4)C(=O)OC(C)(C)C)C(O[Si](C)(C)C(C)(C)C)C3O[Si](C)(C)C(C)(C)C)c2=O)cc1
CCOP(=O)(CCc1ccccc1)OCC,BrCCc1ccccc1.CCOP(OCC)OCC
CC(Oc1ccc(Oc2ccc(C(F)(F)F)cn2)cc1)C(=O)Cl,CC(Oc1ccc(Oc2ccc(C(F)(F)F)cn2)cc1)C(=O)O.O=S(Cl)Cl
COc1ccc2c(c1)N(C1CCN(CCc3ccc4ncsc4c3)CC1)CC2,COc1ccc2c(c1)N(C1CCNCC1)CC2.BrCCc1ccc2ncsc2c1
CC1(C)NC(=O)c2c(N)cccc21,CC1(C)NC(=O)c2c([N+](=O)[O-])cccc21.CO
CCOc1ccc2c(Cl)nccc2c1,O=P(Cl)(Cl)Cl.CCOc1ccc2c(=O)[nH]ccc2c1
Cc1ccccc1-c1ccc2ccccc2c1,COc1ccc2ccccc2c1.Cc1ccccc1[Mg]Br
CCN1CCN(Cc2ccc(N)cc2)CC1,CO.CCN1CCN(Cc2ccc([N+](=O)[O-])cc2)CC1
CC(C)(C)NC(=O)n1nc(NCC(=O)NC2CN(C3CCC(O)(c4nccs4)CC3)C2)c2cc(C(F)(F)F)ccc21,O=C1CCC(O)(c2nccs2)CC1.CC(C)(C)NC(=O)n1nc(NCC(=O)NC2CNC2)c2cc(C(F)(F)F)ccc21
OCC(O)C(O)C(O)CO,OCC(O)CO.O=CC(O)C(O)C(O)CO
CC(CNC(=O)c1ccccn1)c1ccc(-c2ccsc2)cc1,O=C(Cl)c1ccccn1.CC(CN)c1ccc(-c2ccsc2)cc1
CC(C)(C)C(=O)OCOC(=O)C(Cc1ccccc1)CC(Cc1ccccc1)C(=O)NCCC(=O)O,CCO.CC(C)(C)C(=O)OCOC(=O)C(Cc1ccccc1)CC(Cc1ccccc1)C(=O)NCCC(=O)OCc1ccccc1
COCC(CCOCc1ccccc1)N1CC(C)N(C(=O)OCc2ccccc2)CCC1=O,CI.CC1CN(C(CO)CCOCc2ccccc2)C(=O)CCN1C(=O)OCc1ccccc1
CC(C)(C)OC(=O)NC1CCNCC1,CC(C)(C)OC(=O)NC1CCN(Cc2ccccc2)CC1.CO
COCC1CCCN1CC(O)C(Cc1ccccc1)NC(=O)OC(C)(C)C,COCC1CCCN1.CC(C)(C)OC(=O)NC(Cc1ccccc1)C1CO1
CCOC(=O)CC(Cc1ccc2c(c1)OCC(=O)N2)c1ccccc1,CCO.CCOC(=O)CC(Cc1ccc2c(c1)OCC(=O)N2Cc1ccc(OC)cc1)c1ccccc1
NC(c1ccccc1)C1(N2CC3(COC3)C2)CCC1,N#CC1(N2CC3(COC3)C2)CCC1.[Li]c1ccccc1
COc1ccccc1Nc1ncnc2cc(N)ncc12,COc1ccccc1N.CSc1ncnc2cc(N)ncc12
COC(=O)c1ccc(C(C)NC(=O)c2cc(Cl)cnc2Oc2cc(Cl)ccc2Cl)cc1,COC(=O)c1ccc(C(C)NC(=O)c2cc(Cl)cnc2Cl)cc1.Oc1cc(Cl)ccc1Cl
O=C1C(C2=NS(=O)(=O)c3cc(C4CCCS4(=O)=O)ccc3N2)=C(O)C2C3CCC(C3)C2N1Cc1ccc(F)cc1,CO.O=C1C(C2=NS(=O)(=O)c3cc(C4=CCCS4(=O)=O)ccc3N2)=C(O)C2C3CCC(C3)C2N1Cc1ccc(F)cc1
FC(F)C(F)C(F)(F)F,FC(F)=C(F)C(F)(F)F.[H][H]
CC(C)(C)OC(=O)n1c(N2CCCCC2C(=O)OCc2ccccc2)nc2ccccc21,O=C(OCc1ccccc1)C1CCCCN1.CC(C)(C)OC(=O)n1c(Cl)nc2ccccc21
CCCCC1CCC(c2ccc(-c3cc(F)c(C(F)(F)Oc4cc(F)c(C(F)(F)F)c(F)c4)c(F)c3)c(F)c2)OC1,CCCCC1CCC(c2ccc(B3OC(C)(C)C(C)(C)O3)c(F)c2)OC1.Fc1cc(OC(F)(F)c2c(F)cc(Br)cc2F)cc(F)c1C(F)(F)F
COCCn1cc(-c2cccc(CCOCCC(=O)OC(C)(C)C)c2)cn1,CC(C)(C)OC(=O)CCOCCc1cccc(Br)c1.COCCn1cc(B2OC(C)(C)C(C)(C)O2)cn1
COc1ccc(C(=O)N2CC(c3ccc(Cl)c(Cl)c3)C(C(C)O)C2)cn1,COc1ccc(C(=O)N2CC(C(C)=O)C(c3ccc(Cl)c(Cl)c3)C2)cn1.CO
CCOC(=O)c1cnc2ccc(OC(F)(F)F)cc2c1Cl,CCOC(=O)c1cnc2ccc(OC(F)(F)F)cc2c1O.O=P(Cl)(Cl)Cl
CN1CCC(Nc2ncc3c(n2)-c2c(c(C(N)=O)nn2C)CC3)CC1,CN1CCC(N)CC1.Cn1nc(C(N)=O)c2c1-c1nc(I)ncc1CC2
Nc1ccc(-c2ccccc2F)nc1,OB(O)c1ccccc1F.Nc1ccc(Cl)nc1
COc1ccc(C2CCC(OC(C)=O)CC2NC(=O)c2ccc(OCC3CC3)c(OCC3CC3)c2)cc1OC,CC(=O)OC(C)=O.COc1ccc(C2CCC(O)CC2NC(=O)c2ccc(OCC3CC3)c(OCC3CC3)c2)cc1OC
Cc1ncc(-c2nc(Nc3ccc(CN4CCOCC4)cc3F)ncc2F)n1C1CCOCC1,Cc1ncc(-c2nc(N)ncc2F)n1C1CCOCC1.Fc1cc(CN2CCOCC2)ccc1Cl
CCCCCCOC1C=CC(=O)N1,O=C1C=CC(O)N1.CCCCCCO
CCOC(=O)c1cc2c(N3CCN(C(=O)OC(C)(C)C)CC3)cccc2o1,CC(C)(C)OC(=O)N1CCNCC1.CCOC(=O)c1cc2c(Cl)cccc2o1
CCN(CC)CCN1CCCc2[nH]c(C=C3C(=O)Nc4cc(NC(=O)C(C)O)c(F)cc43)c(C)c2C1=O,CC(O)C(=O)Nc1cc2c(cc1F)CC(=O)N2.CCN(CC)CCN1CCCc2[nH]c(C=O)c(C)c2C1=O
C#CCn1cnc2c(N)nc3ccccc3c21,Nc1nc2ccccc2c2[nH]cnc12.C#CCBr
O=S1(=O)NC(C2CCCCC2)=Nc2cccc(-c3ccccn3)c21,O=S1(=O)NC(C2CCCCC2)=Nc2c(Cl)ccc(-c3ccccn3)c21.CCO
CC(C)(C)OC(=O)N1CCC(C(N)=O)(c2ccccn2)CC1,N.CC(C)(C)OC(=O)N1CCC(C(=O)O)(c2ccccn2)CC1
COC(=O)c1ccc(N2CCOCC2)cc1OCCCNC(=O)OC(C)(C)C,COC(=O)c1ccc(F)cc1OCCCNC(=O)OC(C)(C)C.C1COCCN1
CCCCCCCCOc1ccc(CNCCc2ccc(Cl)c(Cl)c2)cc1,NCCc1ccc(Cl)c(Cl)c1.CCCCCCCCOc1ccc(C=O)cc1
C=CCc1cccn(-c2ccc(N)cc2Cl)c1=O,C=CCc1cccn(-c2ccc([N+](=O)[O-])cc2Cl)c1=O.Cl[Sn](Cl)(Cl)Cl
c1ccc(N2CCN(CCNCc3cc(-c4ccc(C5CCCCC5)cc4)n(-c4ccccc4)n3)CC2)cc1,NCCN1CCN(c2ccccc2)CC1.O=Cc1cc(-c2ccc(C3CCCCC3)cc2)n(-c2ccccc2)n1
O=S1(=O)CCN(c2nc(N3CCNCC3)nc3c(NCc4ccccc4)ncnc23)CC1,C1CNCCN1.O=S1(=O)CCN(c2nc(Cl)nc3c(NCc4ccccc4)ncnc23)CC1
Cc1ccccc1-c1ccc2c(c1)c1ccccc1n2C,COc1ccc2c(c1)c1ccccc1n2C.[Li]c1ccccc1C
NC(=NCC(F)(F)F)Nc1cncc(Cl)n1,N.FC(F)(F)CNC(=S)Nc1cncc(Cl)n1
CCOC(=O)CC1OB(O)c2cc(Oc3ncc(C(=O)O)s3)cc(C)c21,O=C(O)C(F)(F)F.CCOC(=O)CC1OB(O)c2cc(Oc3ncc(C(=O)OC(C)(C)C)s3)cc(C)c21
CC(C)c1onc(-c2c(Cl)cccc2Cl)c1C=O,CC(C)c1onc(-c2c(Cl)cccc2Cl)c1CO.ClCCl
COc1cccc(-n2ccc3c(CN4CCC(c5cccc(NC(=O)C(C)C)c5)CC4)cccc32)c1,COc1cccc(I)c1.CC(C)C(=O)Nc1cccc(C2CCN(Cc3cccc4[nH]ccc34)CC2)c1
CSc1nc(-c2cccc(NC(=O)OCc3ccccc3)c2)c2c(N)c(C(=O)NC(C)(C)C)sc2n1,CSc1nc(-c2cccc(N)c2)c2c(N)c(C(=O)NC(C)(C)C)sc2n1.O=C(Cl)OCc1ccccc1
O=C(c1c(F)ccc(OCc2ccccc2)c1F)c1c[nH]c2ncc(-c3cccnc3)cc12,OC(c1c(F)ccc(OCc2ccccc2)c1F)c1c[nH]c2ncc(-c3cccnc3)cc12.C1CCOC1
CN(CCN1CCC(OC(=O)Nc2ccccc2-c2ccccc2)CC1)C(=O)CCCCCNc1ccc2c(c1)CCN(C(=O)OC(C)(C)C)C2,CN(CCN1CCC(OC(=O)Nc2ccccc2-c2ccccc2)CC1)C(=O)CCCCC=O.CC(C)(C)OC(=O)N1CCc2cc(N)ccc2C1
CCC(NC(=O)OC(C)(C)C)C(=O)N(C)OC,CCCC(NC(=O)OC(C)(C)C)C(=O)N(C)OC.CCC(NC(=O)OC(C)(C)C)C(=O)O
CC(C)(C)OC(=O)N1CC2CC1CN2c1cncc(OCc2ccccc2)c1,Brc1cncc(OCc2ccccc2)c1.CC(C)(C)OC(=O)N1CC2CC1CN2
CSc1cc(C(F)(F)F)cc(C(F)(F)F)c1C(=O)NC1CCCC1N1CCCC1,NC1CCCC1N1CCCC1.CSc1cc(C(F)(F)F)cc(C(F)(F)F)c1C(=O)O
CCc1cc(Nc2cc(C3CC3)[nH]n2)nc(Cl)n1,CCc1cc(Cl)nc(Cl)n1.Clc1ncc(Cl)c(Nc2cc(C3CC3)n[nH]2)n1
COc1cc(F)c(F)c(Nc2ccc(I)cc2F)c1NS(=O)(=O)C1CCC1,O=S(=O)(Cl)C1CCC1.COc1cc(F)c(F)c(Nc2ccc(I)cc2F)c1N
COc1cc(CN(C(=O)CN(c2cccc(N(C)C)c2)S(=O)(=O)c2ccc(C(C)(C)C)cc2)C2CC2)cc(OC)c1,CN(C)c1cccc(N(CC(=O)O)S(=O)(=O)c2ccc(C(C)(C)C)cc2)c1.COc1cc(CNC2CC2)cc(OC)c1
Cc1ccc(S(=O)(=O)N2CCCC2c2ccc(C(F)(F)F)cc2)cc1,FC(F)(F)c1ccc(C2CCCN2)cc1.Cc1ccc(S(=O)(=O)Cl)cc1
FC(F)n1c(-c2ccccc2-c2ccccc2)cnc1-c1ccccc1,Brc1ccccc1-c1ccccc1.FC(F)n1ccnc1-c1ccccc1
Cc1ccc(N)cc1Oc1ccc2nc(NC(=O)C3CC3)nn2c1,Cc1ccc(NC(=O)OC(C)(C)C)cc1Oc1ccc2nc(NC(=O)C3CC3)nn2c1.O=C(O)C(F)(F)F
CC(C)n1ncnc1-c1cn2c(n1)-c1c[nH]c(=O)cc1OCC2,CC(=O)O.CC(C)n1ncnc1-c1cn2c(n1)-c1cnc(Cl)cc1OCC2
Cc1nn(-c2ccc(CCNC(=O)NS(=O)(=O)c3ccc(F)c(Cl)c3)cc2)c(C)c1-c1ccccc1,Cc1nn(-c2ccc(CCNC(=O)Oc3ccccc3)cc2)c(C)c1-c1ccccc1.NS(=O)(=O)c1ccc(F)c(Cl)c1
CC1(C)OB(c2cc3cccc(F)c3[nH]2)OC1(C)C,Fc1cccc2cc[nH]c12.CC1(C)OB(c2cc3cccc(Cl)c3[nH]2)OC1(C)C
O=C1NCN(c2ccccc2)C12CCNCC2,CN(Cc1ccccc1)c1ncnc2c(N3CCOCC3)nc(Cl)nc12.CN(Cc1ccccc1)c1ncnc2c(N3CCOCC3)nc(N3CCC4(CC3)C(=O)NCN4c3ccccc3)nc12
CCOc1cc2c(cc1OC)C(c1ccc(C(=O)N(C(C)C)C(C)C)cc1)=NC1CCOCC21,CCOc1cc(C2COCCC2NC(=O)c2ccc(C(=O)N(C(C)C)C(C)C)cc2)ccc1OC.CC#N
CN(C)c1ccc(-c2c(O)cccc2-c2ccccc2)cc1,CN(C)c1ccc([Mg]Br)cc1.c1ccc2c(c1)oc1ccccc12
CCOC(=O)CCCOc1cccc(CCCCCCOc2cc(I)cc(-c3cccc(F)c3)c2)c1CCC(=O)OCC,Oc1cc(I)cc(-c2cccc(F)c2)c1.CCOC(=O)CCCOc1cccc(CCCCCCBr)c1CCC(=O)OCC
COc1ccc2c(c1)C(C(=O)N(Cc1ccc(NCc3ccccc3)cc1)c1ccc(C(C)C)cc1)CCC2,COc1ccc2c(c1)C(C(=O)N(Cc1ccc(N)cc1)c1ccc(C(C)C)cc1)CCC2.BrCc1ccccc1
Cc1ccc(C(=O)c2cc(C)c(C)o2)nc1,ClC(Cl)Cl.Cc1ccc(C(O)c2cc(C)c(C)o2)nc1
O=C(Nc1ccccc1N1CCCCC1)c1ccc([N+](=O)[O-])o1,O=C(Cl)c1ccc([N+](=O)[O-])o1.Nc1ccccc1N1CCCCC1
COc1nc2cc(F)ccc2nc1NC(=O)N1CCN(c2ccccc2Cl)CC1,CCOC(=O)Nc1nc2ccc(F)cc2nc1OC.Clc1ccccc1N1CCNCC1
CC(C)(C)OC(=O)Nc1ccn2nc(-c3cccc(F)c3)nc2c1,CC(C)(C)OC(N)=O.Fc1cccc(-c2nc3cc(Br)ccn3n2)c1
COc1cc(-c2nc(C3CCC3)n3ccnc(N)c23)ccc1Oc1ccccc1F,COc1cc(-c2nc(C3CCC3)n3ccnc(N)c23)ccc1Br.Oc1ccccc1F
Cc1cc(C(C)OCC2(c3ccc(F)cc3)CCNCC2)c2[nH]ncc2c1,Cc1cc(C(C)OCC2(c3ccc(F)cc3)CCN(C(=O)OC(C)(C)C)CC2)c2[nH]ncc2c1.O=C(O)C(F)(F)F
COc1ccc(CN(C(=O)C2CCCc3c(OCc4ccccc4)cccc32)c2ccc(C(C)C)nc2)cn1,CC(C)c1ccc(NC(=O)C2CCCc3c(OCc4ccccc4)cccc32)cn1.COc1ccc(CCl)cn1
O=S(=O)(Cl)c1ccc(CCl)cc1,ClCc1ccccc1.O=S(=O)(O)Cl
Cc1ccc(-c2ccc3cc(-c4ccc(C(C)(C)C)cc4)ccc3c2)cc1,Cc1ccc([Mg]Br)cc1.COc1ccc2cc(-c3ccc(C(C)(C)C)cc3)ccc2c1
CC(C)(C)OC(=O)N1CCC(c2ccc(CCCOCc3ccccn3)cc2)C(OCc2ccc3ccccc3c2)C1,ClCc1ccccn1.CC(C)(C)OC(=O)N1CCC(c2ccc(CCCO)cc2)C(OCc2ccc3ccccc3c2)C1
CC(C)(C)OC(=O)N1CC(OCCN)C1,CC(C)(C)OC(=O)N1CC(OCC#N)C1.CCO
Nc1cc(O)c(F)cc1F,CO.O=[N+]([O-])c1cc(O)c(F)cc1F
COc1ccc2c(OC3CC4C(=O)NC5(C(=O)NS(=O)(=O)C6CC6)CC5C=CCCCCCCC(=O)N4C3)nc(-n3cccn3)cc2c1,COc1ccc2c(OC3CC4C(=O)NC5(C(=O)NS(=O)(=O)C6CC6)CC5C=CCCCCCCC(=O)N4C3)cc(-c3nc(C(C)C)cs3)nc2c1.COc1ccc2c(OC3CC4C(=O)NC5(C(=O)O)CC5C=CCCCCCCC(=O)N4C3)nc(-n3cccn3)cc2c1
CCn1ncc2c1ncc1c(=O)n3nc(C)cc3n(CCN3CCOCC3)c12,ClCCN1CCOCC1.CCn1ncc2c3[nH]c4cc(C)nn4c(=O)c3cnc21
CNS(=O)(=O)Cc1ccc(NC(=O)Cc2c(C)n(C(=O)c3ccc(Cl)cc3)c3ccc(OC)cc23)cc1,CNS(=O)(=O)Cc1ccc(N)cc1.COc1ccc2c(c1)c(CC(=O)O)c(C)n2C(=O)c1ccc(Cl)cc1
Cc1ccc(-c2c3ccccc3cc3ccccc23)cc1,Cc1ccc(B(O)O)cc1.CC(C)(C)C(=O)Oc1c2ccccc2cc2ccccc12
CCN(CC(O)(CNc1cccc2c1cnn2-c1ccc(F)cc1)C(F)(F)F)C(=O)c1ccccc1,CCNCC(O)(CNc1cccc2c1cnn2-c1ccc(F)cc1)C(F)(F)F.O=C(O)c1ccccc1
CC(C)(C)NC(=O)c1ccc(N2CC(F)(F)C2)c(OCC2CC2)n1,CC(C)(C)N.O=C(O)c1ccc(N2CC(F)(F)C2)c(OCC2CC2)n1
Cc1ccc(Cn2cnc(Nc3ccc(-n4cnc(C)c4)c(C#N)c3)n2)cc1,Cc1cn(-c2ccc(Br)cc2C#N)cn1.Cc1ccc(Cn2cnc(N)n2)cc1
CN1CC=C(c2cn(S(=O)(=O)c3ccc(C(C)(C)C)cc3)c3ccc(OC4CCCCC4)cc23)CC1,CN1CC=C(c2c[nH]c3ccc(OC4CCCCC4)cc23)CC1.CC(C)(C)c1ccc(S(=O)(=O)Cl)cc1
CC(C)OC(=O)c1ccc(CCl)cc1,O=C(O)c1ccc(CCl)cc1.CC(C)O
CC(CCN1CCC(C(F)(F)F)CC1)C(C)(C)S(=O)(=O)c1ccccc1,CI.CC(CCN1CCC(C(F)(F)F)CC1)C(C)S(=O)(=O)c1ccccc1
COC(=O)C(CSc1cnc(NC(=O)N(C2CCCCC2)C2CCC(C)CC2)s1)NC(=O)OC(C)(C)C,CC1CCC(N(C(=O)Nc2ncc(Br)s2)C2CCCCC2)CC1.COC(=O)C(CS)NC(=O)OC(C)(C)C
Oc1ccc2cc(-c3ccc(O)c(F)c3)ccc2c1,COc1ccc(-c2ccc3cc(O)ccc3c2)cc1F.BrB(Br)Br
CCc1nc2ccccc2n1-c1nc(N2CCOCC2)c2nc(CN3CCC(N(C)C)C(F)C3)n(C)c2n1,CCc1nc2ccccc2[nH]1.CN(C)C1CCN(Cc2nc3c(N4CCOCC4)nc(Cl)nc3n2C)CC1F
COc1ccc2c(Cl)cc(-c3nc(C(C)C)cs3)nc2c1,COc1ccc2c(O)cc(-c3nc(C(C)C)cs3)nc2c1.O=P(Cl)(Cl)Cl
c1ccc(-c2ncco2)cc1,c1cocn1.CN(C)C(=O)Oc1ccccc1
CCc1cc2c(NCCc3ccccc3)nc(-c3ccncc3)nc2s1,NCCc1ccccc1.CCc1cc2c(Cl)nc(-c3ccncc3)nc2s1
Cc1cc(-c2ccc(C(C)N3CCC(CC(C)(C)O)(c4ccc(F)cc4)OC3=O)cc2)cc(C)n1,CC(c1ccc(Br)cc1)N1CCC(CC(C)(C)O)(c2ccc(F)cc2)OC1=O.Cc1cc(Br)cc(C)n1
CCC1(C)COCC(C)(C)N1,CCC(C)(CO)NC(C)(C)CO.CS(=O)(=O)O
CCOC(=O)C(C)(C)Oc1ccc(-c2ccc(CCNC(=O)c3ccc(OC)c(OC)c3)cc2)cc1,CCOC(=O)C(C)(C)Br.COc1ccc(C(=O)NCCc2ccc(-c3ccc(O)cc3)cc2)cc1OC
O=C(Cl)Cc1c(F)cccc1F,O=S(Cl)Cl.O=C(O)Cc1c(F)cccc1F
O=C1Nc2cccc(-c3ccncc3)c2C1=Cc1[nH]cc(C(=O)O)c1CCO,O=Cc1[nH]cc(C(=O)O)c1CCO.O=C1Cc2c(cccc2-c2ccncc2)N1
C=CCn1c(Oc2cc(C)cc(C)c2)c(C(C)C)c(=O)[nH]c1=O,C=CCBr.Cc1cc(C)cc(Oc2[nH]c(=O)[nH]c(=O)c2C(C)C)c1
O=C(O)CNCP(=S)(N1CCOCC1)N1CCOCC1,CC(C)O.O=C(O)CN(CP(=S)(N1CCOCC1)N1CCOCC1)C(=O)C(F)(F)F
C[Si](C)(C)c1ncc(C2(O)CCC3(CC2)OCCO3)s1,C[Si](C)(C)c1nccs1.O=C1CCC2(CC1)OCCO2
Cc1noc(NS(=O)(=O)c2ccccc2F)c1Br,O=S(=O)(Cl)c1ccccc1F.Cc1noc(N)c1Br
CC(C)(C)OC(=O)NC(CCOc1ccc(C#N)cc1)CN1C2CCC1CNC2,CCO.CC(C)(C)OC(=O)NC(CCOc1ccc(C#N)cc1)CN1C2CCC1CN(C(=O)OCc1ccccc1)C2
CCOc1cc(C(C)(C)C#N)c(Cl)cc1C1=NC(c2ccc(Cl)cc2)C(c2ccc(Cl)cc2)N1C(=O)N1CCN(S(=O)(=O)CC)CC1,CCS(=O)(=O)N1CCNCC1.CCOc1cc(C(C)(C)C#N)c(Cl)cc1C1=NC(c2ccc(Cl)cc2)C(c2ccc(Cl)cc2)N1C(=O)Cl
CC(=O)NC(C)c1ncc(F)cn1,C=C(NC(C)=O)c1ncc(F)cn1.CO
COc1ccc(-c2ccc(C)c(N)c2)cc1,COc1ccc(-c2ccc(C)c([N+](=O)[O-])c2)cc1.CO
CCN(CC)CCCNc1nccc(-c2ccc(C(=O)NCCc3ccc4[nH]cc(C#N)c4c3)cc2)n1,CCN(CC)CCCN.N#Cc1c[nH]c2ccc(CCNC(=O)c3ccc(-c4ccnc(Cl)n4)cc3)cc12
Cc1cc(Nc2cc3cc(C(=O)NC(C)C)ccc3c(OC(C)C)n2)n[nH]1,CC(C)N.Cc1cc(Nc2cc3cc(C(=O)O)ccc3c(OC(C)C)n2)n[nH]1
Cc1ccc(NC(=O)c2cccs2)cc1-c1nc(NC2CC(C)(C)NC(C)(C)C2)nc2c1ccc(=O)n2-c1c(F)cccc1F,CC1(C)CC(N)CC(C)(C)N1.Cc1ccc(NC(=O)c2cccs2)cc1-c1nc(S(C)(=O)=O)nc2c1ccc(=O)n2-c1c(F)cccc1F
CC(C)CC(C(=O)NN1C(=O)C(=O)N(Cc2ccccc2)C1=O)C(CC=Cc1ccccc1)C(=O)NOCc1ccccc1,CC(C)CC(C(=O)NN1C(=O)C(=O)N(Cc2ccccc2)C1=O)C(CC=Cc1ccccc1)C(=O)OC(C)(C)C.NOCc1ccccc1
Cc1c(C=C2C(=O)Nc3cccc(-c4cccc(F)c4F)c32)[nH]c2c1C(=O)N(CCN(C)C)CCC2,O=C1Cc2c(cccc2-c2cccc(F)c2F)N1.Cc1c(C=O)[nH]c2c1C(=O)N(CCN(C)C)CCC2
COC1(c2cc(F)cc(Sc3ccc(CON=C(C)C)c(Cl)c3)c2)CCOCC1,CC(C)=NO.COC1(c2cc(F)cc(Sc3ccc(CCl)c(Cl)c3)c2)CCOCC1
COC(=O)C1CCC(NC(=O)NCc2cn(-c3ccccc3)c3cc(Cl)ccc3c2=O)CC1,O=C(NCc1cn(-c2ccccc2)c2cc(Cl)ccc2c1=O)Oc1ccc([N+](=O)[O-])cc1.COC(=O)C1CCC(N)CC1
COc1cc(-c2ccnc(NC3CC(C)(C)NC(C)(C)C3)n2)sc1CCC(C)(C)O,CC1(C)CC(Nc2nccc(Cl)n2)CC(C)(C)N1.COc1ccsc1CCC(C)(C)O
Cc1nccn1-c1ccc(Nc2nc3c(c(Cc4ccccc4F)n2)CN(CCO)CC3)cc1,O=CCO.Cc1nccn1-c1ccc(Nc2nc3c(c(Cc4ccccc4F)n2)CNCC3)cc1
NS(=O)(=O)c1cc(S(N)(=O)=O)c(C(Cl)=C(Cl)Cl)cc1NCc1ccco1,NCc1ccco1.NS(=O)(=O)c1cc(S(N)(=O)=O)c(C(Cl)=C(Cl)Cl)cc1Br
Cc1nc(N2CCN(Cc3ccc4nsnc4c3)C2=O)sc1C(=O)O,CCOC(=O)c1sc(N2CCN(Cc3ccc4nsnc4c3)C2=O)nc1C.CCOC(=O)c1sc(N2CCN(Cc3ccc(C(F)(F)F)cc3)C2=O)cc1C
O=S(=O)(c1ccc(O)cc1)C1CCN(CCCCc2cccc(OCc3ccccc3)c2)C1,C=CCCN1CCC(S(=O)(=O)c2ccc(O)cc2)C1.Ic1cccc(OCc2ccccc2)c1
CS(=O)(=O)c1ccc2c(c1)OC(CNCCCF)CC2,NCCCF.Cc1ccc(S(=O)(=O)OCC2CCc3ccc(S(C)(=O)=O)cc3O2)cc1
O=C(NC(CCCCNS(=O)(=O)c1ccc([N+](=O)[O-])cc1)C(=O)O)OCC1c2ccccc2-c2ccccc21,O=[N+]([O-])c1ccc(S(=O)(=O)Cl)cc1.NCCCCC(NC(=O)OCC1c2ccccc2-c2ccccc21)C(=O)O
COc1cc(-c2cc(CN(c3ccc(F)c(F)c3)C3CCN(C(=O)OC(C)(C)C)CC3)ccn2)cc(OC)c1OC,COc1cc(-c2cc(CCl)ccn2)cc(OC)c1OC.CC(C)(C)OC(=O)N1CCC(Nc2ccc(F)c(F)c2)CC1
CCC1(N2C(=O)c3c(F)c(F)c(F)c(F)c3C2=O)C(=O)NC(=O)N(C2CCCCC2)C1=O,CCC1(N)C(=O)NC(=O)N(C2CCCCC2)C1=O.CCN1C(=O)NC(=O)C(C)(N2C(=O)c3c(F)c(F)c(F)c(F)c3C2=O)C1=O
CN(CCC#N)c1cccc(F)c1Nc1nc(Nc2ccc3c(c2)NC(=O)CCC3(C)C)ncc1Cl,CC1(C)CCC(=O)Nc2cc(N)ccc21.CN(CCC#N)c1cccc(F)c1Nc1nc(Cl)ncc1Cl
c1ccc(C(c2ccccc2)(c2ccccc2)n2cnc3c(N4CCNCC4)cccc32)cc1,C1CNCCN1.Brc1cccc2c1ncn2C(c1ccccc1)(c1ccccc1)c1ccccc1
Cc1c(C=Cc2ccc(N)c([N+](=O)[O-])c2)ncn1C(c1ccccc1)(c1ccccc1)c1ccccc1,CC(=O)Nc1ccc(C=Cc2ncn(C(c3ccccc3)(c3ccccc3)c3ccccc3)c2C)cc1[N+](=O)[O-].CCO
COc1cc(C=C2c3ccccc3CCc3c(Cl)cccc32)ccc1Cl,COc1cc(B(O)O)ccc1Cl.Clc1cccc2c1CCc1ccccc1C2=CBr
COc1cccc(Cn2c(Sc3cc(C)cc(C)c3)c(C(C)C)c(=O)[nH]c2=O)c1,COc1cccc(CBr)c1.Cc1cc(C)cc(Sc2[nH]c(=O)[nH]c(=O)c2C(C)C)c1
O=c1cc(C2CCNC(Cc3cc(F)cc(C(F)(F)F)c3)C2)o[nH]1,COC(=O)N1CCC(c2cc(=O)[nH]o2)CC1Cc1cc(F)cc(C(F)(F)F)c1.Br
O=C(NCc1ccc(F)cc1)C1(CCCCN2CCN(c3cnc4ccccc4n3)CC2)c2ccccc2-c2ccccc21,c1ccc2nc(N3CCNCC3)cnc2c1.O=C(NCc1ccc(F)cc1)C1(CCCCBr)c2ccccc2-c2ccccc21
CN1CC(c2ccccc2)Oc2nc(Nc3ccc(-n4ccnc4)cc3)ccc2C1=O,CN1CC(c2ccccc2)Oc2nc(Cl)ccc2C1=O.Nc1ccc(-n2ccnc2)cc1
O=C(c1ccc(I)cc1)N1CCOCC1,O=C(Cl)c1ccc(I)cc1.C1COCCN1
O=C(Cl)c1ccc(Cl)nc1,O=C(O)c1ccc(Cl)nc1.O=S(Cl)Cl
CCOCn1ccnc1C(=O)c1cn(-c2cccc(-c3cc(F)ccc3OC)c2)cn1,CCOCn1ccnc1.COc1ccc(F)cc1-c1cccc(-n2cnc(C(=O)N(C)OC)c2)c1
Cc1ccc2c(O)c(C(=O)Nc3ccc(N4CCC(N5CCCC5C)C4)cc3C)cnc2n1,Cc1cc(N2CCC(N3CCCC3C)C2)ccc1N.Cc1ccc2c(O)c(C(=O)O)cnc2n1
CS(=O)(=O)c1ccc(N2CCN(C(=O)c3c(F)ccc(S(C)(=O)=O)c3F)CC2)c(F)c1,CS(=O)(=O)c1ccc(N2CCNCC2)c(F)c1.CS(=O)(=O)c1ccc(F)c(C(=O)O)c1F
CC(C)(C)OC(=O)Nc1ccc(-c2ccccc2F)cc1NC(=O)CC(=O)c1ccnc(C#N)c1,CC(C)(C)OC(=O)CC(=O)c1ccnc(C#N)c1.CC(C)(C)OC(=O)Nc1ccc(-c2ccccc2F)cc1N
Cc1nc2ccccc2cc1NC(=O)N1CCN(c2cc(Cl)cc(Cl)c2)CC1,Cc1nc2ccccc2cc1NC(=O)Oc1ccccc1.Clc1cc(Cl)cc(N2CCNCC2)c1
CC(=O)OCc1c(-c2cn(C)c(=O)c(Nc3ccc(C4CCN(C)CC4)cc3)n2)cc(F)cc1N1CCn2c(cc3c2CCCC3)C1=O,CC(=O)OCc1c(B2OC(C)(C)C(C)(C)O2)cc(F)cc1N1CCn2c(cc3c2CCCC3)C1=O.CN1CCC(c2ccc(Nc3nc(Br)cn(C)c3=O)cc2)CC1
C=CCN(C(=O)OCc1ccc([N+](=O)[O-])cc1)C1CCN(CC2CC(N(C)S(=O)(=O)c3ccccc3)CC2c2ccccc2)CC1,C=CCN(C(=O)OCc1ccc([N+](=O)[O-])cc1)C1CCN(CC2CC(N(C)C(=O)OC(C)(C)C)CC2c2ccccc2)CC1.O=S(=O)(Cl)c1ccccc1
O=C(CCc1ccccc1)NC1CCCc2c1[nH]c1ccc(Br)cc21,NC1CCCc2c1[nH]c1ccc(Br)cc21.O=C(Cl)CCc1ccccc1
O=CC1CCCN(C(=O)OCc2ccccc2)C1,O=C(OCc1ccccc1)N1CCCC(CO)C1.ClCCl
Clc1ccc2c(N3CCN(c4nc5ccccc5[nH]4)CC3)ccnc2c1,Clc1ccc2c(N3CCNCC3)ccnc2c1.Clc1nc2ccccc2[nH]1
O=C(Cc1ccc(F)cc1)NCC1CN(Cc2ccc(Cl)c(Cl)c2)CCO1,NCC1CN(Cc2ccc(Cl)c(Cl)c2)CCO1.O=C(O)Cc1ccc(F)cc1
Cc1ccc(NC(=O)C(C)C)cc1C1CCN(CCCNC(=O)C(c2ccccc2)(c2ccccc2)c2ccccc2)CC1,Cc1ccc(NC(=O)C(C)C)cc1C1CCN(CCCN)CC1.O=C(O)C(c1ccccc1)(c1ccccc1)c1ccccc1
O=S1CCN(c2nc(NCCO)nc3c(NCc4ccc(Cl)c(Cl)c4)ncnc23)CC1,NCCO.O=S1CCN(c2nc(Cl)nc3c(NCc4ccc(Cl)c(Cl)c4)ncnc23)CC1
CCc1c(C(=O)c2cc(C)cc(C)c2)n(Cc2ccc3ccccc3n2)c(=O)[nH]c1=O,ClCc1ccc2ccccc2n1.CCc1c(C(=O)c2cc(C)cc(C)c2)[nH]c(=O)[nH]c1=O
O=C(Nc1ccc2c(c1)COC(NC1CCCCCCC1)=N2)C1CC1,O=C(O)C1CC1.Nc1ccc2c(c1)COC(NC1CCCCCCC1)=N2
Cc1nnc(-c2ccc(C)c(-c3ccc(C(=O)Nc4cccc(OCc5ccccc5)c4)cc3)c2)o1,Nc1cccc(OCc2ccccc2)c1.Cc1nnc(-c2ccc(C)c(-c3ccc(C(=O)O)cc3)c2)o1
CCCC1CN(CCCBr)c2ccccc2O1,BrCCCBr.CCCC1CNc2ccccc2O1
CCc1nc2c(C)cc(C)nc2n1Cc1cccc(C=O)c1,ClC(Cl)Cl.CCc1nc2c(C)cc(C)nc2n1Cc1cccc(CO)c1
Cc1ccc(CNc2nccc(-n3cnc4ccccc43)n2)cc1,Cc1ccc(CN)cc1.CS(=O)(=O)c1nccc(-n2cnc3ccccc32)n1
COc1ccccc1C(=O)Nc1ccc(C(=O)CN2C(=O)C(c3ccccc3)(c3ccccc3)N=C2C)cc1,CC1=NC(c2ccccc2)(c2ccccc2)C(=O)N1CC(=O)c1ccc(N)cc1.COc1ccccc1C(=O)Cl
CC1(C)CC(C(=O)NCCO)c2cc(-c3ccc(Cl)cc3)c(-c3ccccc3Cl)nc2O1,CC1(C)CC(C(=O)O)c2cc(-c3ccc(Cl)cc3)c(-c3ccccc3Cl)nc2O1.NCCO
CCN(C(=S)Nc1cc(Cl)ccc1C)c1c(C)nn(C)c1C,Cc1ccc(Cl)cc1N=C=S.CCNc1c(C)nn(C)c1C
O=C(Cl)C(=O)c1c[nH]c2ccccc12,c1ccc2[nH]ccc2c1.O=C(Cl)C(=O)Cl
CCn1cccc1CCC1(C)COC(=O)N1,CCn1cccc1C=CC1(C)COC(=O)N1.CCO
O=C(Cn1c(C(=O)O)nc2cc(C(=O)O)ccc21)Nc1ccc(Cl)cn1,CC(C)N1CCC(NC(=O)c2nc3cc(C(=O)O)ccc3n2CC(=O)Nc2ccc(Cl)cn2)CC1.CNCCO
Cc1ccc(-c2ccc(N(C)C)cc2)cc1,Cc1ccc([Mg]Br)cc1.COc1ccc(N(C)C)cc1
CCn1cc(C(=O)O)c(=O)c2cc(F)c(N3CCOC(CCNC)C3)c(F)c21,CCn1cc(C(=O)O)c(=O)c2cc(F)c(F)c(F)c21.CNCCC1CNCCO1
CCOC(=O)c1ccnc(-c2cc(OC)c(OC)c(OC)c2)c1,CCOC(=O)c1ccnc(Cl)c1.COc1cc(B(O)O)cc(OC)c1OC
O=C(c1cn(C(c2ccccc2)(c2ccccc2)c2ccccc2)cn1)c1cccnc1F,ClCCl.OC(c1cn(C(c2ccccc2)(c2ccccc2)c2ccccc2)cn1)c1cccnc1F
COc1cc(C(=O)Cl)ccc1[N+](=O)[O-],COc1cc(C(=O)O)ccc1[N+](=O)[O-].O=S(Cl)Cl
COc1ccc(CN(Cc2ccc(OC)cc2)c2ncc(-c3nc(N4CCOCC4)nc4c3CCN4c3cccc(CCN4CCN(S(C)(=O)=O)CC4)c3)cn2)cc1,COc1ccc(CN(Cc2ccc(OC)cc2)c2ncc(-c3nc(N4CCOCC4)nc4c3CCN4c3cccc(CCN4CCNCC4)c3)cn2)cc1.CS(=O)(=O)Cl
Fc1cccc(Cl)c1C1=NC(c2ccccc2)CCO1,O=C(NC(CCO)c1ccccc1)c1c(F)cccc1Cl.O=C(NC(CCO)c1ccc(Cl)cc1)c1c(F)cccc1F
COc1ccc(F)cc1C(C)(C)CC(O)(CNc1cc(C)cc2c1cnn2-c1ccccc1)C(F)(F)F,Cc1cc(N)c2cnn(-c3ccccc3)c2c1.COc1ccc(F)cc1C(C)(C)CC1(C(F)(F)F)CO1
COc1ccc(N2CCN(c3c(C)c(C)c4c(c3C)C(c3ccc(Cl)cc3)C(C)(C)O4)CC2)cc1,CCO.COc1ccc(N2CCN(c3c(C)c(C)c4c(c3C)C(O)(c3ccc(Cl)cc3)C(C)(C)O4)CC2)cc1
O=C(Nc1cccc(F)c1)Nc1cccc(Oc2ccnc3[nH]c(=O)[nH]c23)c1,O=C=Nc1cccc(F)c1.Nc1cccc(Oc2ccnc3[nH]c(=O)[nH]c23)c1
COCCCc1cc(CN(C(=O)C2CNCCC2c2ccc(OCCOc3c(Cl)cc(C)cc3Cl)cc2)C2CC2)cc(OCC2CC2C(=O)OC)c1,COCCCc1cc(CN(C(=O)C2CNCCC2c2ccc(OCCOc3c(Cl)cc(C)cc3Cl)cc2)C2CC2)cc(OCC2CC2C(=O)O)c1.C=[N+]=[N-]
O=C1Nc2ccc(Cl)cc2C1(O)c1cccc2ccccc12,Brc1cccc2ccccc12.O=C1Nc2ccc(Cl)cc2C1=O
COc1cc(C(=O)N2CCC(CCN3CCC(Nc4nc5ccccc5n4Cc4cccs4)CC3)(c3ccc(F)c(F)c3)C2)cc(OC)c1OC,COc1cc(C(=O)N2CCC(CCN3CCC(Nc4nc5ccccc5[nH]4)CC3)(c3ccc(F)c(F)c3)C2)cc(OC)c1OC.BrCc1cccs1
COCCCCOc1cc(CN2CCCC2)ccc1C(=O)OC,C1CCNC1.COCCCCOc1cc(C)ccc1C(=O)OC
COC(=O)C1(N)CCC(c2ccc(CCOc3cccc(OC)c3)cc2)C1,COC(=O)C1(NC(=O)OCc2ccccc2)CCC(c2ccc(CCOc3cccc(OC)c3)cc2)C1.CCO
O=C(Nc1ccc(C(=O)c2ccccc2)cc1[N+](=O)[O-])c1ccc(Cl)nc1,O=C(Cl)c1ccc(Cl)nc1.Nc1ccc(C(=O)c2ccccc2)cc1[N+](=O)[O-]
CSc1ccc2c(c1)C(=O)CCC2,O.CSc1ccc(CCCC(=O)O)cc1
CC(C)(C)OC(=O)N1CCN(c2cc(C(F)(F)F)ccc2F)CC1,Fc1ccc(C(F)(F)F)cc1Br.CC(C)(C)OC(=O)N1CCNCC1
COc1cc(CCNc2nccc(-c3cccc(OC(C)C)c3)n2)ccc1O,COc1cc(CCN)ccc1O.CC(C)Oc1cccc(-c2ccnc(Cl)n2)c1
Cc1sc(N2CCN(C(=O)c3cc(S(C)(=O)=O)ccc3OC(C)C)CC2)nc1C(F)(F)F,Cc1sc(N2CCNCC2)nc1C(F)(F)F.CC(C)Oc1ccc(S(C)(=O)=O)cc1C(=O)O
CCC(C)(C)NCC(O)c1cc(C#N)c(N)c(C#N)c1,Cl.CCC(C)(C)NCC(=O)c1cc(C#N)c(N)c(C#N)c1
CCc1cc2c(cc1CC)C(=O)CC2,O=S(=O)(O)O.CCc1ccc(C(=O)CCCl)cc1CC
CCC1CCCCN1CCCCn1c(=O)sc2ccccc21,O=c1sc2ccccc2n1CCCCCl.CCC1CCCCN1
CC(C)c1c(C(=O)NCc2cncc(F)c2)c2ccc(OC3CCCC3)cc2n1Cc1cccnc1,CC(C)c1c(C(=O)NCc2cncc(F)c2)c2ccc(O)cc2n1Cc1cccnc1.IC1CCCC1
COc1nc2ccccc2cc1NC(=O)N1CCN(c2ccccc2F)CC1,Fc1ccccc1N1CCNCC1.COc1nc2ccccc2cc1NC(=O)Oc1ccccc1
O=S(=O)(C=Cc1ccc(Cl)cc1)Nc1ccccc1Cl,Nc1ccccc1Cl.O=S(=O)(Cl)C=Cc1ccc(Cl)cc1
CC1(C)C=C(c2cccnc2)c2cc(C#N)ccc2O1,CC(C)(C#Cc1cccnc1)Oc1ccc(C#N)cc1.Clc1ccccc1Cl
CCCCNC(=O)c1ccc2ccccc2c1,Cc1cc(C)c(C(=O)Oc2ccc3ccccc3c2)c(C)c1.CCCCN=C=O
COc1ccc(-c2cc(=Nc3c(C)cc(C)cc3C)n(C)cn2)cc1OC,CCO.COc1ccc(-c2cc(=Nc3c(C)cc(C)cc3C)n(C)c(Cl)n2)cc1OC
CCCN1CCN(c2ccc(F)c(C#N)c2)CC1,CCCI.N#Cc1cc(N2CCNCC2)ccc1F
NCCc1ccc(-c2ccccc2)cc1,Br[Mg]c1ccccc1.COc1ccc(CCN)cc1
COCC#Cc1nc(C(F)(F)F)ccc1C(=O)N(C)OC,C#CCOC.CON(C)C(=O)c1ccc(C(F)(F)F)nc1Cl
Cc1ccn2cc(-c3ccc(OCCCN4CCCCC4)cc3)nc2c1,Cc1ccn2cc(-c3ccc(OCCCCl)cc3)nc2c1.C1CCNCC1
CN(C)c1sc2cc(OCc3ccccc3)ccc2c1C(=O)c1ccc(F)c(C(F)(F)F)c1,O=C(Cl)c1ccc(F)c(C(F)(F)F)c1.CN(C)c1cc2ccc(OCc3ccccc3)cc2s1
COc1ccc(/C=C/[C@H](C)c2ccccc2OC)cc1,COc1ccccc1[C@@H](C)Cl.COc1ccc(/C=C/Br)cc1
CCOC(=NC(=O)c1ccccc1C(F)(F)F)c1ccccc1I,O=C(Cl)c1ccccc1C(F)(F)F.CCOC(=N)c1ccccc1I
CC1(C)CC(=O)C(c2cccc(Cl)c2)C(=O)C1,CCCCCC(=O)[O-].CCOC(=O)CC(C)(C)CC(=O)C(C#N)c1cccc(Cl)c1
CCNc1ccc(C#N)cc1N,CCNc1ccc(C#N)cc1[N+](=O)[O-].CCOC(C)=O
O=C(NCCc1ccccc1)c1ccc(N2CC3=C(CN(C(=O)c4ccccc4C(F)(F)F)C3)C2)nc1,NCCc1ccccc1.O=C(O)c1ccc(N2CC3=C(CN(C(=O)c4ccccc4C(F)(F)F)C3)C2)nc1
CNC(=O)C(C)Oc1cccc2ncnc(Nc3ccc4c(cnn4Cc4cccc(F)c4)c3)c12,CN.COC(=O)C(C)Oc1cccc2ncnc(Nc3ccc4c(cnn4Cc4cccc(F)c4)c3)c12
Fc1c(Nc2cc3c4c(c2)C2CN(CC5CCC5)CCC2N4CCOC3)cccc1C(F)(F)F,Fc1c(Nc2cc3c4c(c2)C2CNCCC2N4CCOC3)cccc1C(F)(F)F.BrCC1CCC1
CCC(=C(c1ccccc1)c1ccc(C=CC(=O)NS(=O)(=O)c2ccc(C#N)cc2)cc1)c1ccccc1,CCC(=C(c1ccccc1)c1ccc(C=CC(=O)O)cc1)c1ccccc1.N#Cc1ccc(S(N)(=O)=O)cc1
COc1cc(Br)cc(Br)c1,Fc1cc(Br)cc(Br)c1.CN(C)C=O
COC(=O)C1CCN(c2ccc(Br)cc2)C1,COC(=O)C1CCNC1.Brc1ccc(Br)cc1
Nc1ccc2cccc(Oc3nc4cc(C(F)(F)F)ccc4[nH]3)c2n1,Nc1ccc2cccc(O)c2n1.FC(F)(F)c1ccc2[nH]c(Cl)nc2c1
CC(=O)OC1CCC2(C)C(=CC(Br)C3C2CCC2(C)C(C(C)CCCC(C)C)CCC32)C1,CC(=O)OC1CCC2(C)C(=CCC3C2CCC2(C)C(C(C)CCCC(C)C)CCC32)C1.CN1C(=O)N(C)C(Br)(Br)C1=O
O=C(c1ccoc1)c1cc2ccncc2[nH]1,OC(c1ccoc1)c1cc2ccncc2[nH]1.C1CCOC1
COc1cc(C(=O)Nc2ccccc2NC(=O)c2ccc(C(C)(C)C)cc2)ccc1C,CC(C)(C)c1ccc(C(=O)Nc2ccccc2N)cc1.COc1cc(C(=O)O)ccc1C
c1ccc(N2CCC3(CC2)OCCO3)nc1,Brc1ccccn1.C1CC2(CCN1)OCCO2
O=S(=O)(c1ccc(Br)s1)n1cccc1,O=S(=O)(Cl)c1ccc(Br)s1.c1cc[nH]c1
Fc1ccccc1N1CCN(Cc2csc3ccc(Cl)cc23)CC1,Clc1ccc2scc(CBr)c2c1.Fc1ccccc1N1CCNCC1
NS(=O)(=O)c1ccc(C(=O)N2CCC2)o1,CC(C)(C)NS(=O)(=O)c1ccc(C(=O)N2CCC2)o1.O=C(O)C(F)(F)F
O=C1c2c(oc3ccccc23)-c2ccc(OCCCBr)c3cccc1c23,O=C1c2c(oc3ccccc23)-c2ccc(O)c3cccc1c23.BrCCCBr
O=C(c1cnoc1-c1ccc(C(F)(F)F)cc1)N1CCC(Cc2ccccc2)C1,c1ccc(CC2CCNC2)cc1.O=C(O)c1cnoc1-c1ccc(C(F)(F)F)cc1
Cc1ccc2c(cnn2C2CCCCO2)c1-c1ccc2ncccc2c1,Cc1ccc2c(cnn2C2CCCCO2)c1B1OC(C)(C)C(C)(C)O1.O=S(=O)(Oc1ccc2ncccc2c1)C(F)(F)F
CC(=O)NC(CSC(C)=O)C(=O)NCCSC(=O)C(C)C,CC(=O)NC(CS)C(=O)NCCSC(=O)C(C)C.CC(=O)OC(C)=O
CCOCc1nc2c(N)nc(C)c(C)c2n1CCC1CCN(C(=O)NC2CC2c2ccccc2)CC1,CCOCc1nc2c(N)nc(C)c(C)c2n1CCC1CCNCC1.O=C=NC1CC1c1ccccc1
CC(O)c1cccc(Oc2ccc(Cl)cc2N)c1,CC(O)c1cccc(Oc2ccc(Cl)cc2[N+](=O)[O-])c1.Cl[Sn]Cl
Cc1nc(-c2ccncc2)n(-c2ccc(OCc3ccc4ccccc4n3)cc2)n1,COC(C)(OC)N(C)C.c1ccc2nc(COc3ccc(-n4ncnc4-c4ccncc4)cc3)ccc2c1
COC(=O)c1ccc2cc(-c3ccccc3)ccc2c1,OB(O)c1ccccc1.COC(=O)c1ccc2cc(OC(=O)C(C)(C)C)ccc2c1
O=C(Nc1ccc(Cl)c(-c2ccccn2)c1)c1ccc(-n2cncn2)nc1,Nc1ccc(Cl)c(-c2ccccn2)c1.O=C(O)c1ccc(-n2cncn2)nc1
CC(C)(C(=O)O)c1cccc(Oc2ccc(C(F)(F)F)cc2C=O)c1,O=Cc1cc(C(F)(F)F)ccc1F.CC(C)(C(=O)O)c1cccc(O)c1
CCOC(=O)CCc1cc(C(=O)c2ccccc2CC(=O)OCC)ccc1OCCCCCBr,BrCCCCCBr.CCOC(=O)CCc1cc(C(=O)c2ccccc2CC(=O)OCC)ccc1O
Clc1ccc(-c2nnc(Cl)nc2-c2ccc(Cl)cc2)cc1,O=P(Cl)(Cl)Cl.Oc1nnc(-c2ccc(Cl)cc2)c(-c2ccc(Cl)cc2)n1
CC(C)OC(=O)N1CCC(COc2ccc(-c3ccc(C(N)=O)cc3)cc2)CC1,NC(=O)c1ccc(B(O)O)cc1.CC(C)OC(=O)N1CCC(COc2ccc(Br)cc2)CC1
CC(CO)Cn1ccc(-c2ccc(C(C)N3CCC(CC(C)(C)O)(c4ccccc4)OC3=O)cc2)cc1=O,CC(c1ccc(B2OC(C)(C)C(C)(C)O2)cc1)N1CCC(CC(C)(C)O)(c2ccccc2)OC1=O.CC(CO)Cn1ccc(Br)cc1=O
Cc1cccc(-c2cccc3ccccc23)c1,CC(C)(C)C(=O)Oc1cccc2ccccc12.Cc1cccc(B(O)O)c1
COCCc1ccccc1-c1ccc(C(CNC(=O)OC(C)(C)C)Cc2ccc(OCCOc3c(Cl)cc(C)cc3Cl)cc2)c(C)c1,Cc1cc(Cl)c(OCCOc2ccc(CC(CNC(=O)OC(C)(C)C)c3ccc(Br)cc3C)cc2)c(Cl)c1.COCCc1ccccc1B(O)O
COCCNc1ccc(NC(=O)c2nc(-c3ccccc3)oc2C(F)(F)F)cn1,O=C(O)c1nc(-c2ccccc2)oc1C(F)(F)F.COCCNc1ccc(N)cn1
COC(=O)Nc1ccc(Sc2ccc(C(=O)NC(C)(COP(=O)(OC(C)(C)C)OC(C)(C)C)c3ccccc3)cc2Nc2ncnc3nc(C(C)C)ccc23)cc1,COC(=O)Nc1ccc(Sc2ccc(C(=O)O)cc2Nc2ncnc3nc(C(C)C)ccc23)cc1.CC(C)(C)OP(=O)(OCC(C)(N)c1ccccc1)OC(C)(C)C
COc1nc2cc(F)ccc2nc1NC(=O)N1CCN(c2ccc(C(C)=O)cc2)CC1,CCOC(=O)Nc1nc2ccc(F)cc2nc1OC.CC(=O)c1ccc(N2CCNCC2)cc1
COC1c2sccc2C(=O)c2ccccc2C1Br,CO.O=C1c2ccccc2C(Br)C(Br)c2sccc21
CN1c2ccccc2-c2nc3ccc(C=CC#N)cc3c3cccc1c23,C=CC#N.CN1c2ccccc2-c2nc3ccc(Cl)cc3c3cccc1c23
COc1ccc(-c2ccc(S(=O)(=O)n3cccc3)s2)cc1,COc1ccc(B(O)O)cc1.O=S(=O)(c1ccc(Br)s1)n1cccc1
CC(C)CC(NCc1ccc(-n2c(N)c(C(=O)c3ccc(F)cc3)ccc2=O)cc1)C(=O)OC1CCCC1,CS(C)=O.CC(C)CC(C(=O)OC1CCCC1)N(Cc1ccc(-n2c(N)c(C(=O)c3ccc(F)cc3)ccc2=O)cc1)C(=O)OC(C)(C)C
Cc1ccc(Br)cc1C(O)CC#N,Cc1ccc(Br)cc1C=O.CC#N
Cc1csc(Nc2cccc(C(=O)O)n2)n1,Cc1csc(N)n1.O=C(O)c1cccc(Br)n1
O=C(COC1CCCC1)NC1CCN(CC23CC(c4ccccc42)c2ccccc23)CC1,O=C(CBr)NC1CCN(CC23CC(c4ccccc42)c2ccccc23)CC1.OC1CCCC1
O=C(NCC1CN(Cc2ccc(Cl)c(Cl)c2)CCO1)NC1CCCCC1,O=C=NC1CCCCC1.NCC1CN(Cc2ccc(Cl)c(Cl)c2)CCO1
Cc1ccc(-c2cc(C(=O)O)cc(-n3nncc3C(C)C)c2)cc1,Cc1ccc(-c2cc(C(=O)O)cc(-n3nnc(C(=O)O)c3C(C)C)c2)cc1.O=C=O
Cc1cc(C)c2c(C=O)cn(C)c2c1,Cc1cc(C)c2ccn(C)c2c1.CN(C)C=O
Nc1ncccc1C(=O)O,Cc1ccc(C(=O)O)c(N)n1.CC(=O)O
CCCCOc1nc(N)c2nc(OC)n(CCCC3CCCNC3)c2n1,CCCCOc1nc(N)c2nc(OC)n(CCCC3CCCN(C(=O)OCc4ccccc4)C3)c2n1.CCCCOc1nc(N)c2nc(OC)n(CCCC3CCCCN3)c2n1
CC(=O)Nc1ccc2[nH]cc(C3=CCN(CCc4ccccc4)CC3)c2n1,CC(=O)Cl.Nc1ccc2[nH]cc(C3=CCN(CCc4ccccc4)CC3)c2n1
COC(Cc1ccc(OCCCOc2ccc3c(=O)cc(-c4ccccc4)oc3c2)cc1)C(=O)O,COC(Cc1ccc(OCCCO)cc1)C(=O)O.O=c1cc(-c2ccccc2)oc2cc(O)ccc12
COC(=O)C(Oc1cccc(C(F)(F)F)c1)c1ccc(Oc2ccc(C(C)(C)C)cc2)cc1,COC(=O)C(Br)c1ccc(Oc2ccc(C(C)(C)C)cc2)cc1.Oc1cccc(C(F)(F)F)c1
CC(C)(C)OC(=O)N1CCC(Oc2cc(C(C)(C)C)ccc2C(=O)Nc2ccc(Cl)cc2C(=O)Nc2ccccn2)CC1,Nc1ccc(Cl)cc1C(=O)Nc1ccccn1.CC(C)(C)OC(=O)N1CCC(Oc2cc(C(C)(C)C)ccc2C(=O)Cl)CC1
CCCC(CCC)NC(=O)c1ccc(O)c(N)c1,CCCC(N)CCC.Nc1cc(C(=O)O)ccc1O
COc1cccc(C(C#N)CCCN(C)C)c1,CN(C)CCCCl.COc1cccc(CC#N)c1
Cc1cn(-c2ccc(N)cc2F)c(C)n1,Cc1cn(-c2ccc([N+](=O)[O-])cc2F)c(C)n1.CO
CC(C)(C)N1C(=O)C(NCCCOc2cccc(Cl)c2)=C(c2ccccc2)S1(=O)=O,Oc1cccc(Cl)c1.Cc1ccc(S(=O)(=O)OCCCNC2=C(c3ccccc3)S(=O)(=O)N(C(C)(C)C)C2=O)cc1
CC(N)COc1cccc2ncnc(Nc3ccc(OCc4ccccn4)c(Cl)c3)c12,Fc1cccc2ncnc(Nc3ccc(OCc4ccccn4)c(Cl)c3)c12.CC(N)CO
CCCCOC(=O)CCC(C)=NNC(C)(C)CC,CCC(C)(C)NN.CCCCOC(=O)CCC(C)=O
CCOC(=O)c1c(NC(=O)C=CC(=O)O)sc(C)c1C,O=C1C=CC(=O)O1.CCOC(=O)c1c(N)sc(C)c1C
CC(C)OC(=O)C(C(=O)Nc1ccc(O)cc1)=C1SCS1,CCOOC(=O)C(=O)C(C(=O)OC(C)C)=C1SCS1.Nc1ccc(O)cc1
c1ccc(-c2cccc3ccccc23)cc1,c1ccc(B2OB(c3ccccc3)OB(c3ccccc3)O2)cc1.CC(=O)Oc1cccc2ccccc12
Nc1nccc(Oc2cc(Cl)cc(NC(=O)c3cccc(OC(F)(F)F)c3)c2)c1[N+](=O)[O-],O=C(Cl)c1cccc(OC(F)(F)F)c1.Nc1cc(Cl)cc(Oc2ccnc(N)c2[N+](=O)[O-])c1
Nc1ccc(CN2CCC(CNC(=O)CNC(=O)c3cccc(C(F)(F)F)c3)CC2)cc1,O=C(CNC(=O)c1cccc(C(F)(F)F)c1)NCC1CCN(Cc2ccc([N+](=O)[O-])cc2)CC1.CCO
CC(C)Sc1cc2c(cc1Cl)N(C(=O)Nc1cccnc1)CC2,CC(C)Sc1cc2c(cc1Cl)NCC2.O=C=Nc1cccnc1
CN(C)C1CCN(Cc2cc3nc(-c4c[nH]c(=O)c5ccccc45)nc(N4CCOCC4)c3s2)CC1,CCCC[Sn](CCCC)(CCCC)c1nc(N2CCOCC2)c2sc(CN3CCC(N(C)C)CC3)cc2n1.O=c1[nH]cc(Br)c2ccccc12
CCOC(=O)CCc1ccc(NCCCCCCCCCCCCCCCC(F)(F)F)cc1,FC(F)(F)CCCCCCCCCCCCCCCBr.CCOC(=O)CCc1ccc(N)cc1
CCCCCCCCCCCCCCCCCCCCCCP(c1ccccc1)c1ccccc1,C=CCCCCCCCCCCCCCCCCCCCC.c1ccc(Pc2ccccc2)cc1
CC(C)Oc1ccc(S(C)(=O)=O)cc1C(=O)N1CCc2ccccc2C1,c1ccc2c(c1)CCNC2.CC(C)Oc1ccc(S(C)(=O)=O)cc1C(=O)O
Cc1ccccc1C(=O)OCCOC(=O)NC(CO)C(=O)O,NC(CO)C(=O)O.Cc1ccccc1C(=O)OCCOC(=O)ON1C(=O)CCC1=O
COc1cc2c(cc1OC)C1CC(OC(C)=O)CCC1N=C2c1ccc(O)cc1,COc1cc2c(cc1OC)C1CC(OC(C)=O)CCC1N=C2c1ccc(OC(C)=O)cc1.CC=O
CCCCCCCCC1C=CC(OCc2ccccc2)=C2N=C3CCCC(C)(C)C3=C21,CCCCCCCCBr.CC1(C)CCCC2=NC3=C(OCc4ccccc4)C=CCC3=C21
Cc1cc(Nc2cc3ccccc3c(-c3ccc(F)cc3)n2)n[nH]1,OB(O)c1ccc(F)cc1.Cc1cc(Nc2cc3ccccc3c(Cl)n2)n[nH]1
CC(C)(C)OC(=O)N1CCCC1CNc1cnc(-c2cncc(F)c2)nc1Oc1ccc(N)cc1,CC(C)(C)OC(=O)N1CCCC1CNc1cnc(-c2cncc(F)c2)nc1Oc1ccc(NC(=O)OCc2ccccc2)cc1.CCO
Cc1ccc(-c2ncc[nH]2)cc1NC(=O)c1ccc(OCc2ncccc2N2CCN(C)CC2)cc1,CN1CCNCC1.Cc1ccc(-c2ncc[nH]2)cc1NC(=O)c1ccc(OCc2ncccc2Br)cc1
CC(C)(C)OC(=O)NCCC(O)c1cccc(C#CC2CCCC2)c1,C#CC1CCCC1.CC(C)(C)OC(=O)NCCC(O)c1cccc(Br)c1
O=C1Nc2ccc(OCCCCSc3ccc(Cl)c(Cl)c3)cc2C(C2CCCCC2)(C2CCCCC2)O1,Sc1ccc(Cl)c(Cl)c1.O=C1Nc2ccc(OCCCCCl)cc2C(C2CCCCC2)(C2CCCCC2)O1
N=C(c1cccc(NC(=O)Nc2ccc(S(=O)(=O)NCc3ccc(S(N)(=O)=O)cc3)cc2)c1)N1CCCC1,C1CCNC1.N#Cc1cccc(NC(=O)Nc2ccc(S(=O)(=O)NCc3ccc(S(N)(=O)=O)cc3)cc2)c1
CC(C)NC(=O)CN1CCN(C(=O)c2ccc(-c3cnc4c(c3)N(Cc3cc(Cl)ccc3C(F)(F)F)CCN4)cc2)CC1,O=C(O)c1ccc(-c2cnc3c(c2)N(Cc2cc(Cl)ccc2C(F)(F)F)CCN3)cc1.CC(C)NC(=O)CN1CCNCC1
O=C(O)c1ccc(Cc2ccccc2)c2ccccc12,O=C=O.CC(C)(C)C(=O)Oc1ccc(Cc2ccccc2)c2ccccc12
COc1cccc(C(Oc2ccc3c(cnn3-c3ccc(F)cc3)c2)C(C)NC(=O)c2ccsc2)c1,COc1cccc(C(Oc2ccc3c(cnn3-c3ccc(F)cc3)c2)C(C)N)c1.O=C(O)c1ccsc1
Clc1cccc2nc(CCC#Cc3ccccn3)oc12,C#CCCc1nc2cccc(Cl)c2o1.Brc1ccccn1
CCOC(=O)c1cc2cc(F)ccc2n1CCOc1ccc(C)cn1,Cc1ccc(OCCO)nc1.CCOC(=O)c1cc2cc(F)ccc2[nH]1
CC(C)(C)OC(=O)Nc1ccccc1NC(=O)c1ccc(-c2ncc(CN3CCCCC3)s2)cc1,Clc1ncc(CN2CCCCC2)s1.CC(C)(C)OC(=O)Nc1ccccc1NC(=O)c1ccc(B2OC(C)(C)C(C)(C)O2)cc1
Cc1cnc(N2CCN(C(=O)c3ccc(N4CCOC4=O)cc3N3C(C)CCS3(=O)=O)CC2)c(C)c1,O=C1NCCO1.Cc1cnc(N2CCN(C(=O)c3ccc(Cl)cc3N3C(C)CCS3(=O)=O)CC2)c(C)c1
CC(C)Oc1ccc(S(C)(=O)=O)cc1C(=O)N1CCCc2ccc(C(F)(F)F)cc21,CC(C)Oc1ccc(S(C)(=O)=O)cc1C(=O)O.FC(F)(F)c1ccc2c(c1)NCCC2
COc1cc(CNCCC(C)C)ccc1Oc1ccc(C(N)=O)cn1,CC(C)CCN.COc1cc(C=O)ccc1Oc1ccc(C(N)=O)cn1
Cc1cc(-n2ccc(OCCc3ccccc3)cc2=O)sc1C(=O)NCc1ccccc1,Cc1cc(-n2ccc(O)cc2=O)sc1C(=O)NCc1ccccc1.Cc1ccc(S(=O)(=O)OCCc2ccccc2)cc1
CCN(CCCN1CCC(c2cccc(NC(=O)C(C)C)c2)CC1)C(=O)C(c1ccccc1)c1ccccc1,CCNCCCN1CCC(c2cccc(NC(=O)C(C)C)c2)CC1.O=C(Cl)C(c1ccccc1)c1ccccc1
Cc1cc(F)c(N)c(NC2CCN(C3CCOCC3)CC2)c1,Cc1cc(F)c([N+](=O)[O-])c(NC2CCN(C3CCOCC3)CC2)c1.CCOC(C)=O
CN(c1ccccc1-c1ccc2cnc(Nc3ccc(-c4cccnc4)cc3)nn12)S(C)(=O)=O,Nc1ccc(-c2cccnc2)cc1.CN(c1ccccc1-c1ccc2cnc(O)nn12)S(C)(=O)=O
O=C(NCC1CC1)c1cc2c([nH]c(=O)n2Cc2ccccc2)c(NCc2ccccc2)n1,NCC1CC1.COC(=O)c1cc2c([nH]c(=O)n2Cc2ccccc2)c(NCc2ccccc2)n1
CCOc1cccc(-c2ccc3c(c2)NC(=O)C3=Cc2cc(C(C)C)c(OC)c(C(C)C)c2)c1,COc1c(C(C)C)cc(C=O)cc1C(C)C.CCOc1cccc(-c2ccc3c(c2)NC(=O)C3)c1
COc1ccc(NC(=O)Nc2nc3nc(NCCCN4CCN(C)CC4)ncc3cc2-c2c(Cl)cccc2Cl)cc1,COc1ccc(N=C=O)cc1.CN1CCN(CCCNc2ncc3cc(-c4c(Cl)cccc4Cl)c(N)nc3n2)CC1
CCOC(=O)c1[nH]cc(C(=O)Cc2cccc(F)c2)c1C,CCOC(=O)c1[nH]ccc1C.O=C(Cl)Cc1cccc(F)c1
O=C(NCc1ccncc1)c1cccc(-c2cnc3c(c2)N(Cc2cc(Cl)ccc2C(F)(F)F)CCN3)c1,NCc1ccncc1.O=C(O)c1cccc(-c2cnc3c(c2)N(Cc2cc(Cl)ccc2C(F)(F)F)CCN3)c1
Cc1cc2c(NC(=O)NCc3ccc(C(F)(F)F)cc3)cccc2c(C)n1,Cc1cc2c(N)cccc2c(C)n1.O=C=NCc1ccc(C(F)(F)F)cc1
Cc1cccc(C)c1-c1ccccc1,CC(C)C[Al](CC(C)C)c1ccccc1.CCN(CC)C(=O)Oc1c(C)cccc1C
N#Cc1cc(C2CC2)c2oc(-c3ccc(C(=O)NCC4CCN(c5ccc(C(F)(F)F)cn5)CC4)cc3)nc2c1,N#Cc1cc(Br)c2oc(-c3ccc(C(=O)NCC4CCN(c5ccc(C(F)(F)F)cn5)CC4)cc3)nc2c1.OB(O)C1CC1
CC(=O)OC1CSC(Oc2ccc(C)nc2-c2ccoc2)C(OC(C)=O)C1OC(C)=O,CC(=O)OC1CSC(Oc2ccc(C)nc2I)C(OC(C)=O)C1OC(C)=O.OB(O)c1ccoc1
Cc1cn(-c2ccc(Nc3ncn(Cc4ccc(Cl)cc4)n3)cc2C#N)cn1,Nc1ncn(Cc2ccc(Cl)cc2)n1.Cc1cn(-c2ccc(Br)cc2C#N)cn1
CN(C)CCCN(C)C(=O)Nc1ccc(-c2nnc(CSCCOc3ccccc3)o2)cc1,CNCCCN(C)C.CCOC(=O)Nc1ccc(-c2nnc(CSCCOc3ccccc3)o2)cc1
COc1ccc2c(Cc3ccccc3)nnc(NC3CCN(Cc4ccc5ccccc5c4)CC3)c2c1,NC1CCN(Cc2ccc3ccccc3c2)CC1.COc1ccc2c(Cc3ccccc3)nnc(Cl)c2c1
CC(C)Oc1cc(C(F)(F)F)ccc1C(=O)NC1CCCC1N1CCCC1,NC1CCCC1N1CCCC1.CC(C)Oc1cc(C(F)(F)F)ccc1C(=O)O
CC1(C)OC(=S)Nc2ccc(Br)cc21,COc1ccc(P2(=S)SP(=S)(c3ccc(OC)cc3)S2)cc1.CC1(C)OC(=O)Nc2ccc(Br)cc21
COc1ccccc1-c1nc2cc(NC(=O)OC(C)(C)C)ccn2n1,COc1ccccc1-c1nc2cc(Br)ccn2n1.CC(C)(C)OC(N)=O
NC1Cc2ccc(Cl)cc2NC1=O,NC(Cc1ccc(Cl)cc1[N+](=O)[O-])C(=O)O.CCO
CC(=O)NC1CC(N(C)C(C)C)CCC1N1CCC(N)C1=O,Cl.CC(=O)NC1CC(N(C)C(C)C)CCC1N1CCC(NC(=O)OCc2ccccc2)C1=O
N#Cc1[nH]c(C(=O)NC2CCN(c3ncc(C(=O)O)s3)CC2)c(Cl)c1Cl,COC(=O)c1cnc(N2CCC(NC(=O)c3[nH]c(C#N)c(Cl)c3Cl)CC2)s1.Cc1[nH]c(C(=O)NC2CCN(c3nc(O)c(C#N)s3)CC2)c(Cl)c1Cl
C[C@]12CCC3c4ccc(-c5ccc(F)cc5)cc4CCC3C1CCC2=O,COc1nc(OC)nc(Oc2ccc3c(c2)CCC2C3CC[C@]3(C)C(=O)CCC23)n1.OB(O)c1ccc(F)cc1
O=Cc1cn(Cc2ccc3cc(OCc4ccccc4)ccc3c2)cc1-c1ccccc1,OCc1cn(Cc2ccc3cc(OCc4ccccc4)ccc3c2)cc1-c1ccccc1.C1CCOC1
CN(C(=O)Oc1ccc(-c2ccc(OC(F)(F)F)cc2)cc1)c1ccccc1,OB(O)c1ccc(OC(F)(F)F)cc1.CN(C(=O)Oc1ccc(I)cc1)c1ccccc1
Cc1ccc(S(=O)(=O)C2(CNC(=O)Nc3c(C(C)C)cccc3C(C)C)CCCC2)cc1,CC(C)c1cccc(C(C)C)c1N=C=O.Cc1ccc(S(=O)(=O)C2(CN)CCCC2)cc1
CC(=NNc1ccccn1)c1ccc2ncc(Cc3cc4cccnc4cc3F)n2n1,CC(=O)c1ccc2ncc(Cc3cc4cccnc4cc3F)n2n1.NNc1ccccn1
CSC(=C[N+](=O)[O-])NCCCSc1ncc[nH]1,CSC(=C[N+](=O)[O-])SC.NCCCSc1ncc[nH]1
COc1ccc(-c2cccc(N(C)C)c2)cc1,CCN(CC)C(=O)Oc1cccc(N(C)C)c1.COc1ccc([Mg]Br)cc1
CC(C)Cc1ccc(CCC=O)cc1,CC(C)Cc1ccc(C=O)cc1.COC=CCc1ccc(CC(C)C)cc1
CCOC(=O)c1cnc2cc(C(F)(F)F)ccc2c1Cl,CCOC(=O)c1cnc2cc(C(F)(F)F)ccc2c1O.O=P(Cl)(Cl)Cl
Cc1cc(C)cc(NC(=O)c2cncc(N3CC4CN(C(=O)OC(C)(C)C)CC4C3)c2)c1,Cc1cc(C)cc(N)c1.CC(C)(C)OC(=O)N1CC2CN(c3cncc(C(=O)O)c3)CC2C1
O=[N+]([O-])c1c[nH]c(Cl)n1,Cl.O=[N+]([O-])c1c[nH]c([N+](=O)[O-])n1
COc1ccc(CC(=O)O)cc1-c1ccc(C(F)(F)F)cc1CS(=O)c1ccccc1,COc1ccc(CC(=O)O)cc1-c1ccc(C(F)(F)F)cc1CSc1ccccc1.O=C(OO)c1cccc(Cl)c1
CN1CCC(N(C)C2CCNC2)CC1,CN1CCC(N(C)C2CCN(C(=O)OC(C)(C)C)C2)CC1.ClCCl
O=c1[nH]nc2n1-c1ccc(Cl)cc1C(c1ccccc1F)=CC2,CO.Fc1ccccc1C1=CCc2nnc(Br)n2-c2ccc(Cl)cc21
N#Cc1cc2nc(-c3cccc4[nH]ncc34)nc(N3CCOCC3)c2s1,N#Cc1cc2nc(Cl)nc(N3CCOCC3)c2s1.CC1(C)OB(c2cccc3[nH]ncc23)OC1(C)C
Cc1nc(N2CCCC(Cc3ccc(F)cc3)C2=O)sc1C(=O)NCc1ccccc1,Cc1nc(N2CCCCC2=O)sc1C(=O)NCc1ccccc1.Fc1ccc(CBr)cc1
Nc1nccc(Oc2ccc3c(C(=O)Nc4cccc(C(F)(F)F)c4)cnn3c2)n1,C1CCOC1.Nc1nc(Cl)cc(Oc2ccc3c(C(=O)Nc4cccc(C(F)(F)F)c4)cnn3c2)n1
NS(=O)(=O)c1cccc(C(=O)Cl)c1,O=S(Cl)Cl.NS(=O)(=O)c1cccc(C(=O)O)c1
O=C(O)CC(C(=O)NC1CCCCNC1=O)N1C=CN(c2ccc(-c3ccccc3)cc2)C1,CCO.O=C(CC(C(=O)NC1CCCCNC1=O)N1C=CN(c2ccc(-c3ccccc3)cc2)C1)OCc1ccccc1
CC(C)(C)OC(=O)N1CCN(c2cnc(C(F)(F)F)cn2)CC1,CC(C)(C)OC(=O)N1CCNCC1.FC(F)(F)c1cnc(Cl)cn1
O=C(NCC(F)(F)F)C1(CCCCN2CCN(c3cccc(Oc4ccc(Cl)cc4)n3)CC2)c2ccccc2-c2ccccc21,Clc1ccc(Oc2cccc(N3CCNCC3)n2)cc1.O=C(NCC(F)(F)F)C1(CCCCBr)c2ccccc2-c2ccccc21
CC(=O)Nc1nc2c(Oc3cc(-c4ccc(C(F)(F)F)cc4)nc(CO)n3)cccc2s1,CCCC[Sn](CO)(CCCC)CCCC.CC(=O)Nc1nc2c(Oc3cc(-c4ccc(C(F)(F)F)cc4)nc(Cl)n3)cccc2s1
CCCCCC=CC(=O)NC(CC(C)C)C(=O)OC,COC(=O)C(N)CC(C)C.CCCCCC=CC(=O)O
Cc1cc(C)cc(OC(C)(C)C(=O)OC2CC(C(C)(C)C)C=C3C=CC(C)C(CCC4CC(C(C)(C)C)C(O[SiH](C)C)C(=O)O4)(O[SiH](C)C)C32)c1,Cc1cc(C)cc(OC(C)(C)C(=O)O)c1.CC1C=CC2=CC(C(C)(C)C)CC(O)C2C1(CCC1CC(C(C)(C)C)C(O[SiH](C)C)C(=O)O1)O[SiH](C)C
Cc1cc2nc(-c3n[nH]c(C)c3C(=O)NC3CC3)[nH]c2cc1C,NC1CC1.Cc1cc2nc(-c3n[nH]c(C)c3C(=O)O)[nH]c2cc1C
Cc1ccc(C(=O)N(C)C)cc1I,CNC.Cc1ccc(C(=O)Cl)cc1I
COC(=O)COc1ccc(Cl)c2nc(C(C)C)c(Cc3ccc(-n4cccn4)cc3)c(OC(F)F)c12,FC(F)Cl.COC(=O)COc1ccc(Cl)c2[nH]c(C(C)C)c(Cc3ccc(-n4cccn4)cc3)c(=O)c12
CC(=O)Nc1cc([N+](=O)[O-])ccc1Br,Nc1cc([N+](=O)[O-])ccc1Br.CC(=O)OC(C)=O
Cc1ccccc1N1C(=O)N(CC2CNC(=O)O2)C(=O)C12CCN(C(=O)c1cc(C(F)(F)F)cc(C(F)(F)F)c1)CC2,O=C1NCC(CCl)O1.Cc1ccccc1N1C(=O)NC(=O)C12CCN(C(=O)c1cc(C(F)(F)F)cc(C(F)(F)F)c1)CC2
CN(C)c1ccccc1Nc1cc(-c2ccccc2)ccc1C(=O)O,CN(C)c1ccccc1Nc1cc(-c2ccccc2)ccc1C(=O)OC(C)(C)C.O=C(O)C(F)(F)F
O=C(c1cn(-c2cccc(-c3ccccc3OC(F)(F)F)c2)cn1)c1ccco1,c1ccoc1.CON(C)C(=O)c1cn(-c2cccc(-c3ccccc3OC(F)(F)F)c2)cn1
Cc1ccc(C=O)cc1C,COC(Cl)Cl.Cc1ccccc1C
NCC1Cc2cc(Cl)cc(C3CCCCC3)c2O1,Cl.[N-]=[N+]=NCC1Cc2cc(Cl)cc(C3CCCCC3)c2O1
O=C(Cc1ccc(O)cc1)c1cc(Cl)c(O)cc1O,O=C(O)Cc1ccc(O)cc1.Oc1ccc(Cl)c(O)c1
O=S1(=O)CCC(Oc2ccccc2N2CCNCC2)CC1,C1CNCCN1.O=S1(=O)CCC(Oc2ccccc2Br)CC1
COc1ccccc1Oc1c(NS(=O)(=O)c2ccc(C(C)C)cn2)nc(C2CC2)nc1OCCNS(=O)(=O)C(C)C,CC(C)S(=O)(=O)Cl.COc1ccccc1Oc1c(NS(=O)(=O)c2ccc(C(C)C)cn2)nc(C2CC2)nc1OCCN
COc1cccc(Oc2c(NS(=O)(=O)c3ccc(SC)cc3)cc(C(=O)N3CCOCC3)cc2OCC(O)CO)c1,COc1cccc(Oc2c(NS(=O)(=O)c3ccc(SC)cc3)cc(C(=O)O)cc2OCC(O)CO)c1.C1COCCN1
CS(=O)(=O)c1ccc(-c2nccs2)c(C(=O)N2CCN(c3ccc(C#N)cc3F)CC2)c1,CS(=O)(=O)c1ccc(-c2nccs2)c(C(=O)O)c1.N#Cc1ccc(N2CCNCC2)c(F)c1
NC(=O)c1cnc(-c2cnc3c(Nc4cnc(C(F)(F)F)cn4)ccnc3n2)c(C(F)(F)F)c1,Nc1cnc(C(F)(F)F)cn1.NC(=O)c1cnc(-c2cnc3c(Cl)ccnc3n2)c(C(F)(F)F)c1
CN(C(=S)NN)c1ccccc1,NN.CN(C(=S)Cl)c1ccccc1
O=C(c1ccc(-c2cnc3c(c2)N(C(=O)Cc2ccccc2)CCN3)cc1)N1CCC(N2CCCC2)CC1,O=C(Cc1ccccc1)N1CCNc2ncc(I)cc21.CC1(C)OB(c2ccc(C(=O)N3CCC(N4CCCC4)CC3)cc2)OC1(C)C
CCCCC1CCN(CCCn2c(=O)oc3ccc(F)cc32)CC1,CCCCC1CCNCC1.O=c1oc2ccc(F)cc2n1CCCCl
Cc1ccc(C2(O)CCC3(CC2)OCCO3)cc1,O=C1CCC2(CC1)OCCO2.Cc1ccc(Br)cc1
CC(=O)Nc1ccc(Sc2ccc(C(F)(F)F)cc2Nc2ccnc3nc(C)ccc23)cc1,CC(=O)Nc1ccc(Sc2ccc(C(F)(F)F)cc2N)cc1.Cc1ccc2c(Cl)ccnc2n1
COc1cc2ncnc(Oc3cccc(NC(=O)Nc4ccc(C(F)(F)F)cc4)c3)c2cc1OC,O=C=Nc1ccc(C(F)(F)F)cc1.COc1cc2ncnc(Oc3cccc(N)c3)c2cc1OC
COc1ccc(-c2cc(NC(=O)c3ccc(C(F)(F)F)nc3C)ccc2Cl)nc1,Cc1nc(C(F)(F)F)ccc1C(=O)Nc1ccc(Cl)c(-c2ccc(O)cn2)c1.CI
Nc1ncc(-c2ccc(C(=O)N3CCCC3CN3CCCC3)cc2)nc1OCc1c(F)ccc(F)c1Cl,C1CNC(CN2CCCC2)C1.Nc1ncc(-c2ccc(C(=O)O)cc2)nc1OCc1c(F)ccc(F)c1Cl
CC(=O)c1ccc(-c2cncn2C(C)C)s1,CC(=O)c1ccc(Br)s1.CC(C)n1ccnc1
CC(=O)OC(CCCC(CCCCCCC(=O)O)C(C)=O)COc1ccc(F)cc1,CC(=O)C(CCCCCCC(=O)O)CCCC(O)COc1ccc(F)cc1.CC(=O)OC(C)=O
Cc1cnc(Nc2nc(N[C@@H](C)c3ncc(F)cn3)nc(N3CCOCC3)n2)s1,Cc1cnc(N)s1.C[C@H](Nc1nc(Cl)nc(N2CCOCC2)n1)c1ncc(F)cn1
CN(C)C1CCc2[nH]c3ccc(NC(=O)c4ccc(Cl)nc4)cc3c2C1,O=C(O)c1ccc(Cl)nc1.CN(C)C1CCc2[nH]c3ccc(N)cc3c2C1
O=C(O)c1ccccc1N(CCCl)CCCl,Cl.CCOC(=O)c1ccccc1N(CCCl)CCCl
CCCc1c(C)ncnc1Cl,CCCc1c(C)nc[nH]c1=O.O=P(Cl)(Cl)Cl
O=C(Cc1cccc2ccccc12)c1cccs1,CC(=O)c1cccs1.CC(C)(C)C(=O)Oc1cccc2ccccc12
COc1nc(C(F)(F)F)cc(C)c1C(=O)Cl,O=S(Cl)Cl.COc1nc(C(F)(F)F)cc(C)c1C(=O)O
Cc1csc(CNC(=O)c2sc(-n3ccc(OCc4ccccc4)cc3=O)nc2C)c1,Cc1csc(CN)c1.Cc1nc(-n2ccc(OCc3ccccc3)cc2=O)sc1C(=O)O
COc1ccc(S(=O)(=O)N2CC=CCCC2(C(=O)O)c2cc3ccccc3o2)cc1,COc1ccc(S(=O)(=O)N2CCCCC(COC(C)=O)C2C(=O)O)cc1.COc1ccc(S(=O)(=O)N2CC=CCCC2(C(=O)OC(C)(C)C)c2cc3ccccc3o2)cc1
CCC(=O)Nc1ccc(C2CCN(CCCCCn3ccc4ccccc43)CC2)cc1,CCC(=O)Nc1ccc(C2CCNCC2)cc1.ClCCCCCn1ccc2ccccc21
O=S(=O)(N=C(O)c1ccc(OCCn2ccnc2)cc1)c1ccccc1,NS(=O)(=O)c1ccccc1.O=C(O)c1ccc(OCCn2ccnc2)cc1
COC(=O)c1ccc(-c2cnc(C(=O)CCCCCCc3ccccc3)o2)nc1,CCOC(C)=O.COC(=O)c1ccc(-c2cnc(C(CCCCCCc3ccccc3)O[Si](C)(C)C(C)(C)C)o2)nc1
CS(=O)(=O)NCC(NC(=O)C1(N)CCN(c2ncnc3[nH]ccc23)CC1)c1ccc(Cl)cc1,O=C(O)C(F)(F)F.CC(C)(C)OC(=O)NC1(C(=O)NC(CNS(C)(=O)=O)c2ccc(Cl)cc2)CCN(c2ncnc3[nH]ccc23)CC1
CCOC(=O)C1=CN(C(C)=O)CCc2c1[nH]c1c(C)cccc21,CCOC(=O)C1=CNCCc2c1[nH]c1c(C)cccc21.CC(=O)Cl
COC(=O)COc1ccc(F)c2nc(C(C)C)c(Cc3ccc(-n4cccn4)cc3)c(OC(F)F)c12,FC(F)Cl.COC(=O)COc1ccc(F)c2[nH]c(C(C)C)c(Cc3ccc(-n4cccn4)cc3)c(=O)c12
O=C1Nc2c(Cl)cccc2C1=Cc1[nH]cc2c1CCOC2=O,O=Cc1[nH]cc2c1CCOC2=O.O=C1Cc2cccc(Cl)c2N1
COc1cc(C)c(C(=O)c2c(Cl)cncc2C(F)(F)F)c(OC)c1OC,COc1cc(C)c(C(O)c2c(Cl)cncc2C(F)(F)F)c(OC)c1OC.Cc1ccccc1
Cc1cc(-c2ccc3c(c2)OCO3)cc(-c2cccc(-c3ccc(N)nc3)c2)n1,CC1(C)OB(c2ccc(N)nc2)OC1(C)C.Cc1cc(-c2ccc3c(c2)OCO3)cc(-c2cccc(Br)c2)n1
O=C(Cl)CCc1ccc(F)cc1,O=C(O)CCc1ccc(F)cc1.O=S(Cl)Cl
CCCCCCCCCCCCCCCC(=O)OC(CCCCCCCCCCCCCCC)CC(=O)NCCC(=O)NC(CC(=O)O)C(=O)O,CCCCCCCCCCCCCCCC(=O)OC(CCCCCCCCCCCCCCC)CC(=O)O.NCCC(=O)NC(CC(=O)O)C(=O)O
COC(=O)C1Oc2ccccc2OC(c2ccccn2)C1=O,COC(=O)COc1ccccc1OCC(=O)OC.COC(=O)COc1ccccc1OC(C(=O)OC)c1ccccn1
COc1cc(C(=O)O)ccc1OC(C)=O,COc1cc(C(=O)O)ccc1O.CC(=O)OC(C)=O
CC(=O)N(c1ccccc1)C1CC(C)N(C(=O)c2sc(-c3cnccn3)nc2C)c2ccccc21,O=C(Cl)c1ccco1.CCC1CC(N(C(C)=O)c2ccccc2)c2ccccc2N1C(=O)c1sc(-c2cnccn2)nc1C
C(#Cc1cnc(NCC2CCOCC2)nc1)c1ccccc1,NCC1CCOCC1.CS(=O)(=O)c1ncc(C#Cc2ccccc2)cn1
Clc1cccc(CNC2CC2)c1,O=Cc1cccc(Cl)c1.Clc1cccc(CNC2CC2)c1Cl
NCC1CCN(C(=O)Oc2ccc(Oc3ccc(C(F)(F)F)cn3)cc2)CC1,O=C(Cl)Oc1ccc(Oc2ccc(C(F)(F)F)cn2)cc1.NCC1CCNCC1
Cc1cc(N2CCC(=O)CC2)nn2cnnc12,CC(=O)O.Cc1cc(N2CCC3(CC2)OCCO3)nn2cnnc12
Cc1c(C(=O)NCC(C)C)c2ccc(O)cc2n1C,BrB(Br)Br.COc1ccc2c(C(=O)NCC(C)C)c(C)n(C)c2c1
Nc1cccc2[nH]ccc12,O=[N+]([O-])c1cccc2[nH]ccc12.CCO
CC(=O)Nc1ccc2c(c1)C(=Cc1[nH]c3c(c1C)C(=O)N(CCN1CCOCC1)CC3)C(=O)N2,Cc1c(C=O)[nH]c2c1C(=O)N(CCN1CCOCC1)CC2.CC(=O)Nc1ccc2c(c1)CC(=O)N2
COCN(c1ccncn1)S(=O)(=O)c1cc(Cl)c(Oc2ccc(Cl)cc2-c2cn(C3CCCCO3)nc2[N+](=O)[O-])cc1F,O=[N+]([O-])c1nn(C2CCCCO2)cc1-c1cc(Cl)ccc1O.COCN(c1ccncn1)S(=O)(=O)c1cc(Cl)c(F)cc1F
Cc1csc(S(=O)(=O)Nc2cccc(-c3nc(C(C)(C)C)sc3-c3ccnc(N)n3)c2F)c1,CC(C)(C)c1nc(-c2cccc(N)c2F)c(-c2ccnc(N)n2)s1.Cc1csc(S(=O)(=O)Cl)c1
Cc1cccc(CN(C(=O)CC2CCOCC2)C2CCN(C(=O)OC(C)(C)C)CC2)c1,O=C(O)CC1CCOCC1.Cc1cccc(CNC2CCN(C(=O)OC(C)(C)C)CC2)c1
CNC(=O)c1ccccc1Nc1cc(Nc2cn(C)nc2C)ncc1C(F)(F)F,CNC(=O)c1ccccc1N.Cc1nn(C)cc1Nc1cc(I)c(C(F)(F)F)cn1
CC(C)CC(N)C(=O)N1CC2CCC(NC(=O)C(C3CCCCC3)C3CCCCC3)C2C1,CC(C)CC(C(=O)N1CC2CCC(NC(=O)C(C3CCCCC3)C3CCCCC3)C2C1)N(C(=O)[O-])C(C)(C)C.Cl
COC(=O)C(=O)Nc1ccc(Cl)cc1C,COC(=O)C(=O)Cl.Cc1cc(Cl)ccc1N
Cc1nc2nc(SCc3ccccc3)nn2c(Cl)c1Cl,Cc1nc2nc(SCc3ccccc3)nn2c(O)c1Cl.O=P(Cl)(Cl)Cl
O=C(OCc1ccccc1)N1CCN(N2C(=O)c3ccccc3C2=O)C(=O)C1,CCOC(=O)CN(CCNN1C(=O)c2ccccc2C1=O)C(=O)OCc1ccccc1.c1ccc(Oc2ccccc2)cc1
COc1ccc(P(=O)(C2CCCCC2)C2CCCCC2)cc1,COc1ccc(OC(=O)C(C)(C)C)cc1.O=[PH](C1CCCCC1)C1CCCCC1
CC(=O)Nc1cc(Nc2cc(NC3CC3)n3ncc(C#N)c3n2)ccc1N1CCN(C)CC1,CC(=O)Nc1cc(N)ccc1N1CCN(C)CC1.N#Cc1cnn2c(NC3CC3)cc(Cl)nc12
CNC(=O)Nc1ccc(-c2nc(-c3ccc(N)cc3)nc(N3CC4CCC(C3)O4)n2)cc1,CC1(C)OB(c2ccc(N)cc2)OC1(C)C.CNC(=O)Nc1ccc(-c2nc(Cl)nc(N3CC4CCC(C3)O4)n2)cc1
CCOC(=O)c1cc(-c2c(C#N)ncn2C)cn1CC,CCOC(=O)c1cc(Br)cn1CC.Cn1cnc(C#N)c1
Cn1c(-c2cccc(-c3ccccc3)c2)nc2ccccc21,COc1cccc(-c2ccccc2)c1.Cn1cnc2ccccc21
C=C(CC(C)C)c1sccc1N,CC(=CC(C)C)c1sccc1N.CC(=CC(C)C)c1sccc1N
O=C1Nc2cccc(-c3ccncc3)c2C1=Cc1[nH]c2c(c1CCCN1CCOCC1)CCCC2,O=C1Cc2c(cccc2-c2ccncc2)N1.O=Cc1[nH]c2c(c1CCCN1CCOCC1)CCCC2
CCCCCCCCCCCCCCCCC(OC(=O)C(NC(=O)OCC1c2ccccc2-c2ccccc21)C(C)C)C(=O)O,CCOC(C)=O.CCCCCCCCCCCCCCCCC(OC(=O)C(NC(=O)OCC1c2ccccc2-c2ccccc21)C(C)C)C(=O)OCc1ccccc1
CC(C)(C)[SiH2]OC(C)(C)C1CN(S(=O)(=O)C=Cc2ccc(Cl)s2)CC(=O)N1Cc1cc2cnccc2[nH]1,CC(C)(C)OC(=O)n1c(CN2C(=O)CN(S(=O)(=O)C=Cc3ccc(Cl)s3)CC2C(C)(C)O[SiH2]C(C)(C)C)cc2cnccc21.O=C(O)C(F)(F)F
CS(=O)(=O)c1cc(N)cc(C(F)(F)F)c1,CO.CS(=O)(=O)c1cc([N+](=O)[O-])cc(C(F)(F)F)c1
CC(Cc1ccc(CC2SC(=O)NC2=O)cc1)NCC(O)c1cc(Cl)c(N)c(Cl)c1,CC(=O)Cc1ccc(CC2SC(=O)NC2=O)cc1.NCC(O)c1cc(Cl)c(N)c(Cl)c1
CC1CC(O)c2ncnc(C3CCN(C(=O)OC(C)(C)C)CC3)c21,CC1CC(O)c2ncnc(C3=CCN(C(=O)OC(C)(C)C)CC3)c21.CCOC(C)=O
CCOc1nc(C(C)(C)C)ncc1C1=NC(C)(c2ccc(Cl)cc2)C(C)(c2ccc(Cl)cc2)N1C(=O)N1CCC(CCS(C)(=O)=O)CC1,CCOc1nc(C(C)(C)C)ncc1C1=NC(C)(c2ccc(Cl)cc2)C(C)(c2ccc(Cl)cc2)N1C(=O)Cl.CCOc1cc(C(C)(C)C)ncc1C1=NC(C)(c2ccc(Cl)cc2)C(C)(c2ccc(Cl)cc2)N1C(=O)N1CCC(CCS(C)(=O)=O)CC1
O=Cc1cn(S(=O)(=O)c2ccccc2)c(-c2ccccc2)c1-c1ccccc1,O=S(=O)(c1ccccc1)n1cc(CO)c(-c2ccccc2)c1-c1ccccc1.C[N+]1([O-])CCOCC1
Cc1nccn1Cc1cc(-c2ccc(F)c(C3CC3)c2)cnn1,CC1(C)OB(c2ccc(F)c(C3CC3)c2)OC1(C)C.Cc1nccn1Cc1cc(Cl)cnn1
CCCC1CN2CCC1CC2[C@@H](OCOC)c1ccnc2ccc(-c3ccc(C)cc3)cc12,CCCC1CN2CCC1CC2[C@@H](OCOC)c1ccnc2ccc(OC)cc12.Cc1ccc(B2OCC(C)(C)CO2)cc1
COc1cc(N2CCN(C(=O)Cn3nc(-c4ccc(F)cc4F)c(Cl)c3C)C(C)C2)ccc1Cl,COc1cc(N2CCN(C(=O)Cn3nc(Br)c(Cl)c3C)C(C)C2)ccc1Cl.OB(O)c1ccc(F)cc1F
O=C(Nc1nc2c(s1)CCc1nonc1-2)C12CC3CC(CC1C3)C2,O=C(Cl)C12CC3CC(CC1C3)C2.Nc1nc2c(s1)CCc1nonc1-2
Cn1ccc(C(=O)Cc2cccc3ccccc23)c1,CC(=O)c1ccn(C)c1.CC(C)(C)C(=O)Oc1cccc2ccccc12
O=C(O)c1ccc(OCCCCCCO)cc1,O=C(O)c1ccc(O)cc1.OCCCCCCCl
Cc1nc2ccc(N3CCOCC3)cc2c(-c2ccccc2)c1C(=O)C(F)(F)F,C1COCCN1.Cc1nc2ccc(Br)cc2c(-c2ccccc2)c1C(=O)C(F)(F)F
NC1CCN(CCN2C(=O)COc3ccc(F)cc32)CC1,CC(C)(C)OC(=O)NC1CCN(CCN2C(=O)COc3ccc(F)cc32)CC1.N#Cc1ccc2ccc(=O)n(CCN3CCC(N)CC3)c2c1
CCc1cc(-c2noc(-c3cc(C)c(CC(C)C)cn3)n2)cc(C)c1CCC(=O)NCCNC(=O)OC(C)(C)C,CCc1cc(-c2noc(-c3cc(C)c(CC(C)C)cn3)n2)cc(C)c1CCC(=O)O.CC(C)(C)OC(=O)NCCN
COC(=O)CC(=O)N(Cc1ccc(C(F)(F)F)cc1)n1cc(Br)cc1C(=O)OC,COC(=O)CC(=O)Cl.COC(=O)c1cc(Br)cn1NCc1ccc(C(F)(F)F)cc1
CC(=O)OC1CSC(Oc2ccc(-c3cc4ccccc4o3)nc2)C(OC(C)=O)C1OC(C)=O,OB(O)c1cc2ccccc2o1.CC(=O)OC1CSC(Oc2ccc(Br)nc2)C(OC(C)=O)C1OC(C)=O
O=C(NC1CCNCC1)C(F)(F)F,O=C(NC1CCN(Cc2ccccc2)CC1)C(F)(F)F.CO
CC(=O)c1ccc(S(=O)(=O)Nc2ccccc2)cc1,CC(=O)c1ccc(S(=O)(=O)Cl)cc1.Nc1ccccc1
Nc1ncc(C#Cc2cnn3c(C(F)(F)F)cc(-c4ccc(Cl)cc4)nc23)cc1C(F)(F)F,Nc1ncc(I)cc1C(F)(F)F.C#Cc1cnn2c(C(F)(F)F)cc(-c3ccc(Cl)cc3)nc12
N#Cc1ccc(N2CCCCC2)cc1F,C1CCNCC1.N#Cc1ccc(Br)cc1F
c1cc2cc(-c3cncc(NC4C5CC6CC4CN(C6)C5)c3)ccc2[nH]1,OB(O)c1ccc2[nH]ccc2c1.Brc1cncc(NC2C3CC4CC2CN(C4)C3)c1
Cc1nc2cc(C3=NNC(=O)CC3)ccc2n1CCNCC(O)COc1ccc(CCOCC2CC2)cc1,c1cc(OCC2CO2)ccc1CCOCC1CC1.Cc1nc2cc(C3=NNC(=O)CC3)ccc2n1CCN
COc1ccc(-c2cc3nc(Cl)ccc3c(Cl)n2)cc1,COc1ccc(-c2cc3nc(Cl)ccc3c(O)n2)cc1.O=P(Cl)(Cl)Cl
CCCOC(=O)NC1CCN(C(=O)OC2C3CC4CC(C3)CC2C4)C1,CCCOC(=O)Cl.NC1CCN(C(=O)OC2C3CC4CC(C3)CC2C4)C1
CCCCCc1cc(OC)c2c(c1)OC(C)(C)CC2c1ccncc1,CCCCCc1cc(OC)c2c(c1)OC(C)(C)C=C2c1ccncc1.CCO
Cc1ccc(Oc2ccc(Nc3ncnc4[nH]nc(OCCN5CCC(O)CC5)c34)cc2C)cn1,Cc1ccc(Oc2ccc(Nc3ncnc4[nH]nc(OCCCl)c34)cc2C)cn1.OC1CCNCC1
CC(=O)c1ccc(C(CCC(=O)Oc2ccccc2)NC(=O)OC(C)(C)C)cc1,CC(C)(C)OC(=O)NC(CCC(=O)Oc1ccccc1)C(=O)O.CC(=O)c1ccc(Br)cc1
CC(C)(C)OC(=O)N1CCCC(NC(=O)c2cn(-c3cccc(F)c3)cc2NC(=O)NCC(F)(F)F)C1,CC(C)(C)OC(=O)N1CCCC(NC(=O)c2cn(-c3cccc(F)c3)cc2NC(N)=O)C1.NCC(F)(F)F
CC1CC(CC(=O)Cl)CC(C)(C)C1,CC1CC(CC(=O)O)CC(C)(C)C1.ClP(Cl)Cl
CC(=O)c1ccc(C(Cc2cn(C(=O)OC(C)(C)C)c3ccccc23)NC(=O)OC(C)(C)C)cc1,CC(=O)c1ccc(Br)cc1.CC(C)(C)OC(=O)NC(Cc1cn(C(=O)OC(C)(C)C)c2ccccc12)C(=O)O
O=C(NCc1cn(-c2ccccc2)c2cc(Cl)ccc2c1=O)c1ccnc(N2CCOCC2)c1,NCc1cn(-c2ccccc2)c2cc(Cl)ccc2c1=O.O=C(O)c1ccnc(N2CCOCC2)c1
COc1ccc(/C=C/[C@H](C)c2ccc(Cl)cc2)cc1,C[C@@H](Cl)c1ccc(Cl)cc1.COc1ccc(/C=C/Br)cc1
CC(C)(C)OC(=O)Nc1cc(OC(C)(C)C)c(-c2ccccc2F)cc1[N+](=O)[O-],OB(O)c1ccccc1F.CC(C)(C)OC(=O)Nc1cc(OC(C)(C)C)c(I)cc1[N+](=O)[O-]
COc1cccc(Nc2c(C(N)=O)cnc3c(C)cc(S(=O)(=O)c4cccc(C(=O)N(C)CCOc5ccc(CCN)cc5)c4)cc23)c1,COc1cccc(Nc2c(C(N)=O)cnc3c(C)cc(S(=O)(=O)c4cccc(C(=O)N(C)CCOc5ccc(CCNC(=O)OC(C)(C)C)cc5)c4)cc23)c1.COc1cccc(Nc2c(C(N)=O)cnc3c(C)cc(S(=O)(=O)c4cccc(C(=O)Nc5ccc(CCN)cc5)c4)cc23)c1
CC(C)(C)OC(=O)N1CCN(c2cccc3ccoc23)CC1,CC(C)(C)OC(=O)N1CCNCC1.Brc1cccc2ccoc12
C=C1C(O)C(CO)OC1n1cc(Cl)c(=O)[nH]c1=O,O=c1ccn(C2OC(CO)C(O)C2O)c(=O)[nH]1.O=c1[nH]c(=O)n(C2OC(CO)C(O)C2O)cc1Cl
C(=Cc1nc(COc2ccc(CCCn3cccc3)cc2)co1)c1ccccc1,CS(=O)(=O)OCCCc1ccc(OCc2coc(C=Cc3ccccc3)n2)cc1.c1cc[nH]c1
Cn1c(-c2cccc3ccccc23)nc2ccccc21,COc1cccc2ccccc12.Cn1cnc2ccccc21
NC(=S)Nc1cc(Cl)ccc1N1CCOCC1,S=C=Nc1cc(Cl)ccc1N1CCOCC1.N
O=C1CCCN1S(=O)(=O)c1ccccc1,C[Si](C)(C)N1CCCC1=O.O=S(=O)(Cl)c1ccccc1
COCCN(C)C(=O)c1cccc(COC2CN(C(=O)OC(C)(C)C)CCC2c2ccc(OCCCOCc3ccccc3OC)cc2)c1,COc1ccccc1COCCCOc1ccc(C2CCN(C(=O)OC(C)(C)C)CC2OCc2cccc(C(=O)Cl)c2)cc1.CNCCOC
CCOc1ccc(NC(=O)NCCCN2CCC(c3cccc(NC(=O)C(C)C)c3)CC2)cc1,CC(C)C(=O)Nc1cccc(C2CCN(CCCN)CC2)c1.CCOc1ccc(N=C=O)cc1
CC1(N)CCN(c2nccc(C(F)(F)F)n2)CC1,CC#N.CC1(NC(=O)OCc2ccccc2)CCN(c2nccc(C(F)(F)F)n2)CC1
Cc1cc(C)cc(-c2ccc3ccccc3c2)c1,COc1ccc2ccccc2c1.Cc1cc(C)cc([Mg]Br)c1
Cc1nc(NC(=O)n2ccnc2)sc1-c1ccc(S(C)(=O)=O)c(F)c1,Cc1nc(NC(=O)n2ccnc2)sc1-c1ccc(S(C)(=O)=O)c(-n2ccnc2)c1.Cc1nc(N)sc1-c1ccc(S(C)(=O)=O)c(F)c1
O=C(CCCN1CCN(c2ccc(Oc3ccccc3)cc2)CC1)N1CCCOc2ccccc21,O=C(CCCCl)N1CCCOc2ccccc21.c1ccc(Oc2ccc(N3CCNCC3)cc2)cc1
CN(C)C(=O)Cc1cccc(C(=O)c2ccccc2)c1N,C1CCOC1.CSC(C(=O)N(C)C)c1cccc(C(=O)c2ccccc2)c1N
c1ccc(-c2ccc(-c3ccccc3)cc2)cc1,CCN(CC)C(=O)Oc1ccccc1.CC1(C)COB(c2ccc(-c3ccccc3)cc2)OC1
COC(=O)c1cc(Cl)ccc1NC(=O)COCC(=O)Nc1cc(Br)ccc1C,COC(=O)c1cc(Cl)ccc1NC(=O)COCC(=O)O.Cc1ccc(Br)cc1N
Nc1ccc2c(ccn2CCN2CCCC2)c1,CCO.O=[N+]([O-])c1ccc2c(ccn2CCN2CCCC2)c1
Cc1ccc2c(Nc3cc(OCc4cccc(Br)c4)ccc3Sc3ccc(O)cc3)ccnc2n1,Cc1ccc2c(Cl)ccnc2n1.Nc1cc(OCc2cccc(Br)c2)ccc1Sc1ccc(O)cc1
O=C(O)C=Cc1nn(C2CCCCC2)c(-c2ccc(OCc3ccccc3)cc2)c1-c1ccccc1,COC(=O)C=Cc1nn(C2CCCCC2)c(-c2ccc(OCc3ccccc3)cc2)c1-c1ccccc1.O=C(O)C=Cc1cc(-c2ccc(OCc3ccccc3)cc2)n(C2CCCCC2)n1
CCCNC(=O)c1nc(-c2ccc(C)cc2)c(-c2ccc(C)cc2)n1C,CCCN.Cc1ccc(-c2nc(C(=O)O)n(C)c2-c2ccc(C)cc2)cc1
Cc1ccc(NC(=O)c2ccc3c(c2)OCCO3)cc1NC(=O)c1ccc(Nc2cccc(OC3CCN(C)CC3)c2)nc1,Cc1ccc(NC(=O)c2ccc3c(c2)OCCO3)cc1NC(=O)c1ccc(Cl)nc1.CN1CCC(Oc2cccc(N)c2)CC1
COc1ccc(C=Cc2cc(OC)c(C(C)C)c(OC)c2)cc1,CCOP(=O)(Cc1cc(OC)c(C(C)C)c(OC)c1)OCC.COc1ccc(C=O)cc1
O=C1OC2(CN3CCC2CC3)CN1c1ccc(-c2ccco2)s1,CCCC[Sn](CCCC)(CCCC)c1ccco1.O=C1OC2(CN3CCC2CC3)CN1c1ccc(Br)s1
O=C(NC1(c2cccc(-c3ccc4cc[nH]c4c3)c2)CC1)OCc1ccccc1,CC1(C)OB(c2cccc(C3(NC(=O)OCc4ccccc4)CC3)c2)OC1(C)C.Brc1ccc2cc[nH]c2c1
COc1ccccc1-c1n[nH]c2ncc(-c3cc(F)c(NC4CCC(=O)CC4)c(C(=O)N(C)C)c3)cc12,COc1ccccc1-c1n[nH]c2ncc(-c3cc(F)c(NC4CCC(O)CC4)c(C(=O)N(C)C)c3)cc12.ClCCl
FC(F)(F)c1nnc2ccc(N3CCN(Cc4ccc5cc[nH]c5c4)CC3)nn12,O=Cc1ccc2cc[nH]c2c1.FC(F)(F)c1nnc2ccc(N3CCNCC3)nn12
CCCCCC(CCCC(CCCCCCC(=O)O)C(N)=O)OC=O,O=CO.CCCCCC(O)CCCC(CCCCCCC(=O)O)C(N)=O
CC(C)CN1CCN(c2ccc(Nc3ncc4cc(C(=O)N(C)C)n(C5CCCC5)c4n3)nc2)CC1,CC(C)CBr.CN(C)C(=O)c1cc2cnc(Nc3ccc(N4CCNCC4)cn3)nc2n1C1CCCC1
CC(=O)SCC1CC(COCc2ccccc2)CN(S(=O)(=O)c2ccc3ccccc3c2)C1,O=S(=O)(c1ccc2ccccc2c1)N1CC(CO)CC(COCc2ccccc2)C1.CC(O)=S
CN(C)CCCN(C)c1ccc(NC(=O)Cc2ccc(-n3cnc4cccnc43)cc2Cl)cc1C(F)(F)F,CN(C)CCCN(C)c1ccc(N)cc1C(F)(F)F.O=C(O)Cc1ccc(-n2cnc3cccnc32)cc1Cl
COc1ccc(F)c(-c2cnc(Cl)cn2)c1,O=P(Cl)(Cl)Cl.COc1ccc(F)c(-c2c[nH]c(=O)cn2)c1
CCOC(OCC)C(C)N(Cc1csc2ccccc12)C(=O)C(Cc1ccc(OC(C)(C)C)cc1)NC(=O)CN(C)NC(=O)NCc1ccncc1,CN(CC(=O)O)NC(=O)NCc1ccncc1.CCOC(OCC)C(C)N(Cc1csc2ccccc12)C(=O)C(N)Cc1ccc(OC(C)(C)C)cc1
Cc1c(CCC(=O)O)c(C)n(Cc2cc(-c3ccc(Cl)s3)on2)c1C(=O)NC1CCN(C(C)C)CC1,CO.COC(=O)CCc1c(C)c(C(=O)NC2CCN(C(C)C)CC2)n(Cc2cc(-c3ccc(Cl)s3)on2)c1C
Cc1ccc2c(c1)C(C(=O)Nc1c(Br)cccc1Br)c1ccccc1CO2,Cc1ccc2c(c1)C(C(=O)O)c1ccccc1CO2.Nc1c(Br)cccc1Br
Cc1ccccc1-c1ccc(CCO)cc1,COc1ccc(CCO)cc1.[Li]c1ccccc1C
CCn1ccc(-c2ccc3c(c2)c2cc(-c4ccc(Br)cc4)c(=O)n(C)c2n3C)n1,Cn1c(=O)c(-c2ccc(Br)cc2)cc2c3cc(-c4ccn[nH]4)ccc3n(C)c21.CCI
N#Cc1cn(-c2ccccc2)nc1Nc1ccc(CN2CCS(=O)(=O)CC2)cc1,N#Cc1cn(-c2ccccc2)nc1N.O=S1(=O)CCN(Cc2ccc(I)cc2)CC1
Oc1ccc(CCCl)cc1,Cl.OCCc1ccc(O)cc1
Cc1cc(C)c(S(=O)(=O)N2CCCc3ccccc32)c(C)c1,c1ccc2c(c1)CCCN2.Cc1cc(C)c(S(=O)(=O)Cl)c(C)c1
O=C(Nc1ccc(C(=O)N2CC3CCCN3Cc3ccccc32)cc1)c1ccccc1-c1ccccc1,O=C(O)c1ccc(NC(=O)c2ccccc2-c2ccccc2)cc1.c1ccc2c(c1)CN1CCCC1CN2
O=C(Nc1ccc(OC(F)F)cn1)c1cccc(S(=O)(=O)N2CCCCC2)c1,Nc1ccc(OC(F)F)cn1.O=C(O)c1cccc(S(=O)(=O)N2CCCCC2)c1
COc1ccc(CN(NC(=O)C(CC(C)C)C(CC=Cc2ccccc2)C(=O)NO)S(C)(=O)=O)cc1,COc1ccc(CBr)cc1.COc1ccc(CN(NC(=O)C(CC(C)C)C(CC=Cc2ccccc2)C(=O)NOC2CCCCO2)S(C)(=O)=O)cc1
COC(=O)CC(C)CCO,C1CCOC1.COC(=O)CC(C)CC(=O)O
CN(C)C(=O)N1CCC(c2cc(-c3ccc4cn(Cc5cccnc5)nc4c3)c3c(N)ncnn23)CC1,Nc1ncnn2c(C3CCNCC3)cc(-c3ccc4cn(Cc5cccnc5)nc4c3)c12.CN(C)C(=O)CCl
COc1nc2ccc(Cl)cc2nc1NC(=O)N1CCN(c2ccccc2F)CC1,Fc1ccccc1N1CCNCC1.CCOC(=O)Nc1nc2cc(Cl)ccc2nc1OC
CC(C)(C)c1cc(NC(=O)Nc2ccc(Oc3ccnc4[nH]c(=O)cnc34)cc2F)n(-c2ccccc2)n1,CC(C)(C)c1cc(N=C=O)n(-c2ccccc2)n1.Nc1ccc(Oc2ccnc3[nH]c(=O)cnc23)cc1F
COCCN1C(=O)C(NC(=O)CC(=O)NCC(F)(F)C(F)(F)F)c2ccccc2-c2ccccc21,COCCN1C(=O)C(NC(=O)CC(=O)O)c2ccccc2-c2ccccc21.NCC(F)(F)C(F)(F)F
Nc1ccc(C(=O)NCC(=O)N2CCN(C(=O)c3ccccc3C(F)(F)F)CC2)cc1,CO.O=C(NCC(=O)N1CCN(C(=O)c2ccccc2C(F)(F)F)CC1)c1ccc([N+](=O)[O-])cc1
CC(C)(C)NS(=O)(=O)c1ccc(-c2cccc(-c3nc(-c4ccc(Cl)cc4)cc(C(F)(F)F)n3)c2)s1,FC(F)(F)c1cc(-c2ccc(Cl)cc2)nc(-c2cccc(Br)c2)n1.CC(C)(C)NS(=O)(=O)c1ccc(B2OC(C)(C)C(C)(C)O2)s1
CS(=O)(=O)c1ccc(N2CCOCC2)c(C(=O)N2CCc3cc(C(F)(F)F)ccc3C2)c1,FC(F)(F)c1ccc2c(c1)CCNC2.CS(=O)(=O)c1ccc(N2CCOCC2)c(C(=O)O)c1
CN(C)S(=O)(=O)c1ccc(Br)c(F)c1,CNC.O=S(=O)(Cl)c1ccc(Br)c(F)c1
Cc1cnc(C(=O)c2cn(-c3cccc(-c4ccccc4OC(F)(F)F)c3)cn2)s1,Cc1cncs1.CON(C)C(=O)c1cn(-c2cccc(-c3ccccc3OC(F)(F)F)c2)cn1
CC1(CC2CCN(C(=O)c3cccc(OCCN)c3)CC2)SC(NC2CC3CCC2C3)=NC1=O,CC(C)(C)OC(=O)NCCOc1cccc(C(=O)N2CCC(CC3(C)SC(NC4CC5CCC4C5)=NC3=O)CC2)c1.CC1(CC2CCNCC2)SC(NC2CC3CCC2C3)=NC1=O
CC(CO)N(Cc1cccc(O)c1)c1ccc(F)c(Cl)c1,O=Cc1cccc(O)c1.CC(CO)Nc1ccc(F)c(Cl)c1
OCc1ccc2c(c1)Sc1ccc(F)cc1C=C2,O=C(O)c1ccc2c(c1)Sc1ccc(F)cc1C=C2.O=C(O)c1ccc2c(c1)Sc1ccccc1CC2
CCCc1cc(CCCN2CCN(c3ccccc3F)CC2)n(-c2cccc(Cl)c2)n1,Fc1ccccc1N1CCNCC1.CCCc1cc(CCC=O)n(-c2cccc(Cl)c2)n1
Nc1cccc(OCC(=O)O)c1,O=C(O)COc1cccc([N+](=O)[O-])c1.CO
C=C(C)C(=O)NCC(C)[Si](C)(C)OC,C=C(C)C1=NCC(C)[Si](C)(C)O1.CO
CC(C)(C)C(=O)N1CCN(C(=O)Cn2ccn3c(=O)c(O)c(-c4ncc(Cc5ccc(F)cc5)s4)nc23)CC1,COC(=O)c1nc2[nH]ccn2c(=O)c1OC(C)=O.CC(C)(C)C(=O)N1CCN(C(=O)Cn2ccn3c(=O)c(OCc4ccccc4)c(-c4ncc(Cc5ccc(F)cc5)s4)nc23)CC1
CC(C)CCCCCCCCCCOC(=O)CC(C)CC(C)(C)C,CC(CC(=O)O)CC(C)(C)C.CC(C)CCCCCCCCCCO
COc1cc(OCc2ccccc2)c(Cl)cc1C(=O)Nc1cccc2c1CCN(C)C2,CN1CCc2c(N)cccc2C1.COc1cc(OCc2ccccc2)c(Cl)cc1C(=O)O
CC(C)(C)OC(=O)NCC#Cc1cnc2c(c1)N(Cc1cc(Cl)ccc1Cl)CCN2,Clc1ccc(Cl)c(CN2CCNc3ncc(I)cc32)c1.C#CCNC(=O)OC(C)(C)C
C=Cc1ccc(CN2CCOC(CNC(=O)Nc3ccc(Cl)cc3)C2)cc1,O=C(NCC1CNCCO1)Nc1ccc(Cl)cc1.C=Cc1ccc(CCl)cc1
CS(=O)(=O)Nn1c(=O)[nH]c2cc([N+](=O)[O-])c(N3CCN(c4ccccc4)CC3)cc2c1=O,c1ccc(N2CCNCC2)cc1.CS(=O)(=O)Nn1c(=O)[nH]c2cc([N+](=O)[O-])c(F)cc2c1=O
CC(=O)NC(Cc1ccc(O)cc1)C(=O)NC(C(=O)N1CC(OCc2ccccc2)CC1C(=O)NC(C=O)CC(=NNC(N)=O)OC(C)(C)C)C(C)C,C=CCOC(=O)N1CC(OCc2ccccc2)CC1C(=O)NC(C=O)CC(=NNC(N)=O)OC(C)(C)C.CC(=O)NC(Cc1ccc(O)cc1)C(=O)NC(C(=O)O)C(C)C
COc1cccc(-c2ccc3c(-c4cccc(S(=O)(=O)Nc5nccs5)c4)c(OC)ccc3c2)c1,O=S(=O)(Nc1nccs1)c1cccc(Br)c1.COc1cccc(-c2ccc3c(OB(O)O)c(OC)ccc3c2)c1
O=C(Nc1nc2ccc(Br)cn2n1)c1ccccc1,O=C(Cl)c1ccccc1.Nc1nc2ccc(Br)cn2n1
CC(C)(C)OC(=O)N1CC2CC1CN2c1cccc(C(F)(F)F)c1,FC(F)(F)c1cccc(Br)c1.CC(C)(C)OC(=O)N1C[C@@H]2C[C@H]1CN2
CC(=O)N=C(N(C)N=Cc1ccc(Cl)cc1)N(C)N=Cc1ccc(Cl)cc1,CC(=O)OC(C)=O.CN(N=Cc1ccc(Cl)cc1)C(=N)N(C)N=Cc1ccc(Cl)cc1
COC(=O)NC(=S)Nc1ccc(NC(=O)OC(C)C)cc1NC=O,COC(=O)NC(=S)Nc1ccc(NC(=O)OC(C)C)cc1N.CCCCc1ccc(NC(=S)NC(=O)OC)c(NC=O)c1
COC(=O)CCC(C(N)=O)N1Cc2c(OCc3ccc(CN4C(C)CCCC4C)cc3)cccc2C1=O,COC(=O)CCC(C(N)=O)N1Cc2c(OCc3ccc(CBr)cc3)cccc2C1=O.CC1CCCC(C)N1
COc1ccc(-c2ccc3c4ccccc4n(C)c3c2)cc1,COc1ccc([Al](CC(C)C)CC(C)C)cc1.CCN(CC)C(=O)Oc1ccc2c3ccccc3n(C)c2c1
CCC1(C)CCOS(=O)(=O)N1,CCC(C)CCOS(N)(=O)=O.ClCCl
Cc1ccc(-c2ccc3ccccc3c2)cc1,Cc1ccc([Zn]Br)cc1.COc1ccc2ccccc2c1
CCOC(=O)CCc1ccc(OCc2cnc(-c3ccc(C(F)(F)F)cc3)nc2C2CC2)cc1C,CCOC(=O)CCc1ccc(O)cc1C.FC(F)(F)c1ccc(-c2ncc(CCl)c(C3CC3)n2)cc1
CC(C)(C=O)c1cc(NC(=O)C(C)(C)S(=O)(=O)C2CCOCC2)on1,ClCCl.CC(C)(CO)c1cc(NC(=O)C(C)(C)S(=O)(=O)C2CCOCC2)on1
O=S1CCN(c2nc(N3CCNCC3)nc3c(NCc4cccnc4)ncnc23)CC1,O=S1CCN(c2nc(Cl)nc3c(NCc4cccnc4)ncnc23)CC1.C1CNCCN1
CCOC(=O)CCc1cnn(-c2nc(NC3CCCC3)c3ncn(C4OC(CO)C(O)C4O)c3n2)c1,CO.CCOC(=O)C=Cc1cnn(-c2nc(NC3CCCC3)c3ncn(C4OC(CO)C(O)C4O)c3n2)c1
Clc1cc(-c2cccs2)cc(Cl)c1OCCCCCc1ccco1,BrCCCCCc1ccco1.Oc1c(Cl)cc(-c2cccs2)cc1Cl
Nc1nc(-c2ccco2)c(-c2ccc(=O)n(CCCO)c2)c(-c2ccco2)n1,OCCCI.Nc1nc(-c2ccco2)c(-c2ccc(=O)[nH]c2)c(-c2ccco2)n1
CC(C)OP(=O)(OC(C)C)C1OC(CO)C2OC(C)(C)OC21,CC(=O)OCC1OC(P(=O)(OC(C)C)OC(C)C)C2OC(C)(C)OC12.CO
CCOC(=O)C(C)(O)C(=O)NC1C(=O)N(CCOCc2ccccc2)c2ccccc2-c2ccccc21,NC1C(=O)N(CCOCc2ccccc2)c2ccccc2-c2ccccc21.CCOC(=O)C(C)(O)C(=O)O
COC(=O)c1cncc(-c2ccc(S(C)(=O)=O)cc2)c1,CS(=O)(=O)c1ccc(B(O)O)cc1.COC(=O)c1cncc(Br)c1
Nc1nccn2c(SCC(=O)O)nc(-c3cc4ccccc4[nH]3)c12,CCOC(=O)CSc1nc(-c2cc3ccccc3[nH]2)c2c(N)nccn12.Cl
CC(CO[Si](C)(C)C(C)(C)C)Oc1cc(O)cc(C(=O)Nc2ccn(C)n2)c1,CC(CO[Si](C)(C)C(C)(C)C)Oc1cc(OCc2ccccc2)cc(C(=O)Nc2ccn(C)n2)c1.CO
CCOC(=O)CN(Cc1c(C(=O)OCC)c(Br)c(Br)n1Cc1ccccc1)C(=O)OC(C)(C)C,CCOC(=O)c1c(Br)c(Br)n(Cc2ccccc2)c1CBr.CCOC(=O)CNC(=O)OC(C)(C)C
Cc1cc(Br)ccc1C(=O)N1CCN(c2ncc(C#N)cc2C)CC1,Cc1cc(Br)ccc1C(=O)O.Cc1cc(C#N)cnc1N1CCNCC1
Cn1cnc2cc(-c3ccc4cc[nH]c4c3)cnc21,Cn1cnc2cc(B3OC(C)(C)C(C)(C)O3)cnc21.Clc1ccc2cc[nH]c2c1
CC(=O)Oc1ccc(-c2cnc(-c3ccccc3)nc2Cl)cc1OC(C)=O,CC(=O)Oc1ccc(-c2cnc(-c3ccccc3)[nH]c2=O)cc1OC(C)=O.O=P(Cl)(Cl)Cl
COc1ncc(-c2nc(N3CCOCC3)c3sc(CN4CCN(C(=O)N(C)C)CC4)cc3n2)c(OC)n1,COc1ncc(B2OC(C)(C)C(C)(C)O2)c(OC)n1.CN(C)C(=O)N1CCN(Cc2cc3nc(Cl)nc(N4CCOCC4)c3s2)CC1
CC1(C(=O)c2c[nH]c3ncc(-c4cccc(N5CCOCC5)c4)nc23)CCCCC1,CC1(C)OB(c2cccc(N3CCOCC3)c2)OC1(C)C.CC1(C(=O)c2c[nH]c3ncc(Br)nc23)CCCCC1
O=C(Nc1ccccc1[N+](=O)[O-])c1ccc(Cl)nc1,O=C(Cl)c1ccc(Cl)nc1.Nc1ccccc1[N+](=O)[O-]
Nc1ccc(-c2noc(-c3sccc3Cl)n2)cc1,O=[N+]([O-])c1ccc(-c2noc(-c3sccc3Cl)n2)cc1.CCO
Cc1cc(Nc2cc3ccccc3c(Sc3cccc(F)c3)n2)n[nH]1,Fc1cccc(S)c1.Cc1cc(Nc2cc3ccccc3c(Cl)n2)n[nH]1
CC(C)(C)c1ccc(O)cc1OCC1CC1,C1COCCO1.CC(C)(C)OC(=O)Oc1ccc(C(C)(C)C)c(OCC2CC2)c1
Cl[SiH](Cl)C1[Si](Cl)(Cl)C=C[Si]1(Cl)Cl,C#C.Cl[SiH](Cl)C([SiH](Cl)Cl)[SiH](Cl)Cl
Cc1csc(Oc2ccc(N)c(N(C)C(=O)OC(C)(C)C)c2)c1,CO.Cc1csc(Oc2ccc([N+](=O)[O-])c(N(C)C(=O)OC(C)(C)C)c2)c1
CC(=O)N1N=C(c2cc(F)ccc2F)CC1(CCC(N)CF)c1ccccc1,CC(=O)N1N=C(c2cc(F)ccc2F)CC1(CCC(CF)NCc1ccccc1)c1ccccc1.CO
CN(C)CCCc1ccc2c(n1)-c1sc(-c3ncnn3-c3ccc(F)cc3F)cc1CCO2,CN(C)CC#Cc1ccc2c(n1)-c1sc(-c3ncnn3-c3ccc(F)cc3F)cc1CCO2.CO
CCc1c([N+](=O)[O-])ccc2c1C(=O)C(=O)N2,CCc1cccc2c1C(=O)C(=O)N2.O=[N+]([O-])O
CC(O)(c1cc2cccnc2cc1F)c1cnc2ccc(Cl)nn12,C1CCOC1.O=C(c1cc2cccnc2cc1F)c1cnc2ccc(Cl)nn12
COc1ccc(C(=O)Cc2cccc3cccnc23)cc1,COc1ccc(C(C)=O)cc1.CC(C)(C)C(=O)Oc1cccc2cccnc12
Cc1ccccc1-c1c2ccccc2cc2ccccc12,Cc1ccccc1B(O)O.CC(C)(C)C(=O)Oc1c2ccccc2cc2ccccc12
COc1ccc(Nc2cc(NC(=O)Nc3c(Cl)cccc3Cl)ncn2)cn1,O=C=Nc1c(Cl)cccc1Cl.COc1ccc(Nc2cc(N)ncn2)cn1
O=c1ccc(Br)cn1CCO,O=c1ccc(Br)c[nH]1.OCCI
Fc1cc(Cl)c2nc(Cl)sc2c1-n1nc2c(c1Cl)CCCC2,O=P(Cl)(Cl)Cl.O=c1c2c([nH]n1-c1c(F)cc(Cl)c3nc(Cl)sc13)CCCC2
COc1cc(-c2nc(Cl)c(C(F)(F)F)cc2Cl)ccc1Cl,FC(F)(F)c1cc(Cl)c(Cl)nc1Cl.COc1cc(B(O)O)ccc1Cl
COc1cccc(CC(=O)c2nccn2Cc2cc(Cl)cc(Cl)c2)c1,COc1cccc(CC(O)c2nccn2Cc2cc(Cl)cc(Cl)c2)c1.ClCCl
CC(=O)OC1CCC2(C)C(=CC(=NOCCCn3ccnc3)C3C2CCC2(C)C(OC(C)=O)CCC32)C1,CC(=O)OC1CCC2(C)C(=CC(=NOCCCCl)C3C2CCC2(C)C(OC(C)=O)CCC32)C1.c1c[nH]cn1
CCC(=O)Nc1cccc(C2CCN(CCCCC(=O)c3ccccc3C(F)(F)F)CC2)c1,CCC(=O)Nc1cccc(C2CCNCC2)c1.O=C(CCCCCl)c1ccccc1C(F)(F)F
CC(C)c1ncc(-c2ccc3c(ccn3Cc3ccccc3)c2)n1C,CC(C)c1nccn1C.Brc1ccc2c(ccn2Cc2ccccc2)c1
COC(=O)CCCC(=O)N(CCc1c[nH]c2ccccc12)Cc1ccccc1,c1ccc(CNCCc2c[nH]c3ccccc23)cc1.COC(=O)CCCC(=O)Cl
CCC(C)CNC(=O)c1cccc(CS(=O)(=O)C=C2CN(C(c3ccc(Cl)cc3)c3ccc(Cl)cc3)C2)c1,O=C(O)c1cccc(CS(=O)(=O)C=C2CN(C(c3ccc(Cl)cc3)c3ccc(Cl)cc3)C2)c1.CCC(C)CN
Cc1ccc(SCCCCl)cc1C,Cc1ccc(S)cc1C.ClCCCBr
CCNc1ccc2ccccc2c1N=O,O=Nc1c(O)ccc2ccccc12.CCN
CN1C(=O)c2c(-c3ccccc3)noc2CC1c1ccccc1,O.CNC(=O)c1c(-c2ccccc2)noc1CC(O)c1ccccc1
CCOC(=O)CC(=CNc1ncccc1C)C(=O)OCC,CCOC(=O)CC(C=O)C(=O)OCC.Cc1cccnc1N
OC1(c2ccccn2)CCCC1,Brc1ccccn1.O=C1CCCC1
O=C1NC(=S)SC1=Cc1ccc(CNc2cccc(-c3c(C(=O)c4ccccc4)cnc4c(C(F)(F)F)cccc34)c2)cc1,O=Cc1ccc(C=C2SC(=S)NC2=O)cc1.Nc1cccc(-c2c(C(=O)c3ccccc3)cnc3c(C(F)(F)F)cccc23)c1
O=C(O)CCc1csc2cc(OCCc3ccc4c(n3)NCCC4)ccc12,CC(C)(C)OC(=O)N1CCCc2ccc(CCOc3ccc4c(CCC(=O)O)csc4c3)nc21.C1CCOC1
COc1ccc(Cl)cc1S(=O)(=O)N1CCOc2ncc(C(=O)Nc3ccc(C(=O)O)cc3)cc21,Cl.COc1ccc(Cl)cc1S(=O)(=O)N1CCOc2ncc(C(=O)Nc3ccc(C(=O)OC(C)(C)C)cc3)cc21
CC1CCC(C(=O)n2c3ccccc3n3c(=O)c4ccccc4nc23)CC1,CC1CCC(C(=O)Cl)CC1.O=c1c2ccccc2nc2[nH]c3ccccc3n12
c1ccc(-c2ccc3ccccc3c2)cc1,CC(C)C[Al](CC(C)C)c1ccccc1.CCN(CC)C(=O)Oc1ccc2ccccc2c1
CSc1c(CC(=O)OC(C)(C)C)cc(C)c2c3ccccc3n(S(C)(=O)=O)c12,CSc1c(CC(=O)OC(C)(C)C)cc(C)c2c1[nH]c1ccccc12.CS(=O)(=O)Cl
CC(C)(C)OC(=O)NC1CN(c2ccc([N+](=O)[O-])cc2)C1,CC(C)(C)OC(=O)NC1CNC1.O=[N+]([O-])c1ccc(F)cc1
CCOC(=O)C1=C(C)NN=C(C(=O)O)C1c1cccc([N+](=O)[O-])c1,CCOC(=O)C1=C(C)NN=C(C(=O)OC2(C)CCC(C(C)C)CC2)C1c1cccc([N+](=O)[O-])c1.CCO
Cc1ccc(NC(=O)C(C)C)cc1C1CCN(Cc2ccc(Oc3ccc(F)c(F)c3)cc2)CC1,Cc1ccc(NC(=O)C(C)C)cc1C1CCNCC1.O=Cc1ccc(Oc2ccc(F)c(F)c2)cc1
O=C(Nc1cnc(OCC2CC2)c(-c2ccc(Cl)cc2)c1)c1ccccc1,Nc1cnc(OCC2CC2)c(-c2ccc(Cl)cc2)c1.O=C(O)c1ccccc1
CC1(C)CC(CCN)CC(C)(C)N1,CO.CC1(C)CC(CCNC(=O)OC(C)(C)C)CC(C)(C)N1
CC(C)c1ccc(Nc2nc3ccccc3[nH]2)cc1,Clc1nc2ccccc2[nH]1.CC(C)c1ccc(N)cc1
Nc1ccccc1C1CN(C2CC2)Cc2c(Cl)cc(Cl)cc21,O=S(=O)(O)O.Nc1ccccc1C(O)CN(Cc1ccc(Cl)cc1Cl)C1CC1
NCCCCC1CCN(CCO)CC1,CO.NCCCCC1CCN(CCOCc2ccccc2)CC1
Cc1nc(Cn2cc(C(=O)N3CCC4(CC3)OC(=O)c3cc(F)ccc34)c3ccc(Cl)cc32)c(C)o1,Cc1nc(COS(C)(=O)=O)c(C)o1.O=C1OC2(CCN(C(=O)c3c[nH]c4cc(Cl)ccc34)CC2)c2ccc(F)cc21
COC(=O)CN(C)c1ccc(NC(=O)c2nc(-c3ccccc3)oc2C(F)(F)F)cn1,O=C(O)c1nc(-c2ccccc2)oc1C(F)(F)F.COC(=O)CN(C)c1ccc(N)cn1
CCCCCCCCc1ccc(-c2cnc(C(C)(N)CO)[nH]2)cc1,CCCCCCCCc1ccc(-c2cnc(C3(C)COC(C)(C)N3C(=O)OC(C)(C)C)[nH]2)cc1.CO
O=[N+]([O-])c1ccc(O)c(-c2cncs2)c1,COc1ccc([N+](=O)[O-])cc1-c1cncs1.CN1CCCC1=O
O=CNc1cc(C(=O)c2ccccn2)ccc1OCc1ccccc1,Nc1cc(C(=O)c2ccccn2)ccc1OCc1ccccc1.CCOC=O
COc1ccc(OC)c(N(CCN2CCC(C(=O)c3ccc(F)cc3)CC2)C(=O)c2ccc(NC(C)=O)cc2)c1,COc1ccc(OC)c(N(CCN2CCC(C(=O)c3ccc(F)cc3)CC2)C(=O)c2ccc(N)cc2)c1.CC(=O)OC(C)=O
COC(=O)c1cc(S(=O)(=O)Cl)ccc1C,COC(=O)c1ccccc1C.O=S(=O)(O)Cl
CN(C)CCC1CCCCN1CCN(C)C(=O)N1c2ccccc2C(=O)Nc2cccnc21,CNCCN1CCCCC1CCN(C)C.O=C1Nc2cccnc2N(C(=O)Cl)c2ccccc21
CC(C)C(=O)Nc1cccc(C2CCN(Cc3ccc(-c4ccccc4)s3)CC2)c1,CC(C)C(=O)Nc1cccc(C2CCNCC2)c1.O=Cc1ccc(-c2ccccc2)s1
Cn1c(Nc2cc(CN)c(F)cc2Cl)nc2cc(Cl)c(N3CCC(C(F)(F)F)CC3)cc21,Cn1c(Nc2cc(C#N)c(F)cc2Cl)nc2cc(Cl)c(N3CCC(C(F)(F)F)CC3)cc21.C1CCOC1
CC1(C)C(=O)NC(=O)N1CCNc1nccc(-c2ccc(Sc3ccccc3)s2)n1,CC1(C)C(=O)NC(=O)N1CCNc1nccc(-c2ccc(I)s2)n1.Sc1ccccc1
CC1=C(C(=O)NC(C)(C)C)C(c2ccccc2Cl)C(C(=O)O)=C(COCCn2c(C)nc3ccccc32)N1,CCO.CC1=C(C(=O)NC(C)(C)C)C(c2ccccc2Cl)C(C(=O)OCc2ccccc2)=C(COCCn2c(C)nc3ccccc32)N1
Clc1ccnc(NCc2ccccc2)c1,Clc1ccnc(Cl)c1.NCc1ccccc1
O=C(Nc1ccc(Cl)cc1)NS(=O)(=O)c1cc2ccccc2s1,O=C=Nc1ccc(Cl)cc1.NS(=O)(=O)c1cc2ccccc2s1
COCN(c1cc(Cl)cnc1C(=O)c1c(C)cccc1OC)S(=O)(=O)c1ccc(Cl)c(C)c1,COc1cccc(C)c1C(=O)N(C)OC.COCN(c1cc(Cl)cnc1Br)S(=O)(=O)c1ccc(Cl)c(C)c1
COc1ccc2cc(-c3ccccc3)ccc2c1,CCO[Si](OCC)(OCC)c1ccccc1.COc1ccc2cc(OC(=O)N(C)C)ccc2c1
COC(=O)C(CC(C)C)NC(=O)c1cc2cc(C)ccc2[nH]1,Cc1ccc2[nH]c(C(=O)O)cc2c1.COC(=O)C(N)CC(C)C
CCC1(CC)OC(=O)N(C)c2ccc(Nc3ccc(F)c(F)c3)cc21,CCC1(CC)OC(=O)N(C)c2ccc(N)cc21.OB(O)c1ccc(F)c(F)c1
COc1cc(-c2ccnc3nc(C(F)(F)F)ccc23)ccc1F,FC(F)(F)c1ccc2c(Cl)ccnc2n1.COc1cc(B2OC(C)(C)C(C)(C)O2)ccc1F
CCOC(=S)CC=CCl,CCOC(=S)CC(C(N)=S)C(Cl)(Cl)Cl.O=S(Cl)Cl
Cn1c(-c2ccc3ccc(-c4ccccc4)cc3c2)nc2ccccc21,Cn1cnc2ccccc21.COc1ccc2ccc(-c3ccccc3)cc2c1
CC(C)(C)OC(=O)N1CCNCC1CCO,CC(C)(C)OC(=O)N1CCN(Cc2ccccc2)CC1CCO.CCO
FC(F)(F)c1ccc(N2CCOCC2)cc1,C1COCCN1.CC(C)(C)C(=O)Oc1ccc(C(F)(F)F)cc1
CCOC(=O)c1cnc(Nc2cc(Cl)ccn2)o1,Clc1ccnc(Cl)c1.CCOC(=O)c1cnc(N)o1
CC(=O)N1CCCCc2ccc(N)cc21,CCO.CC(=O)N1CCCCc2ccc([N+](=O)[O-])cc21
CC1CCCN1CC1CCCN1C(=O)c1ccc(-c2csc(S(C)(=O)=O)n2)cc1,COC(=O)c1ccc(-c2csc(S(C)(=O)=O)n2)cc1.CC1CCCN1CC1CCCN1
COC(=O)[C@@H]1C[C@H](F)CN1C(=O)OC(C)(C)C,COC(=O)[C@@H]1C[C@H](O)CN1C(=O)OC(C)(C)C.O=S(=O)(F)c1ccccn1
Cc1ccc(-c2ccccc2)cc1,COc1ccc(-c2ccccc2)cc1.C[Mg]Br
CN(CC(O)c1ccc(O)cc1)C1=NC(=O)C(=Cc2ccc3c(cnn3Cc3ccc(Cl)cc3C(F)(F)F)c2)S1,CSC1NC(=O)C(=Cc2ccc3c(cnn3Cc3ccc(Cl)cc3C(F)(F)F)c2)S1.CNCC(O)c1ccc(O)cc1
Clc1nccc2sccc12,O=P(Cl)(Cl)Cl.O=c1[nH]ccc2sccc12
CN(C)CCOc1ccccc1C=Cc1ccc2ccccc2n1,CN(C)CCCl.Oc1ccccc1C=Cc1ccc2ccccc2n1
c1ccc(-c2ccc3ccccc3c2)cc1,[Li][Zn]([Li])(C)(C)(C)c1ccccc1.COc1ccc2ccccc2c1
Cc1cccc(-c2[nH]c(C3CCNCC3)nc2-c2ccc3c(c2)OCO3)n1,CO.Cc1cccc(-c2[nH]c(C3CCN(C(=O)OCc4ccccc4)CC3)nc2-c2ccc3c(c2)OCO3)n1
CCCOc1ccccc1-c1nc2cc(NC)ccc2c(=O)[nH]1,COC(OC)OC.CCCOc1ccccc1-c1nc2cc(N)ccc2c(=O)[nH]1
O=c1c(Cc2ccccc2)cn2c3c(cc(OCCCO)cc13)Sc1ccc(Br)cc1-2,O=c1c(Cc2ccccc2)cn2c3c(cc(O)cc13)Sc1ccc(Br)cc1-2.OCCCBr
CCc1ccc(CCNC(=O)c2ccc3c(c2)OCO3)cc1,CCc1ccc(CCN)cc1.O=C(O)c1ccc2c(c1)OCO2
Cc1ccc(-c2nc(N)nc3c2nnn3Cc2cccc(COCC3CCCO3)n2)o1,BrCc1cccc(COCC2CCCO2)n1.Cc1ccc(-c2nc(N)nc3nn[nH]c23)o1
CCOC(=O)C(Cc1ccc(N)s1)NC(=O)OC(C)(C)C,CCO.CCOC(=O)C(Cc1ccc([N+](=O)[O-])s1)NC(=O)OC(C)(C)C
O=C(O)C=Cc1ccccc1,COC(=O)C=Cc1ccccc1.O=S(=O)(O)O
Cc1[nH]c(C=C2C(=O)Nc3ccc(-c4ccccc4)cc32)c(C)c1C(=O)NCCCN(C)C,O=C1Cc2cc(-c3ccccc3)ccc2N1.Cc1[nH]c(C=O)c(C)c1C(=O)NCCCN(C)C
CN1C2C=C(c3ccc(C(F)(F)F)cc3)CC1CC2,FC(F)(F)c1ccc(C2=CC3CCC(C2)N3)cc1.CS(C)=O
CC(C)(C)OC(=O)N1CCN(c2cncc(C(F)(F)F)c2)CC1,CC(C)(C)OC(=O)N1CCNCC1.FC(F)(F)c1cncc(Br)c1
Cc1nc2c(OCc3ccccc3F)cccn2c1CCl,Cc1nc2c(OCc3ccccc3F)cccn2c1CO.O=P(Cl)(Cl)Cl
Nc1ccn(C2CC2)n1,O=[N+]([O-])c1ccn(C2CC2)n1.CCO
CCCCn1cccc1C(=O)c1cccc(N)c1,CCCCn1cccc1C(=O)c1cccc([N+](=O)[O-])c1.CO
CC(C)(C)CNCC(C)(C)n1cnc(NC(=O)C(NC(=O)Cc2cc(F)cc(F)c2)c2cccnc2)c1,CC(C)(C)CNCC(C)(C)n1cnc([N+](=O)[O-])c1.O=C(Cc1cc(F)cc(F)c1)NC(C(=O)O)c1cccnc1
Cc1nc(N2CCN(Cc3ccccn3)C2=O)sc1C(=O)O,CCOC(=O)c1sc(N2CCN(Cc3ccccn3)C2=O)nc1C.CCOC(=O)c1sc(N2CCN(Cc3ccc(C(F)(F)F)cc3)C2=O)cc1C
CC(n1ccn(-c2ccc(N3CCN(c4ccc(OCC(F)(F)C(F)F)cc4)CC3)cc2)c1=O)C1(c2ccc(F)cc2F)CO1,O=c1[nH]ccn1-c1ccc(N2CCN(c3ccc(OCC(F)(F)C(F)F)cc3)CC2)cc1.CC(O)C1(c2ccc(F)cc2F)CO1
CCCCNC(=O)N(c1ccc2nc(CCCC)n(Cc3ccc(-c4ccccc4C(=O)O)cc3)c2c1)C1CCCCC1,CCCCNC(=O)N(c1ccc2nc(CCCC)n(Cc3ccc(-c4ccccc4C(=O)OC(C)(C)C)cc3)c2c1)C1CCCCC1.O=C(O)C(F)(F)F
COc1ccc(-c2ccc(C(F)(F)F)cc2)cc1,COc1nc(OC)nc(Oc2ccc(C(F)(F)F)cc2)n1.COc1ccc(B(O)O)cc1
Cc1c(C)c2c(c(C)c1N)CC(C)(CN1CCC(CCO)CC1)O2,OCCC1CCNCC1.Cc1c(C)c2c(c(C)c1N)CC(C)(CBr)O2
CC(=O)Nc1cccc(C2CCN(CCCNC(=O)C3(c4ccc(Cl)cc4)CCC3)CC2)c1,O=C(O)C1(c2ccc(Cl)cc2)CCC1.CC(=O)Nc1cccc(C2CCN(CCCN)CC2)c1
Cc1nc(NCCCCO)c([N+](=O)[O-])c(N2CCc3ccccc3CC2)n1,Cc1nc(Cl)c([N+](=O)[O-])c(N2CCc3ccccc3CC2)n1.NCCCCO
NC(=O)COc1ccc(CN2CCN(c3ccc4nnc(C(F)(F)F)n4n3)CC2)cc1,FC(F)(F)c1nnc2ccc(N3CCNCC3)nn12.NC(=O)COc1ccc(C=O)cc1
CCN(Cc1cc(C(F)(F)F)ccc1-c1cc(CC(=O)OC)ccc1OC)C(=O)C1CC1,O=C(Cl)C1CC1.CCNCc1cc(C(F)(F)F)ccc1-c1cc(CC(=O)OC)ccc1OC
FCc1ccc(-c2ccccc2)cc1,O=S(=O)(F)c1ccc(Cl)cc1.OCc1ccc(-c2ccccc2)cc1
COC(=O)c1ccccc1NC(=O)Nc1cccc(-c2c(C(=O)c3ccccc3)cnc3c(C(F)(F)F)cccc23)c1,COC(=O)c1ccccc1N=C=O.Nc1cccc(-c2c(C(=O)c3ccccc3)cnc3c(C(F)(F)F)cccc23)c1
O=C(O)c1ccc2ccccc2c1,O=C=O.O=C(Oc1ccc2ccccc2c1)C12CC3CC(CC(C3)C1)C2
O=C1CCCC(=O)N1CCCn1c2ccccc2c2nc3ccccc3nc21,O=C1CCCC(=O)O1.NCCCn1c2ccccc2c2nc3ccccc3nc21
CCOc1ccc(CC(C(=O)OC)C(=O)OC)cc1COC(=O)Nc1ccc(C(F)(F)F)cc1,O=C=Nc1ccc(C(F)(F)F)cc1.CCOc1ccc(CC(C(=O)OC)C(=O)OC)cc1CO
CCOP(=O)(Cc1ccc(OCC2(C)CCCCC2)cc1)OCC,CC1(COc2ccc(CBr)cc2)CCCCC1.CCOP(OCC)OCC
COC(=O)c1ccccc1N1CCCCC(CNC(=O)c2sc(-c3ccc(Cl)cc3)nc2C)C1,COC(=O)c1ccccc1F.Cc1nc(-c2ccc(Cl)cc2)sc1C(=O)NCC1CCCCNC1
CN(CCO)c1ccccc1,CCOC(=O)CN(C)c1ccccc1.CCOC(=O)CN(C)c1ccc(C(O)(C(F)(F)F)C(F)(F)F)cc1
CC(C)(C)OC(=O)NCCn1cnc(N)c1,CO.CC(C)(C)OC(=O)NCCn1cnc([N+](=O)[O-])c1
Nc1cc(-n2cnc(Cl)c2)ncn1,N.Clc1cc(-n2cnc(Cl)c2)ncn1
CC(C)NC(=O)n1sc2cc(Cl)ccc2c1=O,CC(C)N=C=O.O=c1[nH]sc2cc(Cl)ccc12
CC(C)(C)c1cc(NC(=O)Oc2ccccc2)n(-c2ccc(=O)[nH]c2)n1,CC(C)(C)c1cc(N)n(-c2ccc(=O)[nH]c2)n1.O=C(Cl)Oc1ccccc1
CC1CC2C3CC(F)C4=CC(=O)C=CC4(C)C3C(O)CC2(C)C1C(=O)C(=O)O,CC1CC2C3CC(F)C4=CC(=O)C=CC4(C)C3C(O)CC2(C)C1C(=O)C=O.OCC(F)(F)F
CCN(CC)CCOc1ccc(Nc2ncc3c(n2)N(C)C(=O)N(C)C3)cc1,CN1Cc2cnc(S(C)(=O)=O)nc2N(C)C1=O.CCN(CC)CCOc1ccc(N)cc1
CCCCCCCCCCCCCCCC(O)C(C)N,NO.CCCCCCCCCCCCCCCC(O)C(C)N(Cc1ccccc1)Cc1ccccc1
CCSc1ncc(C(=O)c2cc(C)ccc2OC)c(N)n1,CCSc1ncc(C(=O)N(C)OC)c(N)n1.COc1ccc(C)cc1Br
CC1=NC(CCc2ccc(Br)cc2)(C(O[SiH](C)C)C(C)(C)C)CO1,CCO.CC1=NC(C=Cc2ccc(Br)cc2)(C(O[SiH](C)C)C(C)(C)C)CO1
CCC(c1ccc(-c2ccc(=O)n(CC)c2)cc1)N1CCC(CC)(c2ccccc2)OC1=O,CCC(c1ccc(Br)cc1)N1CCC(CC)(c2ccccc2)OC1=O.CCn1cc(Br)ccc1=O
COC(=O)c1cc(Cl)ccc1Oc1cccc(OC)c1,COC(=O)c1cc(Cl)ccc1F.COc1cccc(O)c1
CN(C)CCNC(=O)c1c(NC(=O)C2C(C)(C)C2(C)C)sc2c1CCCC2,CCOC(=O)c1c(NC(=O)C2C(C)(C)C2(C)C)sc2c1CCCC2.CN(C)CCN
COc1cc(C(=O)C=Cc2c[nH]c3c(OC)c(O)ccc23)cc(OC)c1OC,COc1c(O)ccc2c(C=O)c[nH]c12.COc1cc(C(C)=O)cc(OC)c1OC
C=CCOC(=O)C1(C(=O)OCC=C)Oc2ccc(CC(C)NCC(O)c3cccc(Cl)c3)cc2O1,CC(=O)O.C=CCOC(=O)C1(C(=O)OCC=C)Oc2ccc(CC(C)N(CC(O)c3cccc(Cl)c3)C(=O)OCC(Cl)(Cl)Cl)cc2O1
N#Cc1cc(NC(=O)C2CCc3ccccc3C2)ccc1N1CCC(O)CC1,N#Cc1cc(N)ccc1N1CCC(O)CC1.O=C(O)C1CCc2ccccc2C1
CC(C)C=C(c1ccccc1N)C(F)(F)F,CO.CC(C)C=C(c1ccccc1[N+](=O)[O-])C(F)(F)F
O=P1(Cl)CCCc2ccccc21,O=P1(O)CCCc2ccccc21.O=S(Cl)Cl
CCOC(=O)C=Cc1cccc(NC(=O)c2cccc(-c3ccc(F)cc3)n2)c1,CCOC(=O)C=Cc1cccc(N)c1.O=C(O)c1cccc(-c2ccc(F)cc2)n1
COc1cc(NC2COC2)ccc1Br,NC1COC1.COc1cc(I)ccc1Br
Cc1ccc(-c2ccc(Cc3ccccc3)cc2)cc1,COc1ccc(Cc2ccccc2)cc1.Cc1ccc([Mg]Br)cc1
O=C1CN(c2ccc(CC3CCCC3)cc2O)S(=O)(=O)N1,CCO.O=C1CN(c2ccc(CC3CCCC3)cc2OCc2ccccc2)S(=O)(=O)N1
COc1cc2c(cc1OC)CC(=O)N(CCCNC1CCc3cc(OC)c(OC)cc3C1)CC2,COc1cc2c(cc1OC)CC(=O)N(CCCN(Cc1ccccc1)C1CCc3cc(OC)c(OC)cc3C1)CC2.CC(=O)O
F[C@H]1C[C@@H](OCc2ccccc2)C1,O[C@H]1C[C@@H](OCc2ccccc2)C1.O=S(=O)(F)C(F)(F)C(F)(F)C(F)(F)C(F)(F)F
CC(=O)c1cc(C)cc(NC(=O)c2nnn[nH]2)c1O,CC(=O)c1cc(C)cc(NC(=O)c2nnnn2Cc2ccccc2)c1O.CC(=O)O
COCCN1CCc2ccc(Nc3ncc(Cl)c(Nc4ccc(N5CCOCC5)cc4S(=O)(=O)N(C)C)n3)cc2CC1,CN(C)S(=O)(=O)c1cc(N2CCOCC2)ccc1Nc1nc(Cl)ncc1Cl.COCCN1CCc2ccc(N)cc2CC1
CC(C)(C)OC(=O)Nc1ccc(N2CCCC2)cc1N,CC(C)(C)OC(=O)Nc1ccc(N2CCCC2)cc1[N+](=O)[O-].CO
O=C(c1ccc([N+](=O)[O-])cc1)N1CCOCC1,C1COCCN1.O=C(O)c1ccc([N+](=O)[O-])cc1
C[C@@H]1CN(c2ccc(S(C)(=O)=O)cc2)CCN1C(=O)OC(C)(C)C,CS(=O)(=O)c1ccc(Br)cc1.C[C@@H]1CNCCN1C(=O)OC(C)(C)C
COc1ccc(C(=O)Cc2ccc3c(c2)CCC2C3CC[C@]3(C)C(=O)CCC23)cc1,CC(C)(C)C(=O)Oc1ccc2c(c1)CCC1C2CC[C@]2(C)C(=O)CCC12.COc1ccc(C(C)=O)cc1
COC(=O)c1nc(Cl)c2cc(OC)c(OC)cc2c1-c1ccncc1,COC(=O)c1[nH]c(=O)c2cc(OC)c(OC)cc2c1-c1ccncc1.O=P(Cl)(Cl)Cl
COc1ccc(N)c(N2CCCCC2)c1,COc1ccc([N+](=O)[O-])c(N2CCCCC2)c1.CO
Cc1sc(COc2ccc(C=CC=CC#N)cc2)nc1-c1ccccc1,CCOP(=O)(CC#N)OCC.Cc1sc(COc2ccc(C=CC=O)cc2)nc1-c1ccccc1
Cc1cnc(N2CCNCC2)s1,C1CNCCN1.Cc1cnc(I)s1
O=C(NC1CCCC1)C1(CCCCN2CCN(c3ccc4ccccc4n3)CC2)c2ccccc2-c2ccccc21,c1ccc2nc(N3CCNCC3)ccc2c1.O=C(NC1CCCC1)C1(CCCCBr)c2ccccc2-c2ccccc21
Cc1ccc(-c2ccc(-n3c4ccccc4c4ccccc43)cc2)cc1,Cc1ccc([Mg]Br)cc1.COc1ccc(-n2c3ccccc3c3ccccc32)cc1
Cc1ccc(NC(=O)C2CCCc3c(OCc4ccccc4)cccc32)nc1,Cc1ccc(N)nc1.O=C(O)C1CCCc2c(OCc3ccccc3)cccc21
COc1ccc(C(=O)Cc2cccc3ccccc23)cc1,COc1ccc(C(C)=O)cc1.CC(C)(C)C(=O)Oc1cccc2ccccc12
COc1cc(C)c(C)cc1NC(=S)N1CCN(c2cccc(O)c2)CC1,COc1cc(C)c(C)cc1NC(=S)Oc1ccccc1.Oc1cccc(N2CCNCC2)c1
CCC1(CC)OC(=O)Nc2ccc(OCCCCS(=O)c3ccc(NC(C)=O)cc3)cc21,CCC1(CC)OC(=O)Nc2ccc(OCCCCSc3ccc(NC(C)=O)cc3)cc21.OO
CC1(C)Cc2c(-c3cc(NC(=O)[C@@H]4CCC[C@@H](NC(=O)OC(C)(C)C)C4)ncc3F)cnn2C1,CC(C)(C)OC(=O)N[C@@H]1CCC[C@@H](C(N)=O)C1.CC1(C)Cc2c(-c3cc(Cl)ncc3F)cnn2C1
CCOC(CN(C(=O)C(Cc1ccc(Cl)cc1)NC(=O)C(CN)NC(=O)OCc1ccccc1)C(C)C)OCC,CCOC(CN(C(=O)C(Cc1ccc(Cl)cc1)NC(=O)C(CNC(=O)OCC1c2ccccc2-c2ccccc21)NC(=O)OCc1ccccc1)C(C)C)OCC.CCNCC
COc1cc(Cl)ccc1C(=O)Cl,COc1cc(Cl)ccc1C(=O)O.O=S(Cl)Cl
COCCCN1C(=O)CCc2ccc(COC3CN(C(=O)OC(C)(C)C)CCC3c3ccc(OCCCCOc4ccccc4OC)cc3)cc21,COCCCN1C(=O)CCc2ccc(CCl)cc21.COc1ccccc1OCCCCOc1ccc(C2CCN(C(=O)OC(C)(C)C)CC2O)cc1
COc1ccc(-c2ccccc2)c2ccccc12,OB(O)c1ccccc1.COc1ccc(OC(=O)OC(C)(C)C)c2ccccc12
CNc1nc(Cl)ccc1[N+](=O)[O-],CN.CN(C)c1nc(Cl)ccc1[N+](=O)[O-]
COc1ccc(-c2ccccc2)cc1,COc1ccc(OC(=O)N(C)C)cc1.OB(O)c1ccccc1
Cc1c(O)c(=O)cc(CC(F)(F)F)n1C,CO.Cc1c(OCc2ccccc2)c(=O)cc(CC(F)(F)F)n1C
Cc1ccc(-c2ccc3ccccc3c2)cc1,Cc1ccc(B2OB(c3ccc(C)cc3)OB(c3ccc(C)cc3)O2)cc1.CCN(CC)C(=O)Oc1ccc2ccccc2c1
Cc1ccc(S(=O)(=O)n2ccc3c(NC4CCCCC4)c(C=O)cnc32)cc1,ClC(Cl)Cl.Cc1ccc(S(=O)(=O)n2ccc3c(NC4CCCCC4)c(CO)cnc32)cc1
CC(C)(C)OC(=O)N1CCN(c2cccc3cc[nH]c23)CC1,Brc1cccc2cc[nH]c12.CC(C)(C)OC(=O)N1CCNCC1
COc1ccnc(C(=O)Nc2cccc(OCc3ccccc3)c2)c1OC(C)=O,COc1ccnc(C(=O)Nc2cccc(OCc3ccccc3)c2)c1O.CC(=O)OC(C)=O
CC(c1ccc2nc(NC(=O)C3CC3)cn2n1)c1nnc2ccccn12,CC(c1ccc2nc(NC(=O)C3CC3)cn2n1)c1nnc2ccc(Br)cn12.NNc1ccccn1
CCS(=O)(=O)c1ccc(NC(=O)OCCc2ccc(B(O)O)cc2C)cc1C#N,CCS(=O)(=O)c1ccc(NC(=O)OCCc2ccc(Br)cc2C)cc1C#N.CCS(=O)(=O)c1ccc(NC(=O)CCCc2ccc(B(O)O)cc2)cc1C#N
CCCCNC(=O)n1sc2ccc(C)cc2c1=O,CCCCN=C=O.Cc1ccc2s[nH]c(=O)c2c1
COCC1COc2cc3ncnc(Nc4cccc(I)c4)c3cc2O1,Nc1cccc(I)c1.COCC1COc2cc3ncnc(Cl)c3cc2O1
N#Cc1cc2c(cc1OCCCN1CCOCC1)NC(=S)CN=C2c1ccccc1Cl,N#Cc1cc2c(cc1OCCCN1CCOCC1)NC(=O)CN=C2c1ccccc1Cl.COc1ccc(P2(=S)SP(=S)(c3ccc(OC)cc3)S2)cc1
CN1CCC2=C(CNC2)C1,CCOC(=O)N1CC2=C(CN(C)CC2)C1.O
O=C1Nc2ccc(Cl)cc2C1=Cc1[nH]cc2c1CCOC2=O,O=Cc1[nH]cc2c1CCOC2=O.O=C1Cc2cc(Cl)ccc2N1
COCC1C(=O)N(Cc2ccc3c(N)ncnc3c2)CCN1C(=O)Nc1ccc(Cl)cc1,O=C=Nc1ccc(Cl)cc1.COCC1NCCN(Cc2ccc3c(N)ncnc3c2)C1=O
COc1ccc(CC(=O)Nc2ccsc2-c2cn(C)cn2)cc1,COc1ccc(CC(=O)O)cc1.Cn1cnc(-c2sccc2N)c1
C1=CCN2C=Cc3ccccc3C2=C1,O=C1CC(CF)CO1.NC1=C2c3ccccc3C=CN2CC=C1
CCCNC(=O)C(C)Cc1ccc2cccc(Cc3ccc(C(=O)NS(=O)(=O)c4ccccc4)cc3OC)c2c1,CCCNC(=O)C(C)Cc1ccc2cccc(Cc3ccc(C(=O)O)cc3OC)c2c1.NS(=O)(=O)c1ccccc1
N#Cc1ccc(-c2ccc3oc(CCN4CCC(O)C4)cc3c2)cc1,OC1CCNC1.CS(=O)(=O)OCCc1cc2cc(-c3ccc(C#N)cc3)ccc2o1
COC(=O)CCCc1ccc(C(=O)CCc2ccccc2)cc1,COC(=O)CCCc1ccc(C(=O)C=Cc2ccccc2)cc1.CO
CC(=O)c1ccc(N2CCN(C(=O)OC(C)(C)C)CC2)cc1,CC(C)(C)OC(=O)N1CCNCC1.CC(=O)c1ccc(Br)cc1
CC(=O)Nc1ccc(CCC(=O)O)cc1,CC(=O)Nc1ccc(C=CC(=O)O)cc1.CO
CCc1cc(-c2cncc(C(=O)NCc3ccccc3)c2)c(C)[nH]c1=O,NCc1ccccc1.CCc1cc(-c2cncc(C(=O)O)c2)c(C)[nH]c1=O
c1ccc(-c2ccc3ccccc3c2)cc1,[Li]c1ccccc1.CC(C)Oc1ccc2ccccc2c1
COC(=O)CC1CC(NC(=O)c2nn(C(C)C)c3ccc(F)cc23)CN1C(=O)OC(C)(C)C,COC(=O)CC1CC(N)CN1C(=O)OC(C)(C)C.CC(C)n1nc(C(=O)O)c2cc(F)ccc21
COc1ccc(Cn2ncc3cc(C=O)ccc32)c(C(F)(F)F)c1,COc1ccc(CBr)c(C(F)(F)F)c1.O=Cc1ccc2[nH]ncc2c1
Fc1ccc(C(CNc2nc3ccccc3[nH]2)c2ccc(F)cc2)cc1,NCC(c1ccc(F)cc1)c1ccc(F)cc1.Clc1nc2ccccc2[nH]1
COc1cc(C(F)(F)F)cc(C(F)(F)F)c1C(=O)NC1CCCCC1NC(C)C,COc1cc(C(F)(F)F)cc(C(F)(F)F)c1C(=O)NC1CCCCC1N.CC(C)=O
O=[N+]([O-])c1cccnc1COc1ccc(Cl)c(Cl)c1,Oc1ccc(Cl)c(Cl)c1.O=[N+]([O-])c1cccnc1CBr
O=[N+]([O-])c1ccc(-n2c(-c3ccc4occc4c3)cnc2-c2ccccc2)cc1,O=[N+]([O-])c1ccc(-n2ccnc2-c2ccccc2)cc1.Brc1ccc2occc2c1
N#Cc1ccc(N(CC(=O)NC2CCCCC2)CC(F)(F)F)cc1C(F)(F)F,NC1CCCCC1.N#Cc1ccc(N(CC(=O)O)CC(F)(F)F)cc1C(F)(F)F
COc1ccc(-c2ccc(S(C)(=O)=O)cc2)cc1C(C)N(C(=O)c1sc2c(F)ccc(F)c2c1Cl)C1CCC(N(C)C(=O)OC(C)(C)C)CC1,COc1ccc(-c2ccc(S(C)(=O)=O)cc2)cc1C(C)NC1CCC(N(C)C(=O)OC(C)(C)C)CC1.O=C(Cl)c1sc2c(F)ccc(F)c2c1Cl
Cc1ccsc1C(=O)Nc1ccc2[nH]c3c(c2c1)CC(N(C)C)CC3,Cc1ccsc1C(=O)O.CN(C)C1CCc2[nH]c3ccc(N)cc3c2C1
COC(=O)c1ccc(NC(=O)Nc2ccccc2-c2ccccc2)c(O)c1,COC(=O)c1ccc(N)c(O)c1.O=C=Nc1ccccc1-c1ccccc1
CS(=O)(=O)c1ccc2c(c1)OC(CN1CCC1)CC2,C1CNC1.Cc1ccc(S(=O)(=O)OCC2CCc3ccc(S(C)(=O)=O)cc3O2)cc1
Cc1cc(Cl)c2cc(Br)c(OCc3ccccc3)cc2n1,Cc1cc(O)c2cc(Br)c(OCc3ccccc3)cc2n1.O=P(Cl)(Cl)Cl
COc1nc(Nc2cc(C)[nH]n2)cc2c(C)cccc12,Cc1cc(Nc2cc3c(C)cccc3c(Cl)n2)n[nH]1.CO
CCC(C(=O)NC1CCC2CN(Cc3ccccc3)CC21)c1ccccc1,CCC(C(=O)O)c1ccccc1.NC1CCC2CN(Cc3ccccc3)CC12
C1=C(N2CCCCC2)c2ccc(-c3ccccc3)cc2CC1,Br[Mg]c1ccccc1.COc1ccc2c(c1)CCC=C2N1CCCCC1
Cc1ccc(-c2ccc(C(F)(F)F)cc2)cc1C,Cc1ccc([Al](CC(C)C)CC(C)C)cc1C.CCN(CC)C(=O)Oc1ccc(C(F)(F)F)cc1
Cc1c(C=C2C(=O)Nc3cccc(-c4cccc(Cl)c4F)c32)[nH]c2c1C(=O)N(CCN1CCCC1)CC2,Cc1c(C=O)[nH]c2c1C(=O)N(CCN1CCCC1)CC2.O=C1Cc2c(cccc2-c2cccc(Cl)c2F)N1
CC(C)C(=O)N1CCN(C(=O)c2cc3cc(C(=O)N4CCN(C(C)C)CC4)ccc3n2-c2ccnc(Cl)c2)CC1,CC(C)C(=O)N1CCN(C(=O)c2cc3cc(C(=O)N4CCN(C(C)C)CC4)ccc3[nH]2)CC1.OB(O)c1ccnc(Cl)c1
Nc1nc(N)c2c(OCC3CCN(C(=O)c4ccccc4F)CC3)cccc2n1,O=C(Cl)c1ccccc1F.Nc1nc(N)c2c(OCC3CCNCC3)cccc2n1
Cc1ccc(NC(=O)Nc2ncc(Sc3nnnn3CC(=O)O)s2)c(C(=O)C2CCCC2)c1,Cc1ccc(NC(=O)Nc2ncc(Br)s2)c(C(=O)C2CCCC2)c1.O=C(O)Cn1nnnc1S
COc1cc(C(=O)NC2CCN(C(=O)CN(C)C)CC2)ccc1Nc1ncc2c(n1)N(C1CCCCC1)CC(F)(F)C(=O)N2C,CN(C)CC(=O)Cl.COc1cc(C(=O)NC2CCNCC2)ccc1Nc1ncc2c(n1)N(C1CCCCC1)CC(F)(F)C(=O)N2C
Cc1ncc(-c2nc(Nc3ccc(CN4CCOCC4)cc3F)ncc2F)n1C1CCOCC1,Fc1cc(CN2CCOCC2)ccc1Br.Cc1ncc(-c2nc(N)ncc2F)n1C1CCOCC1
CCCCc1nc2c(O)cccc2n1Cc1ccc(-c2ccccc2C(=O)O)cc1,CCCCc1nc2c(O)cccc2n1Cc1ccc(-c2ccccc2C(=O)OC(C)(C)C)cc1.O=C(O)C(F)(F)F
O=S(=O)(C=Cc1ccccc1)Nc1ccc(Cl)cc1,O=S(=O)(Cl)C=Cc1ccccc1.Nc1ccc(Cl)cc1
C#CCc1ccc(OC)c(C=O)c1,COc1ccc(C2(C#N)CC2)cc1C=O.C#CCc1ccc(OC)cc1
Cn1c(-c2ccc3cc(-c4cc5ccc6cccc7ccc(c4)c5c67)ccc3c2)nc2ccccc21,Cn1cnc2ccccc21.COc1ccc2cc(-c3cc4ccc5cccc6ccc(c3)c4c56)ccc2c1
CN1CCN(c2ccc(Nc3nc4c(-c5ccc(S(C)(=O)=O)cc5)cc(F)cn4n3)cc2)CC1,CS(=O)(=O)c1ccc(-c2cc(F)cn3nc(N)nc23)cc1.CN1CCN(c2ccc(Br)cc2)CC1
CCCCC=CCCCCCCCC(=O)Nc1ccc(CN(Cc2ccc(C(F)(F)F)cc2)C(=O)C(=O)OCC)cc1,CCCCC=CCCCCCCCC(=O)Cl.CCOC(=O)C(=O)N(Cc1ccc(N)cc1)Cc1ccc(C(F)(F)F)cc1
CCOC(OCC)C(C)N(Cc1cccc2ccccc12)C(=O)C(CC(=O)NC(c1ccccc1)(c1ccccc1)c1ccccc1)NC(=O)CN(C)NC(=O)NCc1cccc2ccccc12,CN(CC(=O)O)NC(=O)NCc1cccc2ccccc12.CCOC(OCC)C(C)N(Cc1cccc2ccccc12)C(=O)C(N)CC(=O)NC(c1ccccc1)(c1ccccc1)c1ccccc1
CNC(=O)c1ccc(-c2ccc(CN3CC(F)CC34CCN(C3CCCCC3)C4=O)cc2)cn1,CCN(CC)S(F)(F)F.CNC(=O)c1ccc(-c2ccc(CN3CC(O)CC34CCN(C3CCCCC3)C4=O)cc2)cn1
Cc1cnc(N2CCN(C(=O)c3ccc(Br)cc3C#N)CC2)c(C)c1,Cc1cnc(N2CCNCC2)c(C)c1.N#Cc1cc(Br)ccc1C(=O)O
CCCCCCC1c2cc(C)c(C)cc2C(=O)N1c1cccnc1,CCO.CCCCCC=C1c2cc(C)c(C)cc2C(=O)N1c1cccnc1
O=CCN1C(=O)c2ccccc2C1=O,Cl.CCOC(CN1C(=O)c2ccccc2C1=O)OCC
Cn1cc(-c2ccncc2)c(-c2ccc(OCc3ccccc3)cc2F)n1,Cn1cc(-c2ccncc2)c(-c2ccc(OCc3ccccc3)cc2)n1.O=C(Cc1ccncc1)c1ccc(OCc2ccccc2)cc1F
c1ccc(-c2ccc(-c3ccc4ccccc4c3)cc2)cc1,[Li][Zn]([Li])(C)(C)(C)c1ccc(-c2ccccc2)cc1.COc1ccc2ccccc2c1
c1cn(-c2nc(NCc3ccc4c(c3)OCCO4)c3c4c(sc3n2)CCCC4)cn1,c1c[nH]cn1.Clc1nc(NCc2ccc3c(c2)OCCO3)c2c3c(sc2n1)CCCC3
NCC(O)CN1CCOCC1,N.C1CN(CC2CO2)CCO1
N#Cc1csc(NC(=O)Cn2c(=O)ccc3cc(C(F)(F)F)ccc32)c1-n1ccnn1,O=C(O)Cn1c(=O)ccc2cc(C(F)(F)F)ccc21.N#Cc1csc(N)c1-n1ccnn1
COCCCN1CCOc2ccc(COC3CN(C(=O)OCc4ccccc4)CCC3c3ccc(COc4ccc5c(c4)OCO5)cc3)cc21,Oc1ccc2c(c1)OCO2.COCCCN1CCOc2ccc(COC3CN(C(=O)OCc4ccccc4)CCC3c3ccc(CCl)cc3)cc21
Cc1cc2c(cc1C=Cc1ccc(C(=O)O)c(C)c1)C(C)(C)CC(=O)C2(C)C,ClCCl.Cc1cc2c(cc1C=Cc1ccc(C(=O)O)c(C)c1)C(C)(C)CC(O)C2(C)C
O=CCCc1ccco1,ClCCl.OCCCc1ccco1
CC(C)(C)OC(=O)N1CCCC1c1ccc(C(F)(F)F)cn1,FC(F)(F)c1ccc(Br)nc1.CC(C)(C)OC(=O)N1CCCC1C(=O)O
Cc1c(C=C2C(=O)Nc3cc(NC(=O)CO)c(F)cc32)[nH]c2c1C(=O)N(CCN1CCCC1)CCC2,Cc1c(C=O)[nH]c2c1C(=O)N(CCN1CCCC1)CCC2.O=C(CO)Nc1cc2c(cc1F)CC(=O)N2
CCc1ccccc1C(=O)c1sc(NCCCNS(=O)(=O)c2cccs2)nc1C,O=S(=O)(Cl)c1cccs1.CCc1ccccc1C(=O)c1sc(NCCCNC(=O)OC(C)(C)C)nc1C
CN(C)c1ccc(-c2ccccc2)cc1,FC(F)(F)Oc1ccccc1.CN(C)c1ccc([Mg]Br)cc1
COc1ccc(-c2ccccc2)cc1,c1ccc(B2OB(c3ccccc3)OB(c3ccccc3)O2)cc1.COc1ccc(OC(=O)N(C)C)cc1
CCOC(=O)C1(c2ccc(-c3ccc(-c4onc(C)c4NC(=O)OC(C)C4CCCCC4)cc3)cc2)CC1,Cc1noc(-c2ccc(Br)cc2)c1NC(=O)OC(C)C1CCCCC1.CCOC(=O)C1(c2ccc(B3OC(C)(C)C(C)(C)O3)cc2)CC1
CC(C)Nc1cccnc1N1CCN(C(=O)c2ccc(C(=O)NC3CC3)cn2)CC1,NC1CC1.COC(=O)c1ccc(C(=O)N2CCN(c3ncccc3NC(C)C)CC2)nc1
O=C(Nc1ccc(C(F)(F)F)cc1)Nc1ccc2nc(NC3CCc4ccccc43)ccc2c1,O=C=Nc1ccc(C(F)(F)F)cc1.Nc1ccc2nc(NC3CCc4ccccc43)ccc2c1
CCCc1c(O)ccc2c(CCc3ccccc3)coc12,C=CCc1c(O)ccc2c(CCc3ccccc3)coc12.COC(C)(C)C
COc1ccc(-c2cc(-c3nc(C)cs3)c(=O)n(C)c2Cl)cc1,COc1ccc(-c2cc(-c3nc(C)cs3)c(=O)n(C)c2O)cc1.O=P(Cl)(Cl)Cl
O=C1NC2(CCN(C(=O)Cc3ccccc3C(F)(F)F)CC2)c2c(Cl)cc(Cl)cc21,O=C(O)Cc1ccccc1C(F)(F)F.O=C1NC2(CCNCC2)c2c(Cl)cc(Cl)cc21
N#Cc1ccc(N(Cc2ccc(Cl)c(Cl)c2)c2cncnc2)cc1,N#Cc1ccc(Nc2cncnc2)cc1.ClCc1ccc(Cl)c(Cl)c1
COc1ccc(NS(=O)(=O)c2cc(Br)c(F)c(F)c2F)cc1O,O=S(=O)(Cl)c1cc(Br)c(F)c(F)c1F.COc1ccc(N)cc1O
NC12CC3CC(C1)CC(C(=O)NC1CCN(CCc4ccc(F)cc4)C1)(C3)C2,NC12CC3CC(C1)CC(C(=O)Cl)(C3)C2.NC1CCN(CCc2ccc(F)cc2)C1
COc1cc2ncnc(N3CCC(n4c(=O)c5cc([N+](=O)[O-])ccc5n(Cc5ccc(F)cc5)c4=O)CC3)c2cc1OC,Fc1ccc(CCl)cc1.COc1cc2ncnc(N3CCC(n4c(=O)[nH]c5ccc([N+](=O)[O-])cc5c4=O)CC3)c2cc1OC
COc1ccc(NC(=O)NCCCN2Cc3ccccc3CC2Cc2ccc(F)cc2)cc1,NCCCN1Cc2ccccc2CC1Cc1ccc(F)cc1.COc1ccc(N=C=O)cc1
NCC1OC(n2ccc(=O)[nH]c2=O)C(O)C1O,CO.[N-]=[N+]=NCC1OC(n2ccc(=O)[nH]c2=O)C(O)C1O
OC(CCl)c1ccccc1,O=Cc1ccccc1.O=C(CCl)c1ccccc1
CCC(CC)(c1ccc(C#CC(O)C(C)(C)C)cc1)c1ccc(OCc2ccccc2)c(C)c1,C#CC(O)C(C)(C)C.CCC(CC)(c1ccc(Br)cc1)c1ccc(OCc2ccccc2)c(C)c1
Cc1cc2c(C(F)(F)F)c(C#N)ccc2n1Cc1noc(-c2cccc(C(F)(F)F)c2)n1,FC(F)(F)c1cccc(-c2nc(CCl)no2)c1.Cc1cc2c(C(F)(F)F)c(C#N)ccc2[nH]1
c1ccc(CNc2nccc(-n3cnc4ccccc43)n2)cc1,CS(=O)(=O)c1nccc(-n2cnc3ccccc32)n1.NCc1ccccc1
O=Cc1c(N2CCNCC2)n(-c2cccc(CO)c2)c2ccccc12,C1CNCCN1.O=Cc1c(Cl)n(-c2cccc(CO)c2)c2ccccc12
OCCCNc1nc(Cl)nc2c1CCC2c1ccc(F)cc1,Fc1ccc(C2CCc3c(Cl)nc(Cl)nc32)cc1.NCCCO
COc1ccc2c(Oc3ccc(Cl)cc3)nc(Nc3cc(C)[nH]n3)cc2c1OC,COc1ccc2c(Cl)nc(Nc3cc(C)[nH]n3)cc2c1OC.Oc1ccc(Cl)cc1
COC(=CC#N)NCCSCc1ncccc1Cl,COC(=CC#N)OC.NCCSCc1ncccc1Cl
CCCC(C)(C=O)NC(=O)C(CC(F)(F)Cc1ccccc1)NC(=O)N1CCOCC1,ClCCl.CCCC(C)(CO)NC(=O)C(CC(F)(F)Cc1ccccc1)NC(=O)N1CCOCC1
CC(C)(C)OC(=O)N1CCCC1c1ccc(F)cn1,Fc1ccc(Cl)nc1.CC(C)(C)OC(=O)N1CCCC1C(=O)O
CCN(Cc1ccccn1)C1CCc2cccc(O)c2C1,CCN(Cc1ccccn1)C1CCc2cccc(OC)c2C1.CS(C)=O
Cc1ccc(-c2ccc3c(-c4ccc(C)cc4)cccc3c2)cc1,COc1ccc2c(OC)cccc2c1.Cc1ccc([Mg]Br)cc1
Cc1c(Cc2ccc(Br)cc2)c(=O)[nH]c2c(Cl)ccc(OCC(=O)OC(C)(C)C)c12,Cc1c(Cc2ccc(Br)cc2)c(=O)[nH]c2c(Cl)ccc(O)c12.CC(C)(C)OC(=O)CBr
O=c1c2ccccc2nc2n(Cc3ccccc3)c3ccccc3n12,O=c1c2ccccc2nc2[nH]c3ccccc3n12.ClCc1ccccc1
CCN(C(=O)C1CCNCC1)C(C)Cc1ccc(OC)cc1,CCN(C(=O)C1CCN(C(=O)OCc2ccccc2)CC1)C(C)Cc1ccc(OC)cc1.CCO
OCc1c(Cl)cncc1Br,O=Cc1c(Cl)cncc1Br.OCc1c(Cl)cncc1Cl
COCCN1CCc2ccc(Nc3ncc(C(F)(F)F)c(NC4C5C=CC(C5)C4C(N)=O)n3)cc2CC1,NC(=O)C1C2C=CC(C2)C1Nc1nc(Cl)ncc1C(F)(F)F.COCCN1CCc2ccc(N)cc2CC1
CCOC(=O)c1sc(C(F)(F)F)c(C#N)c1-c1ccc(-c2ccccc2SC)cc1,COC(=O)c1sc(C(F)(F)F)c(C#N)c1-c1ccc(C(C)(C)C)cc1.CCOC(=O)c1sc(I)c(C#N)c1-c1ccc(-c2ccccc2SC)cc1
COP(=O)(CC1=CC(=O)OC1)OC,COP(OC)OC.O=C1C=C(CBr)CO1
NCCC(=O)N1c2ccccc2C(=O)Nc2cccnc21,CCO.O=C1Nc2cccnc2N(C(=O)CCNCc2ccccc2)c2ccccc21
CC(C)(O)c1ccc(-c2cc(C(N)=O)c(Nc3cccc(CN4CCOCC4C(N)=O)n3)s2)c(F)c1,NC(=O)C1COCCN1Cc1cccc(Br)n1.CC(C)(O)c1ccc(-c2cc(C(N)=O)c(N)s2)c(F)c1
COc1cc(SC2SCC(OC(C)=O)C(OC(C)=O)C2OC(C)=O)cc(OC)c1OC,CC(=O)OC1CSC(Br)C(OC(C)=O)C1OC(C)=O.COc1cc(S)cc(OC)c1OC
Cc1cc(C(=O)O)c(C=C2C(=O)Nc3cccc(-c4ccncc4)c32)[nH]1,O=C1Cc2c(cccc2-c2ccncc2)N1.Cc1cc(C(=O)O)c(C=O)[nH]1
CCOC(=O)CN1CCC(NC(=O)N2C(c3cnc(C(C)(C)C)cc3OCC)=NC(C)(c3ccc(Cl)cc3)C2(C)c2ccc(Cl)cc2)CC1,CCOc1cc(C(C)(C)C)ncc1C1=NC(C)(c2ccc(Cl)cc2)C(C)(c2ccc(Cl)cc2)N1C(=O)NC1CCNCC1.CCOC(=O)CBr
COC1CN(C(=O)c2cccc3c2nc(C(=O)NC2CCN(C(C)C)CC2)n3CCc2ccc(Cl)cc2)C1,COC1CNC1.CC(C)N1CCC(NC(=O)c2nc3c(C(=O)O)cccc3n2CCc2ccc(Cl)cc2)CC1
CCN1C(=O)CCCc2ccc(Nc3ncc(Cl)c(Nc4ccc(CC#N)cc4)n3)cc21,CCN1C(=O)CCCc2ccc(N)cc21.N#CCc1ccc(Nc2nc(Cl)ncc2Cl)cc1
COc1nc(N)nc(Cl)c1OC(F)F,CO.Nc1nc(F)c(OC(F)F)c(Cl)n1
COc1cc(Nc2ncc3c(n2)O[C@H](c2ccccc2)CN(C)C3)ccc1-n1cnc(C)c1,CN1Cc2cnc(Cl)nc2O[C@H](c2ccccc2)C1.COc1cc(N)ccc1-n1cnc(C)c1
CCOC(=O)c1cnc2ccc(F)cc2c1O,Nc1ccc(F)cc1.CCOC(=O)c1cnc2ccccc2c1O
O=Cc1cccc2c1ccn2Cc1cccs1,O=Cc1cccc2[nH]ccc12.CS(=O)(=O)OCc1cccs1
O=C(Cl)c1cc([N+](=O)[O-])ccc1Cl,O=C(Cl)C(=O)Cl.O=C(O)c1cc([N+](=O)[O-])ccc1Cl
CNC(=O)c1ccc(N2CCC(CC3CCN(C(C)C)CC3)CC2)cn1,CC(C)N1CCC(CC2CCN(c3ccc(C(=O)OC(C)(C)C)nc3)CC2)CC1.CN
CCOC(=O)c1nc(C#N)c2c(c1O)c(Br)c(Br)n2Cc1ccccc1,CCOC(=O)c1nc(Br)c2c(c1O)c(Br)c(Br)n2Cc1ccccc1.N#C[Cu]
CCN(Cc1ccc(OC)cc1-c1cc(CC(=O)OC)ccc1OC)C(=O)C1CC1,O=C(Cl)C1CC1.CCNCc1ccc(OC)cc1-c1cc(CC(=O)OC)ccc1OC
O=C(Cl)c1c(Cl)ccc2c1OCCO2,O=C(O)c1c(Cl)ccc2c1OCCO2.O=S(Cl)Cl
COC(=O)c1ccc(-c2nc(NCc3ccccc3)c3cc(C(F)(F)F)sc3n2)cc1,NCc1ccccc1.COC(=O)c1ccc(-c2nc(Cl)c3cc(C(F)(F)F)sc3n2)cc1
Cc1nnc(-c2cccnc2N2CCNCC2)o1,C1CNCCN1.Cc1nnc(-c2cccnc2Cl)o1
N#CCCOC(=O)CC(=O)COCC(F)(F)F,N#CCCO.CCOC(=O)CC(=O)COCC(F)(F)F
Cc1cc(-c2ccc(C(C)N3CCC(CC(C)(C)O)(c4ccc(F)cc4)OC3=O)cc2)cc(C)n1,CC(c1ccc(B2OC(C)(C)C(C)(C)O2)cc1)N1CCC(CC(C)(C)O)(c2ccc(F)cc2)OC1=O.Cc1cc(Br)cc(C)n1
O=c1[nH]cc(-c2ccncc2)cc1CO,O=c1ccc(-c2ccncc2)c[nH]1.C=O
COC(C)c1oc(C)cc(=O)c1OCc1ccccc1,COCc1oc(C)cc(=O)c1OCc1ccccc1.Cc1cc(=O)c(OCc2ccccc2)c(C(C)O)o1
COc1nc2cc(F)ccc2nc1NC(=O)N1CCN(c2ccc(Cl)cc2)CC1,Clc1ccc(N2CCNCC2)cc1.CCOC(=O)Nc1nc2ccc(F)cc2nc1OC
Cc1cc(C)c(N2CCN(C(=O)c3ccc(Br)nc3)CC2)cc1C,Cc1cc(C)c(N2CCNCC2)cc1C.O=C(O)c1ccc(Br)nc1
c1ccc(-c2ccc3ccccc3c2)cc1,[Li][Zn]([Li])(C)(C)(C)c1ccccc1.CC(C)(C)[Si](C)(C)Oc1ccc2ccccc2c1
COc1ncc(Nc2ncccc2-c2nc(C)nc(N)n2)cc1F,O=C(O)C(F)(F)F.COc1ccc(CN(Cc2ccc(OC)cc2)c2nc(C)nc(-c3cccnc3Nc3cnc(OC)c(F)c3)n2)cc1
Nc1nc(C#CCC2CCN(C(=O)Oc3ccccc3Cl)CC2)nc2c1ncn2C1OC(CO)C(O)C1O,Nc1nc(I)nc2c1ncn2C1OC(CO)C(O)C1O.C#CCC1CCN(C(=O)Oc2ccccc2Cl)CC1
Cc1cccc2c1CCc1ccccc1C2CCCN(C)C,O=[Pt].Cc1cccc2c1CCc1ccccc1C2=CCCN(C)C
CN1CCN(CCCOc2ccc(N)cc2)CC1,CCO.CN1CCN(CCCOc2ccc([N+](=O)[O-])cc2)CC1
O=C(Nc1nc(CC(=O)N2CCN(CC(=O)N3CCCC3)CC2)cs1)c1ccc(Cl)s1,O=C(O)c1ccc(Cl)s1.Nc1nc(CC(=O)N2CCN(CC(=O)N3CCCC3)CC2)cs1
CCOC(=O)c1cnn(-c2c(Cl)cc(C(F)(F)F)cc2Cl)c1,CCOC(=O)c1cnn(-c2c(Cl)cc(C(F)(F)F)cc2Cl)c1N.OP(O)O
COc1cc(N(CC(C)C)c2cc(C(F)(F)F)ccc2F)cnc1C(=O)[C@H]1C[C@@H]1C(=O)O,CCOC(=O)C1CC1C(=O)c1ncc(Br)cc1OC.CC(C)CNc1cc(C(F)(F)F)ccc1F
O=C(NCc1ccccc1)c1ccc2ccccc2c1,CC(C)(C)C(=O)Oc1ccc2ccccc2c1.O=C=NCc1ccccc1
Cc1nc(C#Cc2ccnc(Cl)c2)cn1CC(F)(F)F,Cc1nc(I)cn1CC(F)(F)F.C[Si](C)(C)C#Cc1ccnc(Cl)c1
CC12CC(=O)C3C(CCC4CC(=O)CCC43C)C1CCC2C(=O)CBr,CC(C)=O.CC12CC(=O)C3C(CCC4CC(O)CCC43C)C1CCC2C(=O)CBr
c1nc2ccc(-c3ccc4cc[nH]c4c3)cn2n1,Clc1ccc2cc[nH]c2c1.CC1(C)OB(c2ccc3ncnn3c2)OC1(C)C
Cc1ccc(N)cc1C(=O)c1ccc(Nc2cccc(Cl)c2)cc1Cl,Cc1ccc(N)cc1C(=O)c1ccc(Nc2ccc(C(F)(F)F)cc2)cc1Cl.Cc1ccc([N+](=O)[O-])cc1C(=O)c1ccc(Nc2cccc(Cl)c2)cc1Cl
CCOC(=O)C1(CCN2C(=O)c3ccccc3C2=O)CCN(S(=O)(=O)c2ccc(C)cc2)c2ccccc2C1=O,O=C1c2ccccc2C(=O)N1CCBr.CCOC(=O)C1CCN(S(=O)(=O)c2ccc(C)cc2)c2ccccc2C1=O
Cc1cccc(-c2ocnc2C(=O)Nc2cnn(Cc3nc(C(C)(F)F)cs3)n2)c1,Cc1cccc(-c2ocnc2C(=O)O)c1.CC(F)(F)c1csc(Cn2ncc(N)n2)n1
O=C(Nc1nc2cccc(NC3CCCCC3)n2n1)c1ccccc1,NC1CCCCC1.O=C(Nc1nc2cccc(Cl)n2n1)c1ccccc1
CN(C(=O)On1cc(C#Cc2ccccc2)cn1)c1ccccc1,CN(C(=O)Cl)c1ccccc1.On1cc(C#Cc2ccccc2)cn1
Cc1oc2c([N+](=O)[O-])cccc2c1CCl,Cc1oc2c([N+](=O)[O-])cccc2c1CO.O=S(Cl)Cl
C=C(CC(C)(C)C)CC(C)(C)C,CC(C)(C)CC(=O)CC(C)(C)C.C1CC1
Cc1cc(C)c(C=CC2OCC(C)(C)CO2)c(C(O)c2ccccc2)c1,Cc1cc(C)c(C=CC2OCC(C)(C)CO2)c(Br)c1.O=Cc1ccccc1
Nc1ccc(S(=O)(=O)NCCCCC(NC(=O)OCC2c3ccccc3-c3ccccc32)C(=O)O)cc1,O=C(NC(CCCCNS(=O)(=O)c1ccc([N+](=O)[O-])cc1)C(=O)O)OCC1c2ccccc2-c2ccccc21.CCOC(C)=O
Cc1cc2c(NCCc3ccc4c(c3)OCO4)nc(-c3ccncc3)nc2s1,Cc1cc2c(Cl)nc(-c3ccncc3)nc2s1.NCCc1ccc2c(c1)OCO2
CCC(CC)CN(NC(=O)C(CC(C)C)C(CC=Cc1ccccc1)C(=O)NOCc1ccccc1)C(=O)Cn1ccnn1,CCC(CC)CNNC(=O)C(CC(C)C)C(CC=Cc1ccccc1)C(=O)NOCc1ccccc1.O=C(O)Cn1ccnn1
Cc1nc(Nc2sc(-c3c(F)cc(C(C)(C)O)cc3F)cc2C(N)=O)ccc1-c1nc(CCO)no1,CC(C)(O)c1cc(F)c(-c2cc(C(N)=O)c(N)s2)c(F)c1.Cc1nc(Cl)ccc1-c1nc(CCO)no1
Cc1nc[nH]c1C=C1C(=O)Nc2ncnc(Cl)c21,Cc1nc[nH]c1C=O.O=C1Cc2c(Cl)ncnc2N1
COC(C(=O)O)c1ccc(O)cc1F,COC(C(=O)O)c1ccc(OCc2ccccc2)cc1F.CCO
C#Cc1cc(S(=O)(=O)CCC)ccc1C,C#Cc1cc(Cl)ccc1OC(C(=O)[O-])C(C)(C)C.CCCS(=O)(=O)c1ccc(C)c(C#C[Si](C)(C)C)c1
COC(=O)c1ccc(N2CCCC2)cc1OCCCNC(=O)OC(C)(C)C,COC(=O)c1ccc(F)cc1OCCCNC(=O)OC(C)(C)C.C1CCNC1
CC(C)(C)C=Cc1ccc(Cn2c(=O)n(O)c(=O)c3sccc32)cn1,O=c1c2sccc2n(Cc2ccc(Cl)nc2)c(=O)n1O.CC(C)(C)C=CB(O)O
CCCN(C)C(=O)c1cc(C=O)cc(C(=O)OCC)c1,CCCN(C)C(=O)c1cc(CO)cc(C(=O)OCC)c1.ClCCl
O=C1COc2ccccc2OC1,ClCCl.OC1COc2ccccc2OC1
Clc1ccc2c(c1)CCC2Nc1nc2ccccc2[nH]1,NC1CCc2cc(Cl)ccc21.Clc1nc2ccccc2[nH]1
CC1=C(C)SC2CCCCC2S1,SC1CCCCC1S.CC(=O)C(C)Cl
C=Cc1cc2c(cc1Cl)N(C(=O)Nc1cccnc1)CC2,C=Cc1cc2c(cc1Cl)NCC2.O=C=Nc1cccnc1
CN(c1cc(C(=O)Nc2ccc3[nH]ncc3c2)ncn1)C1CCCCC1,CN(c1cc(C(=O)O)ncn1)C1CCCCC1.Nc1ccc2[nH]ncc2c1
COc1cc(Br)c(O)c(N)c1C(=O)O,COc1cc(Br)c(O)c([N+](=O)[O-])c1C(=O)O.CCO
CC(C)OC(=O)N1CCCC(Oc2ccn(-c3ccc(S(C)(=O)=O)cc3)c(=O)c2)CC1,CC(C)(C)OC(=O)N1CCCC(Oc2ccn(-c3ccc(S(C)(=O)=O)cc3)c(=O)c2)CC1.CC(C)(C)OC(=O)N1CCC(Oc2ccn(-c3ccc(S(C)(=O)=O)cc3)c(=O)c2)CC1
CC(C)(C)OC(=O)Nc1cc(N2CCCC2)c(C#N)cc1NC(=O)CC(=O)c1cccc(-n2nncc2COC2CCCCO2)c1,CC(C)(C)OC(=O)CC(=O)c1cccc(-n2nncc2COC2CCCCO2)c1.CC(C)(C)OC(=O)Nc1cc(N2CCCC2)c(C#N)cc1N
NC1CCCCC1OCC1CC1,CC(C)(C)OC(=O)NC1CCCCC1OCC1CC1.Cl
CC(=O)Nc1ccc(NCC2CCOCC2)c(N)c1,CCOC(C)=O.CC(=O)Nc1ccc(NCC2CCOCC2)c([N+](=O)[O-])c1
CC(C)(C)[Si](C)(C)OCCc1ccc(-c2ccc3ccccc3c2)cc1,[Li][Zn]([Li])(C)(C)(C)c1ccc(CCO[Si](C)(C)C(C)(C)C)cc1.COc1ccc2ccccc2c1
O=C(Nc1cccc(-c2c(C(=O)c3ccccc3)cnc3c(C(F)(F)F)cccc23)c1)Nc1ccccc1I,Nc1cccc(-c2c(C(=O)c3ccccc3)cnc3c(C(F)(F)F)cccc23)c1.O=C=Nc1ccccc1I
CCCCCCCCCCCCCCCCCC(=O)NC1CCCCC1OC(=O)CCNC(=O)C1OC(C)(C)OCC1(C)C,CC1(C)OCC(C)(C)C(C(=O)NCCC(=O)O)O1.CCCCCCCCCCCCCCCCCC(=O)NC1CCCCC1O
C=CCOCCOc1ccc(OC)cc1CN(C(C)=O)c1cc(F)ccc1Oc1ccccc1,C=CCOCCOc1ccc(OC)cc1CBr.CC(=O)Nc1cc(F)ccc1Oc1ccccc1
N#Cc1ccc(-c2ccc(CCCC(=O)NO)cc2)cc1,N#Cc1ccc(-c2ccc(CCCC(=O)NOCc3ccccc3)cc2)cc1.O=C(CCCOc1cccc(-c2ccc(F)cc2)c1)NOCc1ccccc1
NC(Cc1c[nH]c2ccccc12)c1n[nH]c(=O)o1,C1CCOC1.O=C(NC(Cc1c[nH]c2ccccc12)c1n[nH]c(=O)o1)OCc1ccccc1
COc1ccc2c(Nc3ccc(Cl)cc3F)c(C#N)cnc2c1,Nc1ccc(Cl)cc1F.COc1ccc2c(Cl)c(C#N)cnc2c1
COc1ccc2c(-c3csc4ccccc34)nc(Nc3cc(C)[nH]n3)cc2c1,OB(O)c1csc2ccccc12.COc1ccc2c(Cl)nc(Nc3cc(C)[nH]n3)cc2c1
O=C(O)c1ccc(Cn2ccc3ncc(C#CCn4ccnc4)cc3c2=O)cc1,O=C(O)C(F)(F)F.CC(C)(C)OC(=O)c1ccc(Cn2ccc3ncc(C#CCn4ccnc4)cc3c2=O)cc1
CCN(Cc1ccccc1)C(=O)CN(c1ccc(N)nc1)S(=O)(=O)c1ccc(C(C)(C)C)cc1,CC(C)(C)c1ccc(S(=O)(=O)N(CC(=O)O)c2ccc(N)nc2)cc1.CCNCc1ccccc1
Cc1c(I)ccc(N=C2SCC3(CCCC3)N2C2CCCC2)c1C,BrC1CCCC1.Cc1c(I)ccc(N=C2NC3(CCCC3)CS2)c1C
CCCn1c(=O)c2ccc(NC(=O)CC3CCCC3)cc2n1Cc1ccc(C(=O)OC)cc1OC,C=CCn1c(=O)c2ccc(NC(=O)CC3CCCC3)cc2n1Cc1ccc(C(=O)OC)cc1OC.CCOC(C)=O
COc1c(C(C)C)cc(C=C2C(=O)Nc3cc(C(F)(F)F)ccc32)cc1C(C)C,COc1c(C(C)C)cc(C=O)cc1C(C)C.O=C1Cc2ccc(C(F)(F)F)cc2N1
CCC(CC)(NC(=O)c1cccc(-c2cccc(Cl)c2)n1)C(=O)N(C)C,CCC(N)(CC)C(=O)N(C)C.O=C(O)c1cccc(-c2cccc(Cl)c2)n1
CC(=O)Nc1ccc(O)nc1,CC(=O)Nc1ccc(OCc2ccccc2)nc1.CCO
O=C1Nc2ccc(OCCCCSc3ccc(Cl)cc3)cc2CO1,O=C1Nc2ccc(O)cc2CO1.ClCCCCSc1ccc(Cl)cc1
CCCCc1cn(C(C)(C)C)sc1=NC(=O)C1CC(=O)N(c2ccccc2)C1,O=C(O)C1CC(=O)N(c2ccccc2)C1.CCCCc1cn(C(C)(C)C)sc1=N
CNc1cc(Oc2c(F)c(F)c(F)c(F)c2F)ccc1N,CO.CNc1cc(Oc2c(F)c(F)c(F)c(F)c2F)ccc1[N+](=O)[O-]
Nc1ccc(OC2CCC2)nc1,O=[N+]([O-])c1ccc(OC2CCC2)nc1.CO
O=C(Nc1nc2cc(Cl)cc(NC3CC3)n2n1)c1cccnc1,NC1CC1.O=C(Nc1nc2cc(Cl)cc(Cl)n2n1)c1cccnc1
O=C(C1CC2(CCN(c3cccnc3)CC2)C1)N1CCN(C2CCC2)CC1,O=C(C1CC2(CCNCC2)C1)N1CCN(C2CCC2)CC1.Brc1cccnc1
COc1cc(Nc2ccc3c(n2)O[C@@H](c2ccccc2)CN(C)C3)ccc1-n1cnc(C)c1,COc1cc(N)ccc1-n1cnc(C)c1.CN1Cc2ccc(Cl)nc2O[C@@H](c2ccccc2)C1
N#Cc1ccc2c(c1)C(O)(c1cccc3c1OCO3)C(=O)N2,N#Cc1ccc2c(c1)C(=O)C(=O)N2.Brc1cccc2c1OCO2
CC1(C)OCC2OCC=CC2O1,ClCCl.C=CCOC1COC(C)(C)OC1C=C
O=C(O)c1cc(F)c(F)c(Cl)c1Cl,O.NC(=O)c1cc(F)c(F)c(Cl)c1Cl
Cc1c(Cl)cc(C(=O)C=[N+]=[N-])cc1S(N)(=O)=O,C=[N+]=[N-].Cc1c(Cl)cc(C(=O)Cl)cc1S(N)(=O)=O
COc1ccccc1COCCCOc1ccc(C2CCN(C(=O)OC(C)(C)C)CC2OCCOc2c(C)cccc2CCNC(C)=O)cc1,COc1ccccc1COCCCOc1ccc(C2CCN(C(=O)OC(C)(C)C)CC2OCCOS(=O)(=O)c2ccc(C)cc2)cc1.CC(=O)NCCc1cccc(C)c1O
COc1ccc(NS(=O)(=O)c2c(C)cc(C)cc2C)cc1,Cc1cc(C)c(S(=O)(=O)Cl)c(C)c1.COc1ccc(N)cc1
O=C(c1ccncc1)c1cc(Cl)ccc1NS(=O)(=O)c1ccc(C(F)(F)F)cc1,Nc1ccc(Cl)cc1C(=O)c1ccncc1.O=S(=O)(Cl)c1ccc(C(F)(F)F)cc1
Cc1nn(-c2cccc(C(F)(F)F)c2)c(C(C)C)c1C(=O)N1CCC(N2CCCC2)CC1,C1CCN(C2CCNCC2)C1.Cc1nn(-c2cccc(C(F)(F)F)c2)c(C(C)C)c1C(=O)O
CC(C)(C)CNCC1COc2c(Cl)cc(S(C)(=O)=O)cc2O1,Cc1ccc(S(=O)(=O)OCC2COc3c(Cl)cc(S(C)(=O)=O)cc3O2)cc1.CC(C)(C)CN
CC(C)C(=O)Nc1cccc(C2CCN(CCCCCCO)CC2)c1,OCCCCCCCl.CC(C)C(=O)Nc1cccc(C2CCNCC2)c1
CCCCc1nc2ccc(N(Cc3ccccc3)C(=O)NC)cc2n1Cc1ccc(-c2ccccc2C(=O)O)cc1,O=C(O)C(F)(F)F.CCCCc1nc2ccc(N(Cc3ccccc3)C(=O)NC)cc2n1Cc1ccc(-c2ccccc2C(=O)OC(C)(C)C)cc1
O=c1cc(C2CCNC(c3ccccc3)C2)o[nH]1,COC(=O)N1CCC(c2cc(=O)[nH]o2)CC1c1ccccc1.Br
O=C(O)c1cnc(OCCCCCO)c(Br)c1,OCCCCCO.O=C(O)c1cnc(Cl)c(Br)c1
O=C(NCCN1CCc2cc(F)ccc21)C(CC1CCCCC1)Nc1nc2ccccc2o1,NCCN1CCc2cc(F)ccc21.O=C(O)C(CC1CCCCC1)Nc1nc2ccccc2o1
O=C(COCC1CCCCN1S(=O)(=O)c1ccc(Br)cc1)N1CCC(CCN2CCCC2)CC1,C1CCN(CCC2CCNCC2)C1.O=C(O)COCC1CCCCN1S(=O)(=O)c1ccc(Br)cc1
C=CCN(C(=O)OCc1ccc([N+](=O)[O-])cc1)C1CCN(CC2CC(NS(C)(=O)=O)CC2c2ccccc2)CC1,C=CCN(C(=O)OCc1ccc([N+](=O)[O-])cc1)C1CCN(CC2CC(NC(=O)OC(C)(C)C)CC2c2ccccc2)CC1.CS(=O)(=O)Cl
Nc1ncnn2c(C3CCN(C(=O)CN4CCC(F)(F)C4)C3)cc(-c3ccc4cn(Cc5ccccc5)nc4c3)c12,FC1(F)CCNC1.Nc1ncnn2c(C3CCN(C(=O)CCl)C3)cc(-c3ccc4cn(Cc5ccccc5)nc4c3)c12
O=C(O)C(CCCCN(Cc1ccc(F)cc1)S(=O)(=O)c1ccc(Br)cc1)NS(=O)(=O)c1ccc(Br)cc1,Fc1ccc(CBr)cc1.O=C(O)C(CCCCNS(=O)(=O)c1ccc(Br)cc1)NS(=O)(=O)c1ccc(Br)cc1
COC(=O)c1cnc(CO)n1C,CO.COC(=O)c1cncn1C
CCCOCC(CCCC(CCCc1ccc(C(=O)OCC)cc1)C(C)=O)OC(C)=O,CCCOCC(CCCC(CCCc1ccc(C(=O)OCC)cc1)(C(C)=O)C(=O)OC(C)(C)C)OC(C)=O.CCCCCC(CCCC(CCCc1ccc(C(=O)OCC)cc1)C(C)=O)OC(C)=O
COC(=O)C1CCN(C2=NC(=O)C(=Cc3ccc4c(cnn4Cc4ccc(C(F)(F)F)cc4C(F)(F)F)c3)S2)CC1,CCSC1=NC(=O)C(=Cc2ccc3c(cnn3Cc3ccc(C(F)(F)F)cc3C(F)(F)F)c2)S1.COC(=O)C1CCNCC1
COc1ccc(-c2ccc(S(C)(=O)=O)cc2)cc1CN(C(=O)c1sc2c(F)ccc(F)c2c1Cl)C1CCC(N(C)C(=O)OC(C)(C)C)CC1,O=C(Cl)c1sc2c(F)ccc(F)c2c1Cl.COc1ccc(-c2ccc(S(C)(=O)=O)cc2)cc1CNC1CCC(N(C)C(=O)OC(C)(C)C)CC1
CCOC(=O)CCCCCOc1c(C=O)oc(COC(=O)C(C)(C)C)cc1=O,CCOC(=O)CCCCCOc1c(CO)oc(COC(=O)C(C)(C)C)cc1=O.CC(C)=O
CCCC1(c2ccc(F)cc2)N=C(C)N(CC(=O)c2ccc(NC(=O)Cc3c(C)noc3C)cc2F)C1=O,CCCC1(c2ccc(F)cc2)N=C(C)N(CC(=O)c2ccc(N)cc2F)C1=O.Cc1noc(C)c1CC(=O)O
O=C(Nc1ccncc1)C1=C(O)CCn2c1nc1ccccc12,CCOC(=O)C1=C(O)CCn2c1nc1ccccc12.Nc1ccncc1
O=CNc1ccc(Cl)cc1,O=CO.Nc1ccc(Cl)cc1
N#Cc1ccc(N2CCCCC2)c(C(F)(F)F)c1,N#Cc1ccc(Br)c(C(F)(F)F)c1.C1CCNCC1
Cc1nc(C(=O)N2C(CNC(=O)c3cccc4c3OCO4)CC3CC32)c(-c2cccc(F)c2)s1,O=C(O)c1cccc2c1OCO2.Cc1nc(C(=O)N2C(CN)CC3CC32)c(-c2cccc(F)c2)s1
CN(C)C(=O)Cn1cc(C(=O)N2CCN(c3ccccc3F)CC2)c2ccc(Cl)cc21,O=C(c1c[nH]c2cc(Cl)ccc12)N1CCN(c2ccccc2F)CC1.CN(C)C(=O)CCl
CCOC(=O)c1ccc(-c2ccc(C(C)=O)cc2)cc1,COc1nc(OC)nc(Oc2ccc(C(C)=O)cc2)n1.CCOC(=O)c1ccc(B(O)O)cc1
Cn1ncc(C(N)=O)c1-c1ccco1,O=S(=O)(O)O.Cn1ncc(C#N)c1-c1ccco1
CC(C)(C(=O)NCC(F)(F)C(F)(F)F)C(=O)NC1C(=O)N(CC2CC2)c2ccccc2-c2ccccc21,NC1C(=O)N(CC2CC2)c2ccccc2-c2ccccc21.CC(C)(C(=O)O)C(=O)NCC(F)(F)C(F)(F)F
CCCC(=O)c1cnc2ccccc2c1Cl,O=P(Cl)(Cl)Cl.CCCC(=O)c1c[nH]c2ccccc2c1=O
CN1CCN(C2CCN(C(=O)Cc3csc(NC(=O)c4ccc(Cl)s4)n3)CC2)CC1,O=C(O)Cc1csc(NC(=O)c2ccc(Cl)s2)n1.CN1CCN(C2CCNCC2)CC1
O=P(c1ccccc1)(C1CCCCC1)C1CCCCC1,CC(C)(C)C(=O)Oc1ccccc1.O=[PH](C1CCCCC1)C1CCCCC1
O=C(O)c1ccccc1-c1ccc(Cn2c(-c3ccccc3)nc3ccccc32)cc1,CC(C)(C)OC(=O)c1ccccc1-c1ccc(Cn2c(-c3ccccc3)nc3ccccc32)cc1.O=C(O)C(F)(F)F
CCCCNc1cc(OC)c(O)cc1[N+](=O)[O-],CO.CCCCNc1cc2c(cc1[N+](=O)[O-])OCO2
Cc1cc(-c2cccc(C(=O)CC(=O)Nc3cc(Cl)c(C)cc3NC(=O)OC(C)(C)C)c2)ccn1,Cc1cc(NC(=O)OC(C)(C)C)c(N)cc1Cl.Cc1cc(-c2cccc(C(=O)CC(=O)OC(C)(C)C)c2)ccn1
Oc1nnc(Cl)c(-c2ccc(Cl)cc2)c1-c1ccc(Cl)cc1,C1CCOC1.Clc1ccc(-c2c(Cl)nnc(Cl)c2-c2ccc(Cl)cc2)cc1
CC(=O)Nc1cc(Nc2cc(Nc3cn(C)cn3)n3ncc(C#N)c3n2)ccc1C,Cn1cnc(Nc2cc(Cl)nc3c(C#N)cnn23)c1.CC(=O)Nc1cc(N)ccc1C
COc1ccc(CC2c3cc(OC)c(OC)cc3CCCN2C(C(=O)NCCNC(C)=O)c2ccccc2)cc1OC,CC(=O)NCCN.COc1ccc(CC2c3cc(OC)c(OC)cc3CCCN2C(C(=O)O)c2ccccc2)cc1OC
CCN(CC)CCN1C(=O)C(O)(c2ccccc2Cl)c2c1cc(C#CCCC(=O)NCCO)cc2C(F)(F)F,C#CCCC(=O)NCCO.CCN(CC)CCN1C(=O)C(O)(c2ccccc2Cl)c2c1cc(I)cc2C(F)(F)F
O=C(NCC1CN(Cc2ccc(Cl)c(Cl)c2)CCO1)Nc1cccc(Br)c1,NCC1CN(Cc2ccc(Cl)c(Cl)c2)CCO1.O=C=Nc1cccc(Br)c1
Cc1nc2ccc3c(=O)c(-c4ccc(C5(N)CCC5)cc4)c(-c4ccccc4)oc3c2[nH]1,NC1(c2ccc(-c3c(-c4ccccc4)oc4c(ccc5[nH]ncc54)c3=O)cc2)CCC1.Cc1nc2ccc3c(=O)c(-c4ccc(C5(NC(=O)OC(C)(C)C)CCC5)cc4)c(-c4ccccc4)oc3c2[nH]1
Cn1c(-c2ccc3ccccc3c2)nc2ccccc21,CN(C)C(=O)Oc1ccc2ccccc2c1.Cn1cnc2ccccc21
CC(=O)OC(=O)C(F)(F)F,O=C(OC(=O)C(F)(F)F)C(F)(F)F.CC(=O)OC(C)=O
CC(C)(C)OC(=O)NCCOc1c(Cl)ccc2c1CCN(C(=O)C(F)(F)F)CC2,O=C(N1CCc2ccc(Cl)c(O)c2CC1)C(F)(F)F.CC(C)(C)OC(=O)NCCO
COC(=O)c1ccc(F)c(C2CCC3(CC2)OCCO3)n1,COC(=O)c1ccc(F)c(C2=CCC3(CC2)OCCO3)n1.CO
CN(C(CCC(N)=O)C(=O)O)N1Cc2c(N)cccc2C1=O,CN(C(CCC(N)=O)C(=O)O)N1Cc2c(cccc2[N+](=O)[O-])C1=O.CO
CCOC(=O)C1CC2CCCCC2N1,CCO.CCOC(=O)C1CC2CCCCC2N1C(C)c1ccccc1
COc1ccc2c(c1)N=C(C1CCN(C)CC1)c1ccccc1N2C,O=C(Nc1ccccc1)C1CCNCC1.COc1ccc(N(C)c2ccccc2)c(NC(=O)C2CCN(C)CC2)c1
CS(=O)(=O)c1csc(NC(=O)c2ccccc2O)n1,Cl.CC(=O)Oc1ccccc1C(=O)Nc1nc(S(C)(=O)=O)cs1
CC(C)(C)c1ccc(C(=O)N2CCC(CCO)(c3ccc(Cl)c(Cl)c3)C2)cc1,OCCC1(c2ccc(Cl)c(Cl)c2)CCNC1.CC(C)(C)c1ccc(C(=O)Cl)cc1
CC(O)C1(c2ccc(F)cc2F)CO1,CO.CC(OC(=O)c1ccccc1)C1(c2ccc(F)cc2F)CO1
Clc1cc(Cl)nc(NC2CCCC2)n1,Clc1cc(Cl)nc(Cl)n1.NC1CCCC1
