src,tgt
CCCC[N+](CCCC)(CCCC)CCCC.[Cs+].[I-].OCc1ccccc1B(O)O.O=C([O-])[O-].COC(=O)c1cc(Br)cc(-c2ccc(C)cc2C#N)c1.CN(C)C=O.O,CCOC(=O)c1cc(-c2ccc(C)cc2C#N)cc(-c2ccccc2CO)c1
Cl.[NH4+].[OH-].CC(C)C(=O)C(C(=O)c1ccc(F)cc1O)c1ccc(Cl)cc1.CC(=O)O.CCOC(C)=O,CC(C)c1oc2cc(F)ccc2c(=O)c1-c1ccc(Cl)cc1
BrCC1CC1.O=C1CCN(Cc2ccccc2)CC1.CC1NC(=O)C2(CCN(C(=O)c3cc(C(F)(F)F)cc(C(F)(F)F)c3)CC2)N1c1ccccc1,CC1N(CC2CC2)C(=O)C2(CCN(C(=O)c3cc(C(F)(F)F)cc(C(F)(F)F)c3)CC2)N1c1ccccc1
c1ccc([P](c2ccccc2)(c2ccccc2)[Pd]([P](c2ccccc2)(c2ccccc2)c2ccccc2)([P](c2ccccc2)(c2ccccc2)c2ccccc2)[P](c2ccccc2)(c2ccccc2)c2ccccc2)cc1.O=C([O-])O.[Na+].CCOC(=O)c1ccc2c(c1)nc(-c1ccc(OCc3cc(Cl)ccc3Br)cc1)n2C1CCCCC1.OB(O)c1ccc(Cl)cc1.COCCOC.ClC(Cl)Cl,CCOC(=O)c1ccc2c(c1)nc(-c1ccc(OCc3cc(Cl)ccc3-c3ccc(Cl)cc3)cc1)n2C1CCCCC1
[BH4-].[Na+].Fc1ccc(-c2cc(N3CCN(c4ncccc4C(F)(F)F)CC3)nc(-c3ccncc3)n2)cc1Cl.CC(C)Br.CN(C)C=O.O,CC(C)N1CC=C(c2nc(-c3ccc(F)c(Cl)c3)cc(N3CCN(c4ncccc4C(F)(F)F)CC3)n2)CC1
Cl.FC(F)Oc1ccc(C#Cc2cccc(C3OCCO3)c2)cc1.C1CCOC1.O,O=Cc1cccc(C#Cc2ccc(OC(F)F)cc2)c1
CCN=C=NCCCN(C)C.Cl.O=C(O)C(c1ccccc1)c1ccccc1.CC(C)(C)OC(=O)n1nc(N)cc1C1CC1.ClCCl,CC(C)(C)OC(=O)n1nc(NC(=O)C(c2ccccc2)c2ccccc2)cc1C1CC1
O=C([O-])[O-].[K+].Fc1ccc(CBr)nc1.CC(=O)Nc1cc2c(cc1[N+](=O)[O-])NC(=O)C2(C)C,CC1(C)C(=O)N(Cc2ccc(F)cn2)c2cc([N+](=O)[O-])c(N)cc21
[Pd].CCOC(=O)C(C)=Cc1cccnc1.CCO,CCOC(=O)C(C)Cc1cccnc1
Cl.COc1cc(C(=O)O)ccc1-c1ccncc1.O=S(=O)(c1ccc2cc(Cl)ccc2c1)N1CCNCC1,COc1cc(C(=O)N2CCN(S(=O)(=O)c3ccc4cc(Cl)ccc4c3)CC2)ccc1-c1ccncc1
CS(=O)(=O)Cl.O=C([O-])[O-].[Na+].N#CCC(C1CCCC1)n1cc(-c2ccnc(Cl)n2)cn1.Nc1ccc(N2CCNCC2)cc1.Cc1ccc(S(=O)(=O)O)cc1.O.C1COCCO1,CS(=O)(=O)N1CCN(c2ccc(Nc3nccc(-c4cnn(C(CC#N)C5CCCC5)c4)n3)cc2)CC1
[Pd].CC(C)(C)OC(=O)NCC(O)CNC(=O)[C@H](CCNC(=O)OCc1ccccc1)NC(=O)OC(C)(C)C.CCO,CC(C)(C)OC(=O)NCC(O)CNC(=O)[C@H](CCN)NC(=O)OC(C)(C)C
Cl.[Na+].[OH-].CCCOc1ccc2c(c1)C(c1ccc(OC)cc1-c1cccc(C(=O)O)c1)C(C(=O)OC)C2c1ccc2c(c1)OCO2.CC(C)O.O,CCCOc1ccc2c(c1)C(c1ccc(OC)cc1-c1cccc(C(=O)O)c1)C(C(=O)O)C2c1ccc2c(c1)OCO2
CC(C)(C)OC(=O)N1CCCN1.O=C(O)c1cnc(OCC(F)(F)F)c(-c2ccc(Cl)cc2)c1,CC(C)(C)OC(=O)N1CCCN1C(=O)c1cnc(OCC(F)(F)F)c(-c2ccc(Cl)cc2)c1
O=C(Cl)C(=O)Cl.c1ccc(C2CCNCC2)cc1.O=C(O)C1CN(Cc2ccccc2)CC12CCCc1ccccc12.ClCCl.CN(C)C=O.CCN(CC)CC,O=C(C1CN(Cc2ccccc2)CC12CCCc1ccccc12)N1CCC(c2ccccc2)CC1
Cl.CS(=O)(=O)Cl.N[C@H]1CC[C@H](Oc2cc(F)ccc2[N+](=O)[O-])CC1.CCN(CC)CC.ClCCl,CS(=O)(=O)N[C@H]1CC[C@H](Oc2cc(F)ccc2[N+](=O)[O-])CC1
CC(=O)c1ccc(CO)cc1.NOCc1ccc(Cl)c(C(F)(F)F)c1.CO.CC(=O)O,CC(=NOCc1ccc(Cl)c(C(F)(F)F)c1)c1ccc(CO)cc1
[Na+].[OH-].COC[C@@H]1Cc2ccccc2N1C(=O)OC(C)(C)C.ClCCl.O=C(O)C(F)(F)F,COC[C@@H]1Cc2ccccc2N1
COc1ccc2c(c1CCCCC1CCN(C(=O)OC(C)(C)C)CC1)OCC2=O.O=Cc1n[nH]c2ccccc12.CO.C1CCNCC1,COc1ccc2c(c1CCCCC1CCN(C(=O)OC(C)(C)C)CC1)O/C(=C\c1n[nH]c3ccccc13)C2=O
ClI.CNS(=O)(=O)Cc1ccc(N)cc1.CC#N,CNS(=O)(=O)Cc1ccc(N)c(I)c1
C=CCO.CC=C(C)C.O,C=CCOC(C)(C)CC
[Na].CCOC(=O)CC(=O)OCC.ClCCCCCCOC1CCCCO1.CCO.CCOCC,CCOC(=O)C(CCCCCCOC1CCCCO1)C(=O)OCC
O=C([O-])[O-].[K+].O=C1NC(=O)c2ccccc21.O=C(CCl)NCCCn1cc(-c2ccccc2)c2ccccc2c1=O.O.CN(C)C=O,NCC(=O)NCCCn1cc(-c2ccccc2)c2ccccc2c1=O
COc1cccc(C2CCCN(CC3CCc4[nH]c5ccc(OC)cc5c4C3)C2)c1.CO.ClCCl,Oc1ccc2c3c([nH]c2c1)CCC(CN1CCCC(c2ccccc2)C1)C3
[I-].[Na+].CC(=O)OC[C@@H](C)CBr.CC(C)(C)c1nc(C2CCC2)cc(N2CCNCC2)n1.CN(C)C=O.CCN(CC)CC,CC(=O)OC[C@@H](C)CN1CCN(c2cc(C3CCC3)nc(C(C)(C)C)n2)CC1
COc1ccc(F)cc1[C@H]1CCCN1c1ccn2ncc(C(=O)O)c2n1.CC(C)(O)CN,COc1ccc(F)cc1[C@H]1CCCN1c1ccn2ncc(C(=O)NCC(C)(C)O)c2n1
CC(C)(C)[O-].[K+].CCOC(=O)c1ccn([C@@H]2c3cc(C#N)ccc3OC(C)(C)[C@H]2COS(C)(=O)=O)c(=O)c1.C1CCOC1,CCOC(=O)c1ccn(C2=CC(C)(C)Oc3ccc(C#N)cc32)c(=O)c1
CC(=O)C(=Cc1cccc([N+](=O)[O-])c1)C(=O)N1CCN(c2ccccc2)CC1.CC(N)=C[N+](=O)[O-].CC(C)O,CC1=C(C(=O)N2CCN(c3ccccc3)CC2)C(c2cccc([N+](=O)[O-])c2)C([N+](=O)[O-])=C(C)N1
CC(C)(C)CN1CCC(n2cnc(N)c2)C1.CCCC(NC(=O)Cc1cc(F)cc(F)c1)C(=O)O,CCCC(NC(=O)Cc1cc(F)cc(F)c1)C(=O)Nc1cn(C2CCN(CC(C)(C)C)C2)cn1
CCN.CSC(=NCCSCc1cnccn1)NC#N,N=C(N)NCCSCc1cnccn1
Cl.O=N[O-].[Na+].Nc1cc(C[C@H](N)C(=O)O)ccc1O.[N-]=[N+]=[N-].O,[N-]=[N+]=Nc1cc(C[C@H](N)C(=O)O)ccc1O
Cl.[Na+].[OH-].CCO.ClCCl.O=C(O)C1=CCCN(CCOC=C(c2cccc(F)c2)c2cccc(F)c2)C1,Cc1ccccc1C(=COCCN1CCC=C(C(=O)O)C1)c1cccc(Cl)c1
[Pd].O=[N+]([O-])C1=CC2C(c3cn(C(c4ccccc4)(c4ccccc4)c4ccccc4)cn3)=CCCC2C=C1.C1CCOC1.CO,NC1=CC2C(C=C1)CCCC2c1cn(C(c2ccccc2)(c2ccccc2)c2ccccc2)cn1
[Zn].OC(c1cccs1)C(Cl)(Cl)Cl.O.CC(=O)O,ClC(Cl)=Cc1cccs1
[Li+].[OH-].CCOC(=O)c1cc2ccc(OC)cc2o1.O.CO.C1CCOC1,COc1ccc2cc(C(=O)O)oc2c1
CC(=O)O[BH-](OC(C)=O)OC(C)=O.[Na+].Cc1cccc2c(C#N)cc(C=O)n12.CNC.ClCCl,Cc1cccc2c(C#N)cc(CN(C)C)n12
O=C(Nc1ccc(Br)nc1)C1(c2ccc3c(c2)OCO3)CC1.[Cl-].Clc1ccccc1C[Zn+].COc1ccccc1Cc1ccc(NC(=O)C2(c3ccc4c(c3)OCO4)CC2)cn1,O=C(Nc1ccc(Cc2ccccc2Cl)nc1)C1(c2ccc3c(c2)OCO3)CC1
CCc1cccc(CC)c1NC(=O)c1nn(Cc2ccc(OC)cc2)c2c1CCCc1cnc(Nc3ccc(N4CCN(C)CC4)cc3OC)nc1-2.ClCCl.CO.O=C(O)C(F)(F)F,CCc1cccc(CC)c1NC(=O)c1n[nH]c2c1CCCc1cnc(Nc3ccc(N4CCN(C)CC4)cc3OC)nc1-2
O=C([O-])[O-].[Cs+].C/C=C\B(O)O.Cc1cc(Br)ccc1OC(=O)N1CCC(Oc2ccn(-c3ccc(S(C)(=O)=O)cc3)c(=O)c2)CC1.CN(C)C=O.O,C/C=C\c1ccc(OC(=O)N2CCC(Oc3ccn(-c4ccc(S(C)(=O)=O)cc4)c(=O)c3)CC2)c(C)c1
[BH4-].[Li+].CCOC(=O)c1nn(C2(CC#N)CN(c3cc(F)c(C(=O)N[C@@H](C)C(F)(F)F)cc3F)C2)cc1-c1c[nH]nc1C.C1CCOC1,Cc1n[nH]cc1-c1cn(C2(CC#N)CN(c3cc(F)c(C(=O)N[C@@H](C)C(F)(F)F)cc3F)C2)nc1CO
[Al+3].[H-].[Li+].Cc1cnc2[nH]ncc2c1-c1cccc(C(C)(C)C#N)c1.C1CCOC1.CC#N,Cc1cnc2[nH]ncc2c1-c1cccc(C(C)(C)CN)c1
O=C([O-])O.[Na+].Nc1n[nH]c2ccccc12.FC(F)(F)c1ccccc1-c1nc(Cl)cc(C2CC2)n1.O.CN1CCCC1=O,FC(F)(F)c1ccccc1-c1nc(Nc2n[nH]c3ccccc23)cc(C2CC2)n1
[Na+].[OH-].CCOC(=O)CCN(C)C(=O)c1ccc(NC(c2oc3ccc(F)cc3c2C)C2CCCCC2)cn1.C1CCOC1.CCO,Cc1c(C(Nc2ccc(C(=O)N(C)CCC(=O)O)nc2)C2CCCCC2)oc2ccc(F)cc12
[Na+].CCOC(=O)C(Br)c1ccc(C2CCCCC2)c(Cl)c1.[I-].CC(C)=O,CCOC(=O)C(I)c1ccc(C2CCCCC2)c(Cl)c1
c1ccc(P(c2ccccc2)c2ccccc2)cc1.CN(C)CCO.O=C1Nc2ccc(O)cc2CN1C1CCN(Cc2ccccc2)CC1.C1CCOC1,CN(C)CCOc1ccc2c(c1)CN(C1CCN(Cc3ccccc3)CC1)C(=O)N2
CC(C)(C)OC(=O)N1CCN(C(=O)COc2ccc(-n3cnnn3)cc2)CC1.O=S(=O)(Cl)c1ccc2ccccc2c1.ClCCl.O,O=C(COc1ccc(-n2cnnn2)cc1)N1CCN(S(=O)(=O)c2ccc3ccccc3c2)CC1
O=C(OO)c1cccc(Cl)c1.COC(=O)CCc1ccc(OCc2ccc(CN(CCCSC)c3nc(-c4ccccc4)cs3)cc2)cc1.C1CCOC1,COC(=O)CCc1ccc(OCc2ccc(CN(CCCS(C)=O)c3nc(-c4ccccc4)cs3)cc2)cc1
O=C([O-])[O-].[Cs+].O=Cc1cccc(O)c1.Cc1ccc(C#N)c([N+](=O)[O-])c1.O.CN(C)C=O,Cc1ccc(C#N)c(Oc2cccc(C=O)c2)c1
C#CC(C)C.CCOC(=O)Cl.C1CCOC1,CCOC(=O)C#CC(C)C
O=c1[nH]c2ncccc2n1C1CCNCC1.O=C(c1ccccc1)c1cc(Cl)ncn1.CN(C)C=O.CCN(C(C)C)C(C)C,O=C(c1ccccc1)c1cc(N2CCC(n3c(=O)[nH]c4ncccc43)CC2)ncn1
CC(=O)Cl.CCOC(=N)c1ccccc1Cl.CCN(CC)CC.ClCCl,CCOC(=NC(C)=O)c1ccccc1Cl
CC1(C)O[C@H]2CO[C@@]3(COC(C)(C)O3)C(=O)[C@H]2O1.O=C1CN[C@H](C(=O)O)C1,O=C(O)[C@@H]1C[C@H](O)CN1
CC(C)(C)OC(=O)N[C@H](CCc1ccccc1)C(=O)Nc1cnc2ccccc2c1.O=C(O)C(F)(F)F.ClCCl,N[C@H](CCc1ccccc1)C(=O)Nc1cnc2ccccc2c1
CCc1c(N[C@@H](C(=O)NNC(=O)c2ccccc2)[C@H](C)O)ccc(C#N)c1Cl.NNC(=O)c1ccc(Cl)cc1.C[C@H](O)[C@@H](Nc1ccc(C#N)c(Cl)c1Cl)C(=O)O,C[C@H](O)[C@@H](Nc1ccc(C#N)c(Cl)c1Cl)C(=O)NNC(=O)c1ccc(Cl)cc1
CCOC(=O)Cl.CCCOC1CC(C=C(C)C2OC(=O)C3CCCCN3C(=O)C(=O)C3(O)OC(C(OC)CC(C)CC(C)=CC(CC)C(=O)CCC2C)C(OC)CC3C)CCC1N.ClCCl.CCN(CC)CC,CCCOC1CC(C=C(C)C2OC(=O)C3CCCCN3C(=O)C(=O)C3(O)OC(C(OC)CC(C)CC(C)=CC(CC)C(=O)CCC2C)C(OC)CC3C)CCC1NC(=O)OCC
[Cl-].CCCCC[C@H]1CC[C@H](C=O)CC1.COC[P+](c1ccccc1)(c1ccccc1)c1ccccc1.C1CCOC1,CCCCC[C@H]1CC[C@H](CC=O)CC1
Cl.COC(=O)[C@H](C)Oc1cc(Cn2c(C)c(C)c3cc(C(=O)O)ccc32)ccc1Cl.CC(C)Oc1cccc([C@H](C)N)c1,COC(=O)[C@H](C)Oc1cc(Cn2c(C)c(C)c3cc(C(=O)N[C@@H](C)c4cccc(OC(C)C)c4)ccc32)ccc1Cl
Cl.CC(C)(C)OC(=O)N[C@H]1CCCN(c2ccc(C(F)(F)F)cc2[N+](=O)[O-])C1,N[C@H]1CCCN(c2ccc(C(F)(F)F)cc2[N+](=O)[O-])C1
CS(=O)(=O)c1ccccc1I.CCOC(=O)C(F)(F)Br.CS(C)=O.CCOC(C)=O,CCOC(=O)C(F)(F)c1ccccc1S(C)(=O)=O
c1ccc([P](c2ccccc2)(c2ccccc2)[Pd]([P](c2ccccc2)(c2ccccc2)c2ccccc2)([P](c2ccccc2)(c2ccccc2)c2ccccc2)[P](c2ccccc2)(c2ccccc2)c2ccccc2)cc1.O=C([O-])[O-].[Na+].COc1c(Cl)cnn(Cc2ccccc2)c1=O.Cc1ccc(B(O)O)cc1.Cc1ccccc1,COc1c(-c2ccc(C)cc2)cnn(Cc2ccccc2)c1=O
[Pd].COCCCC[C@@](O)(c1ccccc1)[C@@H]1CCCN(C(=O)N[C@H](CN=[N+]=[N-])Cc2ccccc2)C1.CO.O,COCCCC[C@@](O)(c1ccccc1)[C@@H]1CCCN(C(=O)N[C@H](CN)Cc2ccccc2)C1
Cl.[Na+].[OH-].O=N[O-].Nc1ccc(S(=O)(=O)Nc2ccccn2)cc1.O=C(O)Cc1ccccc1O.O,O=C(O)Cc1cc(N=Nc2ccc(S(=O)(=O)Nc3ccccn3)cc2)ccc1O
c1ccc(P(c2ccccc2)c2ccccc2)cc1.BrC(Br)(Br)Br.O=C(OCc1ccc(CO)cc1COC(=O)c1ccccc1)c1ccccc1.O.ClCCl,O=C(OCc1ccc(CBr)cc1COC(=O)c1ccccc1)c1ccccc1
N#CC1=C(C#N)C(=O)C(Cl)=C(Cl)C1=O.O=S1(=O)c2ccccc2Nc2c1cc(O)c1ccccc21.C1CCOC1.CCCN,CCCNC1=C2C(=Nc3ccccc3S2(=O)=O)c2ccccc2C1=O
CCN=C=NCCCN(C)C.CN(C)c1ccncc1.On1nnc2ccccc21.NCCCn1cnc(Cl)c1Cl.COC(=O)c1ccc(OC)c2[nH]c(-c3ccc(N)cc3CCN3CCOCC3)nc12.C1CCOC1.O,COc1ccc(C(=O)NCCCn2cnc(Cl)c2Cl)c2nc(-c3ccc(N)cc3CCN3CCOCC3)[nH]c12
CCc1nc2ccccc2n1-c1nc(N2CCOCC2)c2nc(CC3CNC3)n(C)c2n1.NC(=O)CBr,CCc1nc2ccccc2n1-c1nc(N2CCOCC2)c2nc(CC3CN(CC(N)=O)C3)n(C)c2n1
[Na+].[OH-].CCCc1c(OCCCS(=O)(=O)c2ccc(C(=O)CCCCC(=O)OC)cc2)ccc(C(C)=O)c1O.C1CCOC1.O,CCCc1c(OCCCS(=O)(=O)c2ccc(C(=O)CCCCC(=O)O)cc2)ccc(C(C)=O)c1O
[Na+].[OH-].O=Cc1ccc(O)cc1.FC(F)Cl.C1COCCO1.O,O=Cc1ccc(OC(F)F)cc1
O=C(Cl)c1ccc(F)cc1.CCN1CC=C(c2c[nH]c3ccc(N)nc23)CC1,CCN1CC=C(c2c[nH]c3ccc(NC(=O)c4ccc(F)cc4)nc23)CC1
[Na+].[OH-].Cc1cccc(C(F)(F)F)c1S(=O)(=O)OC(C)C.C1CCOC1.O,Cc1cccc(C(F)(F)F)c1S(=O)(=O)[O-]
CCCCCCCCCCCCn1nnc(NC(=O)CS(=O)(=O)Nc2c(C(C)C)cccc2C(C)C)n1.CCCCCCCCO,CCCCCCCCOC(=O)CS(=O)(=O)Nc1c(C(C)C)cccc1C(C)C
Cc1ccc(S(=O)(=O)O)cc1.Nc1ccc(F)cc1.COC(=O)C(=CN)C(=O)c1cc(F)c(F)cc1Cl.O,COC(=O)C(=CNc1ccc(F)cc1)C(=O)c1cc(F)c(F)cc1Cl
Cl.[Cl-].[Zn+2].CC1(C)CC(=O)CC(=O)S1.CCCC(=O)Cl.c1ccncc1,CCCC(=O)C1C(=O)CC(C)(C)SC1=O
CN(C)c1ccncc1.OCC1c2ccccc2-c2ccccc21.O=C1CCCC(=O)O1.ClCCl,O=C(O)CCCC(=O)OCC1c2ccccc2-c2ccccc21
[Mn].CCOC(=O)C(C)Cl.CCS(=O)(=O)NCc1ccc(Br)cc1F.CN(C)C=O.O=C(O)C(F)(F)F,CCOC(=O)C(C)c1ccc(CNS(=O)(=O)CC)c(F)c1
OCCCCCc1ccc(C(F)(F)F)cc1.CC(C)(C)OC(=O)N1C(C)(C)OC[C@]1(C)C(=O)NCC(=O)c1ccc(O)c(C(F)(F)F)c1.O.CC#N,CC(C)(C)OC(=O)N1C(C)(C)OC[C@]1(C)C(=O)NCC(=O)c1ccc(OCCCCCc2ccc(C(F)(F)F)cc2)c(C(F)(F)F)c1
CCN=C=NCCCN(C)C.On1nnc2ccccc21.NC1CC1.O=C(O)Cc1ccc(F)cc1.CN(C)C=O.O,O=C(Cc1ccc(F)cc1)NC1CC1
Cc1noc(-c2ccc(Br)cc2)c1CC(=O)NC(C)c1ccccc1.CCOC(=O)C1(c2ccc(B3OC(C)(C)C(C)(C)O3)cc2)CC1,CCOC(=O)C1(c2ccc(-c3ccc(-c4onc(C)c4CC(=O)NC(C)c4ccccc4)cc3)cc2)CC1
CCN=C=NCCCN(C)C.Cl.O=c1c2ccccc2nnn1O.CS(=O)(=O)c1ccc(C(CC2CCCC2)C(=O)Nc2ncc(SCC(=O)O)s2)cc1.CCNCC.CCN(C(C)C)C(C)C.CN(C)C=O,CCN(CC)C(=O)CSc1cnc(NC(=O)C(CC2CCCC2)c2ccc(S(C)(=O)=O)cc2)s1
CNC.CCc1cc(Br)ccc1CBr.CO,CCc1cc(Br)ccc1CN(C)C
COC(OC)N(C)C.Nc1nc(O)ncc1F.CN(C)C=O.CCOCC,CN(C)/C=N/c1nc(=O)[nH]cc1F
O=C([O-])[O-].[K+].Cc1ccc(NC(=O)c2c(Br)sc3c2CCCC3)c(S)c1.CS(C)=O,Cc1ccc2c(c1)Sc1sc3c(c1C(=O)N2)CCCC3
c1ccc([P](c2ccccc2)(c2ccccc2)[Pd]([P](c2ccccc2)(c2ccccc2)c2ccccc2)([P](c2ccccc2)(c2ccccc2)c2ccccc2)[P](c2ccccc2)(c2ccccc2)c2ccccc2)cc1.Cc1ccc(-c2nc(-c3ccc(C)cc3)nc(-c3cc(Br)cc(Br)c3)n2)cc1.Brc1ccc(-c2ccc3ccccc3n2)cc1.[Li]CCCC.CCCCCC.C1CCOC1,Cc1ccc(-c2nc(-c3ccc(C)cc3)nc(-c3cc(-c4cccc(-c5ccc(-c6ccc7ccccc7n6)cc5)c4)ccc3-c3ccc4ccccc4n3)n2)cc1
[BH4-].[Na+].CCOC(=O)C1CCCCCCC(CC(=O)OC(C)(C)C)C(=O)N1.CC(C)(C)O.CO,CC(C)(C)OC(=O)CC1CCCCCCC(CO)NC1=O
[Al+3].[H-].[Li+].CC(C)(C)OC(=O)NC1CCC(Nc2ncnc3sc4c(c23)CCC4)CC1.C1CCOC1,CNC1CCC(Nc2ncnc3sc4c(c23)CCC4)CC1
[Cl-].[NH4+].[Na+].CC(C)(C)OC(=O)N1CCC(N2c3ccccc3Oc3cc(C#N)ccc32)CC1.[N-]=[N+]=[N-].CN(C)C=O,CC(C)(C)OC(=O)N1CCC(N2c3ccccc3Oc3cc(-c4nnn[nH]4)ccc32)CC1
N.CC(=O)SCC(C)C(=O)N(CC(=O)O)C1CCCCCC1,CC(CS)C(=O)N(CC(=O)O)C1CCCCCC1
[I-].[K+].CN1CCNCC1.COc1ccc(F)cc1C(=O)c1cnc(NC2CCN(S(=O)(=O)CCCCl)CC2)nc1N.ClCCl.C1COCCO1,COc1ccc(F)cc1C(=O)c1cnc(NC2CCN(S(=O)(=O)CCCN3CCN(C)CC3)CC2)nc1N
C[Si](C)(C)N=C=O.CC(C)C(=NO)c1c(C(C)C)nn2ccccc12.C1CCOC1,CC(C)C(=NOC(N)=O)c1c(C(C)C)nn2ccccc12
COC(=O)CC(=O)C1(C)COC(C)(C)OC1.COc1ccc([N+](=O)[O-])cc1N.CCCCCCCC.Cc1cccc(C)c1.CO,COc1ccc([N+](=O)[O-])cc1NC(=O)CC(=O)C1(C)COC(C)(C)OC1
COC=O.CC(=O)C(C)(C)C.CCOCC,CC(C)(C)C(=O)C=CO
B.Cl.[H][H].N#CCc1cc(F)c2c(c1F)OCCO2.CO.C1CCOC1,NCCc1cc(F)c2c(c1F)OCCO2
c1ccc([P](c2ccccc2)(c2ccccc2)[Pd]([P](c2ccccc2)(c2ccccc2)c2ccccc2)([P](c2ccccc2)(c2ccccc2)c2ccccc2)[P](c2ccccc2)(c2ccccc2)c2ccccc2)cc1.O=C([O-])[O-].[Na+].OB(O)c1ccccc1.CC(C)(C)[Si](C)(C)Oc1cccc2ccc(-c3nnc4ccc(Br)cn34)nc12.C1COCCO1,Oc1cccc2ccc(-c3nnc4ccc(-c5ccccc5)cn34)nc12
ClCCOC1CCCCO1.Cc1ccc2c(c1)NC(=O)C2(C)C,Cc1ccc2c(c1)N(CCO)C(=O)C2(C)C
O=C([O-])[O-].[K+].O=c1[nH]cc(-c2ccccc2)n1C1CC1.CCOC(=O)CCl.CC#N,CCOC(=O)Cn1cc(-c2ccccc2)n(C2CC2)c1=O
O=C1CCC(=O)N1Cl.ON=Cc1cccnc1.C#CCCCc1c2c3c(nc(N(C(=O)OC(C)(C)C)C(=O)OC(C)(C)C)c2nn1CCC)CCCC3.CCN(CC)CC.C1CCOC1.ClCCl,CCCn1nc2c(N(C(=O)OC(C)(C)C)C(=O)OC(C)(C)C)nc3c(c2c1CCCc1cc(-c2cccnc2)no1)CCCC3
Nc1cc(F)c(F)cc1N.CC(C)(C)OC(=O)CC(=O)c1cccc(-c2cccnc2)c1.Cc1ccccc1C,O=C1CC(c2cccc(-c3cccnc3)c2)=Nc2cc(F)c(F)cc2N1
CN(C)C(On1nnc2cccnc21)=[N+](C)C.F[P-](F)(F)(F)(F)F.CC(C)(C)CC1NC(C(=O)O)C(c2cccc(Cl)c2F)C1(C#N)c1ccc(Cl)cc1F.CC(C)(C)OC(=O)c1ccc(N)cc1F.CCN(C(C)C)C(C)C.ClCCl,CC(C)(C)C[C@@H]1N[C@@H](C(=O)Nc2ccc(C(=O)OC(C)(C)C)c(F)c2)[C@H](c2cccc(Cl)c2F)[C@@]1(C#N)c1ccc(Cl)cc1F
[Pd].CCOC1CC=C(c2ccc([N+](=O)[O-])c3c2CN(C)C3=O)CC1.CCO,CCO[C@H]1CC[C@H](c2ccc(N)c3c2CN(C)C3=O)CC1
COC(=O)c1ccc2ccn(CCNc3ccc(OC)cc3)c(=O)c2c1.O=Cc1ccc(Cl)cc1,COC(=O)c1ccc2ccn(CCN(Cc3ccc(Cl)cc3)c3ccc(OC)cc3)c(=O)c2c1
[H-].[Na+].CCOC(=O)N1C[C@@H]2CCN(Cc3ccc(Cl)[n+]([O-])c3)[C@@H]2C1.N#Cc1ccc2c(c1)CC(=O)N2,CCOC(=O)N1C[C@@H]2CCN(Cc3ccc(-c4c(O)[nH]c5ccc(C#N)cc45)[n+]([O-])c3)[C@@H]2C1
CC(C)(C)[O-].[K+].S.CCc1nc2c(o1)CCc1cc(C)ccc1C2=O.CN(C)C=O,CCc1nc2c(s1)CCc1cc(C)ccc1C2=O
CC1(O)OC(=O)C(c2c(F)cccc2Cl)=C1c1ccc(Cl)nc1.NN.O.CCCCO.COC(C)(C)C,Cc1n[nH]c(=O)c(-c2c(F)cccc2Cl)c1-c1ccc(Cl)nc1
[Pd].NN.Cc1cc2c(Br)ccc([N+](=O)[O-])c2cn1.CCO.O,Cc1cc2cccc(N)c2cn1
[Li+].[NH2-].COC(=O)CCc1cc(-n2nc3ccc(Cl)cc3n2)c(O)c(C(C)(c2ccccc2)c2ccccc2)c1.Cc1ccccc1,CCCCCCCCOC(=O)CCc1cc(-n2nc3ccc(Cl)cc3n2)c(O)c(C(C)(c2ccccc2)c2ccccc2)c1
[Na+].[OH-].CCOC(=O)c1ccc(NC(=O)N2CCc3ccccc3[C@H]2c2ccc(C(F)(F)F)cc2)cc1.CCO,O=C(O)c1ccc(NC(=O)N2CCc3ccccc3[C@H]2c2ccc(C(F)(F)F)cc2)cc1
O=C1Cc2ccncc2N1.[O-][n+]1cc(CN2CCOCC2)ccc1Cl,Oc1[nH]c2cnccc2c1-c1ccc(CN2CCOCC2)cn1
O=C(O)c1c(NS(=O)(=O)c2ccccc2F)ccc2c1OCC1CC21.CCN1CC[C@@H](CCN)C1.CO.CS(C)=O,CCN1CC[C@@H](CCNc2ccccc2S(=O)(=O)Nc2ccc3c(c2C(=O)O)OCC2CC32)C1
[Pd].[H][H].CC(C)(C)OC(=O)NCCCCc1ccc(OCCNC(=O)OCc2ccccc2)cc1.CCO.ClCCl.C1CCOC1,CC(C)(C)OC(=O)NCCCCc1ccc(OCCN)cc1
O=C([O-])[O-].[K+].COc1c(N2CCNCC2)cc(Br)cc1C(C)(C)C.CCOC(=O)CBr.CCOC(C)=O.CN(C)C=O,CCOC(=O)CN1CCN(c2cc(Br)cc(C(C)(C)C)c2OC)CC1
CC(C)(C)C[C@@H](CO)NC(=O)OC(C)(C)C.CS(=O)(=O)Cl.ClCCl.CCN(CC)CC,CC(C)(C)C[C@@H](COS(C)(=O)=O)NC(=O)OC(C)(C)C
O=C(NCCSC(c1ccccc1)(c1ccccc1)c1ccccc1)c1ccc(CF)cc1.O.O=C(O)C(F)(F)F,O=C(NCCS)c1ccc(CF)cc1
CNC.Clc1ccc(CBr)cc1.CN(C)C=O,CN(C)Cc1ccc(Cl)cc1
Cl[Ti](Cl)(Cl)Cl.C[Si](C)(C)OC1=CCC(c2ccccc2)CC1.CC(C)(C)Cl.ClCCl,CC(C)(C)C1CC(c2ccccc2)CCC1=O
[H-].[Na+].COC(=O)C1=Cc2cc(-c3nnn[nH]3)ccc2OCC1.CI.O.CN(C)C=O,COC(=O)C1=Cc2cc(C3=NNN(C)N3)ccc2OCC1
CC(C)(C)OC(=O)Nc1cc(N2CCOCC2)c(C#N)cc1NC(=O)CC(=O)c1cccc(-n2nncc2COC2CCCCO2)c1.ClCCl.O=C(O)C(F)(F)F,N#Cc1cc2c(cc1N1CCOCC1)N=C(c1cccc(-n3nncc3CO)c1)CC(=O)N2
COc1cc(F)c(C#N)c(F)c1.N,COc1cc(N)c(C#N)c(F)c1
[Pd].CC1(C)c2cccc(P(c3ccccc3)c3ccccc3)c2Oc2c(P(c3ccccc3)c3ccccc3)cccc21.O=C(/C=C/c1ccccc1)/C=C/c1ccccc1.CCOC(=O)Cn1cc(I)cn1.COc1ccc(CS)cc1.CCOC(C)=O.CCN(C(C)C)C(C)C.C1COCCO1,CCOC(=O)Cn1cc(SCc2ccc(OC)cc2)cn1
NCCc1cccc(OCc2ccccc2)c1.CCO.CCOC=O,O=CNCCc1cccc(OCc2ccccc2)c1
B.Cc1oc(C2CCCCC2)nc1CC(=O)O.C1CCOC1.CO,Cc1oc(C2CCCCC2)nc1CCO
CC(=O)O[BH-](OC(C)=O)OC(C)=O.[Na+].CCS(=O)(=O)N1CCC(c2c[nH]c3c(C(N)=O)cc(-c4ccc(C=O)cc4)cc23)CC1.NC1CCC1.CC(=O)O.CS(C)=O,CCS(=O)(=O)N1CCC(c2c[nH]c3c(C(N)=O)cc(-c4ccc(CNC5CCC5)cc4)cc23)CC1
NN.c1ccc(Oc2ccccc2)cc1.O=C1CCC(=O)O1.O,O=C1CCC(c2ccc(OC3CCCCC3)cc2)=NN1
Sc1nc(-c2cccnc2)n[nH]1.O=C(CCl)Nc1cccc(Cl)c1.CCN(CC)CC.CN(C)C=O,O=C(CSc1nc(-c2cccnc2)n[nH]1)Nc1cccc(Cl)c1
COc1cccc([C@@H](Oc2ccc3c(cnn3-c3ccc(F)cc3)c2)[C@H](C)N)c1.COCC(=O)Cl,COCC(=O)N[C@@H](C)[C@H](Oc1ccc2c(cnn2-c2ccc(F)cc2)c1)c1cccc(OC)c1
CCN(CC)c1ccccc1.BrBr.CC(=O)O,CCN(CC)c1ccc(Br)cc1
[BH3-]C#N.[Na+].O=Cc1ccc(Br)nc1.Nc1ccccc1C(=O)Nc1cc2ccccc2cn1.CC(=O)O.CO,O=C(Nc1cc2ccccc2cn1)c1ccccc1NCc1ccc(Br)nc1
On1nnc2ccccc21.Nc1cccc([N+](=O)[O-])c1.C=CCCC(=O)O.ClCCl.ClCCCl,C=CCCC(=O)Nc1cccc([N+](=O)[O-])c1
NCCCO.CC(C)C[C@H](NC(=O)[C@@H](NC(=O)n1nc(-c2cc(F)c(F)cc2F)c2c1CCN(C)C2)C(C)(C)C)C(N)=O,CN1CCc2c(c(-c3cc(F)c(F)cc3F)nn2C(=O)N[C@H](C(=O)NCCCO)C(C)(C)C)C1
Cl.[Na+].[OH-].CCOC(=O)CC[C@H](NC(=O)c1ccc(C(CO)Cn2cnc3nc(NC(=O)C(C)(C)C)cc-3c2O)cc1)C(=O)OCC,Nc1cc2c(O)n(CC(CO)c3ccc(C(=O)N[C@@H](CCC(=O)O)C(=O)O)cc3)cnc-2n1
O=C([O-])[O-].[K+].COC(=O)c1c(I)cccc1CBr.NCc1ccccc1.Cc1ccccc1.CCCCCC.CCOC(C)=O,O=C1c2c(I)cccc2CN1Cc1ccccc1
O=C([O-])[O-].[K+].O=[N+]([O-])c1ccc(O)c(F)c1.CSc1cc2ncnc(Cl)c2s1.c1ccc(Oc2ccccc2)cc1,CSc1cc2ncnc(Oc3ccc([N+](=O)[O-])cc3F)c2s1
CCCC[N+](CCCC)(CCCC)CCCC.[F-].C[Si](C)(C)CCOC(=O)CCCCCCc1cccc(-c2nc(=O)c3ccccc3s2)n1.C1CCOC1.CN(C)C=O,O=C(O)CCCCCCc1cccc(-c2nc(=O)c3ccccc3s2)n1
OO.[Na+].[OH-].CCOC(C)=O.CC(C)(C)OC(=O)Nc1cccc(Oc2cc(F)cc(Nc3ccc(I)cc3F)c2C#N)c1.CS(C)=O,CC(C)(C)OC(=O)Nc1cccc(Oc2cc(F)cc(Nc3ccc(I)cc3F)c2C(N)=O)c1
[Li+].[OH-].COC(=O)[C@H](CCSC)N1Cc2c(cccc2C(F)(F)F)C1=O.O.C1CCOC1,CSCC[C@@H](C(=O)O)N1Cc2c(cccc2C(F)(F)F)C1=O
O=CC(Cl)(Cl)Cl.COC(=O)CCC#CCCC1=CC(OC(C)=O)CC1=O.CC(=O)CC(C)C.O.CCN(CC)CC,COC(=O)CCC#CCCC1=CC(O)CC1=O
O=C([O-])[O-].[K+].N=C(N)c1nn(Cc2ccccc2F)c2ncccc12.N#CCC#N.BrCc1ccccc1.C1CCNCC1.CCCC(C)O,Nc1nc(-c2nn(Cc3ccccc3F)c3ncccc23)nc(N)c1Cc1ccccc1
O=C([O-])O.[Na+].O=C(OO)c1cccc(Cl)c1.C=CCCN(c1ccccc1)S(=O)(=O)c1ccccc1[N+](=O)[O-].O.ClC(Cl)Cl,O=[N+]([O-])c1ccccc1S(=O)(=O)N(CCC1CO1)c1ccccc1
CCOC(=O)N=NC(=O)OCC.c1ccc(P(c2ccccc2)c2ccccc2)cc1.CC(C)O.CC(C)(C)OC(=O)Nc1ncc(Br)s1.C1CCOC1,CC(C)N(C(=O)OC(C)(C)C)c1ncc(Br)s1
O=C(O)c1ccc(Cl)nc1Cl.NCc1cccnc1.CCOC(C)=O.C1CCOC1.CCN(C(C)C)C(C)C,O=C(NCc1cccnc1)c1ccc(Cl)nc1Cl
[Pd].COC(=O)c1ccc(C)nc1.CO.CC(=O)O,COC(=O)C1CCC(C)NC1
COC(=O)c1cnc(N2CCN(c3nnc(Cl)c(C)c3C)C[C@H]2C)cn1.Nc1ccccc1,Cc1c(Nc2ccccc2)nnc(N2CCN(c3cnc(C(=O)Nc4ccccc4)cn3)[C@H](C)C2)c1C
[OH-].CC(=O)c1ccc2c(c1)[C@@H]1O[C@H]1C(C)(C)O2.[NH4+],CC(=O)c1ccc2c(c1)[C@H](N)[C@@H](O)C(C)(C)O2
COCCCN.O=C(Cl)C1(CCCCBr)c2ccccc2-c2ccccc21,COCCCNC(=O)C1(CCCCBr)c2ccccc2-c2ccccc21
[Pd].COc1ccc2c(c1C#CCCC1CCN(C(=O)OC(C)(C)C)CC1)OCC2=O.CCO,COc1ccc2c(c1CCCCC1CCN(C(=O)OC(C)(C)C)CC1)OCC2=O
CC(C)C[AlH]CC(C)C.Cl.N#N.CCOC(=O)Cc1c([N+](=O)[O-])cc(OCc2ccccc2)c2ccccc12.C1CCOC1,O=[N+]([O-])c1cc(OCc2ccccc2)c2ccccc2c1CCO
[K+].CC(C)(C)OC(=O)C(C)(C)Sc1nc(CCNc2ncc(-c3ccc(OC(F)(F)F)cc3)cn2)cs1.CC(C)(C)[O-].CN(C)C=O.O.CI,CN(CCc1csc(SC(C)(C)C(=O)OC(C)(C)C)n1)c1ncc(-c2ccc(OC(F)(F)F)cc2)cn1
[Pd].[H][H].CN(C)C(=O)CC(c1ccc(OC(F)F)c(OCC2CC2)c1)N1Cc2cccc([N+](=O)[O-])c2C1=O.CCOC(C)=O,CN(C)C(=O)CC(c1ccc(OC(F)F)c(OCC2CC2)c1)N1Cc2cccc(N)c2C1=O
[Li]CCCC.O=CCCc1cn(C(c2ccccc2)(c2ccccc2)c2ccccc2)cn1.N#Cc1cc(F)cc(F)c1.CC(C)NC(C)C.C1CCOC1.CCOC(C)=O,N#Cc1cc(F)c(C(O)CCc2cn(C(c3ccccc3)(c3ccccc3)c3ccccc3)cn2)c(F)c1
COC(=O)Cc1ccc(O)c(Cl)c1.CC(C)Cc1ccc(CCl)cc1.O.CO,CC(C)Cc1ccc(COc2ccc(CC(=O)O)cc2Cl)cc1
COC(=O)c1cc2ccccn2c1.CC(=O)OCC(=O)Cl,COC(=O)c1cc2ccccn2c1C(=O)COC(C)=O
[BH4-].[Na+].O=Cc1cccnc1.CCC(N)c1ccc(C(F)(F)F)cc1CN(Cc1cc(C(F)(F)F)cc(C(F)(F)F)c1)c1nnn(C)n1.CCO,CCC(NCc1cccnc1)c1ccc(C(F)(F)F)cc1CN(Cc1cc(C(F)(F)F)cc(C(F)(F)F)c1)c1nnn(C)n1
Cc1ccccc1S(=O)(=O)Cl.CC(C)(C)OC(=O)NC(CCO)c1cccc([N+](=O)[O-])c1.CCN(CC)CC.O.ClCCl,Cc1ccc(S(=O)(=O)OCCC(NC(=O)OC(C)(C)C)c2cccc([N+](=O)[O-])c2)cc1
C[C@@H](Nc1ccc(C(F)(F)F)c(Cl)c1)C(=O)O.C1CCOC1,C[C@H](CO)Nc1ccc(C(F)(F)F)c(Cl)c1
CN(C)C(On1nnc2ccccc21)=[N+](C)C.F[P-](F)(F)(F)(F)F.COc1cccc([C@@H](Oc2ccc3c(cnn3-c3ccc(F)cc3)c2)[C@H](C)N)c1.NC(=O)C(=O)O.CC(C)NC(C)C.ClCCl,COc1cccc([C@@H](Oc2ccc3c(cnn3-c3ccc(F)cc3)c2)[C@H](C)NC(=O)C(N)=O)c1
[Na].CS(=O)(=O)OCCCc1cn(C(c2ccccc2)(c2ccccc2)c2ccccc2)c(F)n1.CO,COCCCc1cn(C(c2ccccc2)(c2ccccc2)c2ccccc2)c(F)n1
C(#Cc1ccccc1)c1ccccc1.C1CCOC1,CC(C)(C)C#Cc1ccccc1
NN.Fc1ccc(-c2cnc(Cl)nn2)cc1.c1ccncc1.O,NNc1ncc(-c2ccc(F)cc2)nn1
Cc1c(C(=O)O)cnn1-c1ccc(Cl)cc1.NC(=O)c1cc(N)ccc1N1CCC(N2CCOCC2)CC1,Cc1c(C(=O)Nc2ccc(N3CCC(N4CCOCC4)CC3)c(C(N)=O)c2)cnn1-c1ccc(Cl)cc1
Cc1ccc(C)c(-c2nnc(-c3ccc(C(C)(C)C)cc3)o2)c1.ClC(Cl)(Cl)Cl.O=C1CCC(=O)N1Cl,CC(C)(C)c1ccc(-c2nnc(-c3cc(CCl)ccc3CCl)o2)cc1
Oc1cccc2ccc(Cl)nc12.c1cn[nH]c1,Oc1cccc2ccc(-n3cccn3)nc12
Cl[Pd](Cl)([P](c1ccccc1)(c1ccccc1)c1ccccc1)[P](c1ccccc1)(c1ccccc1)c1ccccc1.C#C[Si](C)(C)C.c1ccc(P(c2ccccc2)c2ccccc2)cc1.CC(C)(CC(=O)O)Cc1ccc(OCCCNc2ccccn2)c(Br)c1.CCN(CC)CC,C#Cc1cc(CC(C)(C)CC(=O)O)ccc1OCCCNc1ccccn1
[Na+].[OH-].CC1(C)CC(=O)c2c(S(C)(=O)=O)sc(-c3cc[nH]n3)c2C1.Oc1ccccc1.CCOC(C)=O.C1CCOC1,CC1(C)CC(=O)c2c(Oc3ccccc3)sc(-c3cc[nH]n3)c2C1
CCOC(=O)C1=C(CSCC)NC(C)=C(C(=O)OC)C1c1cccc(Cl)c1.CO,CCOC(=O)C1=C(C)NC(C)=C(C(=O)OC)C1c1cccc(Cl)c1
Cl.[Li+].[OH-].COC(=O)COc1ccc(OCC#Cc2cc(C#CCN3CCOCC3)cc(C#Cc3ccc(Cl)cc3)c2)cc1C.CO.C1CCOC1.O,Cc1cc(OCC#Cc2cc(C#CCN3CCOCC3)cc(C#Cc3ccc(Cl)cc3)c2)ccc1OCC(=O)O
BrB(Br)Br.COc1ccc(S(=O)(=O)N2c3ccc(Br)cc3-c3ccc(Cl)cc3C2C)cc1.ClCCl.C1=CCCCC1,CC1c2cc(Cl)ccc2-c2cc(Br)ccc2N1S(=O)(=O)c1ccc(O)cc1
CCOC(=O)c1cc(C)ccc1N.Brc1cnc2ccccc2c1,CCOC(=O)c1cc(C)ccc1Nc1cnc2ccccc2c1
Nc1cc(F)c(F)cc1[N+](=O)[O-].O=C(Cl)c1ccc(Cl)nc1,O=C(Nc1cc(F)c(F)cc1[N+](=O)[O-])c1ccc(Cl)nc1
CC(=O)C1=CN(C(C)C)CCC1.O=C(Cl)c1ccccc1.CC(=O)C1=CNCCC1,CC(=O)C1=CN(C(=O)c2ccccc2)CCC1
O=C(n1ccnc1)n1ccnc1.CCOC(=O)[C@H](O)CNc1ccc(N2C=CC(=O)CC2)c(F)c1.CC#N,CCOC(=O)C1CN(c2ccc(N3C=CC(=O)CC3)c(F)c2)C(=O)O1
COC1O[C@@H]2COC(C)(C)O[C@@H]2[C@H]1O.Cc1ccc(S(=O)(=O)Cl)cc1.c1ccncc1,CO[C@H]1O[C@@H]2COC(C)(C)O[C@@H]2[C@H]1OS(=O)(=O)c1ccc(C)cc1
CN(C)C(On1nnc2cccnc21)=[N+](C)C.F[P-](F)(F)(F)(F)F.NCCCc1c[nH]c2ccc(Cl)cc12.O=C(O)c1ccc(Cc2cccc(F)c2)cc1.CN(C)C=O.CCN(C(C)C)C(C)C,O=C(NCCCc1c[nH]c2ccc(Cl)cc12)c1ccc(Cc2cccc(F)c2)cc1
Cl.[Na+].[OH-].COC(=O)Cc1cccc(OCCCCl)c1.C1COCCO1,O=C(O)Cc1cccc(OCCCCl)c1
[Cl-].[NH4+].CCCCCC[Mg]Br.CC(C)(Cl)c1cccc(OCc2ccccc2)c1.CCCCCC.CCOCC,CCCCCCC(C)(C)c1cccc(OCc2ccccc2)c1
O=C([O-])[O-].[K+].Cc1ccc(S(=O)(=O)Sc2cc(C)c(CO)cc2C(C)(C)C)cc1.CC(C)C1(CCc2ccoc2)CC(O)=CC(=O)O1.CN(C)C=O,Cc1cc(SC2=C(O)CC(CCc3ccoc3)(C(C)C)OC2=O)c(C(C)(C)C)cc1CO
c1ccc2c(c1)ncn2C1CCNCC1.O=C(Cl)Oc1ccc(Oc2ccc(C(F)(F)F)cn2)cc1.CC(C)NC(C)C,O=C(Oc1ccc(Oc2ccc(C(F)(F)F)cn2)cc1)N1CCC(n2cnc3ccccc32)CC1
[Cl-].[Na+].CCCc1c(Cc2ccc(-c3ccccc3C#N)cc2)c(=O)n(C2CCC3(CC2)OCCO3)c2nc(C(F)(F)F)nn12.O=C([O-])O.[NH3+]O.CS(C)=O.CCOC(C)=O,CCCc1c(Cc2ccc(-c3ccccc3-c3noc(=O)[nH]3)cc2)c(=O)n(C2CCC3(CC2)OCCO3)c2nc(C(F)(F)F)nn12
Nc1ccc(Oc2ccnc(NCCCO)n2)cc1.COc1ccc(C(F)(F)F)cc1N.O=C(n1ccnc1)n1ccnc1.C1CCOC1.ClCCl,COc1ccc(C(F)(F)F)cc1NC(=O)Nc1ccc(Oc2ccnc(NCCCO)n2)cc1
NC(=O)c1cc2ccc(Cl)c(NS(=O)(=O)c3cccs3)c2[nH]1.COc1ccc(P2(=S)SP(=S)(c3ccc(OC)cc3)S2)cc1.C1CCOC1,NC(=S)c1cc2ccc(Cl)c(NS(=O)(=O)c3cccs3)c2[nH]1
Cl.[BH4-].[Li+].CC(C)C1CCC(=Nn2c(=O)c(C3=NS(=O)(=O)c4ccccc4N3)c(O)c3ccccc32)CC1.C1CCOC1.CO.O,CC(C)C1CCC(Nn2c(=O)c(C3=NS(=O)(=O)c4ccccc4N3)c(O)c3ccccc32)CC1
CN1CCNCC1.O=C(O)CC[C@@H]1CSC(c2cc3cc(Cl)cc(NC4CCCC4)c3[nH]2)=N1,CN1CCN(C(=O)CC[C@@H]2CSC(c3cc4cc(Cl)cc(NC5CCCC5)c4[nH]3)=N2)CC1
[Na+].[OH-].NC(=O)NN(C(=O)c1ccccc1)c1ccccn1.CC(=O)O,Oc1nc(-c2ccccc2)n(-c2ccccn2)n1
Nn1nc(-c2ccc(Cl)cc2)c2ccccc2c1=O.O=C(Cl)Cc1ccccc1,O=C(Cc1ccccc1)Nn1nc(-c2ccc(Cl)cc2)c2ccccc2c1=O
Nc1ccc(Br)cc1OC(F)(F)F.Cc1c(S(=O)(=O)Cl)sc2ccc(F)cc12.c1ccncc1,Cc1c(S(=O)(=O)Nc2ccc(Br)cc2OC(F)(F)F)sc2ccc(F)cc12
[BH4-].[Na+].CCOc1cccc2ncc(C=O)cc12.C1CCOC1,CCOc1cccc2ncc(CO)cc12
CC(C)COC(=O)Cl.COc1cccc(OC)c1CN.O=C(O)c1ccc(Br)cc1[N+](=O)[O-].ClCCl.CCN(CC)CC,COc1cccc(OC)c1CNC(=O)c1ccc(Br)cc1[N+](=O)[O-]
[H-].[Na+].CI.CCC(O)C#Cc1cc(C(O)(C(F)(F)F)C(F)(F)F)ccc1N1CCN(S(=O)(=O)c2cccs2)CC1.C1CCOC1,CCC(C#Cc1cc(C(O)(C(F)(F)F)C(F)(F)F)ccc1N1CCN(S(=O)(=O)c2cccs2)CC1)OC
O=S(=O)(O)O.CCNC(=O)c1ccccc1[Si](C)(C)C.O=[N+]([O-])O.ClCCl,CCNC(=O)c1cc([N+](=O)[O-])ccc1[Si](C)(C)C
CSc1nnc(C#N)c(N2CCc3ccccc3CC2)n1.NCCO.C1COCCO1,N#Cc1nnc(NCCO)nc1N1CCc2ccccc2CC1
CC(C)(C)OC(=O)N1CCC(=Cc2cc(F)cc(Oc3ccc(C(F)(F)F)cn3)c2)CC1.O=C(O)C(F)(F)F.ClCCl,Fc1cc(C=C2CCNCC2)cc(Oc2ccc(C(F)(F)F)cn2)c1
N.Cn1cc([N+](=O)[O-])cc([N+](=O)[O-])c1=O.O=C1CCC2(CC1)OCCO2.CO,O=[N+]([O-])c1cnc2c(c1)CC1(CC2)OCCO1
[Cu+2].O=S(=O)([O-])[O-].COc1ccc(-n2ccnc2C=O)cc1.CC(C)(C)[S@](N)=O.ClCCl,COc1ccc(-n2ccnc2C=N[S@](=O)C(C)(C)C)cc1
O=C([O-])[O-].[Cs+].BrCc1ccc(-c2ncon2)cc1.O=S(=O)(N[C@@H]1CCCC[C@H]1CO)c1ccc(Cl)cc1.CN(C)C=O,O=S(=O)(c1ccc(Cl)cc1)N(Cc1ccc(-c2ncon2)cc1)[C@@H]1CCCC[C@H]1CO
COC(=O)c1c(CS(=O)(=O)c2ccccc2)ccc(-c2ccoc2)c1O.CCOC(=O)c1c(CS(=O)(=O)c2ccccc2)ccc(-c2ccoc2)c1OCCNC(=O)OC(C)(C)C.CC(C)(C)OC(=O)NCCCBr,COC(=O)c1c(CS(=O)(=O)c2ccccc2)ccc(-c2ccoc2)c1OCCCNC(=O)OC(C)(C)C
CCOC(=O)c1cc(Cl)c(S(=O)(=O)CC(=O)O)c(Cl)c1.Cc1ccccc1.c1ccncc1,CCOC(=O)c1cc(Cl)c(S(C)(=O)=O)c(Cl)c1
Cc1c(Cc2ccccc2)nnc(N2CCNCC2)c1C.O=C=Nc1ccccc1.ClCCl,Cc1c(Cc2ccccc2)nnc(N2CCN(C(=O)Nc3ccccc3)CC2)c1C
CS(=O)(=O)c1ccc(-n2nc(C(=O)O)cc2-c2ccc(-c3ccco3)cc2)cc1F.O.C1CCOC1.CCOC(C)=O,CS(=O)(=O)c1ccc(-n2nc(CO)cc2-c2ccc(-c3ccco3)cc2)cc1F
CN(C)C(Oc1c(F)c(F)c(F)c(F)c1F)=[N+](C)C.F[P-](F)(F)(F)(F)F.CC(Nc1ncnc2cc(C(=O)O)c(Cl)cc12)c1nc2cc(Cl)ccc2[nH]1.CC(C)C1CCCN1.CS(C)=O.CCN(C(C)C)C(C)C,CC(Nc1ncnc2cc(C(=O)N3CCCC3C(C)C)c(Cl)cc12)c1nc2cc(Cl)ccc2[nH]1
COc1ccc(C2=NC(C)(c3ccc(Cl)cc3)C(c3ccc(Cl)cc3)N2C(=O)Cl)c(OC(C)C)c1.O=C(CN1CCNCC1)N1CCOCC1,COc1ccc(C2=N[C@@](C)(c3ccc(Cl)cc3)[C@@H](c3ccc(Cl)cc3)N2C(=O)N2CCN(CC(=O)N3CCOCC3)CC2)c(OC(C)C)c1
[Pd].O=C(/C=C/c1ccccc1)/C=C/c1ccccc1.c1ccc(P(c2ccccc2)c2ccccc2Oc2ccccc2P(c2ccccc2)c2ccccc2)cc1.Nc1nccs1.Brc1ccc(OCc2ccccc2)cn1.CCOC(C)=O.Cc1ccccc1,c1ccc(COc2ccc(Nc3nccs3)nc2)cc1
O=C(Cl)C(c1ccccc1)c1ccccc1.COC(=O)Cn1nnc(N)n1,COC(=O)Cn1nnc(NC(=O)C(c2ccccc2)c2ccccc2)n1
O=C([O-])O.[Na+].COc1ccc(Nc2cc(-c3nnc(CCc4cccc(F)c4)o3)ccc2N)cc1.N#CBr.CCO,COc1ccc(-n2c(N)nc3ccc(-c4nnc(CCc5cccc(F)c5)o4)cc32)cc1
COc1ccc(CNc2nc3ccc(F)cc3nc2OC)c(OC)c1.ClCCl.O=C(O)C(F)(F)F,COc1nc2cc(F)ccc2nc1N
II.[Mg].CCOc1ccc(Br)cc1.COc1nc(C=O)ccc1C1CC1.C1CCOC1,CCOc1ccc(C(O)c2ccc(C3CC3)c(OC)n2)cc1
CC(C)C(=O)Nc1ccc2c(c1)CCN2.CC(C)(C)OC(=O)N1CCC(Oc2ccc(Cl)nc2)CC1,CC(C)C(=O)Nc1ccc2c(c1)CCN2c1ccc(OC2CCN(C(=O)OC(C)(C)C)CC2)cn1
Cl.[F-].[K+].CCCn1nc(C(=O)NC2CCNCC2)c2ccccc21.CCCCBr.CC#N,CCCCN1CCC(NC(=O)c2nn(CCC)c3ccccc23)CC1
CN(C)C(On1nnc2cccnc21)=[N+](C)C.F[P-](F)(F)(F)(F)F.OC[C@@H]1Cc2ccccc2CN1.CCCCN(CCCC)C(=O)c1cn(CCc2ccccc2)c(-c2ccc(C(=O)OC)cc2C(=O)O)n1.O.CN(C)C=O.CCN(C(C)C)C(C)C,CCCCN(CCCC)C(=O)c1cn(CCc2ccccc2)c(-c2ccc(C(=O)OC)cc2C(=O)N2Cc3ccccc3C[C@H]2CO)n1
Br.O=C([O-])[O-].[K+].O=C(NCc1ccc(Cl)cc1)c1cnc2ccc(C#CCO)cc2c1O.CCN(CC)CCBr.CN(C)C=O,CCN(CC)CCn1cc(C(=O)NCc2ccc(Cl)cc2)c(=O)c2cc(C#CCO)ccc21
N#Cc1cc(Cl)nc(Cl)c1.CC(C)(C)OC(=O)NC1CCNCC1.CN1CCCC1=O,CC(C)(C)OC(=O)NC1CCN(c2cc(C#N)cc(Cl)n2)CC1
[Na+].[OH-].CCO.COC(=O)[C@@H](OC(C)(C)C)c1c(C)cc2nc(-c3ccc4c(c3)c(-c3cccnc3C)nn4C)sc2c1-c1ccc(Cl)cc1.C1CCOC1,Cc1cc2nc(-c3ccc4c(c3)c(-c3ccncc3)nn4C)sc2c(-c2ccc(Cl)cc2)c1[C@H](OC(C)(C)C)C(=O)O
COCCO[AlH2-]OCCOC.[Na+].[OH-].CCOC(=O)c1ccccc1OC(c1ccccc1)C1CNC(=O)CO1.Cc1ccccc1,OCc1ccccc1OC(c1ccccc1)C1CNCCO1
[H-].[Na+].c1cn[nH]c1.[NH-]CCCOc1ccc(Cn2cccn2)cc1.CCOC(C)=O.CN(C)C=O,c1cnn(CCCOc2ccc(Cn3cccn3)cc2)c1
[Ni].[H][H].O=[N+]([O-])c1ccc2c(c1)-c1nc(Cc3c[nH]cn3)sc1CC2.CO.C1COCCO1,Nc1ccc2c(c1)-c1nc(Cc3c[nH]cn3)sc1CC2
O=C([O-])[O-].[K+].CCCc1c(CBr)ncn2ncnc12.CC(C)CN.CC#N,CCCc1c(CNCC(C)C)ncn2ncnc12
Cl.O=C(O)C(Cc1ccc(Cl)cc1Cl)c1c(Cl)cccc1Cl.CO,COC(=O)C(Cc1ccc(Cl)cc1Cl)c1c(Cl)cccc1Cl
c1ccc([P](c2ccccc2)(c2ccccc2)[Pd]([P](c2ccccc2)(c2ccccc2)c2ccccc2)([P](c2ccccc2)(c2ccccc2)c2ccccc2)[P](c2ccccc2)(c2ccccc2)c2ccccc2)cc1.COC(=O)Cn1nc(C(F)(F)F)cc1Br.C=CC[Sn](CCCC)(CCCC)CCCC.CN(C)C=O,C=CCc1cc(C(F)(F)F)nn1CC(=O)OC
O=C([O-])[O-].[K+].BrC=CCBr.CCOC(=O)c1c[nH]c2c(c1=O)C(=O)CCC2.O.CN(C)C=O,CCOC(=O)c1cn(CC=CBr)c2c(c1=O)C(=O)CCC2
Nc1c(C(=O)c2ccc(F)cc2F)ccc(=O)n1-c1c(F)cc(CC=O)cc1F.CC(C)(C)OC(=O)C(C)(C)N,CC(C)(NCCc1cc(F)c(-n2c(N)c(C(=O)c3ccc(F)cc3F)ccc2=O)c(F)c1)C(=O)O
O=C(Cl)C(=O)Cl.C[C@]12C[C@@H](O)[C@@H]3c4ccc(OCc5ccccc5)cc4CC[C@H]3[C@@H]1CC[C@@H]2OCc1ccccc1.CCN(CC)CC.CS(C)=O.ClCCl,C[C@]12CC(=O)[C@@H]3c4ccc(OCc5ccccc5)cc4CC[C@H]3[C@@H]1CC[C@@H]2OCc1ccccc1
COC(=O)c1cccc(CN2C(=O)S/C(=C\c3ccc4c(cnn4Cc4ccc(Cl)cc4C(F)(F)F)c3)C2=O)c1.NCCO,O=C(O)c1cccc(CN2C(=O)S/C(=C\c3ccc4c(cnn4Cc4ccc(Cl)cc4C(F)(F)F)c3)C2=O)c1
O=C([O-])C(F)(F)F.Cc1nnc(C2=C(C(=O)OC(c3ccccc3)c3ccccc3)N3C(=O)C(N)[C@H]3SC2)s1.COc1ccccc1,Cc1nnc(C2=C(C(=O)O)N3C(=O)C(N)[C@H]3SC2)s1
O=C([O-])[O-].[K+].O=C1NCCN2CCNCC12.Cc1cc(F)ccc1-c1cc(Cl)ncc1N(C)C(=O)C(C)(C)c1cc(C(F)(F)F)cc(C(F)(F)F)c1.ClCCl.CS(C)=O,Cc1cc(F)ccc1-c1cc(N2CCN3CCNC(=O)C3C2)ncc1N(C)C(=O)C(C)(C)c1cc(C(F)(F)F)cc(C(F)(F)F)c1
[K+].COC(=O)c1ccc(C)c(NCC(=O)c2cnn(-c3ccccc3)c2C)c1.N#C[S-].CC(=O)O,COC(=O)c1ccc(C)c(-n2cc(-c3cnn(-c4ccccc4)c3C)nc2S)c1
Cl.[K+].CN(C)C=C(C(=O)C(=O)c1ccccc1)c1ccc(C(=O)O)cc1.[OH-],O=C(O)c1ccc(C2=COC(O)(c3ccccc3)C2=O)cc1
CC1(C(=O)Cl)CC1.CN(C)S(=O)(=O)c1ccc(N)cc1C(F)(F)F.CCN(CC)CC.Nc1ccccc1.C1CCOC1,CN(C)S(=O)(=O)c1ccc(NC(=O)C2(C)CC2)cc1C(F)(F)F
[Al+3].[Cl-].COC(=O)CC(C)C(=O)Cl.O=C1c2ccccc2C(=O)N1CCCc1ccccc1.ClCCCl,COC(=O)CC(C)C(=O)c1ccc(CCCN2C(=O)c3ccccc3C2=O)cc1
C[Si](C)(C)N[Si](C)(C)C.[Cl-].[Li+].C[Si](C)(C)Cl.N#C/C=C\NC(N)=O,C[Si](C)(C)N(C(=O)N/C=C\C#N)[Si](C)(C)C
COc1ccc(-c2n[nH]c(=O)c3ccccc23)cc1.O=P(Cl)(Cl)Cl.O,COc1ccc(-c2nnc(Cl)c3ccccc23)cc1
O=S(=O)([O-])C(F)(F)F.[Yb+3].N#Cc1ccc(N)cn1.O=Cc1ccc(F)c(Cl)c1.C=C(C)C.CCOC(C)=O.CC#N,CC1(C)CC(c2ccc(F)c(Cl)c2)Nc2ccc(C#N)nc21
COc1cc(B2OC(C)(C)C(C)(C)O2)ccn1.Cc1ccc(Br)nc1,COc1cc(-c2ccc(C)cn2)ccn1
CCO.COCc1c(F)c(F)c(C(=O)Cl)c(F)c1F,CCOC(=O)c1c(F)c(F)c(COC)c(F)c1F
O=c1[nH]nc(-c2ccc(C(F)(F)F)cc2)cc1C(F)(F)F.O=P(Br)(Br)Br.CN(C)C=O,FC(F)(F)c1ccc(-c2cc(C(F)(F)F)c(Br)nn2)cc1
FCCNCC1CCNC1.O=C(O)c1cn(C2CC2)c2c(F)c(F)c(F)cc2c1=O.CC#N.C1CCC2=NCCCN2CC1,O=C(O)c1cn(C2CC2)c2c(F)c(N3CCC(CNCCF)C3)c(F)cc2c1=O
Cl.[Na+].[OH-].COC(=O)c1ccc(N2CCC(c3cc(Cl)cc(Cl)c3)(C(F)(F)F)C2)cc1[N+](=O)[O-].C1COCCO1,O=C(O)c1ccc(N2CCC(c3cc(Cl)cc(Cl)c3)(C(F)(F)F)C2)cc1[N+](=O)[O-]
B#B.Cl.CCOC(=O)c1ccc(NC(=O)C(C)Oc2cccc3ccccc23)cc1.C1CCOC1,CCOC(=O)c1ccc(NCC(C)Oc2cccc3ccccc23)cc1
CC(C)(C#N)N=NC(C)(C)C#N.O=C1CCC(=O)N1Br.CC(=O)OCCc1ccc(Br)cc1F.ClC(Cl)(Cl)Cl,CC(=O)OCC(Br)c1ccc(Br)cc1F
CCC(=O)OC(=O)CC.CN(C)c1ccccn1.Nc1cccc(O)c1.Oc1cccc(NC2CCN(CCc3ccccc3)CC2)c1.O=C1CCN(CCc2ccccc2)CC1.CCN(CC)CC,CCC(=O)N(c1cccc(O)c1)C1CCN(CCc2ccccc2)CC1
[K+].CC(C)C(=O)NC1CCC(CNC(=S)NC(=O)c2ccccc2)CC1.CC(C)C(=O)NC1CCC(CNC(N)=S)CC1.O=C([O-])[O-].O.CO,CC(C)C(=O)NC1CCC(NC(=S)N(C)C(=O)c2ccccc2)CC1
CN.COC(=O)c1cc(Cl)nc(C(C)(C)C)c1,CNc1cc(C(=O)O)cc(C(C)(C)C)n1
NC(=O)c1ccc(N2CCNCC2)cc1.ClCc1cn2cc(Cl)cc(Cl)c2n1.OCCO.O.CCN(CC)CC,NC(=O)c1ccc(N2CCN(Cc3cn4cc(Cl)cc(Cl)c4n3)CC2)cc1
[H-].[Na+].BrCCCBr.N#Cc1ccc2[nH]nc(-c3ccccc3)c2c1.CN(C)C=O,N#Cc1ccc2c(c1)c(-c1ccccc1)nn2CCCBr
c1c[nH]cn1.c1ccc(P(c2ccccc2)c2ccccc2)cc1.II.CC(C)(C)OC(=O)N1CC(C(O)c2ccc(Cl)cc2)C1.C1CCOC1.CC#N,CC(C)(C)OC(=O)N1CC(C(I)c2ccc(Cl)cc2)C1
Cl.Cc1cn2c(=O)c(OCc3ccccc3)c(C(=O)O)nc2s1.NCC(=O)Cc1ccc(Cl)c(Cl)c1,Cc1cn2c(=O)c(OCc3ccccc3)c(C(=O)NCC(=O)Cc3ccc(Cl)c(Cl)c3)nc2s1
[Na+].[OH-].CCOC(=O)C=Cc1ccc(C(=C2CCCCCC2)c2ccc(O)cc2)c(F)c1.CCO.C1CCOC1,O=C(O)C=Cc1ccc(C(=C2CCCCCC2)c2ccc(O)cc2)c(F)c1
Nc1cccc(-c2c(Cc3ccccc3)cnc3c(C(F)(F)F)cccc23)c1.O=Cc1ccc(C=C2SC(=S)NC2=O)cc1,O=C1NC(=S)S/C1=C\c1ccc(CNc2cccc(-c3c(Cc4ccccc4)cnc4c(C(F)(F)F)cccc34)c2)cc1
FB(F)F.CCOC(=O)c1ccc(C2CCC3(CC2)CO3)cc1.ClCCl.O.CCOCC,CCOC(=O)c1ccc([C@H]2CC[C@H](C=O)CC2)cc1
O=C([O-])O.[Na+].[OH-].COC(=O)N1CCN(c2ccn(-c3cc(C)nc4c3CCN4c3ccc(OC)cc3C)n2)S1(=O)=O.CO.ClCCl,COc1ccc(N2CCc3c(-n4ccc(N5CCNS5(=O)=O)n4)cc(C)nc32)c(C)c1
CC(C)(C)Oc1ccc(CONC(=O)C2c3ccccc3C(=O)N(C3CCCCC3NS(C)(=O)=O)C2c2ccc(Cl)cc2Cl)cc1.ClCCl.O=C(O)C(F)(F)F,CS(=O)(=O)NC1CCCCC1N1C(=O)c2ccccc2C(C(=O)NO)C1c1ccc(Cl)cc1Cl
[K+].[OH-].CC1(C(=O)Nc2c(SC(=O)C3(C)CCCCC3)ccc3ccccc23)CCCCC1.O.C1CCOC1.CO,CC1(C(=O)Nc2c(S)ccc3ccccc23)CCCCC1
CN(Cc1cccc(-c2ccc(C=C3SC(=O)NC3=O)cc2)c1)C(=O)CCc1ccccc1.C1CCOC1,CN(Cc1cccc(-c2ccc(CC3SC(=O)NC3=O)cc2)c1)C(=O)CCc1ccccc1
C[O-].[Na+].O=C(Cl)Cl.COC(=O)Nc1c(C)cccc1C.Cc1ccccc1.c1ccc(-c2ccccc2)cc1.CO,COC(=O)N(C(=O)Cl)c1c(C)cccc1C
[H-].[Na+].CC(C)NC(=O)CO.O=C1c2ccccc2C(Cl)N1c1ccc2ccc(Cl)nc2n1.C1CCOC1,CC(C)NC(=O)COC1c2ccccc2C(=O)N1c1ccc2ccc(Cl)nc2n1
Cl.Cc1nnc(NN)n1N.O=Cc1c(Cl)cccc1Cl.CCO,Cc1nnc(NN=Cc2c(Cl)cccc2Cl)n1N
CCCC[N+](CCCC)(CCCC)CCCC.[F-].CC(C)[Si](C#Cc1cccc2nc(Cn3nc(-c4cccc(O)c4)c4c(N)ncnc43)n(Cc3ccccc3Cl)c(=O)c12)(C(C)C)C(C)C.CN(C)C=O.C1CCOC1.O,C#Cc1cccc2nc(Cn3nc(-c4cccc(O)c4)c4c(N)ncnc43)n(Cc3ccccc3Cl)c(=O)c12
Cc1ccc(S(=O)(=O)O)cc1.NC(=S)c1ccc(O)cc1.COC(CBr)OC.CCO,Oc1ccc(-c2nccs2)cc1
O=C(O)c1cc(-c2ccc(Cl)cc2)c(-c2ccc(Cl)cc2Cl)nc1OCc1ccc(F)c(F)c1.O=C(Cl)C(=O)Cl.CN(C)C=O.ClCCl,O=C(Cl)c1cc(-c2ccc(Cl)cc2)c(-c2ccc(Cl)cc2Cl)nc1OCc1ccc(F)c(F)c1
O=C(NCCO)c1ccc(C=C2CCN(C(=O)c3ccc(Cl)cc3)CC2)c(F)c1.C1CCOC1,O=C(c1ccc(Cl)cc1)N1CCC(=Cc2ccc(C3=NCCO3)cc2F)CC1
CC(=O)OC(C)=O.Cc1c(C(=O)NN2CCCCC2)nc(-c2ccccc2Cl)n1-c1ccc(N)cc1.ClCCl,CC(=O)Nc1ccc(-n2c(-c3ccccc3Cl)nc(C(=O)NN3CCCCC3)c2C)cc1
Cc1ccc(S(=O)(=O)O)cc1.CC(C)(C)OC(=O)N1CCC(CNc2cc(Nc3cnc(C#N)cn3)ncc2N)CC1.CC(=O)OC(C)=O.CN(C)C=O.CCN(CC)CC,CC(=O)Nc1cnc(Nc2cnc(C#N)cn2)cc1NCC1CCNCC1
O=C=Nc1cccc([N+](=O)[O-])c1.COc1ccc(N)cc1-c1c(Cl)cnn1C,COc1ccc(NC(=O)Nc2cccc([N+](=O)[O-])c2)cc1-c1c(Cl)cnn1C
O=C(O)c1cc(-c2ccccc2)c(C(F)(F)F)s1.C1CCOC1,OCc1cc(-c2ccccc2)c(C(F)(F)F)s1
Cl.[H-].[Na+].Clc1cc(Cl)ncn1.CC(C)(C)c1ccc(S(N)(=O)=O)cc1.O.CN(C)C=O,CC(C)(C)c1ccc(S(=O)(=O)Nc2cc(Cl)ncn2)cc1
O=S(=O)(O)O.O=[N+]([O-])c1cc(Br)c2[nH]ncc2c1.CC(C)(C)O,CC(C)(C)n1cc2cc([N+](=O)[O-])cc(Br)c2n1
CCCS(=O)(=O)c1cc([C@H]2CC[C@H](c3cc(OC)c(OC)c(OC)c3)O2)cc(OC)c1OCCSc1ccccc1.O=C(OO)c1cccc(Cl)c1.ClCCl,CCCS(=O)(=O)c1cc([C@H]2CC[C@H](c3cc(OC)c(OC)c(OC)c3)O2)cc(OC)c1OCCS(=O)c1ccccc1
[Na+].[OH-].O=C(Cl)OCc1ccccc1.O=C(O)[C@@H]1Cc2ccccc2N1,O=C(O)[C@@H]1Cc2ccccc2N1C(=O)OCc1ccccc1
CCOC(=O)CC(=O)c1cc(Br)ccc1F.COC(OC)N(C)C.Nc1ccc(F)cc1.CCOC(C)=O.CN(C)C=O,CCOC(=O)c1cn(-c2ccc(F)cc2)c2ccc(Br)cc2c1=O
O=C1CCC(=O)N1Cl.CC1(C)O[C@@H](C=NO)C(C)(C)O1.O.CN(C)C=O,CC1(C)O[C@@H](C(Cl)=NO)C(C)(C)O1
CN(C(=O)OC(C)(C)C)[C@@H]1CN(C(=O)c2ccc(C#N)cc2)C[C@H]1c1ccc(Cl)c(Cl)c1.ClCCl.O=C(O)C(F)(F)F,CN[C@@H]1CN(C(=O)c2ccc(C#N)cc2)C[C@H]1c1ccc(Cl)c(Cl)c1
CC(C)(C)OC(=O)N[C@@H]1CCNC1.CC(C)(C)OC(=O)N[C@H]1CCNC1.FC(F)CI,CC(C)(C)OC(=O)N[C@H]1CCN(CCF)C1
Cl.CN(C(=O)OC(C)(C)C)[C@H](Cc1ccccc1)C(O)CCCO.CCOC(C)=O,CN[C@H](Cc1ccccc1)C(O)CCCOC(C)=O
c1c[nH]cn1.CC(C)(C)[Si](C)(C)Cl.C=CCC(O)c1cccc(Br)c1.ClCCl.CN(C)C=O,C=CCC(O[Si](C)(C)C(C)(C)C)c1cccc(Br)c1
Nc1nc(-c2ccccc2)c(-c2ccccc2)s1.O=C(Cl)c1ccccc1.C1COCCO1.CCN(CC)CC,O=C(Nc1nc(-c2ccccc2)c(-c2ccccc2)s1)c1ccccc1
CC(=O)c1c(C)nn2ccccc12.C[Mg]Br.CCOCC,C=C(C)c1c(C)nn2ccccc12
Brc1cc2c(s1)-c1ccccc1OCC2.CC1(C)OB(c2cccnc2)OC1(C)C,c1cncc(-c2cc3c(s2)-c2ccccc2OCC3)c1
c1ccc([P](c2ccccc2)(c2ccccc2)[Pd]([P](c2ccccc2)(c2ccccc2)c2ccccc2)([P](c2ccccc2)(c2ccccc2)c2ccccc2)[P](c2ccccc2)(c2ccccc2)c2ccccc2)cc1.O=C([O-])[O-].[K+].Nc1ccncc1I.COc1ccc(Cl)cc1B(O)O.O.Cc1ccccc1.CCO,COc1ccc(Cl)cc1-c1cnccc1N
COCCOC1CC(c2ncc(-c3ccc(Br)cc3)[nH]2)N(C(=O)C(NC(=O)OC)C(C)C)C1.COCCOC1CC(c2nc(-c3ccc(Br)cc3)cn2COCC[Si](C)(C)C)N(C(=O)OC(C)(C)C)C1,COC(=O)NC(C(=O)N1CC(Oc2cnccn2)CC1c1ncc(-c2ccc(Br)cc2)[nH]1)C(C)C
[Li+].CC(C)[N-]C(C)C.O=C(OCc1ccccc1)C1CCCC1.C=CCBr.C1CCOC1,C=CCC1(C(=O)OCc2ccccc2)CCCC1
CC(=O)O[BH-](OC(C)=O)OC(C)=O.[Na+].OCCN1CCNCC1.O=Cc1cc2c(N3CCOCC3)nc(Cl)nc2s1.CC(=O)O.ClCCCl,OCCN1CCN(Cc2cc3c(N4CCOCC4)nc(Cl)nc3s2)CC1
c1ccc([P](c2ccccc2)(c2ccccc2)[Pd]([P](c2ccccc2)(c2ccccc2)c2ccccc2)([P](c2ccccc2)(c2ccccc2)c2ccccc2)[P](c2ccccc2)(c2ccccc2)c2ccccc2)cc1.O=C([O-])[O-].[Na+].Cc1c(Oc2ccnc(Cl)c2)ccc(N)c1F.Cn1cc(B2OC(C)(C)C(C)(C)O2)cn1.O.COCCOC,Cc1c(Oc2ccnc(-c3cnn(C)c3)c2)ccc(N)c1F
C1COCCO1.Cc1ncc2cccc(O)c2n1,O=Cc1ncc2cccc(O)c2n1
CC(Sc1nnn[nH]1)C1=C(C(=O)OC(C)(C)C)N2C(=O)C(NC(=O)CS(=O)C(F)(F)F)[C@H]2SC1.O=C(O)C(F)(F)F.CCOCC,CC(Sc1nnn[nH]1)C1=C(C(=O)O)N2C(=O)C(NC(=O)CS(=O)C(F)(F)F)[C@H]2SC1
BrB(Br)Br.COc1ccc2c(c1)NC(=O)C(C)O2.ClCCl,CC1Oc2ccc(O)cc2NC1=O
c1ccc([P](c2ccccc2)(c2ccccc2)[Pd]([P](c2ccccc2)(c2ccccc2)c2ccccc2)([P](c2ccccc2)(c2ccccc2)c2ccccc2)[P](c2ccccc2)(c2ccccc2)c2ccccc2)cc1.OB(O)c1ccc(OC(F)(F)F)cc1.O=S(=O)(Oc1cc(O)c2ccccc2c1)C(F)(F)F.O=C(O)C(F)(F)F.ClCCl,Oc1cc(-c2ccc(OC(F)(F)F)cc2)cc2ccccc12
NC1CC1.O=C(Cl)/C=C1\CCc2c(Cl)cccc21.ClCCl,O=C(/C=C1\CCc2c(Cl)cccc21)NC1CC1
N.NC(=NO)c1ccnnc1.O=C(Cl)c1cccc(F)c1,Fc1cccc(-c2nc(-c3ccnnc3)no2)c1
BrBr.CC(=O)c1ccc2sc(=O)[nH]c2c1.ClCCl.CC(=O)O,O=C(CBr)c1ccc2sc(=O)[nH]c2c1
[H-].[Na+].CN1CNC(=N[N+](=O)[O-])N(CC2CCOC2)C1.CI.CN(C)C=O,CN1CN(C)C(=N[N+](=O)[O-])N(CC2CCOC2)C1
Cl[Sn]Cl.O=C([O-])O.[Na+].CN(C)C(=O)Oc1ccc2c(CF)c(Cc3cccc([N+](=O)[O-])c3F)c(=O)oc2c1.CCOC(C)=O.O,CN(C)C(=O)Oc1ccc2c(CF)c(Cc3cccc(N)c3F)c(=O)oc2c1
CC(C)(C)OC(=O)CNC(=O)c1ccc(O)cc1.N#Cc1ccc(CCO)cc1,N#Cc1ccc(CCOc2ccc(C(=O)NCC(=O)O)cc2)cc1
CN(C)c1ccncc1.O=C([O-])O.[Na+].COC(=O)C(C)(C1CCc2c([nH]c3ccc(Br)cc23)C1)S(=O)(=O)c1ccccc1.CC(C)(C)OC(=O)OC(C)(C)C.CCOC(C)=O.C1CCOC1,COC(=O)C(C)(C1CCc2c(n(C(=O)OC(C)(C)C)c3ccc(Br)cc23)C1)S(=O)(=O)c1ccccc1
S=C([S-])c1ccc2ccccc2c1.[Li]CCCC.C[N+](C)(C)C.C1CCOC1.Nc1cccs1,NCc1ccc(C(O)C2CC2)s1
O=C1CNCc2cc(Br)cnc2N1.O=C(Cl)OCc1ccccc1.CCN(CC)CC.ClCCl,O=C1CN(C(=O)OCc2ccccc2)Cc2cc(Br)cnc2N1
c1c[nH]cn1.CC(C)(C)[Si](C)(C)Cl.O=Cc1ccc(O)c2ccccc12.CN(C)C=O,CC(C)(C)[Si](C)(C)Oc1ccc(C=O)c2ccccc12
Cl.COC(=O)Nc1nc2ccc(-c3ccc4c(c3)CN(C(=O)OC(C)(C)C)CCO4)cc2[nH]1.CO.C1COCCO1.CCOCC,COC(=O)Nc1nc2ccc(-c3ccc4c(c3)CNCCO4)cc2[nH]1
COc1ccc(/C(C#N)=C/c2ccc([C@@H]3O[C@H](CO)[C@@H](O)[C@H](O)[C@H]3O)cc2)cc1OC.O=P([O-])(Cl)OCC(Cl)(Cl)Cl.c1ccncc1,COc1ccc(/C(C#N)=C/c2ccc([C@@H]3O[C@H](COP(=O)(O)O)[C@@H](O)[C@H](O)[C@H]3O)cc2)cc1OC
CCCCP(CCCC)CCCC.O=C(N=NC(=O)N1CCCCC1)N1CCCCC1.OCCO.Oc1[nH]nc(-c2ccccn2)c1-c1ccnc2ccccc12.C1CCOC1,c1ccc(-c2nn3c(c2-c2ccnc4ccccc24)OCC3)nc1
[Cl-].[NH4+].[Na].O=C1C=CCCC1.O=S(=O)(Cc1nnc(C2CC2)o1)c1ccccc1.CO,O=C1CCCC(C(c2nnc(C3CC3)o2)S(=O)(=O)c2ccccc2)C1
Cc1cccc2ccc(F)cc12.O=C1CCC(=O)N1Br,Fc1ccc2cccc(CBr)c2c1
Oc1ccccc1F.C[C@H](CCl)CBr,C[C@H](CCl)COc1ccccc1F
CCN=C=NCCCN(C)C.Cl.Oc1cccc2[nH]nnc12.Oc1ccc(N2CCNCC2)cc1.Nc1onc(-c2ccccc2Cl)c1C(=O)O,Nc1onc(-c2ccccc2Cl)c1C(=O)N1CCN(c2ccc(O)cc2)CC1
CC(C)(C)OC(=O)c1cc(C2CC2)c(OCC2(C(F)(F)F)CCCCC2)cc1F.ClCCl.O=C(O)C(F)(F)F,O=C(O)c1cc(C2CC2)c(OCC2(C(F)(F)F)CCCCC2)cc1F
O=C(n1ccnc1)n1ccnc1.N=C(NO)C1CC1.CC1=NCN2C1=Cc1cncnc1-c1cccc(C(=O)O)c12.CC(=O)O.CN(C)C=O,CC1=NCN2C1=Cc1cncnc1-c1cccc(-c3nc(C4CC4)no3)c12
Cc1nc(-c2cccc(F)c2)ncc1C(=O)Nn1ccc2cc(N)ccc21.O=C(Cl)c1ccccc1.ClCCl.CCN(CC)CC,Cc1nc(-c2cccc(F)c2)ncc1C(=O)Nn1ccc2cc(NC(=O)c3ccccc3)ccc21
CN(C)C(On1nnc2cccnc21)=[N+](C)C.Cl.F[P-](F)(F)(F)(F)F.CC(N)c1ccc2c(c1)B(O)OC2(C)C.Cc1cc(C2=NOC(c3cc(Cl)c(Cl)c(Cl)c3)(C(F)(F)F)C2)ccc1C(=O)O.CCOC(C)=O.CCN(CC)CC.CN(C)C=O,Cc1cc(C2=NOC(c3cc(Cl)c(Cl)c(Cl)c3)(C(F)(F)F)C2)ccc1C(=O)NC(C)c1ccc2c(c1)B(O)OC2(C)C
[Cl-].[H-].[Na+].O=C1CCC2(CC1)OCCO2.c1ccc(COc2ccc(C[P+](c3ccccc3)(c3ccccc3)c3ccccc3)cc2)cc1.CN(C)C=O.CCCCC,C(=C1CCC2(CC1)OCCO2)c1ccc(OCc2ccccc2)cc1
CC(C)(C)[O-].Cl.[K+].CC(C)(CCn1ccc2cc(C(=O)O)ccc21)NC[C@H](O)c1cccc(NS(=O)(=O)c2ccccc2)c1.CC(C)N(CCCl)C(C)C.CN(C)C=O.CCOC(C)=O,CC(C)N(CCOC(=O)c1ccc2c(ccn2CCC(C)(C)NC[C@H](O)c2cccc(NS(=O)(=O)c3ccccc3)c2)c1)C(C)C
c1ccc([P](c2ccccc2)(c2ccccc2)[Pd]([P](c2ccccc2)(c2ccccc2)c2ccccc2)([P](c2ccccc2)(c2ccccc2)c2ccccc2)[P](c2ccccc2)(c2ccccc2)c2ccccc2)cc1.O=C([O-])[O-].[K+].C=CCn1c(Cl)nc2c1c(=O)[nH]c(=O)n2CCCCC.O=C1C(CCCCBr)CCN1Cc1ccccc1.C1CCOC1.C1COCCN1,CCCCCn1c(=O)n(CCCCC2CCN(Cc3ccccc3)C2=O)c(=O)c2[nH]c(Cl)nc21
O=[N+]([O-])c1ccccc1C=Cc1ccccn1.COc1ccc([N+](=O)[O-])c(C=Cc2ccccn2)c1,COc1ccc(N)c(CCc2ccccn2)c1
N#Cc1ccc(N2CCNCC2)c(Cl)c1.ClCc1cn2cc(Cl)ccc2n1.C1CCOC1.CCN(CC)CC,N#Cc1ccc(N2CCN(Cc3cn4cc(Cl)ccc4n3)CC2)c(Cl)c1
O=C(Cl)c1ccc(Cl)cc1.CCN(CC)c1cc2[nH]c(-c3ccccc3OC)nc2cc1N,CCN(CC)c1cc2[nH]c(-c3ccccc3OC)nc2cc1NC(=O)c1ccc(Cl)cc1
[Na+].[OH-].CCOC(=O)[C@H](CCCCC1CCN(C(=O)OCc2ccccc2)CC1)N[C@@H](C)C(=O)N(CC(=O)OC(C)(C)C)C1Cc2ccccc2C1.O.CO,C[C@H](N[C@@H](CCCCC1CCN(C(=O)OCc2ccccc2)CC1)C(=O)O)C(=O)N(CC(=O)OC(C)(C)C)C1Cc2ccccc2C1
Cl.[Li+].[OH-].CCOC(=O)[C@H]1CCN(C(=O)OC(C)(C)C)C[C@@H]1NC(=O)OCc1ccccc1.C1CCOC1,CC(C)(C)OC(=O)N1CC[C@H](C(=O)O)[C@@H](NC(=O)OCc2ccccc2)C1
CCCc1cc(C(=O)OCC)nn1Cc1ccc(-c2ccccc2-c2nnnn2C(c2ccccc2)(c2ccccc2)c2ccccc2)cc1.O.C1CCOC1,CCCc1cc(C(=O)O)nn1Cc1ccc(-c2ccccc2-c2nnnn2C(c2ccccc2)(c2ccccc2)c2ccccc2)cc1
CC(C)Cc1ccc(-c2onc3c2CCc2cc(C=O)ccc2-3)cc1C(F)(F)F.C=Cc1ccc2c(c1)CCc1nc(CCCCC)sc1-2,CCCCCc1nc2c(s1)-c1ccc(C=O)cc1CC2
CC(C)[Mg]Cl.Oc1ccc2c(c1)OCO2.O=C1C(=O)N(CCC2CC2)c2ccccc21.ClCCl.C1CCOC1,O=C1N(CCC2CC2)c2ccccc2C1(O)c1cc2c(cc1O)OCO2
CCCCCC(=O)c1c(C)nc2cc(OC)c(OC)cc2c1-c1ccc(OC)c(OC)c1.O=C1CCC(=O)N1Br,CCCCCC(=O)c1c(CBr)nc2cc(OC)c(OC)cc2c1-c1ccc(OC)c(OC)c1
Cc1nc(N2C[C@H](C)N(Cc3ccc(F)cc3)C2=O)sc1C(=O)O.NCc1cccnc1.Cn1cc(CN)cn1.Cc1nc(N2C(=O)N(Cc3ccc(F)cc3)C[C@@H]2C)sc1C(=O)O,Cc1nc(N2C(=O)N(Cc3ccc(F)cc3)C[C@@H]2C)sc1C(=O)NCc1cnn(C)c1
O=S(=O)(O)C(F)(F)F.COc1ccc(CS[C@H]2C[C@@H](C(=O)N3CCN(C)CC3)N(C)C2)cc1.COc1ccccc1.O=C(O)C(F)(F)F,CN1CCN(C(=O)[C@@H]2C[C@H](S)CN2C)CC1
Cl.O=S(=O)(Cl)Cc1ccccc1.NC(C(=O)O[C@H]1CN2CCC1CC2)c1ccccc1.ClCCl.CCN(CC)CC,O=C(O[C@H]1CN2CCC1CC2)C(NS(=O)(=O)Cc1ccccc1)c1ccccc1
O=C([O-])[O-].[K+].CCOC(=O)c1cc(C)n[nH]1.BrCc1ccccc1.CC#N.O,CCOC(=O)c1cc(C)nn1Cc1ccccc1
O=C1CCCC(=O)N1.O=C1CCC(=O)N1,CCCCCCCCCN1C(=O)CCCC1=O
CC(=O)O[BH-](OC(C)=O)OC(C)=O.[Na+].FC(F)(F)c1ccc2c(c1)CCNC2.CC(=O)NC(C)c1ccc(C=O)cc1.CC(=O)O.C1CCOC1,CC(=O)NC(C)c1ccc(CN2CCc3cc(C(F)(F)F)ccc3C2)cc1
[H-].[Na+].OC(CN1CCN(Cc2ccccc2)CC1)Cn1c2ccccc2c2ccccc21.ClCCl.C1CCOC1.CO.CI,COC(CN1CCN(Cc2ccccc2)CC1)Cn1c2ccccc2c2ccccc21
Cl[Cu]Cl.CC(=O)[O-].C#CCO.O=CC(=O)O.[NH4+].CCO.O,NC(C#CCO)C(=O)O
CN(C)C(On1nnc2cccnc21)=[N+](C)C.Cl.F[P-](F)(F)(F)(F)F.O=C(O)c1cc2ccc(Br)cc2o1.N[C@H]1CN2CCC1CC2.CN(C)C=O.CO.CCN(C(C)C)C(C)C,O=C(N[C@H]1CN2CCC1CC2)c1cc2ccc(Br)cc2o1
CC(=O)O[C@@H]1C[C@@H]2CC[C@H]3[C@@H]4CC[C@H](OC(C)=O)[C@@]4(C)CC[C@@H]3[C@@]2(CO)[C@H](C)C1.CC(=O)O[C@H]1CC[C@@]2(CO)[C@@H](CC[C@H]3[C@@H]4CC[C@H](OC(C)=O)[C@@]4(C)CC[C@@H]32)C1,C[C@]12CC[C@H]3[C@@H](CC[C@H]4C[C@@H](O)CC[C@@]43C=O)[C@@H]1CC[C@@H]2O
ClI.CCOC(=O)Cc1ccc(N)cc1.CCN(CC)CC.ClCCl,CCOC(=O)Cc1ccc(N)c(I)c1
[Pd].[Ca+2].[O-2].COC(OC)c1cc(C(=O)c2ccccc2)ccc1[N+](=O)[O-].c1ccsc1.CO,COC(OC)c1cc(C(=O)c2ccccc2)ccc1N
[K+].[OH-].COC(=O)C(C)(c1ccc(Br)cc1)C1CC1.COC(=O)c1ccccc1.O.CO,CC(C(=O)O)(c1ccc(Br)cc1)C1CC1
Cl.O=C([O-])[O-].[Na+].CS(=O)(=O)OCCCn1c(=O)[nH]c2cc(Cl)c(Cl)cc21.O=C(c1ccc(F)cc1)C1CCNCC1.O.CC(=O)CC(C)C,O=C(c1ccc(F)cc1)C1CCN(CCCn2c(=O)[nH]c3cc(Cl)c(Cl)cc32)CC1
c1ccc([P](c2ccccc2)(c2ccccc2)[Pd]([P](c2ccccc2)(c2ccccc2)c2ccccc2)([P](c2ccccc2)(c2ccccc2)c2ccccc2)[P](c2ccccc2)(c2ccccc2)c2ccccc2)cc1.O=C([O-])[O-].[Na+].Cc1c(S(=O)(=O)Nc2ccc(Br)cc2C(F)(F)F)sc2ccc(F)cc12.OB(O)c1cc(F)nc(F)c1.COCCOC.CCO,Cc1c(S(=O)(=O)Nc2ccc(-c3cc(F)nc(F)c3)cc2C(F)(F)F)sc2ccc(F)cc12
CCCCCCCCCCCCCCOc1ccc2c(C)c(C(=O)O)oc2c1.Cc1ccc(N2CC=CN(C)N2)cc1.CCOCC,CCCCCCCCCCCCCCOc1ccc2c(C)c(C(=O)OC)oc2c1
CSCCOC(C)C(=O)O.O=C(Cl)C(=O)Cl.CO,COC(=O)C(C)OCCSC
CS(=O)(=O)Cl.CC(C)(C)OC(=O)N1CCCN(c2nc3ccccc3n2CCO)CC1.CCN(C(C)C)C(C)C.ClCCl,CC(C)(C)OC(=O)N1CCCN(c2nc3ccccc3n2CCOS(C)(=O)=O)CC1
[BH4-].[Na+].C=CCN(C)CCCCCCOc1ccc2c(c1)CCN=C2c1ccc(Br)cc1.CCO,C=CCN(C)CCCCCCOc1ccc2c(c1)CCNC2c1ccc(Br)cc1
O=C(O)c1ccc([N+](=O)[O-])cc1C(=O)O.CCO,Nc1ccc(C(=O)O)c(C(=O)O)c1
C[C@@H](c1ccc(C#CC2(N)CCCCC2)cc1)N1CC[C@](CC(C)(C)O)(c2ccccc2)OC1=O.CC(=O)OC(C)=O.ClCCl.CCN(C(C)C)C(C)C,CC(=O)NC1(C#Cc2ccc([C@H](C)N3CC[C@](CC(C)(C)O)(c4ccccc4)OC3=O)cc2)CCCCC1
[Pd].[H][H].COC(=O)C1(C)C=CC(=O)CC1.CCOC(C)=O,COC(=O)C1(C)CCC(=O)CC1
Cl.O=C([O-])[O-].[K+].CC(C)(C)C#CC=CCBr.CNCc1cccc(NC(=O)c2ccccc2)c1.CN(C)C=O.O,CN(C/C=C\C#CC(C)(C)C)Cc1cccc(NC(=O)c2ccccc2)c1
[Al+3].[H-].Cn1ncc2c1-c1ccc(Cl)cc1C(c1ccccc1F)OC2=O.C1CCOC1,Cn1ncc(CO)c1-c1ccc(Cl)cc1C(O)c1ccccc1F
C[O-].Cl.[Na+].CCNC(=O)SC[C@H](NC(=O)C(CSC(C)=O)CC(=O)OC)C(=O)O.CO,COC(=O)CC(CS)C(=O)N[C@@H](CS)C(=O)O
CN1CC[NH+](C)C1Cl.[Cl-].COc1c(C)c(Cc2ccc(C(=O)O)c(-c3cccnc3)c2)c(OC)c(OC)c1OC.Nc1ccc(C(F)(F)F)cc1.ClCCl.CCN(CC)CC,COc1c(C)c(Cc2ccc(C(=O)Nc3ccc(C(F)(F)F)cc3)c(-c3cccnc3)c2)c(OC)c(OC)c1OC
O=C1CCC(=O)N1Cl.CCOC(=O)C[C@H]1CCn2c1cc1cc(OCc3ccc(OC(C)C)c(C(F)(F)F)c3)ccc12.ClCCl,CCOC(=O)C[C@H]1CCn2c1c(Cl)c1cc(OCc3ccc(OC(C)C)c(C(F)(F)F)c3)ccc12
CCOC(=O)N=NC(=O)OCC.c1ccc(P(c2ccccc2)c2ccccc2)cc1.O=Cc1ccc(O)c([N+](=O)[O-])c1.OCc1ccc(Cl)c(Cl)c1.C1CCOC1.Cc1ccccc1,O=Cc1ccc(OCc2ccc(Cl)c(Cl)c2)c([N+](=O)[O-])c1
Cl[Pd]Cl.I[Cu]I.c1ccc(P(c2ccccc2)c2ccccc2)cc1.Cc1cc(Sc2cc(O)cc(Br)c2)ccc1OCC(=O)O.CCOC(C)=O.C#CCN1CCOCC1.CN(C)C=O.CCN(CC)CC,CCOC(=O)COc1ccc(Sc2cc(O)cc(C#CCN3CCOCC3)c2)cc1C
O=C([O-])O.[Na+].CC(C)(C)OC(=O)N1CCC(CO)(CO)CC1.CP(=O)(Cl)Cl.CCN(CC)CC.ClCCl,CC(C)(C)OC(=O)N1CCC2(CC1)COP(C)(=O)OC2
COC(=O)c1ccc(N2CCCS2(=O)=O)cc1N1CCCC1=O.Cc1cc(C2CC2)cnc1N1CCNCC1,Cc1cc(C2CC2)cnc1N1CCN(C(=O)c2ccc(N3CCCS3(=O)=O)cc2N2CCCC2=O)CC1
O=C(O)CSc1csc(NC(=O)c2cn(CC3CC3)c3cc(F)ccc23)n1.CCOC(=O)CCSc1cnc(NC(=O)c2cn(CC3CC3)c3cc(F)ccc23)s1,O=C(O)CCSc1cnc(NC(=O)c2cn(CC3CC3)c3cc(F)ccc23)s1
Cl.O=C([O-])[O-].[K+].ClCCN1CCOCC1.N#CC1(NC(=O)[C@@H]2CCCC[C@H]2C(=O)N2CCc3[nH]c4c(O)cccc4c3C2)CC1.CN(C)C=O,N#CC1(NC(=O)[C@@H]2CCCC[C@H]2C(=O)N2CCc3[nH]c4c(OCCN5CCOCC5)cccc4c3C2)CC1
Cl[Ti](Cl)(Cl)Cl.CCC(=O)c1ccc(O[Si](C(C)C)(C(C)C)C(C)C)cc1.C1COCCN1.Cc1ccccc1,C/C=C(\c1ccc(O[Si](C(C)C)(C(C)C)C(C)C)cc1)N1CCOCC1
Cl.[Na+].[OH-].CCOC(=O)CC(=O)[C@H]1CCN(C(=O)OC)[C@@H](Cc2ccc(F)cc2F)C1.NO.O.CO,COC(=O)N1CC[C@H](c2cc(=O)[nH]o2)C[C@@H]1Cc1ccc(F)cc1F
[Cl-].[Li+].CCCCC(=O)C(Br)(c1ccccc1)C(C)C.O.CN(C)C=O,CCCCC(=O)C(=C(C)C)c1ccccc1
[Na+].[OH-].CCCn1cnc(CO[Si](C)(C)C(C)(C)C)n1.CO.CCO,CCCn1cnc(CO)n1
O=S(Br)Br.OCc1ccc(OCCCl)cc1.C1COCCO1.CCOCC,ClCCOc1ccc(CBr)cc1
[K+].[OH-].CCC[N+](=O)[O-].CC(C)Cc1ccc(C=O)cc1.CCO,CCC(C(O)c1ccc(CC(C)C)cc1)[N+](=O)[O-]
NN.CCCn1c(=O)cc(Cl)c2ccccc21.CCO.O,CCCn1c(=O)cc(NN)c2ccccc21
CCCCCCCCCCO.CCN(CC)CC.O=C(O)CC1(CC(=O)O)OCOC1=O.CCO,CCCCCCCCCCCCC(C(=O)O)C(O)(CC(=O)O)C(=O)O
Cc1ccc(S(=O)(=O)Cl)cc1.[OH-].[NH4+].Cc1nc2c[n+]([O-])c3ccccc3c2n1NC(C)C.ClCCl.ClC(Cl)Cl.O,Cc1nc2c(N)nc3ccccc3c2n1NC(C)C
CC(C)(C)OC(=O)N1CCN2C(=O)c3c(cc(Br)cc3C(F)(F)F)[C@@H]2C1.CCCC[Sn](CCCC)(CCCC)c1ccco1.Cc1ccccc1,CC(C)(C)OC(=O)N1CCN2C(=O)c3c(cc(-c4ccco4)cc3C(F)(F)F)[C@@H]2C1
[Na+].[OH-].CCOC(=O)CN(c1ccc2c(c1)nc(Cc1ccc(C(N)=NC(=O)OC(C)(C)C)cc1)n2C)S(=O)(=O)c1cccc2cccnc12.CCO,Cn1c(Cc2ccc(C(N)=NC(=O)OC(C)(C)C)cc2)nc2cc(N(CC(=O)O)S(=O)(=O)c3cccc4cccnc34)ccc21
O=Cc1ccccc1C(F)(F)F.COCCOC(=O)CC(C)=O.c1ccccc1.CC(=O)O.C1CCNCC1,COCCOC(=O)C(=Cc1ccccc1C(F)(F)F)C(C)=O
NN.O=C1Nc2cccc(Cl)c2C1=O.O.CCO,NN=C1C(=O)Nc2cccc(Cl)c21
[Pd].[H][H].CC(C)(C)OC(=O)n1ncc2cc(Nc3nc(-c4cccc([N+](=O)[O-])c4)nc4ccccc34)ccc21.CO.COCCOC,CC(C)(C)OC(=O)n1ncc2cc(Nc3nc(-c4cccc(N)c4)nc4ccccc34)ccc21
O=C1CCN(Cc2ccccc2)CC1.COc1ccc([Mg]Br)cc1.C1CCOC1,COc1ccc(C2(O)CCN(Cc3ccccc3)CC2)cc1
[Na+].C[O-].Cc1ccc(Cc2c(Cl)nc3ccc(I)cc3c2Cl)cc1.Cc1ccccc1.ClCCl,COc1nc2ccc(I)cc2c(Cl)c1Cc1ccc(C)cc1
[H-].[Na+].CC(C)(C)OC(=O)NCCO.O=C1Cc2c(ccc(F)c2/C(I)=C/C(=O)c2ccc[nH]2)N1,CC(C)(C)OC(=O)NCCOc1cc(-c2ccc[nH]2)c2c3c(ccc(F)c13)NC2=O
O=C1CCC(=O)N1I.COC(=O)c1cc(-c2ccnn2C)cs1.C1CCOC1,COC(=O)c1cc(-c2c(I)cnn2C)cs1
[Mg].FC(F)(F)Oc1ccc(Br)cc1.CCOC(=O)C1CCN(Cc2c[nH]c3cccc(F)c23)CC1.CCOCC.CCCCCC,OC(c1ccc(OC(F)(F)F)cc1)(c1ccc(OC(F)(F)F)cc1)C1CCN(Cc2c[nH]c3cccc(F)c23)CC1
C[Al](C)C.COC(=O)[C@@H](O)CN1CC(O[Si](C)(C)C(C)(C)C)C1.N#Cc1ccc(N)nc1.Cc1ccccc1,CC(C)(C)[Si](C)(C)OC1CN(C[C@H](O)C(=O)Nc2ccc(C#N)cn2)C1
c1ccc([P](c2ccccc2)(c2ccccc2)[Pd]([P](c2ccccc2)(c2ccccc2)c2ccccc2)([P](c2ccccc2)(c2ccccc2)c2ccccc2)[P](c2ccccc2)(c2ccccc2)c2ccccc2)cc1.CC(C)(C)OC(=O)N1CCN(c2nccc3ccc(Br)cc23)CC1.Cc1ccc(S)cc1C.CCCCO,Cc1ccc(Sc2ccc3ccnc(N4CCN(C(=O)OC(C)(C)C)CC4)c3c2)cc1C
[Na+].C[S-].CC(=O)c1cc(F)c(F)c(F)c1.CC#N,CSc1c(F)cc(C(C)=O)cc1F
BrCCC1CCCCC1.CC(C)(C)OC(=O)CCNC(=O)[C@H](Cc1ccc(-c2ncc(-c3ccc(O)cc3)cn2)cc1)NC(=O)c1ccc(C(C)(C)C)cc1,CC(C)(C)OC(=O)CCNC(=O)[C@H](Cc1ccc(-c2ncc(-c3ccc(OCCC4CCCCC4)cc3)cn2)cc1)NC(=O)c1ccc(C(C)(C)C)cc1
C(=C/c1nc2ccccc2n1-c1ccccn1)\c1ccccc1.Cl.C(=Cc1nc2ccccc2[nH]1)c1ccccc1.Cc1cccnc1Cl.CO,Cc1cccnc1-n1c(/C=C/c2ccccc2)nc2ccccc21
[Na].CCOC(=O)C1C(=O)NCC1c1ccc2c(c1)OCO2.COc1ccc(CCl)cc1OC.CCO,CCOC(=O)C1(Cc2ccc(OC)c(OC)c2)C(=O)NCC1c1ccc2c(c1)OCO2
CC(C)CNP1(=S)Oc2ccccc2O1.CN(SCl)C(=O)F.C1CCOC1.CCN(CC)CC.CCOCC,CC(C)CN(SN(C)C(=O)F)P1(=S)Oc2ccccc2O1
[Li+].[OH-].COC(=O)c1ccc(O[C@@H]2CCC[C@H]2O)c(OC)c1.CCOC(C)=O.C1COCCO1,COc1cc(C(=O)O)ccc1O[C@@H]1CCC[C@H]1O
CC(=O)O[BH-](OC(C)=O)OC(C)=O.[Na+].O=Cc1cc2nc(Cl)nc(N3CCOCC3)c2s1.COCCNC1CCN(C)CC1.CC(=O)O.ClCCCl,COCCN(Cc1cc2nc(Cl)nc(N3CCOCC3)c2s1)C1CCN(C)CC1
[Pd].Nc1cc(F)cc(C(=O)[O-])c1Br.CO.[H][H],COC(=O)c1cc(N)cc(F)c1
CS(=O)(=O)Cl.O=C([O-])[O-].[K+].OCc1cn2c(Br)cnc(N3CCOCC3)c2n1.Sc1ccc2ccccc2n1.CCN(C(C)C)C(C)C.ClCCl.O,Brc1cnc(N2CCOCC2)c2nc(CSc3ccc4ccccc4n3)cn12
Cl.c1cncc(CCN(CCCOC2CCCCO2)Cc2ccncc2)c1.CO.CCN(CC)CC,OCCCN(CCc1cccnc1)Cc1ccncc1
[Li]CCCC.O=C(c1ccccc1)c1ccccc1.Brc1cccnc1.CCCCCC.C1CCOC1,OC(c1ccccc1)(c1ccccc1)c1cccnc1
O=C(C1COC(c2ccccc2)OC1)N1CCN(c2ccc(N3C[C@H](COc4ccon4)OC3=O)cc2F)CC1.CC(=O)O.O,O=C(C(CO)CO)N1CCN(c2ccc(N3C[C@H](COc4ccon4)OC3=O)cc2F)CC1
O=C1CCC(=O)N1Br.CCOC(=O)c1ncc2c(c1O)c(Br)c(Br)n2-c1ccc(F)cc1.CC#N,CCOC(=O)c1nc(Br)c2c(c1O)c(Br)c(Br)n2-c1ccc(F)cc1
[Pd+2].CC(=O)[O-].Cc1ccccc1P(c1ccccc1C)c1ccccc1C.C=Cn1cnc2c(Nc3ccc(P(C)(C)=O)cc3)ncnc21.Cc1ccnc(Cl)c1I.CN(C)C=O,Cc1ccnc(Cl)c1/C=C/n1cnc2c(Nc3ccc(P(C)(C)=O)cc3)ncnc21
O=C([O-])[O-].[K+].O=C1c2c(OCc3ccccc3)ccc(OCc3ccccc3)c2-c2nn(CCO)c3ccc(Cl)c1c23.NCCNCCN.c1ccncc1,NCCNCCNc1ccc2c3c(nn2CCO)-c2c(O)ccc(O)c2C(=O)c13
CCCC[N+](CCCC)(CCCC)CCCC.[F-].CC(C)(C)[Si](C)(C)OC1CC=C(CC#C[Si](C)(C)C)C1.C1CCOC1,C#CCC1=CCC(O)C1
[Na+].[OH-].COC(=O)[C@@H]1[C@@H](c2ccc(OCCOc3c(Cl)cc(C)cc3Cl)nc2)C[C@@H]2CC[C@H]1N2C(=O)OC(C)(C)C.CCO,Cc1cc(Cl)c(OCCOc2ccc([C@H]3C[C@@H]4CC[C@H]([C@@H]3C(=O)O)N4C(=O)OC(C)(C)C)cn2)c(Cl)c1
Cl.COC(=O)NC[C@@]1(CC(=O)O)CC[C@@H](C)C1.C1COCCO1.O,C[C@@H]1CC[C@@](CN)(CC(=O)O)C1
CN(C)C(On1nnc2cccnc21)=[N+](C)C.Cl.F[P-](F)(F)(F)(F)F.CCCCCCCC/C=C\CCCCCCCC(=O)OCCNCCOC(=O)CCCCCCC/C=C\CCCCCCCC.CN(C)CCCC(=O)O.CCN(C(C)C)C(C)C.O=C(O)C(F)(F)F.ClCCl,CCCCCCCC/C=C\CCCCCCCC(=O)OCCN(CCOC(=O)CCCCCCC/C=C\CCCCCCCC)C(=O)CCCN(C)C
[Na+].[N-]=[N+]=[N-].COc1ccc2c(c1)CC(COS(=O)(=O)c1ccc(C)cc1)CC2.O.CCO,COc1ccc2c(c1)CC(CN=[N+]=[N-])CC2
Cc1cn([C@H]2C[C@H](O)[C@@H](CO)O2)c(=O)[nH]c1=O.CS(=O)(=O)Cl.c1ccncc1.O,Cc1cn([C@H]2C[C@H](OS(C)(=O)=O)[C@@H](COS(C)(=O)=O)O2)c(=O)[nH]c1=O
O=C(O)C(=O)O.Cc1cc(O)cc(O)c1.C=C(C)[C@H]1C=CC(C)(O)CC1.CCOCC.Cc1ccccc1.O,C=C(C)C1CCC(C)=CC1c1c(C)cc(O)cc1O
Cl.CCOC(=O)C[C@@H](Cc1ccc(-c2cccc(Cl)c2)cc1)NC(=O)OC(C)(C)C.C1COCCO1,CCOC(=O)C[C@H](N)Cc1ccc(-c2cccc(Cl)c2)cc1
[K+].[OH-].N#Cc1c(C#N)c(-c2cccnc2)n2c1CCCC2,N#Cc1c(C(N)=O)c2n(c1-c1cccnc1)CCCC2
Nc1ccccc1N.Cn1c(CBr)c(C(=O)c2ccccc2)c(=O)n(C)c1=O.CCO,Cn1c(=O)c2c(-c3ccccc3)n(-c3ccccc3N)cc2n(C)c1=O
COc1ccc(C(=O)O)cc1N.FC(F)(F)c1cc(Cl)nc(-c2cnccn2)n1,COc1ccc(C(=O)O)cc1Nc1cc(C(F)(F)F)nc(-c2cnccn2)n1
[Mn+4].[O-2].COCCOc1nc(N)c2nc(OC)n(CCC3CCN(Cc4ccc(CO)cc4)CC3)c2n1.ClC(Cl)Cl,COCCOc1nc(N)c2nc(OC)n(CCC3CCN(Cc4ccc(C=O)cc4)CC3)c2n1
COc1cccc2c1C(n1c(=O)ccc3cnc(SC)nc31)CC2.O=C(OO)c1cccc(Cl)c1.ClCCl,COc1cccc2c1C(n1c(=O)ccc3cnc(S(C)=O)nc31)CC2
CC[Mg]Br.[Cl-].[Zn+2].CC1(C)C(C(=O)Cl)C1(C)C.FC(F)(F)c1ccc2cc[nH]c2c1.ClCCl,CC1(C)C(C(=O)c2c[nH]c3cc(C(F)(F)F)ccc23)C1(C)C
Cc1nc2ccc(S(=O)(=O)Cl)cc2s1.CCCCCCNCCCCCC.CCOC(C)=O.CCCCCC.ClC(Cl)Cl,CCCCCCN(CCCCCC)S(=O)(=O)c1ccc2nc(C)sc2c1
CC(C)(C)OC(=O)CBr.N#Cc1ccc(Cn2ncc3cc(/C=C4\SC(=O)NC4=O)ccc32)c(C(F)(F)F)c1,N#Cc1ccc(Cn2ncc3cc(/C=C4\SC(=O)N(CC(=O)O)C4=O)ccc32)c(C(F)(F)F)c1
On1nnc2ccccc21.CC(C)[C@@H](N)C(=O)N1CC[C@](O)(c2ccc(Cl)cc2)C(C)(C)C1.NS(=O)(=O)c1cccc(C(=O)O)c1.CCN(CC)CC.ClCCCl.ClCCl,CC(C)[C@@H](NC(=O)c1cccc(S(N)(=O)=O)c1)C(=O)N1CC[C@](O)(c2ccc(Cl)cc2)C(C)(C)C1
[Cl-].c1csc(C2(N3CCCCC3)CCCCC2)c1.NC(CO)(CO)CO.CC(=O)O.CCC(CC)COC(C(=O)N(C)CC[NH+](C)C)(c1ccccc1)c1ccccc1,CN[C@H](CC(=O)O)C(=O)O
O=C(O)c1ccc(C2CC2)c(O[C@@H](CCO)C(F)(F)F)n1.CCC(N)(CC)C(=O)NC,CCC(CC)(NC(=O)c1ccc(C2CC2)c(O[C@@H](CCO)C(F)(F)F)n1)C(=O)NC
C=CCNc1ccccc1C.COc1ccccc1N1CCCC[C@H](N)C1=O.O=C(O)C(F)(F)F,Cc1ccccc1N1CCCC[C@H](N)C1=O
CCOC(=O)Cc1csc(=N)[nH]1.CC(=O)OC(C)=O.CCOC(=O)Cc1csc(N)n1.O=CO,CCOC(=O)Cc1csc(NC=O)n1
Cl.Cc1ccc(C(O)=S)cn1.O=S(Cl)Cl,Cc1ccc(C(=S)Cl)cn1
C=CC(=O)Cl.CC(C)(C)OC(=O)NOC(=O)OC(C)(C)C.CCN(CC)CC.ClCCl,C=CC(=O)N(OC(=O)OC(C)(C)C)C(=O)OC(C)(C)C
CCC(=O)Nc1cccc(C2CCN(CCCN)CC2)c1.O=C(O)C1(c2ccc(F)cc2)CCCC1,CCC(=O)Nc1cccc(C2CCN(CCCNC(=O)C3(c4ccc(F)cc4)CCCC3)CC2)c1
NC1(c2ccccc2)CCC2CCCN2C1.COc1cc(C(F)(F)F)cc(SC)c1C(=O)Cl.ClCCl.CCN(C(C)C)C(C)C,COc1cc(C(F)(F)F)cc(SC)c1C(=O)NC1(c2ccccc2)CCC2CCCN2C1
CCCN1C(=O)C(=O)c2ccccc21.O=C1Nc2ccccc2C1=O.CCCCBr,CCCCN1C(=O)C(=O)c2ccccc21
CN(C)CCN.Cc1ccc(N2CCNCC2)cc1.O=C(n1ccnc1)n1ccnc1.CN(C)CCNC(=O)N1CCN(c2ccc(F)cc2)CC1.C1CCOC1,Cc1ccc(N2CCN(C(=O)NCCN(C)C)CC2)cc1
O=C([O-])[O-].[K+].CC(=O)OC(C)(C)C(=O)Nc1ccccc1SCc1cc2c(cc1Cl)OCO2.CO,CC(C)(O)C(=O)Nc1ccccc1SCc1cc2c(cc1Cl)OCO2
O=C(Nc1ccc2cc1CCc1cccc(c1)Nc1ncc(Cl)c(n1)N2)C1CCCNC1.Cc1cc(C(=O)Cl)no1.O=C(O)C(F)(F)F,Cc1cc(C(=O)N2CCCC(C(=O)Nc3ccc4cc3CCc3cccc(c3)Nc3ncc(Cl)c(n3)N4)C2)no1
Cl.O=C(Cl)C(=O)Cl.O=C(O)c1ccc(OCCN2CCOCC2)cc1.CCn1c(-c2nonc2N)nc2cnc(Oc3cccc(N)c3)cc21.c1ccncc1.CN(C)C=O.ClCCl,CCn1c(-c2nonc2N)nc2cnc(Oc3cccc(NC(=O)c4ccc(OCCN5CCOCC5)cc4)c3)cc21
C[O-].[Na+].CC(=O)OC[C@H]1O[C@@H](n2cc(C#C[Si](C)(C)C)c(=O)[nH]c2=O)C[C@@H]1F.CO,C#Cc1cn([C@H]2C[C@H](F)[C@@H](CO)O2)c(=O)[nH]c1=O
[Pd].O=S(=O)(c1ccccc1)[C@@H]1C[C@@]2(c3ccccc3)[C@H](NCc3ccccc3)CC[C@@H]1N2Cc1ccccc1.[H][H].CO.CC(=O)O,N[C@@H]1CC[C@H]2[C@H](S(=O)(=O)c3ccccc3)C[C@]1(c1ccccc1)N2Cc1ccccc1
CC(C)(C)c1ccccc1O.C1COCCO1,CC(C)(C)C1CCCCC1O
Cc1ccc(S(=O)(=O)O)cc1.C=CCC1C=C(C)CC(C)CC(OC)C2OC(O)(C(=O)C(=O)N3CCCCC3C(=O)OC(C(C)=CC3CCC(OC)C(OC)C3)C(C)C(O)CC1=O)C(C)CC2OC.Cc1ccccc1,C=CCC1C=C(C)CC(C)CC(OC)C2OC(O)(C(=O)C(=O)N3CCCCC3C(=O)OC(C(C)=CC3CCC(OC)C(OC)C3)C(C)C=CC1=O)C(C)CC2OC
Cl.Sc1ccccc1.C[C@H]1CCCN1[C@H]1CCN(c2ccc(CC(=O)NC3CCN(C(=O)OC(C)(C)C)CC3)cc2)C1.C1COCCO1,C[C@H]1CCCN1[C@H]1CCN(c2ccc(CC(=O)NC3CCNCC3)cc2)C1
CCOC(=O)C(F)C(=O)C(F)(F)F.N.Cc1ccccc1,CCOC(=O)C(F)=C(N)C(F)(F)F
CCCCN1CCC(CNC(=O)c2c[nH]c3ccccc23)CC1.CCCCN1CCC(CN)CC1.O=C(O)c1c(Cl)[nH]c2ccccc12,CCCCN1CCC(CNC(=O)c2c(Cl)[nH]c3ccccc23)CC1
[Pd].NN.CC(C)N1CCC(c2ccc([N+](=O)[O-])cc2)CC1.CCO,CC(C)N1CCC(c2ccc(N)cc2)CC1
[Na].COC1=CC(=O)NC1.CCO,CCOC1=CC(=O)NC1
Cl.[Na+].[OH-].CCOC(=O)CCN(c1ccccc1)S(=O)(=O)c1ccc2c(c1)nc(CNc1ccc(C(=N)N)cc1)n2C.CO,Cn1c(CNc2ccc(C(=N)N)cc2)nc2cc(S(=O)(=O)N(CCC(=O)O)c3ccccc3)ccc21
Cl.[BH4-].[Na+].COc1ccc2c(c1)C(=O)N(c1cc(C(=O)NC3CC3)ccc1C)C(=O)C2.CO.ClCCl,COc1ccc2ccn(-c3cc(C(=O)NC4CC4)ccc3C)c(=O)c2c1
Cc1cc2cc(NS(=O)(=O)C(F)(F)F)ccc2n1CC(=O)O.COC(=O)c1ccc(N)cc1,Cc1cc2cc(NS(=O)(=O)C(F)(F)F)ccc2n1CC(=O)Nc1ccc(C(=O)O)cc1
NC(C(=O)O)C(C(=O)O)c1cccc(F)c1.O=C(O)c1cc2cc(Cl)ccc2nc1Cl.CS(C)=O,O=C(O)c1cc2cc(Cl)ccc2nc1NC(C(=O)O)C(C(=O)O)c1cccc(F)c1
CC(=O)CC(=O)c1ccccc1.N#CC(N)c1ccc(F)cc1.CCO.CCOCC,Cc1[nH]c(-c2ccc(F)cc2)c(N)c1C(=O)c1ccccc1
Cl.[Na+].C[C@@H]1CN(CC=CC(=O)Nc2cc3c(Nc4ccc(F)c(Cl)c4)ncnc3cc2OCC2CC2)CC(=O)O1.[OH-].O,C[C@@H](O)CN(CC=CC(=O)Nc1cc2c(Nc3ccc(F)c(Cl)c3)ncnc2cc1OCC1CC1)CC(=O)O
[Na+].[OH-].CCOC(=O)C1(C(=O)OCC)CCC1.CO,CCOC(=O)C1(C(=O)O)CCC1
Cc1nc(CN2CCN(c3c(Cl)cnc4[nH]c(-c5ccc(CN6CCN(C(=O)OC(C)(C)C)CC6)cc5)nc34)CC2)cs1.ClCCl.O=C(O)C(F)(F)F,Cc1nc(CN2CCN(c3c(Cl)cnc4[nH]c(-c5ccc(CN6CCNCC6)cc5)nc34)CC2)cs1
COc1cc(CNCCCNCCCCNCCCNCc2ccc(O)c(OC)c2)ccc1O.Cl.CC(C)(C)OC(=O)N1CCc2c(cc(-c3ccncc3)n2C(C)(C)O[SiH2]C(C)(C)C)C1=O.C1COCCO1,O=C1NCCc2c1cc(-c1ccncc1)n2CO
O=C=Nc1ccccc1.COc1cc2ncnc(N3CCNCC3)c2cc1OC.CCO,COc1cc2ncnc(N3CCN(C(=O)Nc4ccccc4)CC3)c2cc1OC
[Na+].CCN(CC)CC.O=C([O-])O.CC1(C)S[C@@H]2[C@H](N)C(=O)N2[C@H]1C(=O)O.ClCCl,CC1(C)S[C@@H]2C(NC(=O)C(C(=O)O)c3ccccc3)C(=O)N2C1C(=O)O
[OH-].C[C@H](Nc1nc(Cl)nc(Cl)n1)c1ccccc1.[NH4+].C1CCOC1,C[C@H](NC1=NC=NC(N)(Cl)N1)c1ccccc1
[Na+].[OH-].CCCOCCBr.Oc1ccc(O)c(-c2ccccc2COCc2ccccc2-c2cc(O)ccc2O)c1,CCCOCCOc1ccc(OCc2ccccc2)cc1
CC[SiH](CC)CC.OC(c1cccnc1)c1c[nH]c2ccc(F)cc12.ClCCl.O=C(O)C(F)(F)F,Fc1ccc2[nH]cc(Cc3cccnc3)c2c1
O=S(=O)(O)O.[Na+].CC1CC(=O)Oc2cc(O)ccc21.O=C([O-])O.ClC(Cl)Cl.CO,COC(=O)CC(C)c1ccc(O)cc1O
[Li]CCCC.C=CCN1CC(c2ccc(NC(=O)OCc3ccccc3)cc2F)CCS1(=O)=O.CC(=O)NC[C@H]1CO1.C1CCOC1.CCCCCC,C=CCN1CC(c2ccc(N3C[C@H](CNC(C)=O)OC3=O)cc2F)CCS1(=O)=O
O=C([O-])[O-].[K+].CCN(CCCl)c1ccccc1.Oc1ccc(O)cc1.CN(C)C=O,CCN(CCOc1ccc(O)cc1)c1ccccc1
CCc1cc(F)c(F)c(F)c1[N+](=O)[O-].Nc1ccc(I)cc1F,CCc1cc(F)c(F)c(Nc2ccc(I)cc2F)c1[N+](=O)[O-]
[Na].CCON=C(CC)C1=C(O)CC(c2ccc3c(c2)CCC3)CC1=O.O=C(Cl)c1ccccc1.CC(C)=O,CCON=C(CC)C1=C(C(=O)c2ccccc2)CC(c2ccc3c(c2)CCC3)CC1=O
O=C(O)c1cccc(-c2cnc3c(c2)N(Cc2cc(Cl)ccc2C(F)(F)F)CCN3)c1.NCc1cc(C(F)(F)F)cc(C(F)(F)F)c1,O=C(NCc1cc(C(F)(F)F)cc(C(F)(F)F)c1)c1cccc(-c2cnc3c(c2)N(Cc2cc(Cl)ccc2C(F)(F)F)CCN3)c1
[K+].[OH-].CN1CCc2[nH]c3ccc(Cl)cc3c2C1.C=Cc1ccc(=O)[nH]c1.CN1CCCC1=O,CN1CCc2c(c3cc(Cl)ccc3n2CCc2ccc(=O)[nH]c2)C1
ClCl.c1ccc(OP(Oc2ccccc2)Oc2ccccc2)cc1.CC(C)(C)OC(=O)NC1C(=O)N2C(C(=O)OC(c3ccccc3)c3ccccc3)=C(CC=O)CSC12.ClCCl.c1ccncc1,CC(C)(C)OC(=O)NC1C(=O)N2C(C(=O)OC(c3ccccc3)c3ccccc3)=C(CC(Cl)Cl)CSC12
[Na+].[OH-].O=C(O)C1=Cc2cc(Cl)cc(C#Cc3ccccc3F)c2OC1C(F)(F)F.CCO,O=C([O-])C1=Cc2cc(Cl)cc(C#Cc3ccccc3F)c2OC1C(F)(F)F
c1c[nH]cn1.CC(C)(C)[Si](C)(C)Cl.CC(C)(C)[Si](C)(C)OC[C@@H]1CC=C[C@@H]1O.ClCCl,CC(C)(C)[Si](C)(C)OC[C@@H]1CC=C[C@@H]1O[Si](C)(C)C(C)(C)C
[Pd].COc1ccc(C=CC(=O)O)c(OC)c1Cl.C1CCOC1.CO,COc1ccc(CCC(=O)O)c(OC)c1Cl
[H][H].COCOc1cc(OCOC)c(C(C)=O)c(O)c1CC=C(C)C.CCO,COCOc1cc(OCOC)c(C(C)=O)c(O)c1CCC(C)C
CCN=C=NCCCN(C)C.Cl.On1nnc2ccccc21.NCC(=O)N1CCN(C(=O)c2ccccc2C(F)(F)F)CC1.O=C(O)c1ccc(O)nc1.CN(C)C=O.O.CCN(C(C)C)C(C)C,O=C(NCC(=O)N1CCN(C(=O)c2ccccc2C(F)(F)F)CC1)c1ccc(O)nc1
CC1(C)SC2CCCCN2C(=O)[C@H]1NC(=O)OCC1c2ccccc2-c2ccccc21.C1CCNCC1.ClCCl,CC1(C)SC2CCCCN2C(=O)[C@H]1N
COC1C=CSC1C#N.ClC(Cl)Cl.O=S(=O)(Cl)Cl,COc1ccsc1C#N
O=C1CCCN1CCO.CC1=C(C(=O)n2ccnc2)C(c2ccc(C#N)cc2)NC(=O)N1c1cccc(C(F)(F)F)c1,CC1=C(C(=O)OCCN2CCCC2=O)C(c2ccc(C#N)cc2)NC(=O)N1c1cccc(C(F)(F)F)c1
c1ccc([P](c2ccccc2)(c2ccccc2)[Pd]([P](c2ccccc2)(c2ccccc2)c2ccccc2)([P](c2ccccc2)(c2ccccc2)c2ccccc2)[P](c2ccccc2)(c2ccccc2)c2ccccc2)cc1.O=C([O-])[O-].[Na+].OB(O)c1ccc(Oc2ccccc2)cc1.Nc1nccnc1Cl.CCOC(C)=O.O.COCCOC,Nc1nccnc1-c1ccc(Oc2ccccc2)cc1
O=C(Cl)c1ccc(CCl)cc1.O=C(N=C=S)c1ccc(CCl)cc1.COc1cc2nccc(Oc3ccc(N)c(F)c3)c2cc1OC.Cc1ccccc1.CCO,COc1cc2nccc(Oc3ccc(NC(=S)NC(=O)c4ccc(CCl)cc4)c(F)c3)c2cc1OC
CCCC[SnH](CCCC)CCCC.CC1(O)CC(=O)OC(CCc2ccc(OCc3ccccc3)cc2)C1Br.C1CCOC1,CC1(O)CC(=O)OC(CCc2ccc(OCc3ccccc3)cc2)C1
Cc1ccc(S(=O)(=O)Cl)cc1.O=C(OO)c1cccc(Cl)c1.[OH-].[NH4+].COCCc1nc2cnc3ccc(CCN4C(=O)c5ccccc5C4=O)cc3c2n1CCCN1CCCC1=O.ClCCl,COCCc1nc2c(N)nc3ccc(CCN4C(=O)c5ccccc5C4=O)cc3c2n1CCCN1CCCC1=O
[Cl-].[H-].[Na+].Oc1ccc(-n2cncn2)cc1.BrCC1CO1.C1CCOC1,c1ncn(-c2ccc(OCC3CO3)cc2)n1
O=[Pt].[H][H].CCCCc1nc2c(N)nc3cnccc3c2n1CC(C)C.O=C(O)C(F)(F)F,CCCCc1nc2c(N)nc3c(c2n1CC(C)C)CCNC3
[H-].[Na+].COC(=O)c1cccc(Cl)n1.[H][H].Cc1oc(-c2ccccc2)nc1CO.O.C1CCOC1,COC(=O)c1cccc(OCc2nc(-c3ccccc3)oc2C)n1
CCCC[N+](CCCC)(CCCC)CCCC.N.[I-].CC(C)C(=O)Nc1cccc(C2CCNCC2)c1.Fc1ccc(C(CCCCl)c2ccc(F)cc2)cc1.CCN(C(C)C)C(C)C.C1COCCO1.ClC(Cl)Cl,CC(C)C(=O)Nc1cccc(C2CCN(CCCC(c3ccc(F)cc3)c3ccc(F)cc3)CC2)c1
Cl.O=C1c2c(ccc3c2CCNCC3)CC1(F)F.O=C(Cl)OCc1ccccc1.ClCCl.CCN(C(C)C)C(C)C,O=C(OCc1ccccc1)N1CCc2ccc3c(c2CC1)C(=O)C(F)(F)C3
NN1CCOCC1.Cc1nnn(-c2ccc(F)cc2)c1COc1ccc(C(=O)O)cn1,Cc1nnn(-c2ccc(F)cc2)c1COc1ccc(C(=O)NN2CCOCC2)cn1
N#CCc1nccs1.CC(C)(C)C(=O)c1cn(COCC[Si](C)(C)C)c2ncc(Nc3ccc(C=O)cc3)nc12.C1CCNCC1.CC(=O)O.CCO,CC(C)(C)C(=O)c1cn(COCC[Si](C)(C)C)c2ncc(Nc3ccc(C=C(C#N)c4nccs4)cc3)nc12
CC(C)C[Al+]CC(C)C.CCOC(=O)/C(F)=C(/C)c1cc2c(c(Cl)c1OCC)OC(C)(C)C=C2C(C)C.[H-].CCOC(=O)C(F)=C(C)c1cc2c(c(Cl)c1OCC)OC(C)(C)C=C2C(C)C,CCOc1c(/C(C)=C(/F)CO)cc2c(c1Cl)OC(C)(C)C=C2C(C)C
[H-].[Na+].COC(=O)c1ccc(OCCCOc2ccccc2)cc1C(=O)OC.CCOC(C)=O.CC(C)=O,O=C1CC(=O)c2cc(OCCCOc3ccccc3)ccc21
O=P(Cl)(Cl)Cl.N#Cc1cc2c(F)cccc2[nH]c1=O,N#Cc1cc2c(F)cccc2nc1Cl
CC(C)[N-]C(C)C.[Li+].II.CC(C)Cn1c(=O)n(C)c(=O)c2cn(Cc3ccc(-c4ccccc4)cc3)nc21.C1CCOC1,CC(C)Cn1c(=O)n(C)c(=O)c2c(I)n(Cc3ccc(-c4ccccc4)cc3)nc21
Cc1ccc(S(=O)(=O)O)cc1.CC(=O)c1csc(-c2ccc(Cl)c(Cl)c2)c1O.CC(C)(C)OC(=O)CCNC(=O)c1ccc(C(=O)NN)s1.O.CC(C)O,CC(=NNC(=O)c1ccc(C(=O)NCCC(=O)OC(C)(C)C)s1)c1csc(-c2ccc(Cl)c(Cl)c2)c1O
Cl.O=C(Cc1ccccc1)c1ccccc1.O=Cc1cc(O)c(O)c([N+](=O)[O-])c1.NC(N)=O.CCO,O=C1NC(c2ccccc2)=C(c2ccccc2)C(c2cc(O)c(O)c([N+](=O)[O-])c2)N1
O=C([O-])[O-].[K+].C=CCBr.COc1ccc2c(c1OC)Oc1cccc3c1C2CNC3.CC(C)=O,C=CCN1Cc2cccc3c2C(C1)c1ccc(OC)c(OC)c1O3
B.Cc1cc(CBr)cc(CC(=O)O)c1.C1CCOC1.CSC,Cc1cc(CBr)cc(CCO)c1
O=C([O-])[O-].[K+].BrCCCCCc1ccccc1.OCc1ccccc1O.CC#N,OCc1ccccc1OCCCCCc1ccccc1
CCOC(OCC)OCC.Nc1ccncc1.CC1(C)OC(=O)CC(=O)O1.CCCCCC,CC1(C)OC(=O)C(=CNc2ccncc2)C(=O)O1
[H-].[Na+].C#CCN(CC(NC(=O)OCc1ccccc1)C(=O)OC)C(=O)CBr.C1CCOC1,C#CCN1CC(C(=O)OC)N(C(=O)OCc2ccccc2)CC1=O
Cn1nc(C(F)(F)F)c(C(=O)Cl)c1Cl.CC1(C)CCc2c(N)cccc21.c1ccncc1.O.Cc1ccccc1,Cn1nc(C(F)(F)F)c(C(=O)Nc2cccc3c2CCC3(C)C)c1Cl
COC(=O)[C@H]1C[C@@H](O)CN1C(=O)OC(C)(C)C.COC(=O)[C@@H]1C[C@H](N)CN1CC1CCCCC1,COC(=O)[C@H]1C[C@H](N)CN1CC1CCCCC1
CC(=O)OCC1=C(C(=O)OC(C)(C)C)N2C(=O)C(N)[C@H]2SC1.COCc1c[nH]c(NC2C(=O)N3C(C(=O)OC(C)(C)C)=C(COC(C)=O)CS[C@H]23)n1,CSCc1c[nH]c(NC2C(=O)N3C(C(=O)OC(C)(C)C)=C(COC(C)=O)CS[C@H]23)n1
CN(C)C(On1nnc2ccccc21)=[N+](C)C.F[P-](F)(F)(F)(F)F.COC(=O)c1ccc(C(=O)O)nc1.C1COCCN1.CN(C)C=O.CCN(CC)CC,COC(=O)c1ccc(C(=O)N2CCOCC2)nc1
Nc1ccc(C(=O)NS(=O)(=O)c2ccccc2)cc1NCc1ccc(-c2ccccc2)cc1.COC(OC)(OC)OC.CO.CC(=O)O,COc1nc2ccc(C(=O)NS(=O)(=O)c3ccccc3)cc2n1Cc1ccc(-c2ccccc2)cc1
OC(c1ccc(C(F)(F)F)cc1)C1CC1(F)F.O=C(c1ccc(Cl)cc1Cl)C1CC1(F)F,OC(c1ccc(Cl)cc1Cl)C1CC1(F)F
[Na+].[OH-].CCO.N#CCCc1cc(Cl)ccc1-c1ccccc1.O,O=C(O)CCc1cc(Cl)ccc1-c1ccccc1
Clc1nc2ccccc2n2ccnc12.CC(C)N,CC(C)Nc1nc2ccccc2n2ccnc12
[Cl-].[Li]CCCC.[Na+].Brc1ccccn1.CC(C)(C)[S@](=O)/N=C/CO[Si](C)(C)C(C)(C)C.O.Cc1ccccc1,CC(C)(C)[S@](=O)N[C@H](CO[Si](C)(C)C(C)(C)C)c1ccccn1
Cl.[K+].N#CCc1ccc(O)c(O)c1.O=C([O-])[O-].ClCc1ccccc1.CN(C)C=O.O,N#CCc1ccc(OCc2ccccc2)c(OCc2ccccc2)c1
[Li+].[OH-].COC(=O)Cc1ccc(C#Cc2cc(CC#C[Si](C)(C)C)c3c(c2)C(C)(C)CC(C)(C)O3)cc1.C1CCOC1.CO.O,C#CCc1cc(C#Cc2ccc(CC(=O)O)cc2)cc2c1OC(C)(C)CC2(C)C
[Na+].[OH-].CCOC(=O)C1CCN(c2cc(Nc3cnccn3)nc(N[C@@H](C)c3ccc(F)cc3)n2)CC1.CCO,C[C@H](Nc1nc(Nc2cnccn2)cc(N2CCC(C(=O)O)CC2)n1)c1ccc(F)cc1
B.CC(C)(C)OC(=O)N1CCC[C@@H](C(=O)Nc2ccccc2)C1.C1CCOC1,CC(C)(C)OC(=O)N1CCC[C@H](CNc2ccccc2)C1
Cl.OC[C@H]1OC(O)[C@H](O)[C@@H](O)[C@@H]1O.CCC(=O)c1ccc(CC(C)C)cc1.COC(C)=N.CO,CCC(OC)(OC)c1ccc(CC(C)C)cc1
[Li]CCCC.c1ccn2cncc2c1.CN(C)C=O.C1CCOC1,O=Cc1ncc2ccccn12
CN(C)C(=N)N(C)C.C[C@H](N)[C@H](Sc1ccc2c(cnn2-c2ccc(F)cc2)c1)c1ccccc1.CCOC(=O)C(F)(F)F.CO,C[C@H](NC(=O)C(F)(F)F)[C@H](Sc1ccc2c(cnn2-c2ccc(F)cc2)c1)c1ccccc1
N#CCN(C(=O)[C@@H](N)Cc1ccccc1)c1ccnc(F)n1.NCc1ccccc1,N#CCN(C(=O)[C@@H](N)Cc1ccccc1)c1ccnc(NCc2ccccc2)n1
Cl.[Na+].[OH-].NO.O=Cc1ccc2c(c1)C13CC2c2ccccc2C1CN(CC1CCCC1)C3.CCO.O,ON=Cc1ccc2c(c1)C13CC2c2ccccc2C1CN(CC1CCCC1)C3
[Al+3].[H-].[Li+].CON(C)C(=O)[C@@H]1C[C@@H](O)CN1C(=O)OC(C)(C)C.CCOCC.C1CCOC1,CC(C)(C)OC(=O)N1C[C@H](O)C[C@H]1C=O
O=C(Cl)C(=O)Cl.CCOOP(=O)(OOCC)C(O)c1ccc(CC(NC(=O)OC(C)(C)C)C(=O)OC)cc1.CCN(CC)CC.ClCCl.CS(C)=O,CCOOP(=O)(OOCC)C(=O)c1ccc(CC(NC(=O)OC(C)(C)C)C(=O)OC)cc1
NNCc1ccncc1.NC(=O)c1nc2c(s1)CCOc1cc(Br)ccc1-2.FC(F)(F)Cn1ncnc1-c1nc2c(s1)CCOc1cc(Br)ccc1-2,Brc1ccc2c(c1)OCCc1sc(-c3ncnn3Cc3ccncc3)nc1-2
N.CCOC(=O)CNC(=S)NN.CCO,NNC(=S)NCC(N)=O
Cl.O=C([O-])[O-].[K+].NO.CO[C@@H]1CCN(c2nc(-c3c(C)ccc4c3c(C)nn4S(=O)(=O)c3ccc(C)cc3)nc3c2CN(c2c(C=O)c(C(F)F)nn2C)CC3)CC1(C)C.CS(C)=O.CO,CO[C@@H]1CCN(c2nc(-c3c(C)ccc4[nH]nc(C)c34)nc3c2CN(c2c(C#N)c(C(F)F)nn2C)CC3)CC1(C)C
NN.CC(=O)N(CCCCN1C(=O)c2ccccc2C1=O)c1ccccc1.CCO.O,CC(=O)N(CCCCN)c1ccccc1
[H-].[Na+].CI.O=[N+]([O-])c1cnc(O)c(I)c1.O.C1CCOC1,Cn1cc([N+](=O)[O-])cc(I)c1=O
COc1cc(-c2nn([C@H]3CC[C@H](N4CCN(C)CC4)CC3)c3ncnc(N)c23)ccc1N.O=C(Cl)[C@@H]1C[C@H]1c1ccccc1.c1ccncc1,COc1cc(-c2nn([C@H]3CC[C@H](N4CCN(C)CC4)CC3)c3ncnc(N)c23)ccc1NC(=O)[C@H]1C[C@@H]1c1ccccc1
O=C([O-])[O-].[Cs+].OCc1ccc(O)cc1.CCOC(=O)CBr.CN(C)C=O,CCOC(=O)COc1ccc(CO)cc1
COC(=O)COc1ccc(C[C@H](NC(=O)[C@H](Cc2ccccc2)NC(=O)OC(C)(C)C)C(=O)O)cc1C(=O)OC.CC(C)OCCCN,CC(C)OCCCNC(=O)[C@H](Cc1ccc(OCC(=O)O)c(C(=O)O)c1)NC(=O)[C@H](Cc1ccccc1)NC(=O)OC(C)(C)C
CCN=C=NCCCN(C)C.CN(C)c1ccccn1.Cl.O=C(O)c1ccc(Br)c(OCC2CCC2)c1Br.O=C1CCCC(=O)C1.ClCCl,O=C1C=C(OC(=O)c2ccc(Br)c(OCC3CCC3)c2Br)CCC1
CN(C)c1ccncc1.O=C([O-])O.[Na+].CC(C)(C)OC(=O)N(CC(=O)O)c1ccccc1.CCCCCCCCCCN1CCNCC1.ClCCl,CCCCCCCCCCN1CCN(C(=O)CN(C(=O)OC(C)(C)C)c2ccccc2)CC1
Cc1nn(C(c2ccccc2)(c2ccccc2)c2ccccc2)cc1-c1ccc2nccc(N3CCNCC3)c2c1.NS(N)(=O)=O.C1COCCO1,Cc1nn(C(c2ccccc2)(c2ccccc2)c2ccccc2)cc1-c1ccc2nccc(N3C=CN(S(N)(=O)=O)C=C3)c2c1
CCC(C)c1cc(N)on1.O=C(Cl)OCC(Cl)(Cl)Cl.c1ccncc1.ClCCl,CCC(C)c1cc(NC(=O)OCC(Cl)(Cl)Cl)on1
O=C(c1cc(C(F)(F)F)cc(C(F)(F)F)c1)N1CC[C@H](N2CCNCC2)[C@H](c2ccccc2)C1.O=C(Cl)c1ccccc1,O=C(c1ccccc1)N1CCN([C@H]2CCN(C(=O)c3cc(C(F)(F)F)cc(C(F)(F)F)c3)C[C@H]2c2ccccc2)CC1
CCCCCC(=O)Cl.O=[N+]([O-])OCCCO.CCOCC.CCN(CC)CC,CCCCCC(=O)OCCCO[N+](=O)[O-]
CC(C)(C#N)N=NC(C)(C)C#N.O=C1CCC(=O)N1Br.COC(=O)C(Oc1ccc(C)cc1C(C)(C)C)c1ccccc1.ClC(Cl)(Cl)Cl,COC(=O)C(Oc1ccc(CBr)cc1C(C)(C)C)c1ccccc1
CC(C)(C)OC(=O)CBr.N#Cc1c[nH]c(C(=O)Nc2ccc(C3CCNCC3)cc2C2=CCCCC2)n1.CC(C)(C)OC(=O)CN1CCC(c2ccc(NC(=O)c3nc(C#N)c[nH]3)c(C3=CCCCC3)c2)CC1.ClCCl.CCN(CC)CC.O=C(O)C(F)(F)F,N#Cc1c[nH]c(C(=O)Nc2ccc(C3CCN(CC(=O)O)CC3)cc2C2=CCCCC2)n1
[K+].[OH-].c1ccc(COC[C@@H]2CO2)cc1.CO,COC[C@H](O)COCc1ccccc1
CN(C)C(On1nnc2cccnc21)=[N+](C)C.F[P-](F)(F)(F)(F)F.CC(C)N1CCNCC1.O=C(O)c1ccc(B(O)O)cc1.CN(C)C=O,CC(C)N1CCN(C(=O)c2ccc(B(O)O)cc2)CC1
[Na+].BrCCCCCC1CCCCC1.[I-].CC(C)=O,ICCCCCC1CCCCC1
CC(=O)[O-].[K+].[Na+].O=S([O-])OO.C[C@@](O)(C(=O)Nc1ccc(Sc2ccc(C(=O)O)cc2)cc1Cl)C(F)(F)F.CO,C[C@@](O)(C(=O)Nc1ccc(S(=O)c2ccc(C(=O)O)cc2)cc1Cl)C(F)(F)F
CC(C)(C)OC(=O)n1cccc1B(O)O.Cc1cc2cc(Nc3ccnc4cc(Br)sc34)ccc2[nH]1,Cc1cc2cc(Nc3ccnc4cc(-c5cccn5C(=O)OC(C)(C)C)sc34)ccc2[nH]1
[Cl-].[Na+].[OH-].CC(C)(C)[Si](C)(C)O[C@@H]1C[C@@H](CN)N(C(=O)OCc2ccc([N+](=O)[O-])cc2)C1.O=C(Cl)CCl.O.C1CCOC1,CC(C)(C)[Si](C)(C)O[C@@H]1C[C@@H](CNC(=O)CCl)N(C(=O)OCc2ccc([N+](=O)[O-])cc2)C1
Cl.CC(C)(C)OC(=O)NCCNc1ccc2c3c(nn2CCNC(=O)OC(C)(C)C)-c2cnccc2C(=O)c13.CCO,NCCNc1ccc2c3c(nn2CCN)-c2cnccc2C(=O)c13
Nc1ccc(C(=O)N2CCOCC2)cc1.Cc1c(-c2nnc(N)c(Cl)n2)cccc1[N+](=O)[O-].C1COCCO1.CCN(C(C)C)C(C)C,Cc1c(-c2nnc(N)c(Nc3ccc(C(=O)N4CCOCC4)cc3)n2)cccc1[N+](=O)[O-]
O=P12OP3(=O)OP(=O)(O1)OP(=O)(O2)O3.C=C(C)C(=O)O.Cc1sccc1-c1ccccc1.ClCCl,Cc1sc2c(c1-c1ccccc1)C(=O)CC2
[Na+].[OH-].CCOC(=O)C1CCN(S(=O)(=O)N(Cc2ccc(OC(F)(F)F)cc2)c2sc3ccccc3c2C)CC1.CO,Cc1c(N(Cc2ccc(OC(F)(F)F)cc2)S(=O)(=O)N2CCC(C(=O)O)CC2)sc2ccccc12
[Pd].Cc1cc(F)ccc1[C@H]1C[C@@H](NC(=O)OC(C)(C)C)CCN1C(=O)OCc1ccccc1.CCO,Cc1cc(F)ccc1[C@H]1C[C@@H](NC(=O)OC(C)(C)C)CCN1
Cl.CC(C)(C)OC(=O)N1C[C@@H]2C[C@H]1CN2c1ccc(C#N)c2ccccc12.O=C(O)C(F)(F)F.ClCCl,N#Cc1ccc(N2C[C@@H]3C[C@H]2CN3)c2ccccc12
Cl.O=C([O-])[O-].[K+].ClCCn1ncc2cc(Br)ccc21.C1O[C@@H]2CN[C@H]1C2.O.CN(C)C=O,Brc1ccc2c(cnn2CCN2C[C@@H]3C[C@H]2CO3)c1
CCn1c(=O)c(-c2cc(NC(=O)Nc3cccc(CN4CCN(C)CC4)c3)c(F)cc2Cl)cc2cnc(N(C)Cc3ccc(OC)cc3)cc21.COc1ccccc1.O=C(O)C(F)(F)F,CCn1c(=O)c(-c2cc(NC(=O)Nc3cccc(CN4CCN(C)CC4)c3)c(F)cc2Cl)cc2cnc(NC)cc21
[Fe].Cl.O=C(Cl)c1cc2nccc(Oc3ccc([N+](=O)[O-])cc3F)c2s1.O=C(Cc1ccccc1)N=C=S.CC(C)CNCC(C)C.C1CCOC1.ClCCl.CO,CC(C)CN(CC(C)C)C(=O)c1cc2nccc(Oc3ccc(NC(=S)NC(=O)Cc4ccccc4)cc3F)c2s1
O=[Cr](=O)([O-])Cl.c1cc[nH+]cc1.CCC(CCCO)C(=O)OC.CCOCC.ClCCl,CCC(CCC=O)C(=O)OC
CCN=C=NCCCN(C)C.Cl.On1nnc2ccccc21.NCC(=O)N1CCN(C(=O)c2ccccc2C(F)(F)F)CC1.O=C(O)c1cnn(-c2ccccc2)c1.CN(C)C=O.CCN(C(C)C)C(C)C.O,O=C(NCC(=O)N1CCN(C(=O)c2ccccc2C(F)(F)F)CC1)c1cnn(-c2ccccc2)c1
CC(=O)OI1(OC(C)=O)(OC(C)=O)OC(=O)c2ccccc21.Cc1ccccc1C1CCCCC1O.CCOCC.ClCCl,Cc1ccccc1C1CCCCC1=O
C[C@@H]1O[C@@]1(Cn1cncn1)c1ccc(F)cc1F.Cc1nc(-c2ccc(-n3cn[nH]c3=O)cc2)cs1,Cc1nc(-c2ccc(-n3cnn([C@H](C)[C@](O)(Cn4cncn4)c4ccc(F)cc4F)c3=O)cc2)cs1
[Cu].Cc1ccc([N+](=O)[O-])c(I)c1C.CN(C)C=O,Cc1ccc([N+](=O)[O-])c(-c2c([N+](=O)[O-])ccc(C)c2C)c1C
CC1(C)OB(c2cc(Cl)c(O)c(Cl)c2)OC1(C)C.CC(=O)c1cnc2ccc(Br)cc2c1Nc1ccc(N2CCC(N(C)C(=O)OC(C)(C)C)C2)nc1,CC(=O)c1cnc2ccc(-c3cc(Cl)c(O)c(Cl)c3)cc2c1Nc1ccc(N2CCC(N(C)C(=O)OC(C)(C)C)C2)nc1
CC(C)(C)[O-].[Na+].CCOC(=O)c1c(C)nc2sc(Br)cc2c1N.O=S(=O)(Cl)c1ccccc1.C1CCOC1.CN(C)C=O,CCOC(=O)c1c(C)nc2sc(Br)cc2c1NS(=O)(=O)c1ccccc1
[Na+].Cc1cc(Br)c(C=O)s1.O=S([O-])c1ccccn1,Cc1cc(S(=O)(=O)c2ccccn2)c(C=O)s1
O=C=NC(=O)c1ccccc1.CON=C1C[C@@H](C(=O)O)N(C(=O)OC(C)(C)C)C1.CCn1c2ccccc2c2cc(N)ccc21,CCn1c2ccccc2c2cc(NC(=O)[C@@H]3CC(=NOC)CN3C(=O)NC(=O)c3ccccc3)ccc21
Sc1ccc(Cl)cc1.C[C@]1(CN2CCN(C(=O)CCl)CC2)Cn2cc([N+](=O)[O-])nc2O1,C[C@]1(CN2CCN(C(=O)CSc3ccc(Cl)cc3)CC2)Cn2cc([N+](=O)[O-])nc2O1
[Na+].[OH-].O=C(Cl)C1CC1.c1ccc2c(c1)CC1(CCNCC1)O2.O.c1ccncc1,O=C(C1CC1)N1CCC2(CC1)Cc1ccccc1O2
ClP(Cl)(Cl)(Cl)Cl.CCOC(=O)c1c(-c2cc(C)cc(C)c2)csc1N.N#CCC(=O)O.CN(C)C=O.ClCCl,CCOC(=O)c1c(-c2cc(C)cc(C)c2)csc1NC(=O)CC#N
Cl.O=C([O-])[O-].[K+].CNC(=O)Cc1cc2n[nH]nc3c-2c1CSN=C3N.COc1c(F)cnc(CCl)c1C.O=C(O)C(F)(F)F.CN(C)C=O,CNC(=O)Cc1cc2nn(Cc3ncc(F)c(OC)c3C)nc3c-2c1CSN=C3N
Cl.[H-].[Na+].CN(C)C1=C(c2cccc(C(F)(F)F)c2)C(=O)C(Br)O1.c1cc[nH]c1.[H][H].CN(C)C=O.O,CN(C)C1=C(c2cccc(C(F)(F)F)c2)C(=O)C(n2cccc2)O1
CC(=O)OI1(OC(C)=O)(OC(C)=O)OC(=O)c2ccccc21.CC(C)n1ncnc1-c1cn2c(n1)-c1ccc(CO)cc1OCC2.ClCCl,CC(C)n1ncnc1-c1cn2c(n1)-c1ccc(C=O)cc1OCC2
Oc1ccc2[nH]ccc2c1.O=C1CCN(Cc2ccccc2)CC1.CC(=O)O,Oc1ccc2[nH]cc(C3=CCN(Cc4ccccc4)CC3)c2c1
Cl.CC(=O)Cl.CCCCCCCCc1ccc(CCC(N)C(=O)OC)cc1.CCN(CC)CC.ClCCl,CCCCCCCCc1ccc(CCC(NC(C)=O)C(=O)OC)cc1
Cl.[Na+].[OH-].COC(=O)[C@H](NS(=O)(=O)c1ccc(OC)cc1)c1ccccc1.CCO,COc1ccc(S(=O)(=O)N[C@@H](C(=O)O)c2ccccc2)cc1
[Ca+2].[OH-].O=C(OO)c1cccc(Cl)c1.OCc1ccc2c(c1)Sc1ccccc1CC2.ClCCl,O=S1c2ccccc2CCc2ccc(CO)cc21
c1ccc([P](c2ccccc2)(c2ccccc2)[Pd]([P](c2ccccc2)(c2ccccc2)c2ccccc2)([P](c2ccccc2)(c2ccccc2)c2ccccc2)[P](c2ccccc2)(c2ccccc2)c2ccccc2)cc1.O=C([O-])O.[Na+].COC(=O)c1ccc2c(C3CCCCC3)c(Br)[nH]c2c1.CC1(C)OB(c2ccc(Cl)cc2N)OC1(C)C.COCCOC.O,COC(=O)c1ccc2c(C3CCCCC3)c(-c3ccc(Cl)cc3N)[nH]c2c1
[K+].[OH-].Cc1ccccc1C(Br)C(Br)C(=O)O.CCO,Cc1ccccc1C#CC(=O)O
Cl.CC(C)(C)OC(=O)N1CCC(Nc2cc(C(=O)NC[C@H](O)CN3CCc4ccccc4C3)ccn2)CC1.ClCCl,O=C(NC[C@H](O)CN1CCc2ccccc2C1)c1ccnc(NC2CCNCC2)c1
CS(=O)(=O)c1nc(Br)cn2c(I)cnc12.NCCCN.CN(C)C=O,NCCCNc1nc(Br)cn2c(I)cnc12
[K+].[OH-].CCOC(=O)c1cn(CC)c2ncc(Br)cc2c1=O.CCO,CCn1cc(C(=O)O)c(=O)c2cc(Br)cnc21
CC(C)[N-]C(C)C.[Li+].[Li]CCCC.CN(C)C=O.Fc1cccnc1.O.C1CCOC1.CC(C)NC(C)C,O=Cc1ccncc1F
Cl.COc1ccc(C(=O)Nc2ccc(Cl)c(Cl)c2)cc1N.CCCCCCCCCCCCS(=O)(=O)Cl.c1ccncc1.O,CCCCCCCCCCCCS(=O)(=O)Nc1cc(C(=O)Nc2ccc(Cl)c(Cl)c2)ccc1OC
COC(=O)[C@H](C)N1Cc2cc(-c3ccc(NC(=O)Nc4cccc(C(F)(F)F)c4)cc3)ccc2C1=O.CC(C)[C@H](C(=O)O)N1Cc2cc(-c3ccc(NC(=O)Nc4cccc(C(F)(F)F)c4)cc3)ccc2C1=O,C[C@@H](C(=O)O)N1Cc2cc(-c3ccc(NC(=O)Nc4cccc(C(F)(F)F)c4)cc3)ccc2C1=O
CCNC1CCCCC1.O=C(c1ccccc1)c1ccc(Cl)c([N+](=O)[O-])c1,CCN(c1ccc(C(=O)c2ccccc2)cc1[N+](=O)[O-])C1CCCCC1
CCOC(=O)c1cnc(Cl)c([N+](=O)[O-])c1N.c1ccc(CNCc2ccccc2)cc1.CCN(CC)CC.Cc1ccccc1,CCOC(=O)c1cnc(N(Cc2ccccc2)Cc2ccccc2)c([N+](=O)[O-])c1N
BrB(Br)Br.CCOC(=O)C(=Cc1cc(OC)c(OC)cc1OC)CC(=O)O.ClCCl,O=C(O)Cc1cc2cc(O)c(O)cc2oc1=O
CC(C)(C)OC(=O)N1CCC(N)CC1.Cc1ccc(N)cc1-c1nc(S(C)(=O)=O)nc2c1ccc(=O)n2-c1c(F)cccc1F,Cc1ccc(N)cc1-c1nc(NC2CCNCC2)nc2c1ccc(=O)n2-c1c(F)cccc1F
O=C1C2CCC1Cc1ccccc1C2.COC(=O)c1ccc(CBr)c(CBr)c1,COC(=O)c1ccc2c(c1)CC1CCC(C2)C1=O
CC(=O)OC(C)=O.CC[C@H](NC(=O)Cc1ccccc1C(=O)O)c1ccccc1,CC[C@H](Nc1oc(=O)c2ccccc2c1C(C)=O)c1ccccc1
C[Mg]I.C1CCOC1.Nc1cncc(Cl)n1.[N-]=C=O,COc1ccc(C)cc1NC(=O)Nc1cncc(Cl)n1
Cl.O=C([O-])[O-].[K+].COc1ccc2c(OCc3nnc4ccc(C(=O)N[C@H]5CCN(C(=O)OC(C)(C)C)C5)cn34)ccnc2c1.CO,COc1ccc2c(OCc3nnc4ccc(C(=O)N[C@H]5CCNC5)cn34)ccnc2c1
CC(=O)O[BH-](OC(C)=O)OC(C)=O.[Na+].O=C1CCC1.CC(C)(C)OC(=O)N1CCC(CC2CCNCC2)CC1.ClCCl.CCN(CC)CC,CC(C)(C)OC(=O)N1CCC(CC2CCN(C3CCC3)CC2)CC1
NNc1cc(N2CCN(C3CCC3)CC2)ncn1.CCOC(=O)C(=CN(C)C)n1ccnn1.CCOC(C)=O.O=C(O)C(F)(F)F,O=c1c(-n2ccnn2)c[nH]n1-c1cc(N2CCN(C3CCC3)CC2)ncn1
CC(=O)O[BH-](OC(C)=O)OC(C)=O.[Na+].O=C(O)C1CCNC1.CCc1c(C=O)cccc1-c1nnc(-c2ccc(OC(C)C)c(Cl)c2)s1.CC(=O)O.CCO,CCc1c(CN2CCC(C(=O)O)C2)cccc1-c1nnc(-c2ccc(OC(C)C)c(Cl)c2)s1
COC(=O)[C@H](O)Cc1ccc(O)c(Br)c1.C[Si](C)(C)CCOCCl.ClCCl.CCN(C(C)C)C(C)C,COC(=O)[C@H](O)Cc1ccc(OCOCC[Si](C)(C)C)c(Br)c1
CCOC(=O)c1cnn(-c2nc3cc(F)c(C(C)C)cc3c(=O)[nH]2)c1.C1CCNC1,CC(C)c1cc2c(N3CCCC3)nc(-n3cc(C(=O)O)cn3)nc2cc1F
O=C=Nc1ccncc1.CC1(C)OB(c2ccc(N)c(F)c2)OC1(C)C.C1CCOC1.CCOC(C)=O,CC1(C)OB(c2ccc(NC(=O)Nc3ccncc3)c(F)c2)OC1(C)C
O=C(O)c1cn(-c2nccs2)c2c(F)c(F)c(F)cc2c1=O.CCNCC1CCNC1.CC#N,CCNCC1CCN(c2c(F)cc3c(=O)c(C(=O)O)cn(-c4nccs4)c3c2F)C1
CC(=O)OC1CC(=O)N1.CCOC(=O)OCc1ccc([N+](=O)[O-])cc1.CC#N.O,CC(=O)OC1NC(=O)C1C(C)OC(=O)OCc1ccc([N+](=O)[O-])cc1
O=C=NC1CCCC1.CN(C)C=Nc1nc(O)ncc1F.ClCCl,Nc1nc(=O)n(C(=O)NC2CCCC2)cc1F
[Na+].[OH-].CCOC(=O)CCCOc1cccc(CCCCCCOc2cc(-c3ccsc3)cc(S(=O)(=O)CC)c2)c1CCC(=O)OCC,CCS(=O)(=O)c1cc(OCCCCCCc2cccc(OCCCC(=O)O)c2CCC(=O)O)cc(-c2ccsc2)c1
[Al+3].[H-].[Li+].COC(=O)C1(CCN(C)C)c2ccccc2N(C)c2ccc(Cl)cc21.C1CCOC1.O,CN(C)CCC1(CO)c2ccccc2N(C)c2ccc(Cl)cc21
c1c[nH]cn1.CC(C)(C)[Si](C)(C)Cl.CCOC(=O)CCC[C@@H](C)O.CN(C)C=O,CCOC(=O)CCC[C@@H](C)O[Si](C)(C)C(C)(C)C
CCN.CCC(C)N1C=CN(C(C)CC)[SiH]1Cl.CCCCCC,CCN[SiH]1N(C(C)CC)C=CN1C(C)CC
CN1CCc2c(N)cccc2C1.COc1cc(Cl)c(Cl)cc1C(=O)O,COc1cc(Cl)c(Cl)cc1C(=O)Nc1cccc2c1CCN(C)C2
CCCC[N+](CCCC)(CCCC)CCCC.[F-].O=C(Cl)c1ccccc1.COCCO[C@@H]1[C@H](O)[C@@H](CO[Si](c2ccccc2)(c2ccccc2)C(C)(C)C)O[C@H]1n1cnc2c(N)ncnc21,COCCO[C@@H]1[C@H](O)[C@@H](CO)O[C@H]1n1cnc2c(NC(=O)c3ccccc3)ncnc21
O=S(=O)([O-])[O-].[Mg+2].CC(C)(O)C#N.CC(C)(C)OC(=O)Nc1ccc(N)cc1,CC(C)(C#N)Nc1ccc(NC(=O)OC(C)(C)C)cc1
CN(C)c1ccncc1.O=C(Cl)c1ccccc1.CC(C)(CO)CCO.CCN(CC)CC.ClCCl,CC(C)(CO)CCOC(=O)c1ccccc1
OB(O)c1ccccc1.COc1ccc(B(O)O)cc1.CN1C(=O)CN=C(c2cccc(C#N)c2)c2cc(Br)ccc21,COc1ccc(-c2ccc3c(c2)C(c2cccc(C#N)c2)=NCC(=O)N3C)cc1
[Cr+6].[O-2].COC(=O)C1=C(C)NC(C)=CC1c1ccc(F)cc1.CC(=O)O,COC(=O)c1c(-c2ccc(F)cc2)cc(C)nc1C
[H-].[Na+].N#Cc1cc(Cl)c(C2CC2)cn1.OCC(F)F,N#Cc1cc(OCC(F)F)c(C2CC2)cn1
[H-].[Na+].C1CCOC1.CN1CCC(CO)CC1.COc1cc([N+](=O)[O-])c(NC(C)=O)cc1F,COc1cc([N+](=O)[O-])c(NC(C)=O)cc1OCN1CCC(C)CC1
COC(=O)c1ccc2c(c1)NC(=O)CS2.[Li+].[OH-].O=C1CSc2ccc(C(=O)O)cc2N1.C1CCOC1.O,O=Cc1ccc2c(c1)NC(=O)CS2
Nc1ccc(CN2CCCCC2)cc1.CO/C=C1/C(=O)NC(=O)c2ccc(I)cc21.CN(C)C=O.CCOCC,O=C1NC(=O)c2ccc(I)cc2/C1=C/Nc1ccc(CN2CCCCC2)cc1
O=C([O-])[O-].[K+].O=C=NCc1ccccc1.CCCN(c1ccncc1)n1ccc2cc(O)ccc21.C1CCOC1,CCCN(c1ccncc1)n1ccc2cc(OC(=O)NCc3ccccc3)ccc21
[Al+3].[H-].[Li+].CCOC(=O)c1cn2c(n1)sc1cc(OC)ccc12,COc1ccc2c(c1)sc1nc(CO)cn12
O=C([O-])[O-].[K+].COc1cc(CC(=O)NCCCc2ccc(C)c(C)c2)ccc1OCCBr.NCCN.ClCCl.CS(C)=O,COc1cc(CC(=O)NCCCc2ccc(C)c(C)c2)ccc1OCCNCCN
[C-]#N.[K+].[Na+].[OH-].CCO.Fc1cc(OCc2ccccc2)ccc1CBr.O,O=C(O)Cc1ccc(OCc2ccccc2)cc1F
c1ccc([P](c2ccccc2)(c2ccccc2)[Pd]([P](c2ccccc2)(c2ccccc2)c2ccccc2)([P](c2ccccc2)(c2ccccc2)c2ccccc2)[P](c2ccccc2)(c2ccccc2)c2ccccc2)cc1.[BH4-].[Na+].C=CCOc1cc(Cl)c(Cc2ccc(OCC)cc2)cc1[C@@H]1O[C@H](COC(C)=O)[C@@H](OCc2ccccc2)[C@H](OCc2ccccc2)[C@H]1OCc1ccccc1.CCOC(C)=O.C1CCOC1,CCOc1ccc(Cc2cc([C@@H]3O[C@H](COC(C)=O)[C@@H](OCc4ccccc4)[C@H](OCc4ccccc4)[C@H]3OCc3ccccc3)c(O)cc2Cl)cc1
[Pd].COc1cc(O)c2cnn(-c3ccc(OCc4ccccc4)c(F)c3)c2c1.CCOC(C)=O.CCO,COc1cc(O)c2cnn(-c3ccc(O)c(F)c3)c2c1
Cl.NCCc1ccccc1.C=CCOC(=O)N1C[C@@H]2C[C@H]1C(=O)S2.CCOC(C)=O.C1CCOC1,C=CCOC(=O)N1C[C@@H](S)C[C@H]1C(=O)NCCc1ccccc1
CC(=O)OI1(OC(C)=O)(OC(C)=O)OC(=O)c2ccccc21.COC1CC(O)C(Br)C1.ClCCl.O,COC1CC(=O)C(Br)C1
CCCCC[Zn+].Fc1ccc([C@H]2CC[C@H](CCC3CC[SiH](Cl)CC3)CC2)cc1.[Cl-].COCCC[Zn+].Fc1ccc([C@H]2CC[C@H](CCC3CC[SiH](Cl)CC3)CC2)cc1F,COCCC[Si@H]1CC[C@H](CC[C@H]2CC[C@H](c3ccc(F)c(F)c3)CC2)CC1
N.O=C([O-])[O-].[K+].CC(=O)c1cc(F)ccc1O.COS(=O)(=O)OC.CC(C)=O,COc1ccc(F)cc1C(C)=O
Cc1cccc(CO)c1C.BrP(Br)Br.Cc1ccccc1.c1ccccc1,Cc1cccc(CBr)c1C
[Br-].C[Mg+].CC(C)CC1=CCC(C)(C=O)CC1.CCOCC,CC(C)CC1=CCC(C)(C(C)O)CC1
O=C([O-])[O-].[K+].Nc1ccc(I)c(Cl)c1.CCOC(=O)CCNC(=O)c1ccc(-c2cc(F)c(F)cc2CBr)cn1.CN(C)C=O,CCOC(=O)CCNC(=O)c1ccc(-c2cc(F)c(F)cc2CNc2ccc(I)c(Cl)c2)cn1
[K+].Cc1ccn2c(C)c(CCc3ccc(N)c(O)c3)nc2c1.CCOC(=S)[S-].CCO,Cc1ccn2c(C)c(CCc3ccc4nc([S-])oc4c3)nc2c1
CC(=O)[O-].[Zn+2].[Zn].S=C=S.CC1CNC(C(Cl)(Cl)Cl)O1.CCN(CC)CC.O,CC1CN(C(=S)[S-])C(C(Cl)(Cl)Cl)O1
[H-].[Na+].CCOP(=O)(Cc1ccc(Br)s1)OCC.CC(C)=O.C1CCOC1.O,CC(C)=Cc1ccc(Br)s1
COc1ccc(N)cc1.O=C1CCCc2c1[nH]c1ccc(Cl)cc21,COc1ccc(NC2CCCc3c2[nH]c2ccc(Cl)cc32)cc1
Cl.Brc1nccs1.CC(C)c1ccc(N)cc1O.CCO,CC(C)c1ccc(Nc2nccs2)cc1O
O=C(Cl)CCl.C1NC2CC3CC1CC(C3)C2.O.ClCCl,O=C(CCl)N1CC2CC3CC(C2)CC1C3
C(=NC1CCCCC1)=NC1CCCCC1.CN(C)c1ccncc1.CC(C)(C)OC(=O)N[C@@H](CCC(=O)O)C(=O)OCc1ccccc1.Cc1ccc(S(=O)(=O)NC(=N)NCCCCCCO)cc1.ClCCl,Cc1ccc(S(=O)(=O)NC(=N)NCCCCCCOC(=O)CCC(NC(=O)OC(C)(C)C)C(=O)OCc2ccccc2)cc1
O=C(Cl)c1ccccc1.c1csc(CNCCCSc2ccncc2)c1.ClCCl.CCN(CC)CC,O=C(c1ccccc1)N(CCCSc1ccncc1)Cc1cccs1
COC(=O)C(=Cc1ccccc1Cl)N=[N+]=[N-].Cc1ccccc1,COC(=O)c1cc2c(Cl)cccc2[nH]1
O=C1S/C(=C\c2ccc3c(cnn3Cc3ccc(Cl)cc3C(F)(F)F)c2)C(=O)N1[C@H]1CCNC[C@@H]1F.C=O,CN1CC[C@H](N2C(=O)S/C(=C\c3ccc4c(cnn4Cc4ccc(Cl)cc4C(F)(F)F)c3)C2=O)[C@@H](F)C1
CC(C)(C)OC(=O)N1CCNCC1.O=C(Cl)CCCl.ClCCl.CCN(CC)CC,CC(C)(C)OC(=O)N1CCN(C(=O)CCCl)CC1
ClCC1CO1.N#Cc1cccc([C@@H](N)c2ccc(Cl)cc2)c1.CO,N#Cc1cccc([C@@H](NCC(O)CCl)c2ccc(Cl)cc2)c1
O=C([O-])O.[Na+].Clc1ccnc(Cl)n1.Cn1c(N(C(=O)OC(C)(C)C)c2ccccc2)nc2cc(N)ccc21.CCO.C1CCOC1,Cn1c(N(C(=O)OC(C)(C)C)c2ccccc2)nc2cc(Nc3ccnc(Cl)n3)ccc21
B.O=C(O)c1cc(F)ccc1[N+](=O)[O-].C1CCOC1,O=[N+]([O-])c1ccc(F)cc1CO
NCCCCc1cccnc1.CCCc1c(OCCCOc2ccccc2C(=O)O)ccc(C(C)=O)c1O,CCCc1c(OCCCOc2ccccc2C(=O)NCCCCc2cccnc2)ccc(C(C)=O)c1O
Cl.NNC(=O)c1cccc(Oc2ccc3c(c2)S(=O)(=O)N=C2CCCN23)c1.O=C(n1ccnc1)n1ccnc1.CCN(CC)CC.CN(C)C=O.C1CCOC1,O=c1[nH]nc(-c2cccc(Oc3ccc4c(c3)S(=O)(=O)N=C3CCCN34)c2)o1
[Li+].[OH-].CCCn1c(=O)c2[nH]c(-c3ccc(OCC4CC(C(=O)OC)N(Cc5cccc(C(F)(F)F)c5)C4)cc3)nc2n(CCC)c1=O.CO.C1CCOC1.O,CCCn1c(=O)c2[nH]c(-c3ccc(OCC4CC(C(=O)O)N(Cc5cccc(C(F)(F)F)c5)C4)cc3)nc2n(CCC)c1=O
[I-].[K+].[Na+].O=C([O-])[O-].COCCOCCBr.O=C(NCCCCc1ccc(O)cc1)OCc1ccccc1.CC(C)=O.CN(C)C=O,COCCOCCOc1ccc(C(CCCN)C(=O)OCc2ccccc2)cc1
N#CC(=C(Cl)c1ccc([N+](=O)[O-])cc1)c1nc2ccccc2s1.NN.O.CCO,Nc1[nH]nc(-c2ccc([N+](=O)[O-])cc2)c1-c1nc2ccccc2s1
CN(C)c1ccncc1.c1c[nH]cn1.CC(C)(C)[Si](C)(C)Cl.COC(=O)c1cn(COCC[Si](C)(C)C)c(CO)n1.CN(C)C=O,COC(=O)c1cn(COCC[Si](C)(C)C)c(CO[Si](C)(C)C(C)(C)C)n1
[Na+].[OH-].COC(=O)Cc1sccc1C(=O)OC.CO.O,O=C(O)Cc1sccc1C(=O)O
[Pd].CC(O)c1ccc(-c2ccc([N+](=O)[O-])cc2)o1.CO.O,CC(O)c1ccc(-c2ccc(N)cc2)o1
[Na+].C=C(CCl)CCl.Cc1ccc(S(=O)[O-])cc1.CO,C=C(CCl)CS(=O)(=O)c1ccc(C)cc1
[Pd].CC(C)(C)c1c(O)ccc2occc12.Oc1ccccc1.CCOCC.CC(=O)O,CC(C)(C)c1c(O)ccc2c1CCO2
N#C[Cu].Clc1ccc2cc(I)sc2n1.CN(C)C=O,N#Cc1cc2ccc(Cl)nc2s1
O=C(O)CS.[Li+].[OH-].COC(=O)CCc1ccc(N(Cc2ccc(Cn3c(-c4ccccc4)cc4ccccc43)cc2)S(=O)(=O)c2ccccc2[N+](=O)[O-])cc1.O.CCOC(C)=O.CN(C)C=O,COC(=O)CCc1ccc(NCc2ccc(Cn3c(-c4ccccc4)cc4ccccc43)cc2)cc1
ClCc1ccc(Oc2ccccc2)cc1.COC(=O)COc1ccc(S)cc1C,Cc1cc(SCc2ccc(Oc3ccccc3)cc2)ccc1OCC(=O)O
[BH4-].[Na+].CC(=O)c1c(C)nc(-c2ccccc2)nc1-c1cccc([N+](=O)[O-])c1.CO,Cc1nc(-c2ccccc2)nc(-c2cccc([N+](=O)[O-])c2)c1C(C)O
O=C([O-])O.[Na+].C[Mg]Br.O=C1c2cn(-c3c(Cl)cc(C(F)(F)F)cc3Cl)nc2CC1(F)F.C1CCOC1,CC1(O)c2cn(-c3c(Cl)cc(C(F)(F)F)cc3Cl)nc2CC1(F)F
[Cl-].[H-].[Na+].COc1cncc(O)c1.ClCCCI.CN(C)C=O.O,COc1cncc(OCCCCl)c1
Cl.Cc1c(N)cccc1-c1ccc(C(N)=O)c2[nH]c3cc(C(=O)N4CCN(C)CC4)ccc3c12.Clc1nccc2ccccc12.CC(C)O.C1COCCO1,Cc1c(Nc2nccc3ccccc23)cccc1-c1ccc(C(N)=O)c2[nH]c3cc(C(=O)N4CCN(C)CC4)ccc3c12
Cl.[H-].[Na+].CI.CC1(C)CCC(C)(C)c2cc(-c3ccc4cc(C(=O)O)cc(O)c4c3)ccc21.O.C1CCOC1.CN(C)C=O,COc1cc(C(=O)O)cc2ccc(-c3ccc4c(c3)C(C)(C)CCC4(C)C)cc12
[Li+].[OH-].COC(=O)c1sc(-c2ccccc2)cc1N(C(=O)C1CCC(C)CC1)C1CCN(C(C)=O)CC1.O.C1COCCO1,CC(=O)N1CCC(N(C(=O)C2CCC(C)CC2)c2cc(-c3ccccc3)sc2C(=O)O)CC1
CC[C@H](C)C(=O)Cl.CCC(C)C(=O)c1ccc(O)c(Cl)c1.Cc1cccc(O)c1,CCC(C)C(=O)c1ccc(O)cc1C
O=C([O-])O.[K+].NCC1(CC(=O)O)CCCCC1.CC(C)C(=O)OCCOC(=O)Oc1ccc(S(C)(=O)=O)cc1.CCOCC.CC#N,CC(C)C(=O)OCCOC(=O)NCC1(CC(=O)O)CCCCC1
Cl.N.CN(C)CC(O)COc1ccc(N)cc1.NC(=O)CN(c1ccccc1)c1ccnc(Cl)n1.CN1CCCC1=O,CN(C)CC(O)COc1ccc(Nc2nccc(N(CC(N)=O)c3ccccc3)n2)cc1
[Na+].[OH-].S=C(Cl)Cl.Oc1c(F)ccc(Br)c1O.ClC(Cl)Cl,Fc1ccc(Br)c2oc(=S)oc12
C1CCN2CCNC[C@H]2C1.O=C(O)c1nc2c(s1)CCOc1cc(-c3cn[nH]c3)ccc1-2,O=C(c1nc2c(s1)CCOc1cc(-c3cn[nH]c3)ccc1-2)N1CCN2CCCC[C@@H]2C1
COc1cc(N2CCN(C)CC2)c2oc(C(=O)Nc3ccc(N4CCNCC4)cc3)cc(=O)c2c1.O=C(Cl)N1CCCC1,COc1cc(N2CCN(C)CC2)c2oc(C(=O)Nc3ccc(N4CCN(C(=O)N5CCCC5)CC4)cc3)cc(=O)c2c1
CNC.CCN(C(C)C)C(C)C.O=C(Cl)CBr.COc1cc2c(cc1[N+](=O)[O-])NCC2.C1CCOC1.ClCCl,COc1cc2c(cc1[N+](=O)[O-])N(C(=O)CN(C)C)CC2
Cl.O=C([O-])[O-].[K+].NC1(c2ccccc2)CCC2(CC1)OCCO2.ICCCCCI.O.CCO.CCOCC,O=C1CCC(c2ccccc2)(N2CCCCC2)CC1
C(=NC1CCCCC1)=NC1CCCCC1.On1nnc2ccccc21.COc1cccc(NC(C(=O)O)c2csc3ccccc23)c1.O[C@H]1CN2CCC1CC2.C1CCOC1,COc1cccc(NC(C(=O)O[C@H]2CN3CCC2CC3)c2csc3ccccc23)c1
O=C([O-])[O-].[K+].Nc1cc(Cl)c(O)c(Cl)c1.Clc1nc2c(Cl)cccc2s1.CCOC(C)=O.CS(C)=O,Nc1cc(Cl)c(Oc2nc3c(Cl)cccc3s2)c(Cl)c1
O=C1CCC(=O)N1Cl.CC(C)(C)OC(=O)N1CC2(C1)OCc1nc(C=NO)ccc12.C=C(c1cc(Cl)c(F)c(Cl)c1)C(F)(F)F.CN(C)C=O,CC(C)(C)OC(=O)N1CC2(C1)OCc1nc(C3=NOC(c4cc(Cl)c(F)c(Cl)c4)(C(F)(F)F)C3)ccc12
N.CC(=O)Nc1ccn([C@H]2C=C[C@@H](CO)O2)c(=O)n1.CO,Nc1ccn([C@H]2C=C[C@@H](CO)O2)c(=O)n1
CC(=O)C1(C)CCCCC1.BrBr.ClC(Cl)Cl.CO.O,CC1(C(=O)CBr)CCCCC1
O=C(O)c1cc(Oc2ncccc2-c2cnco2)ccc1F.O=C(Cl)C(=O)Cl.ClCCl.CN(C)C=O,O=C(Cl)c1cc(Oc2ncccc2-c2cnco2)ccc1F
CCNC.N#Cc1c[nH]c2ccc(CCNC(=O)c3ccc(-c4ccnc(Cl)n4)cc3)cc12,CCN(C)c1nccc(-c2ccc(C(=O)NCCc3ccc4[nH]cc(C#N)c4c3)cc2)n1
COc1ccc2c(CC(N)=O)c[nH]c2c1.COC(=O)C(=O)c1cn2c3c(cccc13)CC(CO[Si](C)(C)C(C)(C)C)C2,COc1ccc2c(C3C(=O)NC(=O)C3c3cn4c5c(cccc35)CC(CO)C4)c[nH]c2c1
[Na+].[OH-].CNS(=O)(=O)c1ccc(OC2CCCC2)c(C(=O)OC)c1.C1CCOC1,CNS(=O)(=O)c1ccc(OC2CCCC2)c(C(=O)O)c1
CCC[Mg]Br.CCCCc1nc(C(C)=O)c(C#N)[nH]1,CCCCc1nc(C(=O)CCC)c(C#N)[nH]1
[Li]CCCC.Cl[Se]c1ccccc1.CN1CCCCC1=O.C1CCOC1.CC(C)NC(C)C,CN1CCCC([Se]c2ccccc2)C1=O
O=C(Cl)CCc1ccccc1.CN[C@@H](C)[C@@H](O)c1ccccc1.CCN(CC)CC.C1CCOC1,CC(C(O)c1ccccc1)N(C)C(=O)CCc1ccccc1
O=C([O-])[O-].[K+].OCc1cc(O)cc(Br)c1.FC(F)(F)c1ccc(Cl)nc1.O.CN(C)C=O,OCc1cc(Br)cc(Oc2ccc(C(F)(F)F)cn2)c1
O=S(=O)(O)O.[Na+].[OH-].[N-]=[N+]=[N-].COc1ccc2c(c1)C(=O)CCC2.CC(=O)O,COc1ccc2c(c1)NC(=O)CCC2
c1ccc(P(C2CCCCC2)C2CCCCC2)c(-c2ccccc2P(C2CCCCC2)C2CCCCC2)c1.Nc1nc2cccc(-c3ccc(CN4CCS(=O)(=O)CC4)cc3)n2n1.CN1CCN(c2cccc(Br)c2)CC1,CN1CCN(c2cccc(Nc3nc4cccc(-c5ccc(CN6CCS(=O)(=O)CC6)cc5)n4n3)c2)CC1
[Pd].O=C(Cl)OCc1ccccc1.[H][H].CC(CC#Cc1ccc(C#CCCNC(=O)OCc2ccccc2)cc1)N1C(=O)c2ccccc2C1=O.CCN(CC)CC.C1CCOC1,CC(CCCc1ccc(CCCCNC(=O)OCc2ccccc2)cc1)N1C(=O)c2ccccc2C1=O
[Na+].[OH-].CCCc1c2nc(C(=O)OCC)ccc2cc2c(=O)cc(C(=O)OCC)oc12.CO,CCCc1c2nc(C(=O)O)ccc2cc2c(=O)cc(C(=O)O)oc12
[H-].[Na+].Cc1cccc(NC(=O)NCCCl)c1.C1CCOC1.CN(C)C=O.CCOC(C)=O,Cc1cccc(N2CCNC2=O)c1
O=C([O-])[O-].[K+].CC(C)=O.Oc1cccc2c(O)cccc12.C=CCBr,C=CCOc1cccc2c(OCC=C)cccc12
N[C@@H]1CN(C2CCCCC2)c2ccccc2NC1=O.CC(C)(C)OC(=O)c1cccc(N)c1.O=C(OC(Cl)(Cl)Cl)OC(Cl)(Cl)Cl.CCN(CC)CC.C1CCOC1,CC(C)(C)OC(=O)c1cccc(NC(=O)N[C@@H]2CN(C3CCCCC3)c3ccccc3NC2=O)c1
C(=NC1CCCCC1)=NC1CCCCC1.Cl.O=C(OCc1ccccc1)[C@@H]1CCCN1.O=C(O)CCc1ccccc1.ClCCl.CCN(CC)CC,O=C(OCc1ccccc1)[C@@H]1CCCN1C(=O)CCc1ccccc1
[I-].[Na+].Cc1ncn(-c2ccc(Nc3n[nH]c(C(CCCCCl)c4ccc(OC(F)(F)F)c(F)c4)n3)cc2F)n1.CCN(C(C)C)C(C)C.CC(C)=O,Cc1ncn(-c2ccc(Nc3nc4n(n3)CCCCC4c3ccc(OC(F)(F)F)c(F)c3)cc2F)n1
CCN=C=NCCCN(C)C.Cl.On1nnc2ccccc21.FC(F)(F)c1ccc2c(c1)CC(CN1CCNCC1)O2.O=C(O)COC1CCC(Nc2ccc([N+](=O)[O-])c(C(F)(F)F)c2)CC1.O.CCN(CC)CC.ClCCl,O=C(COC1CCC(Nc2ccc([N+](=O)[O-])c(C(F)(F)F)c2)CC1)N1CCN(CC2Cc3cc(C(F)(F)F)ccc3O2)CC1
[Li]C(C)(C)C.O=C=O.Cc1ccc(Br)c2c(CCO[Si](C)(C)C(C)(C)C)c[nH]c12.C1CCOC1.CCOC(C)=O,Cc1ccc(C(=O)O)c2c(CCO[Si](C)(C)C(C)(C)C)c[nH]c12
C(=NC1CCCCC1)=NC1CCCCC1.O=C1CCC(=O)N1O.CC(C)(C)N.Nc1ccc(Cl)cc1C(=O)O.ClCCl,CC(C)(C)NC(=O)c1cc(Cl)ccc1N
[Cu+2].CC(=O)[O-].CCOC(=O)c1n[nH]cc1C.COc1cccc(B(O)O)c1.CC(=O)N(C)C.c1ccncc1,CCOC(=O)c1nn(-c2cccc(OC)c2)cc1C
O=C([O-])[O-].[K+].COC(=O)[C@@H](C)CS(=O)(=O)NC(c1ccccc1)c1ccccc1.BrCc1ccccc1.CN(C)C=O,COC(=O)[C@@H](C)CS(=O)(=O)N(Cc1ccccc1)C(c1ccccc1)c1ccccc1
Cl.NC(=O)C1(c2ccccc2)CCNCC1.CC(C)(C)c1ccc(C(=O)N2CCC(CCCS(=O)(=O)[O-])(c3ccc(Cl)c(Cl)c3)C2)cc1,CC(C)(C)c1ccc(C(=O)N2CCC(CCN3CCC(C(N)=O)(c4ccccc4)CC3)(c3ccc(Cl)c(Cl)c3)C2)cc1
C(=NC1CCCCC1)=NC1CCCCC1.O=C1CCC(=O)N1O.N[C@@H](CCc1ccccc1)C(=O)OC(=O)c1ccccc1.CN(C(=O)[C@@H]1CCCN1C(=O)OC(C)(C)C)[C@@H](Cc1ccccc1)C(=O)O,CN(C(=O)[C@@H]1CCCN1C(=O)OC(C)(C)C)[C@@H](Cc1ccccc1)C(=O)N[C@@H](Cc1ccccc1)C(=O)OC(=O)c1ccccc1
O=S(=O)(Cl)c1ccccc1F.CC1(C)CC(c2cccc(N)c2)Nc2ccc(C#N)cc21.c1ccncc1.ClCCl,CC1(C)CC(c2cccc(NS(=O)(=O)c3ccccc3F)c2)Nc2ccc(C#N)cc21
Cc1ccc(S(=O)(=O)O)cc1.O=Cc1cccc(F)c1.OCCO.Cc1ccccc1,Fc1cccc(C2OCCO2)c1
Cc1ccc(CO)nc1.CS(=O)c1nc(N)nc(-n2cccn2)c1C#N.COCCOC.C1CCC2=NCCCN2CC1,Cc1ccc(COc2nc(N)nc(-n3cccn3)c2C#N)nc1
[Co].N.N#CCCC(F)(F)C(F)(F)C(F)(F)C(F)(F)C(F)(F)C(F)(F)C(F)(F)C(F)(F)C(F)(F)C(F)(F)F.[H][H].C1CCOC1,NCCCC(F)(F)C(F)(F)C(F)(F)C(F)(F)C(F)(F)C(F)(F)C(F)(F)C(F)(F)C(F)(F)C(F)(F)F
CI.CC(C)(C)OC(=O)[C@@H]1CCc2ncc(NC(=O)OCc3ccccc3)c(=O)n21.C1CCOC1,CC(C)(C)OC(=O)C1(C)CCc2ncc(NC(=O)OCc3ccccc3)c(=O)n21
CCN=C=NCCCN(C)C.CN(C)c1ccncc1.Cl.CS(N)(=O)=O.CC(C)C(NC(=O)Cn1c(-c2ccccc2)ccc(NC(=O)OCc2ccc(C(=O)O)cc2)c1=O)C(=O)C(F)(F)F.ClCCl.CCOC(C)=O,CC(C)C(NC(=O)Cn1c(-c2ccccc2)ccc(NC(=O)OCc2ccc(C(=O)NS(C)(=O)=O)cc2)c1=O)C(=O)C(F)(F)F
OO.CCOCC.CSCC[C@@H](NC(=O)[C@H](Cc1ccc(O)cc1)NC(=O)OC(C)(C)C)C(=O)NCC(=O)N[C@@H](Cc1ccccc1)C(=O)NNC(N)=O.CN(C)C=O.CC(=O)O,CS(=O)CC[C@@H](NC(=O)[C@H](Cc1ccc(O)cc1)NC(=O)OC(C)(C)C)C(=O)NCC(=O)N[C@@H](Cc1ccccc1)C(=O)NNC(N)=O
Nc1n[nH]cc1-c1ccco1.CC(=O)N(C)c1ccc(C(=O)C=CN(C)C)cc1.CC(=O)O,CC(=O)N(C)c1ccc(-c2ccnc3c(C(=O)c4ccco4)cnn23)cc1
Cc1ccc(S(=O)(=O)O)cc1.O=C([O-])O.[Na+].CC#C[C@]1(O)CCC2C3CC[C@@]4(O)CC5(CCC4=C3[C@@H](c3ccc(N(C)C(=O)OC(C)(C)C)cc3)C[C@@]21C)OCCO5.C1CCOC1.ClCCl.O,CC#C[C@@]1(O)CC[C@H]2[C@@H]3CCC4=CC(=O)CCC4=C3[C@@H](c3ccc(NC)cc3)C[C@@]21C
O=C([O-])[O-].[K+].CC1CN(C(=O)OC(C)(C)C)CCN1.N#Cc1ccc(Cl)nc1.CN(C)C=O,CC1CN(C(=O)OC(C)(C)C)CCN1c1ccc(C#N)cn1
O=C1CC(Cc2ccccc2)C(=O)O1.Nc1cc(Cc2n[nH]c(=O)c3ccccc23)ccc1F.Cc1ccccc1,O=C(CC(Cc1ccccc1)C(=O)O)Nc1cc(Cc2n[nH]c(=O)c3ccccc23)ccc1F
CC(C)(C)OC(=O)NCCNC(=O)OCc1cccc2c1Cc1ccccc1-2.COc1ccccc1.O=C(O)C(F)(F)F.ClCCl,NCCNC(=O)OCc1cccc2c1Cc1ccccc1-2
BrB(Br)Br.COc1ccc2c(c1)CCN(C(=O)C(F)(F)F)C2c1ccc(I)cc1.CO.ClCCl,O=C(N1CCc2cc(O)ccc2C1c1ccc(I)cc1)C(F)(F)F
NNc1ccccc1.CN=C=S.c1ccccc1,CNC(=S)NNc1ccccc1
O=C(n1ccnc1)C(F)(F)F.Cc1coc([Si](C)(C)C)n1.CCOCC.O,Cc1coc(C(=O)C(F)(F)F)n1
O=C([O-])[O-].[K+].ClCCCCBr.COc1cc2c(Nc3ccc(Cl)cc3F)ncnc2cc1O.CN(C)C=O,COc1cc2c(Nc3ccc(Cl)cc3F)ncnc2cc1OCCCCCl
COC(=O)c1cc2c(CN(C)C)cn(Cc3ccc(F)cc3)c2cn1.C[C@@H](O)c1ccccc1,COC(=O)c1cc2c(CO[C@H](C)c3ccccc3)cn(Cc3ccc(F)cc3)c2cn1
CCOc1noc(C2CC(c3ccc(OC(F)(F)F)c(F)c3)CN(C(=O)OC(C)(C)C)C2)n1.ClCCl.O=C(O)C(F)(F)F,CCOc1noc(C2CNCC(c3ccc(OC(F)(F)F)c(F)c3)C2)n1
COS(=O)(=O)[O-].[Na+].[OH-].CC(C)=O.c1ccc2c(c1)[nH]c1ccccc12.O,Cn1c2ccccc2c2ccccc21
O=C([O-])O.[Na+].c1ccc(CNCc2ccccc2)cc1.O=C1[C@H]2CCC[C@H]2N(C(=O)CCl)c2ccccc2N1Cc1ccccc1.ClCCCl,O=C1[C@H]2CCC[C@H]2N(C(=O)CN(Cc2ccccc2)Cc2ccccc2)c2ccccc2N1Cc1ccccc1
[K+].[OH-].CCCSc1ncc(CC(Cc2ccccc2)(C(=O)OCC)C(=O)OCC)n1Cc1ccccc1Cl.O.CCO,CCCSc1ncc(CC(Cc2ccccc2)C(=O)O)n1Cc1ccccc1Cl
CC(C)(C)[O-].[K+].Cn1ccc2cccc(CC(N)=O)c21.COC(=O)C(=O)c1c[nH]c2ccc(F)cc12.CN(C)C=O.C1CCOC1,Cn1ccc2cccc(C3=C(c4c[nH]c5ccc(F)cc45)C(=O)NC3=O)c21
[Cl-].[NH4+].[Na+].[N-]=[N+]=[N-].Cc1sc(C)c2c(=O)n3cc(C#N)ccc3nc12.CN(C)C=O.c1ccncc1,Cc1sc(C)c2c(=O)n3cc(-c4nnn[nH]4)ccc3nc12
CC(C)(C)OC(=O)c1cc(C2CC2)c(OC2CN(C(c3ccccc3)c3ccccc3)C2)cc1F.ClCCl.O=C(O)C(F)(F)F,O=C(O)c1cc(C2CC2)c(OC2CN(C(c3ccccc3)c3ccccc3)C2)cc1F
O=c1ccc2cc(O)ccc2[nH]1.BrCCCCSc1ccccc1,O=c1ccc2cc(OCCCCSc3ccccc3)ccc2[nH]1
CC1(C)[C@@H]2C(=O)OC(=O)[C@@H]21.Nc1cc(OCc2ccc3ccccc3n2)ccc1NCc1cccc(Br)c1.CCOC(=O)C1(Cc2nc3cc(OCc4ccc5ccccc5n4)ccc3n2Cc2ccc(Br)cc2)CCCC1,CCOC(=O)C1C(c2nc3cc(OCc4ccc5ccccc5n4)ccc3n2Cc2cccc(Br)c2)C1(C)C
[Na+].[OH-].SCc1ccccc1.O=P(OCCOS(=O)(=O)c1ccc(Br)cc1)(N(CCCl)CCCl)N(CCCl)CCCl.Cc1ccccc1.CO,O=P(OCCSCc1ccccc1)(N(CCCl)CCCl)N(CCCl)CCCl
[Pd].CCOC(=O)CC1(C[N+](=O)[O-])CCCCC1.CCO,O=C1CC2(CCCCC2)CN1
O=C([O-])[O-].[Cs+].Clc1ccccc1CCBr.CNC(=O)c1c(-c2ccc(C)cc2)oc2nc(NS(C)(=O)=O)c(I)cc12,CNC(=O)c1c(-c2ccc(C)cc2)oc2nc(N(CCc3ccccc3Cl)S(C)(=O)=O)c(I)cc12
CNC.O=c1[nH]c2ccccc2o1,CN(C)C(=O)Nc1ccccc1O
Cc1ccncc1-c1cccc2[nH]ncc12.Cc1ccncc1B(O)O.O=[N+]([O-])c1ccc(Br)c(Cl)c1,Cc1ccncc1-c1ccc([N+](=O)[O-])cc1Cl
CCCCCCCCCCCCCCCCCCN.CC(=O)N[C@H]1C(O)O[C@H](CO)[C@@H](O)[C@@H]1O.CCCCCCCCCCCCCC(=O)Cl,CCCCCCCCCCCCCCCCCCN(C(=O)CCCCCCCCCCCCC)C1O[C@H](CO)[C@@H](O)[C@H](O)[C@H]1NC(C)=O
CN.F[P-](F)(F)(F)(F)F.O=C(O)c1ccc(-n2cnnc2-c2cc3c(s2)-c2ccc(C(=O)O)cc2OCC3)c(Cl)c1.CN(C)C(On1nnc2cccnc21)=[N+](C)C.CCN(C(C)C)C(C)C.C1CCOC1,CNC(=O)c1ccc(-n2cnnc2-c2cc3c(s2)-c2ccc(C(=O)NC)cc2OCC3)c(Cl)c1
CC(=O)Nc1cccc(C2CCN(CCCN)CC2)c1.CC(C(=O)O)(c1ccccc1)c1ccccc1,CC(=O)Nc1cccc(C2CCN(CCCNC(=O)C(C)(c3ccccc3)c3ccccc3)CC2)c1
COS(=O)(=O)c1ccc(C)cc1.CCO/C=C1/N=C(c2ccccc2)OC1=O.CC#N,CCC1OCCN1C1(CC)OCCN1C1(CC)NCCO1
Cl.Cc1cccc(Cl)c1N1Cc2cnc(S(C)(=O)=O)nc2N(c2cccc(CCO[Si](c3ccccc3)(c3ccccc3)C(C)(C)C)c2)C1=O.Nc1ccccc1,Cc1cccc(Cl)c1N1Cc2cnc(Nc3ccccc3)nc2N(c2cccc(CCO[Si](c3ccccc3)(c3ccccc3)C(C)(C)C)c2)C1=O
[Na+].[OH-].CC(C)=O.Cn1ccc(Nc2ncnc3ccc(Oc4ccc(OC5CNC5)cn4)cc23)n1.CO,CC(C)N1CC(Oc2ccc(Oc3ccc4ncnc(Nc5ccn(C)n5)c4c3)nc2)C1
[Fe].O=C([O-])O.[Na+].CC(C)CN(C[C@H]1CN(S(=O)(=O)c2ccc([N+](=O)[O-])s2)CCN1c1ncc(C(O)(C(F)(F)F)C(F)(F)F)cn1)S(C)(=O)=O.CC(=O)O,CC(C)CN(C[C@H]1CN(S(=O)(=O)c2ccc(N)s2)CCN1c1ncc(C(O)(C(F)(F)F)C(F)(F)F)cn1)S(C)(=O)=O
CC(=O)O[C@H]1CCNC1.C#CCN1CCCC1=O.C=O.C1COCCO1,CC(=O)O[C@H]1CCN(CC#CCN2CCCC2=O)C1
N#Cc1c([N+](=O)[O-])cccc1[N+](=O)[O-].COCCNC(=O)C(C)(C)CO,COCCNC(=O)C(C)(C)COc1cccc([N+](=O)[O-])c1C#N
CCN=C=NCCCN(C)C.CN(C)CC(=O)O.CCNC(=O)c1ccc(-n2nnc(C(=O)NCCO)c2COc2cccc(F)c2)cc1.O.c1ccncc1,CCNC(=O)c1ccc(-n2nnc(C(=O)NCCOC(=O)CN(C)C)c2COc2cccc(F)c2)cc1
CN(C)c1ccncc1.O=Cc1ccc(C(=O)Cl)cc1.Nc1ccc(C(F)(F)F)cc1.CCN(CC)CC,O=Cc1ccc(C(=O)Nc2ccc(C(F)(F)F)cc2)cc1
[Pd].CCOC(=O)C(C(=O)OCc1ccccc1)c1ccc([N+](=O)[O-])nc1.CCO,CCOC(=O)Cc1ccc([N+](=O)[O-])nc1
Cl.CCc1cc(C(F)(C(F)(F)F)C(F)(F)F)cc(C)c1NC(=O)c1cccc(N=S=O)c1.ClCCl.C1CCOC1,CCc1cc(C(F)(C(F)(F)F)C(F)(F)F)cc(C)c1NC(=O)c1cccc(N)c1
Cl.[Li+].[OH-].COC(=O)c1ccc(/C=C/c2c(-c3ccccc3)noc2C)nc1.O.CO.C1CCOC1,Cc1onc(-c2ccccc2)c1/C=C/c1ccc(C(=O)O)cn1
O=C(F)OC12CC3CC(CC(C3)C1)C2.COC(=O)[C@@H](N)C(C)(C)C.ClCCl.CCN(C(C)C)C(C)C,COC(=O)[C@@H](NC(=O)OC12CC3CC(CC(C3)C1)C2)C(C)(C)C
Nc1cc(Cl)c(Cl)cn1.O=c1ccccn1C(=S)n1ccccc1=O.ClCCl,S=C=Nc1cc(Cl)c(Cl)cn1
CCCCc1nc2ccc(NC(=O)OCC)cc2n1Cc1ccc(-c2ccccc2C(=O)OC(C)(C)C)cc1.ClCCl.O=C(O)C(F)(F)F,CCCCc1nc2ccc(NC(=O)OCC)cc2n1Cc1ccc(-c2ccccc2C(=O)O)cc1
Cl.Cc1nn(Cc2cccc(C(C)C)n2)c2cccc(NC(=O)c3cnc4cc(Cl)ccn34)c12.CN1CCN(CCO)CC1.C[C@@H]1CN(CCO)C[C@H](C)N1C.CO.CCOCC,Cc1nn(Cc2ccn(C(C)C)n2)c2cccc(NC(=O)c3cnc4cc(OCCN5CCN(C)CC5)ccn34)c12
O=C([O-])O.[Na+].Cc1cccc(-c2nc(N)sc2-c2ccnc(C)n2)c1.O=C=Nc1ccccc1.CC(=O)N(C)C,Cc1cccc(-c2nc(NC(=O)Nc3ccccc3)sc2-c2ccnc(C)n2)c1
O=C([O-])O.[I-].[Na+].COC(=O)C(CCCCl)C(N)c1ccccc1.CCOCC.CN(C)C=O,COC(=O)[C@H]1CCCN[C@H]1c1ccccc1
COc1nc(Cl)nc(OC)n1.Nc1ccc(OC(F)(F)F)cc1.Cc1ccc(S(=O)(=O)N2CCC(C(=O)O)CC2)cc1.CN1CCOCC1.CC#N,Cc1ccc(S(=O)(=O)N2CCC(C(=O)Nc3ccc(OC(F)(F)F)cc3)CC2)cc1
O=C(Cl)CCl.Nc1ccc(S(N)(=O)=O)c(Cl)c1,NS(=O)(=O)c1ccc(NC(=O)CCl)cc1Cl
SCc1ccccc1.COC[C@H]1O[C@@H](n2cnc3c(NCC(c4ccccc4)c4ccccc4)nc(COS(C)(=O)=O)nc32)[C@H](O)[C@@H]1O.CCN(CC)CC.ClCCl,COC[C@H]1O[C@@H](n2cnc3c(NCC(c4ccccc4)c4ccccc4)nc(CSCc4ccccc4)nc32)[C@H](O)[C@@H]1O
O=[O+][O-].CC(=O)O.CC=Cc1cccc(Oc2ccccc2C)c1OC.CCOC(C)=O,COc1c(C=O)cccc1Oc1ccccc1C
[Pd].O=C[O-].[NH4+].CC(=O)N(c1ccccc1)C1CC(C)N(Cc2ccccc2)c2ccccc21.CCO,CC(=O)N(c1ccccc1)C1CC(C)Nc2ccccc21
Cc1cc(C)cc(C(=O)Cl)c1.COc1ccc2c(=O)n3c(nc2c1)[nH]c1ccccc13,COc1ccc2c(=O)n3c4ccccc4n(C(=O)c4cc(C)cc(C)c4)c3nc2c1
O=C([O-])[O-].[K+].O=C(CCl)N1CCN(S(=O)(=O)c2ccc3ccccc3c2)CC1.Oc1ccc(F)cc1.CC#N.O,O=C(COc1ccc(F)cc1)N1CCN(S(=O)(=O)c2ccc3ccccc3c2)CC1
B.Cl.CC1(C)CCCC(Oc2ccc(C#N)cn2)C1.C1CCOC1,CC1(C)CCCC(Oc2ccc(CN)cn2)C1
CSc1ccc(C=Nc2ccc(F)cc2)cc1.C[Si](C)(C)C#N,CSc1ccc(C(C#N)Nc2ccc(F)cc2)cc1
CC(C)(C)[O-].[Li+].NC1(CO)c2cc(Br)ccc2Oc2c1cc(Cl)nc2F.N#CCBr.C1CCOC1,N#CCOCC1(N)c2cc(Br)ccc2Oc2c1cc(Cl)nc2F
CC[SiH](CC)CC.FB(F)F.Cc1c(N2C(=O)[C@@H]3[C@H](O)CCN3C2=O)ccc(C#N)c1Cl.C1CCOC1.CCOCC,Cc1c(N2C[C@@H]3[C@H](O)CCN3C2=O)ccc(C#N)c1Cl
Cl.[Na+].Fc1ccc(C(F)(F)F)c(-c2nc3c(Cl)cccc3cc2CCl)c1.[N-]=[N+]=[N-].CN(C)C=O,[N-]=[N+]=NCc1cc2cccc(Cl)c2nc1-c1cc(F)ccc1C(F)(F)F
CC(C)(C)[Si](C)(C)OCC#Cc1ccc2nc(-c3cccnc3)nc(Nc3ccc(F)c(Cl)c3)c2c1.CO.CCOC(C)=O,CC(C)(C)[Si](C)(C)OCCCc1ccc2nc(-c3cccnc3)nc(Nc3ccc(F)c(Cl)c3)c2c1
CCCC[SnH](CCCC)CCCC.CN1CC23c4ccccc4C(c4ccccc4C2(Br)C1=O)C3Br.c1ccccc1,CN1CC23CC(c4ccccc4C2C1=O)c1ccccc13
CO[C@@H]1CCN(c2c(N)cnn2C)CC[C@H]1NC(=O)OC(C)(C)C.CC(C)(C)OC(=O)Nc1sc(-c2ccccc2F)nc1C(=O)O,COC1CCN(c2c(NC(=O)c3nc(-c4ccccc4F)sc3N)cnn2C)CCC1N
O=C(OOC(=O)c1ccccc1)c1ccccc1.FC(F)(F)C=CCc1ccccc1.O=C(OO)c1ccccc1.ClC(Cl)Cl,FC(F)(F)C=CCC1=CC=CC2OC12
[Pd].CN(C[C@H]1CC[C@H](NC(=O)OCc2ccccc2)CC1)C1CCN(C(=O)OC(C)(C)C)CC1.CCO,CN(C[C@H]1CC[C@H](N)CC1)C1CCN(C(=O)OC(C)(C)C)CC1
CC[SiH](CC)CC.FB(F)F.OC1(c2ccc(Br)c(Cc3ccc4c(c3)N(Cc3ccccc3)CCO4)c2)O[C@H](COCc2ccccc2)[C@@H](OCc2ccccc2)[C@H](OCc2ccccc2)[C@H]1OCc1ccccc1.ClCCl.CC#N,Brc1ccc([C@@H]2O[C@H](COCc3ccccc3)[C@@H](OCc3ccccc3)[C@H](OCc3ccccc3)[C@H]2OCc2ccccc2)cc1Cc1ccc2c(c1)N(Cc1ccccc1)CCO2
O=S(=O)(O)O.[Na+].[OH-].O=C(Nc1nc2ncc(Cl)cc2s1)c1ccccc1,Nc1nc2ncc(Cl)cc2s1
Cl.[K+].S=C=Nc1ccc(Cl)cc1Cl.[C-]#N.CC#N,N#CN(C=S)c1ccc(Cl)cc1Cl
Cl.[K+].[OH-].CCCCCCCCCCCCOc1c(Cl)cc(C(=O)OC)cc1Cl.CO.C1CCOC1.O,CCCCCCCCCCCCOc1c(Cl)cc(C(=O)O)cc1Cl
CC(C)(C)OC(=O)NCCCNC(=O)c1ccc(Cl)c(-c2ccc(-c3ccccc3)cc2)c1.O=C(O)C(F)(F)F.ClCCl.O,NCCCNC(=O)c1ccc(Cl)c(-c2ccc(-c3ccccc3)cc2)c1
Cc1nc(N)nc2c1C(=NOCCCN(C)C)CC(c1cc(F)ccc1-c1ccccc1)C2.[H-].[Na+].Cc1nc(N)nc2c1C(=NO)CC(c1ccccc1-c1ccccc1)C2.C#CCCCCCl.O,C#CCCCCON=C1CC(c2ccccc2-c2ccccc2)Cc2nc(N)nc(C)c21
Cl.[BH4-].[Na+].CC(=O)c1ccc(N)cc1.O=Cc1c(O)ccc2c1CCCO2.CO.O,CC(=O)c1ccc(NCc2c(O)ccc3c2CCCO3)cc1
OC(c1ccccc1)c1cnc2c(C(F)(F)F)cccc2c1-c1ccccc1.CC(=O)Cl.ClCCl.CCN(CC)CC,CC(=O)OC(c1ccccc1)c1cnc2c(C(F)(F)F)cccc2c1-c1ccccc1
[Pd].Cc1ccc(C)n1-c1cc(N2CCN(C(=O)OC(C)(C)C)CC2)ccc1[N+](=O)[O-].CO,Cc1ccc(C)n1-c1cc(N2CCN(C(=O)OC(C)(C)C)CC2)ccc1N
O=C[O-].[NH4+].CC(C)Oc1ccccc1C1CN(Cc2ccccc2)CCO1,CC(C)Oc1ccccc1C1CNCCO1
O=C([O-])O.O=S([O-])([O-])=S.[Na+].Cc1nc(Br)ccc1F.O=C(OO)c1cccc(Cl)c1.ClCCl,Cc1c(F)ccc(Br)[n+]1[O-]
O=C([O-])[O-].[Na+].COC/C=C/B1OC(C)(C)C(C)(C)O1.Cc1cc(Br)cc(C(=O)NC2CC2)c1C.CCCO.CN(C)C=O.O,COC/C=C/c1cc(C)c(C)c(C(=O)NC2CC2)c1
CC(C)(C)OC(=O)NCCC(O)c1cccc(Br)c1.CCN(CC)S(F)(F)F,CC(C)(C)OC(=O)NCCC(F)c1cccc(Br)c1
CC#CCn1c(N2CCN(C(=O)OC(C)(C)C)CC2)nc2cnn(Cc3cc(C)c4nc(C)c(C)nc4c3)c(=O)c21.O=C(O)C(F)(F)F.ClCCl,CC#CCn1c(N2CCNCC2)nc2cnn(Cc3cc(C)c4nc(C)c(C)nc4c3)c(=O)c21
Cl.CC(C)(C)OC(=O)N[C@H]1COCC[C@H]1Nc1nc(-c2cc(C3CC3)ns2)c2c(c1F)CN(C(=O)OC(C)(C)C)C2=O.C1COCCO1.CCO.CO,N[C@H]1COCC[C@H]1Nc1nc(-c2cc(C3CC3)ns2)c2c(c1F)CNC2=O
C=C1CS(=O)[C@@H]2C(N3C(=O)c4ccccc4C3=O)C(=O)N2C1C(=O)OC.O=C1CCN1S(=O)Br.ClCCl,C=C(C)C(C(=O)OC)N1C(=O)C(N2C(=O)c3ccccc3C2=O)C1S(=O)Br
Cc1cnn(C[C@@H]2[C@H](NC(=O)/C(=N\OC(C)(C)C(=O)OC(C)(C)C)c3csc(NC(=O)OC(C)(C)C)n3)C(=O)N2S(=O)(=O)O)n1.O=CO,Cc1cnn(C[C@@H]2[C@H](NC(=O)/C(=N\OC(C)(C)C(=O)O)c3csc(N)n3)C(=O)N2S(=O)(=O)O)n1
c1c[nH]cn1.CC(C)(C)[Si](C)(C)Cl.C=CCOC(=O)N1C[C@@H](O)C[C@H]1C=C(C)C(C)=O.CCOC(C)=O.CN(C)C=O,C=CCOC(=O)N1C[C@@H](O[Si](C)(C)C(C)(C)C)C[C@H]1C=C(C)C(C)=O
[I-].C[n+]1ccc(-c2ccc(C(=O)OC(C)(C)C)c([N+](=O)[O-])c2)cc1.[H][H].CO,CN1CCC(c2ccc(C(=O)OC(C)(C)C)c(N)c2)CC1
O=C([O-])[O-].[K+].Cc1[nH]c2ccc(Cl)cc2c1C1=NN(Cc2ccccc2)C(=O)C(C)(C)C1.CC(C)(C)OC(=O)CBr.CCOC(C)=O.CN(C)C=O,Cc1c(C2=NN(Cc3ccccc3)C(=O)C(C)(C)C2)c2cc(Cl)ccc2n1CC(=O)O
Cl.[BH4-].[Li+].C=Cc1cc(OC(=O)N(C)C)ccc1C(O)CC(=O)OCC.O.C1CCOC1,C=Cc1cc(OC(=O)N(C)C)ccc1C(O)CCO
O=C(O)c1ccc(Br)cc1S.N#Cc1ccccn1.c1ccncc1,O=c1nc(-c2ccccn2)sc2cc(Br)ccc12
N#Cc1ccccc1F.CC(C)(C)OC(=O)N1[C@@H](c2ccc(O)cc2)CC[C@]12CCNC2=O,CC(C)(C)OC(=O)N1[C@@H](c2ccc(Oc3ccccc3C#N)cc2)CC[C@]12CCNC2=O
[Li+].[OH-].CCOC(=O)Cn1ccc2ccc(OCc3cc(-c4ccc(OC(F)(F)F)cc4)nn3C)cc21,Cn1nc(-c2ccc(OC(F)(F)F)cc2)cc1COc1ccc2ccn(CC(=O)O)c2c1
COc1cc(NC(N)=S)ccc1-n1cnc(C)c1.CCCC1(c2cccc(OC)c2)CCCC(Br)C1=O.CCO,CCCC1(c2cccc(OC)c2)CCCc2sc(Nc3ccc(-n4cnc(C)c4)c(OC)c3)nc21
O=C[O-].[NH4+].O=S(=O)(Nc1cccc(-c2nc(N3CCOCC3)sc2-c2ccnc(Cl)n2)c1Cl)c1ccoc1,O=S(=O)(Nc1cccc(-c2nc(N3CCOCC3)sc2-c2ccncn2)c1Cl)c1ccoc1
BrB(Br)Br.COc1cc(C)c2c(c1C)CCC2.ClCCl,Cc1cc(O)c(C)c2c1CCC2
O=Cc1cc2cn[nH]c2cc1F.N#CC=C(N)C(F)F.C1CCOC1.CC(=O)O,N#CC1=C(C(F)F)NC(C(F)F)=C(C#N)C1c1cc2cn[nH]c2cc1F
[Cl-].O=Cc1c[nH]c(-c2ccccc2)n1.Cc1ncc(C)n2nc(C[P+](c3ccccc3)(c3ccccc3)c3ccccc3)nc12.C1CCOC1.C1CCC2=NCCCN2CC1,Cc1ncc(C)n2nc(CCc3c[nH]c(-c4ccccc4)n3)nc12
c1ccc([P](c2ccccc2)(c2ccccc2)[Pd]([P](c2ccccc2)(c2ccccc2)c2ccccc2)([P](c2ccccc2)(c2ccccc2)c2ccccc2)[P](c2ccccc2)(c2ccccc2)c2ccccc2)cc1.O=C([O-])[O-].[K+].OB(O)c1ccc2[nH]ncc2c1.CC(C)OP(=O)(OC(C)C)C(F)(Cc1cncc(Br)c1)P(=O)(OC(C)C)OC(C)C.COCCOC,CC(C)OP(=O)(OC(C)C)C(F)(Cc1cncc(-c2ccc3[nH]ncc3c2)c1)P(=O)(OC(C)C)OC(C)C
CC(C)(C)ON=O.O=C([O-])[O-].[K+].Cc1cc(N)cnc1Cl.OCC(F)(F)F.O=C(O)C(F)(F)F,Cc1cc(OCC(F)(F)F)cnc1Cl
CN(C)[P+](On1nnc2ccccc21)(N(C)C)N(C)C.F[P-](F)(F)(F)(F)F.O=C(O)C(O)c1ccc(-c2noc(-c3onc(-c4ccccc4)c3C(F)(F)F)n2)cc1.NCc1ncn[nH]1.CN1CCOCC1.CN(C)C=O,O=C(NCc1ncn[nH]1)C(O)c1ccc(-c2noc(-c3onc(-c4ccccc4)c3C(F)(F)F)n2)cc1
[Pt].[H][H].CC(C)(C[N+](=O)[O-])CC1(C)OCCO1.CCO,CC(C)(CN)CC1(C)OCCO1
CS(=O)(=O)Nc1ccc(NC(=O)CN2CCC(Cc3ccccc3)CC2)cc1.Cc1ccc(N(C)C2CCNCC2)cc1.CCOCC,Cc1ccc(N(C)C2CCN(CC(=O)Nc3ccc(NS(C)(=O)=O)cc3)CC2)cc1
O=S(=O)(O)O.[K+].[OH-].CCOC(=O)C(CCCCCCOC(C)C)C(C)=O.CO.O,CC(=O)CCCCCCCOC(C)C
Br.COC(=O)CN1CCC(c2cccc(OC)c2)CC1,O=C(O)CN1CCC(c2cccc(O)c2)CC1
Cl.CCOc1cc(C(CC(=O)O)N2C(=O)c3ccccc3C2=O)ccc1OC.NOCc1ccccc1.C1CCOC1,CCOc1cc(C(CC(=O)NOCc2ccccc2)N2C(=O)c3ccccc3C2=O)ccc1OC
COC(=O)/C=C/c1ccc(C(OC)OC)cc1.Nc1c(N)n(CC2CCCCC2)c(=O)n(CC2CCCCC2)c1=O.CC(=O)O,COC(=O)/C=C/c1ccc(-c2nc3c(=O)n(CC4CCCCC4)c(=O)n(CC4CCCCC4)c3[nH]2)cc1
Cl.[BH4-].[Na+].CC(C)C(=O)C(C)c1ccccc1[N+](=O)[O-].CO,CC(C)C(O)C(C)c1ccccc1[N+](=O)[O-]
c1c[nH]cn1.N#C[C@H]1C[C@@H](O)C1.CC(C)(C)[Si](C)(C)Cl.CN(C)C=O,CC(C)(C)[Si](C)(C)O[C@H]1C[C@@H](C#N)C1
[K+].O=C([O-])[O-].Oc1cc(Br)cc(-c2ccc3nonc3c2)c1.O.CN(C)C=O.CI,COc1cc(Br)cc(-c2ccc3nonc3c2)c1
Nc1ncc(Br)nc1Br.NCc1cccc([N+](=O)[O-])c1.CCO.CCN(C(C)C)C(C)C,Nc1ncc(Br)nc1NCc1cccc([N+](=O)[O-])c1
Cl.CS(=O)(=O)CCN1CCNCC1.CCOc1cc(C(C)(C)C)c(OCC)cc1C1=N[C@@H](c2ccc(Cl)cc2)[C@@H](c2ccc(Cl)cc2)N1C(=O)Cl,CCOc1cc(C(C)(C)C)c(OCC)cc1C1=N[C@@H](c2ccc(Cl)cc2)[C@@H](c2ccc(Cl)cc2)N1C(=O)N1CCN(CCS(C)(=O)=O)CC1
Cl.[H-].[Na+].BrCc1ccccc1.CC(C)(C)N(NC(=O)c1ccccc1)C(=O)c1ccccc1.O.CN(C)C=O,CC(C)(C)N(C(=O)c1ccccc1)N(Cc1ccccc1)C(=O)c1ccccc1
O=C1CCC(=O)N1Br.COC(=O)Nc1cccc(F)c1I.CC#N,COC(=O)Nc1ccc(Br)c(F)c1I
CC1CCN(C(=O)Oc2n[nH]c3cc(N)ccc23)CC1.O=C(Cl)N1CCC(C(F)(F)F)CC1,CC1CCN(C(=O)Oc2nn(C(=O)N3CCC(C(F)(F)F)CC3)c3cc(N)ccc23)CC1
O=C([O-])[O-].[Cs+].COC(=O)CBr.C[C@H]1Oc2ccc(F)cc2NC(=O)[C@H]1NC(=O)OC(C)(C)C.CN(C)C=O,COC(=O)CN1C(=O)[C@@H](NC(=O)OC(C)(C)C)[C@@H](C)Oc2ccc(F)cc21
CC(C)[C@H](C(=O)O)N1Cc2cc(-c3ccc(NC(=O)Nc4cccc(C(F)(F)F)c4)cc3)ccc2C1=O.COC(=O)[C@H](Cc1ccccc1)N1Cc2cc(-c3ccc(NC(=O)Nc4cccc(C(F)(F)F)c4)cc3)ccc2C1=O,O=C(Nc1ccc(-c2ccc3c(c2)CN([C@@H](Cc2ccccc2)C(=O)O)C3=O)cc1)Nc1cccc(C(F)(F)F)c1
CC1(C(N)C#N)COC1.O=C(O)c1cc(OCC(F)(F)F)c(C2CC2)cn1,CC1(C(C#N)NC(=O)c2cc(OCC(F)(F)F)c(C3CC3)cn2)COC1
c1ccc([P](c2ccccc2)(c2ccccc2)[Pd]([P](c2ccccc2)(c2ccccc2)c2ccccc2)([P](c2ccccc2)(c2ccccc2)c2ccccc2)[P](c2ccccc2)(c2ccccc2)c2ccccc2)cc1.CS(=O)(=O)c1ccc([C@@H](CC2CCCC2)C(=O)Nc2cnc(Br)cn2)cc1Cl.CN(C)C=O.CC(O)S.O,CS(=O)(=O)c1ccc([C@@H](CC2CCCC2)C(=O)Nc2cnc(SCCO)cn2)cc1Cl
Cl.CC(=O)Nc1ccc(-c2noc(=O)[nH]2)cc1OC(F)(F)F.CO.C1COCCO1,Nc1ccc(-c2noc(=O)[nH]2)cc1OC(F)(F)F
C#Cc1ccc(-c2ccc(Cl)cc2)cn1.Cc1cc(I)ccc1NCCN1CCC(C)CC1,Cc1cc(C#Cc2ccc(-c3ccc(Cl)cc3)cn2)ccc1NCCN1CCC(C)CC1
O=C(O)c1c[nH]c2c(=O)[nH]c3ccccc3c12.NCC1CCCCC1,O=C(NCC1CCCCC1)c1c[nH]c2c(=O)[nH]c3ccccc3c12
[Cl-].[NH4+].[Na+].Cn1cc(-c2cc(N)ccc2Oc2ccc(C#N)cc2)c2cc[nH]c2c1=O.CCS(=O)(=O)Cl.[OH-].CCN(CC)CC.C1COCCO1.ClCCl,CCS(=O)(=O)Nc1ccc(Oc2ccc(C(N)=O)cc2)c(-c2cn(C)c(=O)c3[nH]ccc23)c1
CC(C)N.CNC(=O)CCC(=O)c1ccc(OCC2CO2)cc1.CO,CNC(=O)CCC(=O)c1ccc(OCC(O)CNC(C)C)cc1
ClP(Cl)(Cl)(Cl)Cl.Clc1ccco1.O=S(=O)(O)Cl,O=S(=O)(Cl)c1ccc(Cl)o1
O=C([O-])[O-].[K+].CC(C)(C)OC(=O)N(CCc1ccc(-c2ccc3c(c2)OC(C)(C)OC3=O)cc1)C[C@H](OC1CCCCO1)c1ccccc1.CO,COC(=O)c1ccc(-c2ccc(CCN(C[C@H](OC3CCCCO3)c3ccccc3)C(=O)OC(C)(C)C)cc2)cc1O
Clc1cccc(-c2nc(Cl)c3c(n2)CCCC3)c1.Nc1ccc(CCO)cc1,OCCc1ccc(Nc2nc(-c3cccc(Cl)c3)nc3c2CCCC3)cc1
Clc1nc(Cl)nc(Cl)n1.NC(=O)c1c(F)cc(Br)cc1F.CN(C)C=O.O,N#Cc1c(F)cc(Br)cc1F
[Pd].[N].O=c1c2cc(Cl)cc(Br)c2ncn1CCCN1CC=C(c2c[nH]c3ccccc23)CC1.[H][H].CCO,O=c1c2cc(Cl)ccc2ncn1CCCN1CC=C(c2c[nH]c3ccccc23)CC1
[Na+].[OH-].CCOC(=O)c1ccc(C#Cc2ccc(C3(OCC)CC3)c(C(C)(C)C)c2)cc1.C1CCOC1.CCO,CCOC1(c2ccc(C#Cc3ccc(C(=O)O)cc3)cc2C(C)(C)C)CC1
C(=NC1CCCCC1)=NC1CCCCC1.CCOC(=O)CNCc1ccccc1.CC(C)(C)OC(=O)N[C@@H](COCc1ccccc1)C(=O)O.ClCCl,O=C1CN(Cc2ccccc2)C(=O)[C@H](COCc2ccccc2)N1
NN.Nc1cc[nH]n1.CC(C)[Si](C(C)C)(C(C)C)n1ccc2cc(C(=O)CC#N)ccc21.O.CCO,Nc1cc(-c2ccc3[nH]ccc3c2)n[nH]1
CC(C)(C)OC(=O)NC(=N)c1ccc(OCCCN2CCN(C(CC(=O)OC(c3ccccc3)c3ccccc3)c3cccnc3)C(=O)C2=O)cc1.O=C(O)C(F)(F)F.COc1ccccc1,N=C(N)c1ccc(OCCCN2CCN(C(CC(=O)O)c3cccnc3)C(=O)C2=O)cc1
[BH4-].[Na+].CC[C@@H]1COc2c(ccc3nc(OC(C)C)cc(C(F)(F)F)c23)N1.O=C(O)C(F)(F)Cl,CC[C@@H]1COc2c(ccc3nc(OC(C)C)cc(C(F)(F)F)c23)N1CC(F)(F)Cl
Cl.O=C1OCCC1Br.O=C(O)c1cc([N+](=O)[O-])ccc1S.CCN(CC)CC.CC(=O)OC(C)=O.O,O=C1OCCC12Sc1ccc([N+](=O)[O-])cc1C2=O
Nc1nsnc1-c1c(Cl)cccc1Cl.CC(C)C(=O)Cl.CCN(CC)CC.O.CN(C)C=O,CC(C)C(=O)Nc1nsnc1-c1c(Cl)cccc1Cl
C[C@H](O)CN.Cc1nc(Cl)ccc1C(=O)Nc1ccc(Cl)c(-c2ccccn2)c1.CCCCO,Cc1nc(NC[C@H](C)O)ccc1C(=O)Nc1ccc(Cl)c(-c2ccccn2)c1
O=[Cu-].[K+].[OH-].COc1ccc(S)cc1.CC(=O)c1c(C)cc(I)cc1C.CN(C)C=O.O,COc1ccc(Sc2cc(C)c(C(C)=O)c(C)c2)cc1
BrP(Br)Br.OCc1sc(Cl)nc1Cl.ClCCl,Clc1nc(Cl)c(CBr)s1
CC(=O)O[BH-](OC(C)=O)OC(C)=O.Cc1ccc(S(=O)(=O)O)cc1.[Na+].O=Cc1ccc(CBr)cc1.CC(C)C[C@H](N)C(=O)OC1CCCC1.CCOC(C)=O.CC(Cl)Cl,CC(C)C[C@H](NCc1ccc(CBr)cc1)C(=O)OC1CCCC1
Cl.C=CCOC(=O)[C@@H]1C[C@@H](N(OCc2ccccc2)C(=O)OC(Cl)(Cl)Cl)CN1C(=O)OC(C)(C)C.CCN(CC)CC,C=CCOC(=O)[C@@H]1C[C@@H]2CN1C(=O)N2OCc1ccccc1
[Mn+4].[O-2].OCc1ccc(OCC(F)(F)C(F)F)nc1,O=Cc1ccc(OCC(F)(F)C(F)F)nc1
O=C(O)c1ccc(N2CCCC2)cc1.Cc1ccc(N2CCNCC2)c(C)c1,Cc1ccc(N2CCN(C(=O)c3ccc(N4CCCC4)cc3)CC2)c(C)c1
O=C([O-])[O-].[Cs+].COC(=O)C(C)(C)Cc1c(SC(C)(C)C)c2cc(O)ccc2n1Cc1ccc(Cl)cc1.Fc1ccc2nc(CBr)ccc2c1.CC#N,COC(=O)C(C)(C)Cc1c(SC(C)(C)C)c2cc(OCc3ccc4cc(F)ccc4n3)ccc2n1Cc1ccc(Cl)cc1
O=C([O-])[O-].[K+].O=C(c1ccc(F)cc1)c1cc(Cl)ccc1Cl.c1c[nH]cn1.C1CCOC1.Cc1ccccc1.O,O=C(c1ccc(-n2ccnc2)cc1)c1cc(Cl)ccc1Cl
COCCCN.CC(C)C[C@H](NC(=O)OC(C)(C)C)C(=O)O.O,CC(C)C[C@H](NC(=O)OC(C)(C)C)C(=O)COCCCN
CC(C)[C@H](C(=O)O)N1Cc2cc(-c3ccc(NC(=O)Nc4cccc(C(F)(F)F)c4)cc3)ccc2C1=O.CCOC(=O)CCN1Cc2cc(-c3ccc(NC(=O)Nc4cccc(C(F)(F)F)c4)cc3)ccc2C1=O,O=C(O)CCN1Cc2cc(-c3ccc(NC(=O)Nc4cccc(C(F)(F)F)c4)cc3)ccc2C1=O
O=C(N=C=S)c1ccccc1.COc1cncc(N)n1.CCO,COc1cncc(NC(N)=S)n1
O=C(Cl)c1ccc(OCC2CC2)cc1.Nc1cnc(Cl)cc1Cl.c1ccncc1.C1CCOC1.CCOC(C)=O,O=C(Nc1cnc(Cl)cc1Cl)c1ccc(OCC2CC2)cc1
O=C(Cl)C(c1ccccc1)c1ccccc1.COc1ccc(CON=C2C[C@@H](C(=O)O)N(C(=O)OC(C)(C)C)C2)cc1.NCc1ccccc1,COc1ccc(CON=C2C[C@@H](C(=O)NCc3ccccc3)N(C(=O)C(c3ccccc3)c3ccccc3)C2)cc1
B1C2CCCC1CCC2.O=P([O-])([O-])[O-].[K+].C[C@@H](OC[C@H]1CO1)c1ccccc1Br.C=CCCCC(=O)OC.C1CCOC1.ClCCl.O,COC(=O)CCCCCc1ccccc1[C@@H](C)OC[C@H]1CO1
Cl.[Na+].[OH-].CCOC(=O)COc1ccc(Oc2cc(C#CCN3CCOCC3)cc(OCC(C)C)c2)cc1C.CCO,Cc1cc(Oc2cc(C#CCN3CCOCC3)cc(OCC(C)C)c2)ccc1OCC(=O)O
N#CC1(c2cc(C(F)(F)F)cc(C(F)(F)F)c2)CCCC1.O=CC1(c2ccc(C(F)(F)F)cc2)CCCC1,O=CC1(c2cc(C(F)(F)F)cc(C(F)(F)F)c2)CCCC1
Cl.[Al+3].[Cl-].CCOC(CCCl)OCCc1ccccc1.C[N+](=O)[O-],ClCCC1OCCc2ccccc21
Cc1ccc(S(=O)(=O)O)cc1.Nc1ccccc1.CCCCCCCC(=O)CC(=O)OCC.Cc1ccccc1,CCCCCCCC(=CC(=O)OCC)Nc1ccccc1
CN(C)C(On1nnc2ccccc21)=[N+](C)C.F[B-](F)(F)F.CCOC(CNCC(=O)OC)OCC.Cc1c(Cc2ccc(F)c(C(=O)O)c2)n[nH]c(=O)c1C.CCN(C(C)C)C(C)C.CN(C)C=O.CCOC(C)=O,CCOC(CN(CC(=O)OC)C(=O)c1cc(Cc2n[nH]c(=O)c(C)c2C)ccc1F)OCC
c1c[nH]cn1.Cc1cc(Cl)c(O)c(Cl)c1.O=C1OCCO1,Cc1cc(Cl)c(OCCO)c(Cl)c1
[Na+].[OH-].C=CCOc1ccc2sc(=O)oc2c1.C1CCOC1,C=CCOc1ccc(S)c(O)c1
O=C([O-])[O-].[Na+].COc1c([N+](=O)[O-])cc(Br)cc1C(C)(C)C.COc1ncccc1B(O)O.ClCCl.CO,COc1ncccc1-c1cc([N+](=O)[O-])c(OC)c(C(C)(C)C)c1
CC(C)(C)[O-].Cl.[K+].CCOC(=O)C(=O)[O-].CCCCNS(=O)(=O)Cc1ccc(Cl)cc1.C1CCOC1,CCCCN1C(=O)C(O)=C(c2ccc(Cl)cc2)S1(=O)=O
[Na+].[OH-].CCCCc1nc2ccc(C(=O)O)cc2[nH]1.Nc1ccccc1O.CN1CCCC1=O.O=S(Cl)Cl,CCCCc1nc2ccc(-c3nc4ccccc4o3)cc2[nH]1
Cl.O=C(n1ccnc1)n1ccnc1.O=C(O)c1ccccc1.CCOP(=O)(OCC)c1cc2cc(S(N)(=O)=O)c(Cl)cc2[nH]c1=O.C1CCOC1.C1CCC2=NCCCN2CC1,CCOP(=O)(OCC)c1cc2cc(S(=O)(=O)NC(=O)c3ccccc3)c(Cl)cc2[nH]c1=O
O=C([O-])[O-].[Cs+].C=CS(C)(=O)=O.O=c1[nH]cc(Br)cc1N1CCOCC1,CS(=O)(=O)CCn1cc(Br)cc(N2CCOCC2)c1=O
COc1ccc(CCNC(=O)C2(c3ccc(Cl)cc3Cl)CC2)cc1F.ClC(Cl)Cl,COc1cc2c(cc1F)CCN=C2C1(c2ccc(Cl)cc2Cl)CC1
O=S([O-])([O-])=S.[Na+].O=C(OO)c1cccc(Cl)c1.Cc1ccc(-c2cccc(/C=C/C(=O)Nc3ccc(Cc4ccccn4)cc3)c2)cc1.C1CCOC1,Cc1ccc(-c2cccc(/C=C/C(=O)Nc3ccc(Cc4cccc[n+]4[O-])cc3)c2)cc1
CCCC[N+](CCCC)(CCCC)CCCC.[OH-].COC(=O)C1=Cc2cc(OC)ccc2-c2c(C3CCCCC3)c3ccc(C(=O)OC)cc3n2C1.C1CCOC1,COC(=O)c1ccc2cc3n(c2c1)CC=Cc1ccccc1-3
Nc1cc(F)ccc1C(=O)O.N=CN.CC(=O)O.OCCCO,O=c1[nH]cnc2cc(F)ccc12
[Al+3].[H-].[Li+].CCOC(=O)C1(COC)CCN(Cc2ccccc2)C1.C1CCOC1,COCC1(CO)CCN(Cc2ccccc2)C1
CCN=C=NCCCN(C)C.Cl.On1nnc2ccccc21.Cc1c2ccc(-c3cc(C4CCCNC4)n4ncnc(N)c34)cc2nn1Cc1ccccc1.CN(C)CC(=O)O.CCN(C(C)C)C(C)C.CN(C)C=O,Cc1c2ccc(-c3cc(C4CCCN(C(=O)CN(C)C)C4)n4ncnc(N)c34)cc2nn1Cc1ccccc1
O=C(Cl)C(=O)Cl.O=C(O)C1COCC(=O)N1Cc1ccccc1,O=C(Cl)C1COCC(=O)N1Cc1ccccc1
c1ccc(P(c2ccccc2)c2ccccc2)cc1.CC(C)(C)OC(=O)N1CCN(c2ccc(Nc3ncc(C(F)(F)F)c(Cl)n3)cc2)CC1.C#Cc1cccc(C(=O)OC)c1.CN(C)C=O.CCN(CC)CC,COC(=O)c1cccc(C#Cc2nc(Nc3ccc(N4CCN(C(=O)OC(C)(C)C)CC4)cc3)ncc2C(F)(F)F)c1
Cl.CCCCC1(N(C)C)CCC(C(Cc2ccccc2)OC(C)OCC)CC1.C1CCOC1.ClCCl,CCCCC1(N(C)C)CCC(C(O)Cc2ccccc2)CC1
O=C([O-])[O-].[Na+].C1COCCO1.CC(C)(C)[Si](C)(C)OCCCn1c(Nc2nn(COCC[Si](C)(C)C)c3ccc(Br)cc23)nc2ccccc21.ClCCl.O,COc1ccncc1-c1ccc2c(c1)c(Nc1nc3ccccc3n1CCCO[Si](C)(C)C(C)(C)C)nn2COCC[Si](C)(C)C
COC(=O)CCCC(N)c1c(OC)ccc2ccccc12.Cc1cnc(-c2cccc(C=O)c2)s1,COc1ccc2ccccc2c1C1CCCC(=O)N1Cc1cccc(-c2ncc(C)s2)c1
CC(=O)OI1(OC(C)=O)(OC(C)=O)OC(=O)c2ccccc21.CCCN(C)C(=O)c1cc(C(=O)OCC)cc(C(O)C(F)(F)F)c1.ClCCl,CCCN(C)C(=O)c1cc(C(=O)OCC)cc(C(=O)C(F)(F)F)c1
O=C(OOC(=O)c1ccccc1)c1ccccc1.O=C1OCc2c1cccc2[N+](=O)[O-].O=C1CCC(=O)N1Br.O.FC(F)(F)c1ccccc1,O=C1OC(Br)c2c1cccc2[N+](=O)[O-]
O=C([O-])[O-].[Ca+2].Nc1ccc(OCc2ccccc2)cc1.S=C(Cl)Cl.O.ClCCl,S=C=Nc1ccc(OCc2ccccc2)cc1
C[P+](C)(C)CC#N.Cl.[I-].CCNC(=O)c1ccc(N2CCNCC2)c(Cl)c1.O=C1Nc2cc(CO)cnc2N2CCCC[C@@H]12.CCC#N.CCN(C(C)C)C(C)C.CS(C)=O,CCNC(=O)c1ccc(N2CCN(Cc3cnc4c(c3)NC(=O)[C@@H]3CCCCN43)CC2)c(Cl)c1
O=C([O-])[O-].[K+].C=C(C)Cn1c(=O)n(C)c(=O)c2c[nH]nc21.ClCc1cccc2ccccc12.CC(C)=O,C=C(C)Cn1c(=O)n(C)c(=O)c2cn(Cc3cccc4ccccc34)nc21
O=C([O-])O.[Na+].CN1CCNCC1.Cc1c2c(n(C)c1C)C(=O)Nc1ccccc1N2C(=O)CCl.C1COCCO1,Cc1c2c(n(C)c1C)C(=O)Nc1ccccc1N2C(=O)CN1CCN(C)CC1
Cl.CC(C)(C)OC(=O)NC(C)(C)C(=O)Nc1nc(-c2ccccc2)c(Cc2ccccc2)s1.CCOC(C)=O,CC(C)(N)C(=O)Nc1nc(-c2ccccc2)c(Cc2ccccc2)s1
[Fe].COc1ccc(S(=O)(=O)C2(CCCC#Cc3cccc([N+](=O)[O-])c3)SC(=O)NC2=O)cc1.CC(=O)O,COc1ccc(S(=O)(=O)C2(CCCC#Cc3cccc(N)c3)SC(=O)NC2=O)cc1
COc1cc2ncnc(Cl)c2cc1OC.Cc1ccc(Br)c2c1NCC2.CN(C)C=O,COc1cc2ncnc(N3CCc4c(Br)ccc(C)c43)c2cc1OC
[Pd].O=C(O)c1ccc(F)c(-c2c(F)cc(C3=CCS(=O)(=O)CC3)cc2F)n1.CCO,O=C(O)c1ccc(F)c(-c2c(F)cc(C3CCS(=O)(=O)CC3)cc2F)n1
Cl.O=C([O-])[O-].[K+].N#CCS(=O)(=O)CCC(F)(F)F.C#CCCCCCOS(=O)(=O)c1ccc(C)cc1.CS(C)=O,C#CCCCCCC(C#N)S(=O)(=O)CCC(F)(F)F
[Li+].[OH-].COC(=O)c1ccc2c(O)c(C(=O)NCC(=O)OCc3ccccc3)c(=O)n(C)c2c1.O.C1COCCO1,Cn1c(=O)c(C(=O)NCC(=O)O)c(O)c2ccc(C(=O)O)cc21
O=S(=O)(O)O.O=S(=O)=O.Fc1ccc2ccc(Cl)nc2c1Br.O=[N+]([O-])O,O=[N+]([O-])c1cc(F)c(Br)c2nc(Cl)ccc12
CN(C)C(On1nnc2ccccc21)=[N+](C)C.F[P-](F)(F)(F)(F)F.NCc1ccccc1.COCCCOc1cc(C[C@@H](C[C@H](NC(=O)OC(C)(C)C)[C@H](C[C@H](C(=O)O)C(C)C)O[Si](C)(C)C(C)(C)C)C(C)C)ccc1OC.CCOC(C)=O.CC#N.CN(C)C=O,COCCCOc1cc(C[C@@H](C[C@H](NC(=O)OC(C)(C)C)[C@H](C[C@H](C(=O)NCc2ccccc2)C(C)C)O[Si](C)(C)C(C)(C)C)C(C)C)ccc1OC
[H-].[Na+].Cn1cc(C(N)=O)c(NC(=O)CCc2cccc(F)c2F)n1.CCOC(=O)CI.CN(C)C=O,CCOC(=O)CN(C(=O)CCc1cccc(F)c1F)c1nn(C)cc1C(N)=O
Cc1ccc(S(=O)(=O)O)cc1.CN(C(=O)c1ccccc1)c1ccc(Br)cc1N.Cc1ccccc1C,Cn1c(-c2ccccc2)nc2cc(Br)ccc21
CC(C)(C)OC(=O)N1CC[C@H]2[C@@H](C1)c1cc(N)cc3c1N2CCOC3.N#Cc1ccccc1C=O,N#Cc1ccccc1CNc1cc2c3c(c1)[C@@H]1CNCC[C@@H]1N3CCOC2
CCc1cc2c(s1)-n1nc(C(N)=O)nc1C[N+]([O-])=C2c1ccccc1Cl.CC(=O)OC(C)=O,CCc1cc2c(s1)-n1nc(C(N)=O)nc1C(OC(C)=O)N=C2c1ccccc1Cl
O=C(Cl)c1cc(Cl)cnc1Cl.Nc1ccc(Oc2ccnc3[nH]c(=O)c4ccccc4c23)cc1F,O=C(Nc1ccc(Oc2ccnc3[nH]c(=O)c4ccccc4c23)cc1F)c1cc(Cl)cnc1Cl
COC(=O)[C@@H](C)Oc1cccc2ncnc(Nc3ccc4c(cnn4Cc4cccc(F)c4)c3)c12.N,C[C@@H](Oc1cccc2ncnc(Nc3ccc4c(cnn4Cc4cccc(F)c4)c3)c12)C(N)=O
COc1cc(N2CCOCC2)ccc1Nc1nc(Cl)ncc1Cl.COCCN1C(=O)CCC(C)(C)c2ccc(N)cc21,COCCN1C(=O)CCC(C)(C)c2ccc(Nc3ncc(Cl)c(Nc4ccc(N5CCOCC5)cc4OC)n3)cc21
O=C(OCC(F)(F)F)c1cc(OCC(F)(F)F)ccc1OCC(F)(F)F.CCN1CCCC1CN,CCN1CCCC1CNC(=O)c1cc(OCC(F)(F)F)ccc1OCC(F)(F)F
O=C(OC(Cl)(Cl)Cl)OC(Cl)(Cl)Cl.O=C([O-])O.[Na+].Nc1cc(N2CCNCC2)c2ccc(Cl)cc2n1.CC(C)(C)OC(=O)N[C@@H]1CCCCN(C=O)C1=O.O=C(O)C(F)(F)F,Nc1cc(N2CCN(C(=O)N[C@H]3CCCCN(C=O)C3=O)CC2)c2ccc(Cl)cc2n1
CCN=C=NCCCN(C)C.NC1CC1.CCCNC(=O)c1ccc(-n2nnc(C(=O)O)c2CCC)cc1.On1nnc2ccccc21.CN(C)C=O.CC#N,CCCNC(=O)c1ccc(-n2nnc(C(=O)NC3CC3)c2CCC)cc1
[H-].[Na+].CC(C)(C)OC(=O)NC1CCN(CCO)CC1.COc1ccc2ncc(Cl)nc2c1.CN(C)C=O,COc1ccc2ncc(OCCN3CCC(NC(=O)OC(C)(C)C)CC3)nc2c1
[K+].CC(C)(C)OC(=O)N1CC[C@H](OS(C)(=O)=O)C[C@@H]1c1ccc(F)c(F)c1.[C-]#N.CN(C)C=O.CCOC(C)=O,CC(C)(C)OC(=O)N1CC[C@@H](C#N)C[C@@H]1c1ccc(F)c(F)c1
COC(OC)c1nc2c(cc1N1CCOCC1=O)CCCN2.O=C(n1cncn1)n1cncn1.COCCNc1cc(N)ncc1C#N.CN(C)C=O,COCCNc1cc(NC(=O)N2CCCc3cc(N4CCOCC4=O)c(C(OC)OC)nc32)ncc1C#N
C(=NC1CCCCC1)=NC1CCCCC1.Oc1c(Cl)c(Cl)c(Cl)c(Cl)c1Cl.CSCC[C@H](NC(=O)OC(C)(C)C)C(=O)NCC(=O)O.CN(C)C=O,CSCC[C@H](NC(=O)OC(C)(C)C)C(=O)NCC(=O)Oc1c(Cl)c(Cl)c(Cl)c(Cl)c1Cl
[Na+].[OH-].O=C(O)CS.Cc1cc2c(cc1CCl)OCO2.CCO,Cc1cc2c(cc1CSCC(=O)O)OCO2
[Na+].[OH-].CCOC(=O)[C@@H]1C[C@H]1c1ccc(OCc2ccccc2)cc1.CO,O=C(O)[C@@H]1C[C@H]1c1ccc(OCc2ccccc2)cc1
[Na+].[OH-].COC(=O)Cc1ccc(Nc2nc3cc(F)ccc3s2)c(Cl)c1.C1CCOC1,O=C(O)Cc1ccc(Nc2nc3cc(F)ccc3s2)c(Cl)c1
[O-][I+3]([O-])([O-])O.COc1ccc(N)cc1.c1ccc2c(c1)Nc1ccccc1S2.O.CO,COc1ccc(NC2C=CC3=Nc4ccccc4SC3=C2)cc1
[Pd].[H][H].COC(=O)[C@H](Cc1ccccc1)NC(=O)[C@H](CC(=O)O)NC(=O)[C@H]1CCCN1C(=O)OCc1ccccc1.CC(=O)O,COC(=O)[C@H](Cc1ccccc1)NC(=O)[C@H](CC(=O)O)NC(=O)[C@H]1CCCN1
BrP(Br)Br.COc1cccc(OC)c1.c1ccncc1,COc1ccc(P(Br)Br)c(OC)c1
C[C@H](N)CO.CCOC(=O)c1c(O)c2ncc(Cc3ccc(F)cc3)cc2n(CCN(C)C(C)=O)c1=O,CC(=O)N(C)CCn1c(=O)c(C(=O)N[C@@H](C)CO)c(O)c2ncc(Cc3ccc(F)cc3)cc21
[Pd].CCOC(=O)c1sc(-n2ccc(OCc3ccccc3)cc2=O)nc1C.C1CCOC1,CCOC(=O)c1sc(-n2ccc(O)cc2=O)nc1C
[Al+3].[H-].[Li+].CC(N=[N+]=[N-])c1ccccc1[Sn](C1CCCCC1)(C1CCCCC1)C1CCCCC1.CCOCC,CC(N)c1ccccc1[Sn](C1CCCCC1)(C1CCCCC1)C1CCCCC1
CC(C)(C#N)N=NC(C)(C)C#N.O=C1CCC(=O)N1Br.Cc1cc([N+](=O)[O-])ccc1C(F)(F)C(F)(F)F.ClC(Cl)(Cl)Cl.ClCCl,O=[N+]([O-])c1ccc(C(F)(F)C(F)(F)F)c(CBr)c1
O=C1CCC(=O)N1Br.CCOP(=O)(OCC)c1cccc(Cn2cnc3c(N)nc(OCCOC)nc32)c1.CCOC(C)=O.CC#N,CCOP(=O)(OCC)c1cccc(Cn2c(Br)nc3c(N)nc(OCCOC)nc32)c1
O=[Mn]=O.CCSc1ncc(CO)c(N)n1.ClC(Cl)Cl,CCSc1ncc(C=O)c(N)n1
C1CO1.CN(C)CCCN,CN(C)CCCNCCO
[NH4+].[OH-].CS(=O)(=O)c1ncc2c(n1)CN(c1ccnc(C(=O)Nc3cccc(C(F)(F)F)c3)c1)C2.CS(=O)c1ncc2c(n1)CN(c1ccnc(C(=O)Nc3cccc(C(F)(F)F)c3)c1)C2.C1COCCO1,Nc1ncc2c(n1)CN(c1ccnc(C(=O)Nc3cccc(C(F)(F)F)c3)c1)C2
[Li]CCCC.O=CCc1ccccc1.Fc1ccc(-c2nn(C3CCCCO3)c3ccc(Br)cc23)cc1.C1CCOC1.CCCCCC,OC(Cc1ccccc1)c1ccc2c(c1)c(-c1ccc(F)cc1)nn2C1CCCO1
Cl.CC(C)(C)OC(=O)N1CCN(CCOCC(N)=O)CC1.CCOC(C)=O.O,NC(=O)COCCN1CCNCC1
CC1(C)C(=O)NC(=O)N1CCN.Cc1ccc(S(=O)(=O)c2ccc(-c3ccnc(Cl)n3)s2)cc1.Cc1ccccc1.CCN(CC)CC,Cc1ccc(S(=O)(=O)c2ccc(-c3ccnc(NCCN4C(=O)NC(=O)C4(C)C)n3)s2)cc1
[K+].[OH-].CCCc1cc2cccnc2n1S(=O)(=O)c1ccccc1.CO,CCCc1cc2cccnc2[nH]1
O=C(OC1C2CC3CC(C2)CC1C3)N1CCC2(CC1)CNCc1ccccc12.N#Cc1ccc(Cl)nc1.CCOCC.CN(C)C=O.CCN(C(C)C)C(C)C,N#Cc1ccc(N2Cc3ccccc3C3(CCN(C(=O)OC4C5CC6CC(C5)CC4C6)CC3)C2)nc1
Cc1ccc(S(=O)(=O)OC2CCC(O)C2)cc1.Cc1cc(O)cc(C)c1Br,Cc1cc(OC2CCC(O)C2)cc(C)c1Br
[H-].[Na+].C#CCBr.Oc1cccnc1Br.C1CCOC1,C#CCOc1cccnc1Br
COC(=O)c1sc(N2CCOCC2)c(C#N)c1C.BrBr.ClCCl,COC(=O)c1sc(N2CCOCC2)c(C#N)c1CBr
[H-].[Na+].O=Cc1ccccc1O.COCCCl.CN(C)C=O,COCCOc1ccccc1C=O
COc1ccc(CNC(C)(CN)C(F)(F)F)cc1.COc1nc(C(=O)O)c(N)cc1C(F)(F)F.CCN(C(C)C)C(C)C,COc1ccc(CNC(C)(CNC(=O)c2nc(OC)c(C(F)(F)F)cc2N)C(F)(F)F)cc1
O=[Mn]=O.C1COCCO1.Cc1ccc(S(=O)(=O)Nc2cc(Cl)cnc2C(O)c2ccnc(NCCO[Si](C)(C)C(C)(C)C)c2)cc1C(F)(F)F,Cc1c(C(F)(F)F)cccc1S(=O)(=O)Nc1cc(Cl)cnc1C(=O)c1ccnc(NCCO)c1
COC(=O)Cc1ccc(-c2ccc(O)cc2)c([N+](=O)[O-])c1.CC(C)(C)OC(=O)Oc1c(C(F)(F)F)ccc(CBr)c1C(=O)OC(C)(C)C,CC(C)(C)OC(=O)c1c(COc2ccc(-c3ccc(CC(=O)O)cc3[N+](=O)[O-])cc2)ccc(C(F)(F)F)c1O
CCOC(=O)/N=N/C(=O)OCC.c1ccc(P(c2ccccc2)c2ccccc2)cc1.CCC/C=C/CO.CCCCCCCCc1cnc(-c2ccc(O)cc2)s1.C1CCOC1,CCC/C=C/COc1ccc(-c2ncc(CCCCCCCC)s2)cc1
O=c1cnn(CCCCCl)c(=O)[nH]1.CC(C)(C)c1nc(C2CCC2)cc(N2CCNCC2)n1,CC(C)(C)c1nc(C2CCC2)cc(N2CCN(CCCCn3ncc(=O)[nH]c3=O)CC2)n1
O=C([O-])[O-].[Cs+].COc1ccc(CN2CC(CCOS(=O)(=O)c3ccc(C)cc3)N(C)C2=O)cc1.CCOC(=O)C(C)(Cc1ccc(O)cc1)Oc1ccccc1F.CCOC(C)=O.CN(C)C=O,CCOC(=O)C(C)(Cc1ccc(OCCC2CN(Cc3ccc(OC)cc3)C(=O)N2C)cc1)Oc1ccccc1F
COC(OC)N(C)C.CC(C)(C)[Si](C)(C)OC[C@@H]1CC(=O)[C@H](n2ccc(=O)[nH]c2=O)O1.CN(C)C=O,CN(C)C=C1C(=O)[C@H](n2ccc(=O)[nH]c2=O)O[C@@H]1CO[Si](C)(C)C(C)(C)C
[H-].[Na+].CN(C)C=O.Cc1ccc([N+](=O)[O-])c(C)c1OS(=O)(=O)C(F)(F)F.CCOC(C)=S,Cc1cc([N+](=O)[O-])cc(C)c1S
Cc1ccc(S(=O)(=O)O)cc1.O=C([O-])O.[Na+].CC(C)(C)OC(=O)COCCCCOC1CCCCO1.CO.O,CC(C)(C)OC(=O)COCCCCO
CN(C(=O)CC(CCO)c1ccc(Cl)c(Cl)c1)c1ccccc1.CS(=O)(=O)Cl.CCN(CC)CC.ClCCl,CN(C(=O)CC(CCOS(C)(=O)=O)c1ccc(Cl)c(Cl)c1)c1ccccc1
Cl.CCN(CC)CC.CC(C)(C)NN.CCOC(C)=C(C#N)C#N.CCO,CCc1nn(C(C)(C)C)c(N)c1C#N
CC(=O)[O-].[Na+].C[C@H](CNC(=O)/C=C/C(=O)O)c1ccccc1.CC(=O)OC(C)=O,C[C@H](CN1C(=O)C=CC1=O)c1ccccc1
[Na+].COC(OC)OC.[N-]=[N+]=[N-].Nc1ccc(Cl)cc1C(=O)O.CC(=O)O,O=C(O)c1cc(Cl)ccc1-n1cnnn1
OB(O)c1ccccc1F.Nc1c(F)cc(Br)cc1Cl,Nc1c(F)cc(-c2ccccc2F)cc1Cl
[Rh+].CC(=O)[O-].Cc1ccccc1.CCCc1c(Cc2ccc(-c3ccccc3C#N)c(F)c2)c(=O)n(C2CCC(O)CC2)c2ncnn12.CCOC(=O)C=[N+]=[N-],CCCc1c(Cc2ccc(-c3ccccc3C#N)c(F)c2)c(=O)n([C@H]2CC[C@H](OCC(C)(C)O)CC2)c2ncnn12
C1COCCO1.CNC1CCN(C(=O)C(Cc2ccc3[nH]cnc3c2)NS(=O)(=O)c2cc(Cl)c(N)c(Cl)c2)CC1.CCN(CC)CC.CC(=O)Cl,CC(=O)N(C)C1CCN(C(=O)C(Cc2ccc3[nH]cnc3c2)NS(=O)(=O)c2cc(Cl)c(N)c(Cl)c2)CC1
BrCCBr.Oc1ccc(Br)nc1.O.CCOC(C)=O.CN(C)C=O,BrCCOc1ccc(Br)nc1
[Na+].O=N[O-].CNc1cc(-c2cnc(OCCC3CCN(C(=O)OC(C)(C)C)CC3)c(C(F)(F)F)c2)nc(C#N)c1N.C1COCCO1.O,Cn1nnc2c(C#N)nc(-c3cnc(OCCC4CCN(C(=O)OC(C)(C)C)CC4)c(C(F)(F)F)c3)cc21
COCCCOCCCO.Cc1cc(Cl)c2ccccc2n1.CCOC(=O)C1CCNCC1,CCOC(=O)C1CCN(c2cc(C)nc3ccccc23)CC1
[Pd].[N-]=[N+]=NCc1nc2ccccc2c2ccccc12.CO,NCc1nc2ccccc2c2ccccc12
COP(OC)OC.COC(=O)/C=C/c1cc(C)c(/C=C/c2ccc(C(=O)OCc3ccccc3)cc2[N+](=O)[O-])c(C)c1,COC(=O)/C=C/c1cc(C)c(-c2cc3ccc(C(=O)OCc4ccccc4)cc3[nH]2)c(C)c1
CCCC[N+](CCCC)(CCCC)CCCC.[F-].C/C(N)=N/OC(=O)[C@@H](NC(=O)c1nc(-c2ccccc2)n2c1CN(C(=O)OC(C)(C)C)CC2)C(C)(C)C.C1CCOC1,Cc1noc([C@@H](NC(=O)c2nc(-c3ccccc3)n3c2CN(C(=O)OC(C)(C)C)CC3)C(C)(C)C)n1
[H-].[Na+].CCOC(=O)C(C)(O)c1ccncc1.NC(=NO)c1ccc(F)cc1.CCOC(C)=O.C1CCOC1.CCCCCC,CC(O)(c1ccncc1)c1nc(-c2ccc(F)cc2)no1
CC(=O)C(=O)c1ccccc1.NC1=C(N)C(=O)c2ccccc2C1=O.CC(=O)O.O,CC1=C(c2ccccc2)C(=O)c2ccccc2C1=O
CC[O-].[Na+].[Na].CCOC(=O)C(C)c1cccc(S)c1.N#C[C@@H]1CCCC[C@H]1CCl.CCO,CCOC(=O)C(C)c1cccc(SCC2CCCCC2C#N)c1
CC1(C)[C@H](C=C(Cl)C(F)(F)F)[C@@H]1C(=O)Cl.OCc1cccc2c1CCCCc1ccccc1-2.CC1(C)[C@H](C=C(Cl)C(F)(F)F)[C@@H]1C(=O)OCc1cccc2c1CCCCc1ccccc1-2,CC1(C)C(C=C(Cl)C(F)(F)F)C1C(=O)OCc1cccc2c1CCCCc1ccccc1-2
O=C1CCc2c(Br)cccc21.S=c1[nH]cc(C2Cc3cccc(Br)c3C2)[nH]1,S=c1[nH]cc(CC2CCc3c(Br)cccc32)[nH]1
CCOC(=O)/C=C\[C@H]1[C@@H](C(=O)OC(C)(C)C)C1(C)C.Cc1ccccc1,CCOC(=O)/C=C\[C@H]1[C@@H](C(=O)O)C1(C)C
c1ccc([P](c2ccccc2)(c2ccccc2)[Pd]([P](c2ccccc2)(c2ccccc2)c2ccccc2)([P](c2ccccc2)(c2ccccc2)c2ccccc2)[P](c2ccccc2)(c2ccccc2)c2ccccc2)cc1.O=C([O-])[O-].[Na+].COc1nc(N)ncc1Br.CC(C)(C)Nc1ccc(B2OC(C)(C)C(C)(C)O2)cc1[N+](=O)[O-].CCOC(C)=O.CN(C)C=O,COc1nc(N)ncc1-c1ccc(NC(C)(C)C)c([N+](=O)[O-])c1
CCOC(=O)C1=C(C)NC(OC)=NC1c1cccc([N+](=O)[O-])c1.CCC(=O)Cl.c1ccncc1.ClCCl,CCOC(=O)C1=C(C)NC(=O)N(C(=O)CC)C1c1cccc([N+](=O)[O-])c1
COC(=O)c1ccc(CBr)cc1.N#Cc1c[nH]nc1N.CCOCC.CC(C)=O.CN(C)C=O,COC(=O)c1ccc(Cn2cc(C#N)c(N)n2)cc1
[Na+].[OH-].O=S(=O)(Cl)c1ccccc1.ON=C1C2CC3CC(C2)CC1C3,CCCCCCC(=O)CCCC
Cc1nc2c(I)c(C)ccc2c(=O)o1.N.CCOC(C)=O,Cc1nc2c(I)c(C)ccc2c(=O)[nH]1
O=C1CCC(=O)N1Cl.Cc1ncc(-c2ccnc(N)n2)n1C.CC(=O)O,Cc1ncc(-c2nc(N)ncc2Cl)n1C
CN(C)C(=O)Cl.COc1cc(N)c(Cl)cc1C(=O)NCC1CN(CC2CCNCC2)CCO1.ClCCl,COc1cc(N)c(Cl)cc1C(=O)NCC1CN(CC2CCN(C(=O)N(C)C)CC2)CCO1
O=C=NS(=O)(=O)Cl.CCN(CC)CC.COc1ccccc1OCC(O)COS(N)(=O)=O.CCOC(C)=O.O.CC#N,CNS(=O)(=O)OCC(COc1ccccc1OC)OS(N)(=O)=O
O=C1CCCCCC1.O=C(c1cccc(O)c1)c1ccc(Br)c(F)c1,Oc1cccc(C(=C2CCCCCC2)c2ccc(Br)c(F)c2)c1
Cl.CC(C)Oc1cc(Nc2nc(N[C@@H](C)c3ncc(F)cn3)nc(N(C)S(C)(=O)=O)c2Cl)n[nH]1.C1COCCO1.ClCCl,C[C@H](N)c1ncc(F)cn1
[H-].[Na+].N#Cc1ccc(F)cn1.c1ccc(N(c2ccccc2)c2ccc(-c3ccc(-c4ccc(N(c5ccccc5)c5ccccc5)cc4)c4n[nH]nc34)cc2)cc1.CN(C)C=O,N#Cc1ccc(-n2nc3c(-c4ccc(N(c5ccccc5)c5ccccc5)cc4)ccc(-c4ccc(N(c5ccccc5)c5ccccc5)cc4)c3n2)cn1
Cl.CCOc1cc(CC)cc(C(O)C#N)c1F.CO.C1COCCO1.CCOCC,CCOc1cc(CC)cc(C(O)C(=N)OC)c1F
CC(C)(C)OC(=O)COc1ccc2c(c1)S(=O)(=O)N=C(c1c(O)c3ccccc3n(NCC3CC3)c1=O)N2.O=C(O)C(F)(F)F.ClCCl,O=C(O)COc1ccc2c(c1)S(=O)(=O)N=C(c1c(O)c3ccccc3n(NCC3CC3)c1=O)N2
CCN=C=NCCCN(C)C.Cl.CC(C)O.O=C(O)Cc1ccccc1I.CN(C)C=O.CCOC(C)=O,CC(C)OC(=O)Cc1ccccc1I
[Li+].[OH-].COC(=O)C(c1ccccc1Cl)n1cc(Cn2nc(-c3ccc(Cl)cc3)n(C[C@H](O)C(F)(F)F)c2=O)nn1.CO,O=C(O)C(c1ccccc1Cl)n1cc(Cn2nc(-c3ccc(Cl)cc3)n(C[C@H](O)C(F)(F)F)c2=O)nn1
c1ccc([P](c2ccccc2)(c2ccccc2)[Pd]([P](c2ccccc2)(c2ccccc2)c2ccccc2)([P](c2ccccc2)(c2ccccc2)c2ccccc2)[P](c2ccccc2)(c2ccccc2)c2ccccc2)cc1.O=C([O-])[O-].[K+].CC1(C)OB(c2ccnc(N3CCOCC3)c2)OC1(C)C.Cc1nc(NC(=O)NC(=O)C(C)C)ccc1Oc1ccnc(Cl)c1.C1COCCO1.O,Cc1nc(NC(=O)NC(=O)C(C)C)ccc1Oc1ccnc(-c2ccnc(N3CCOCC3)c2)c1
CN(C)c1ccncc1.COC(=O)[C@H](Cc1ccc(O)cc1)NC(=O)OC(C)(C)C.O=S(=O)(F)C(F)(F)C(F)(F)C(F)(F)C(F)(F)F.ClCCl.O.CCN(CC)CC,COC(=O)[C@H](Cc1ccc(OS(=O)(=O)C(F)(F)C(F)(F)C(F)(F)C(F)(F)F)cc1)NC(=O)OC(C)(C)C
Cl.[Na+].[OH-].CCOC(=O)CCc1ccc2[nH]c(C(=O)NCCCCCCC(=O)NOC3CCCCO3)cc2c1.CO.C1CCOC1,O=C(O)CCc1ccc2[nH]c(C(=O)NCCCCCCC(=O)NOC3CCCCO3)cc2c1
CC(NC(=O)C1CN(S(C)(=O)=O)C2CCN(C(=O)C(NC(=O)OC(C)(C)C)C3CCCCC3)C12)c1ccccc1.ClCCl.O=C(O)C(F)(F)F,CC(NC(=O)C1CN(S(C)(=O)=O)C2CCN(C(=O)C(N)C3CCCCC3)C12)c1ccccc1
CCOC(=O)c1c(C=O)c2ccccc2n1Cc1csc2ccc(F)cc12.CCOC(=O)c1c(CNC(=O)OC)c2ccccc2n1Cc1csc2ccc(F)cc12,COC(=O)NCc1c(C(=O)O)n(Cc2csc3ccc(F)cc23)c2ccccc12
Oc1cccc(F)c1.CC(C)(C)ON=c1cc(-c2cc3cccn3cn2)oc2ccc(OCCCCl)cc12,ON=c1cc(-c2cc3cccn3cn2)oc2ccc(OCCCOc3cccc(F)c3)cc12
CC(C)(C)C(N)CCO.N#Cc1cc(F)c(Cl)nc1Cl.CCN(C(C)C)C(C)C.CCO,CC(C)(C)C(CCO)Nc1nc(Cl)c(C#N)cc1F
CCOC(=O)CC(C)=O.N#Cc1c(N)cccc1OC1CCCCCC1,CCOC(=O)c1c(C)nc2cccc(OC3CCCCCC3)c2c1N
CN(C)C(On1nnc2cccnc21)=[N+](C)C.F[P-](F)(F)(F)(F)F.CC(C)(C)OC(=O)C1(Cc2cccc(N)c2)CC1.O=C(O)C(c1ccc(CN2Cc3c(F)cccc3C2=O)cc1)C1CCCC1.CN(C)C=O.O.CCN(C(C)C)C(C)C,CC(C)(C)OC(=O)C1(Cc2cccc(NC(=O)C(c3ccc(CN4Cc5c(F)cccc5C4=O)cc3)C3CCCC3)c2)CC1
CC(=O)[O-].CC(=O)CC(=O)c1ccco1.[NH4+].Cc1ccccc1,CC(N)=CC(=O)c1ccco1
CC(=O)Cl.NC(=O)C1Cc2cc(F)ccc2N1.O.ClCCl.CCN(CC)CC,CC(=O)N1c2ccc(F)cc2CC1C(N)=O
O=C(O)C(F)(F)F.C[C@@H](Oc1cc(-c2ccc(N3CCNCC3)cn2)cc2ncn(C3CC3)c12)[C@H]1CNC(=O)C1.ClCCl.CC(=O)OC(C)=O,CC(=O)N1CCN(c2ccc(-c3cc(O[C@H](C)[C@H]4CNC(=O)C4)c4c(c3)ncn4C3CC3)nc2)CC1
CN(C)c1ccncc1.O=C([O-])O.[Na+].COc1ccc(C(Nc2nc(OC)c3ncn([C@@H]4O[C@H](COC(c5ccccc5)(c5ccc(OC)cc5)c5ccc(OC)cc5)[C@@H](O)[C@@]4(C)F)c3n2)(c2ccccc2)c2ccc(OC)cc2)cc1.O=C(Cl)OCc1ccccc1.ClCCl,COc1ccc(C(Nc2nc(OC)c3ncn([C@@H]4O[C@H](COC(c5ccccc5)(c5ccc(OC)cc5)c5ccc(OC)cc5)[C@@H](OC(=O)OCc5ccccc5)[C@@]4(C)F)c3n2)(c2ccccc2)c2ccc(OC)cc2)cc1
COC(=O)c1ccc(OC[C@@H]2CC[C@@H](C)N2C(=O)OC(C)(C)C)cc1.O=C(O)C(F)(F)F.ClCCl,COC(=O)c1ccc(OC[C@@H]2CC[C@@H](C)N2)cc1
C#CCCO.COc1cccc(Nc2ccc(C(=O)c3cc(N=[N+]=[N-])ccc3C)c(Cl)c2)c1,COc1cccc(Nc2ccc(C(=O)c3cc(-n4cc(CCO)nn4)ccc3C)c(Cl)c2)c1
O=C(Cl)C1CCC1.CC(C)N1CC2N(C(=O)C(N)CN2S(=O)(=O)c2ccc(Cl)cc2Cl)C(Cc2ccc(Cl)cc2)C1=O,CC(C)N1CC2N(C(=O)C(NC(=O)C3CCC3)CN2S(=O)(=O)c2ccc(Cl)cc2Cl)C(Cc2ccc(Cl)cc2)C1=O
O=C([O-])[O-].[K+].Nc1cc(F)ccc1S.COC(=O)c1cccc(CBr)c1.CN(C)C=O,COC(=O)c1cccc(CSc2ccc(F)cc2N)c1
CCc1ccccc1N.O=S(=O)(c1ccccc1)n1cc(-c2ccnc(Cl)n2)c2cccnc21,CCc1ccccc1Nc1nccc(-c2c[nH]c3ncccc23)n1
Cc1[nH]c2ccc(F)cc2c1C=O.COC(OC)N(C)C.CN(C)C=O,CN(C)/C=C/c1c(C=O)c2cc(F)ccc2n1C
CON=C1CCc2cc(/C=C/C(=O)c3ccc(OC)cc3)ccc21.O=Cc1ccncc1,CON=C1CCc2cc(C(CC(=O)c3ccc(OC)cc3)C(=O)c3ccncc3)ccc21
[Li]CCCC.c1ccc2scnc2c1.CN(C)C1(c2ccccc2)CCC(=O)CC1.C1CCOC1.CCCCCC,CN(C)C1(c2ccccc2)CCC(O)(c2nc3ccccc3s2)CC1
CCCCP(CCCC)CCCC.[Cl-].[Na+].N#C[Se]c1ccccc1[N+](=O)[O-].C[C@@H]1OC(=O)[C@@H](NC(=O)OC(C)(C)C)CCC[C@H](CCO)[C@H]1Oc1ccccc1.C1CCOC1,C[C@@H]1OC(=O)[C@@H](NC(=O)OC(C)(C)C)CCC[C@H](CC[Se]c2ccccc2[N+](=O)[O-])[C@H]1Oc1ccccc1
Cc1ccc(S(=O)(=O)[O-])cc1.c1cc[nH+]cc1.CCOC(C)(OCC)OCC.CCOC(=O)CCNc1c(N)cnc2ccccc12,CCOC(=O)CCn1c(C)nc2cnc3ccccc3c21
Cl.CCNc1ccnn1-c1ccc(F)cc1F.CC(C)CCON=O.CC(C)O.CCO.CCOC(C)=O,CCNc1c(N=O)cnn1-c1ccc(F)cc1F
Cc1ccc(S(=O)(=O)O)cc1.OCCO.COc1ccc(CC(CCC(=O)CCc2ccc(C)cc2)[N+](=O)[O-])cc1OC.c1ccccc1.C1CCCCC1,COc1ccc(CC([N+](=O)[O-])C2(CCCCc3ccc(C)cc3)OCCO2)cc1OC
Cl.O=C([O-])[O-].[K+].O=C1CCCC(=O)O1.CC(C)=CCC/C(C)=C/CC/C(C)=C/CSC[C@H](N)C(=O)O.C1CCOC1,CC(C)=CCC/C(C)=C/CC/C(C)=C/CSC[C@H](NC(=O)CCCC(=O)O)C(=O)O
CC(C(=O)Nc1ccc(-c2cc(=O)[nH]n2C(=O)OC(C)(C)C)cc1)n1ccc(-c2cc(Cl)ccc2C#N)cc1=O.O=C(O)C(F)(F)F,CC(C(=O)Nc1ccc(-c2cc(=O)[nH][nH]2)cc1)n1ccc(-c2cc(Cl)ccc2C#N)cc1=O
CC(C)(C)OC(=O)N1CCN2C[C@H](Cn3ccc4cc(F)ccc43)CC[C@H]2C1.O=C(O)C(F)(F)F.O,Fc1ccc2c(ccn2C[C@@H]2CC[C@H]3CNCCN3C2)c1
C1COCCO1.Nc1cc(Br)ccc1C(=O)NCc1ccc(Br)cc1F,O=c1[nH]c2cc(Br)ccc2c(=O)n1Cc1ccc(Br)cc1F
C[Si](C)(C)[N-][Si](C)(C)C.[Li+].CC=CCBr.Cc1cc([C@H]2CCC(=O)O2)ccc1F.C1CCOC1.CN(C)P(=O)(N(C)C)N(C)C,C=CC[C@H]1C[C@H](c2ccc(F)c(C)c2)OC1=O
[Pd+2].[OH-].Cc1c(NC(=O)CC(C)(C)C)c(C)c2c(c1C(O)CO)OCC2c1ccc(C(C)C)cc1.CCO,Cc1c(CCO)c2c(c(C)c1NC(=O)CC(C)(C)C)C(c1ccc(C(C)C)cc1)CO2
Cl.COC(=O)c1ccc(NC(=O)[C@H](CC2CCCC2)c2ccc(Cl)c(Cl)c2)nc1.C1CCOC1.O,O=C(O)c1ccc(NC(=O)[C@H](CC2CCCC2)c2ccc(Cl)c(Cl)c2)nc1
C=[N+]=[N-].O=C([O-])O.[Na+].CC#CCC[C@@H](/C=C/[C@@H]1[C@@H](C/C=C\CCCC(=O)OC)[C@@H](O)C[C@H]1OC1CCCCO1)OC1CCCCO1.Cc1ccc(S(=O)(=O)Cl)cc1.O.c1ccncc1.CCOCC,CC#CCC[C@@H](/C=C/[C@@H]1[C@@H](C/C=C\CCCC(=O)OC)[C@@H](OS(=O)(=O)c2ccc(C)cc2)C[C@H]1OC1CCCCO1)OC1CCCCO1
CN(C)c1ccccn1.C[C@H]1CC[C@H]2C(C)(C)[C@@H](O)[C@@H](O)C[C@]23Oc2c(c(OCc4ccccc4)cc4c2CN(C(=O)OC(C)(C)C)C4=O)C[C@]13C.O=[N+]([O-])c1ccc(S(=O)(=O)Cl)cc1.ClCCl.O,C[C@H]1CC[C@H]2C(C)(C)[C@@H](O)[C@@H](OS(=O)(=O)c3ccc([N+](=O)[O-])cc3)C[C@]23Oc2c(c(OCc4ccccc4)cc4c2CN(C(=O)OC(C)(C)C)C4=O)C[C@]13C
COc1ccc(Cl)cc1N1CCNCC1.CC(C)(C)OC(=O)N(Cc1ccc(F)cc1F)C1CC(C(=O)O)N(Cc2ccccc2)C1,COc1ccc(Cl)cc1N1CCN(C(=O)[C@@H]2C[C@H](NCc3ccc(F)cc3F)CN2Cc2ccccc2)CC1
[BH3-]C#N.[Na+].CC(C)(C)OC(=O)N1CCC(=O)CC1.NCc1ccccc1Cl.O.CO.CC(=O)O,CC(C)(C)OC(=O)N1CCC(NCc2ccccc2Cl)CC1
Cc1c(I)sc2c(N3CCOCC3)nc(Cl)nc12.O=S(=O)(NCCO)c1cccc(B(O)O)c1.CC1(C)OB(c2cnc3[nH]ccc3c2)OC1(C)C,Cc1c(-c2cccc(S(=O)(=O)NCCO)c2)sc2c(N3CCOCC3)nc(-c3cnc4[nH]ccc4c3)nc12
CCOC(=O)C(C)=Cc1ccc(C)cc1.Cc1ccccc1,CC(=Cc1ccc(C)cc1)CO
CON(C)C(=O)C1CCN(C(=O)OC(C)(C)C)CC1C.C[Mg]Cl.C1CCOC1,CC(=O)C1CCN(C(=O)OC(C)(C)C)CC1C
O=C(Cl)c1c[nH]c2ccc(Cl)cc12.O=C(OCC12CCN(CC1)CC2)c1c[nH]c2ccccc12,O=C(OCC12CCN(CC1)CC2)c1c[nH]c2ccc(Cl)cc12
O=C([O-])[O-].[K+].NC(=O)Nc1cccc(O)c1.O=C(CCCCN(CCCl)Cc1ccccc1)NC1CCCCCC1.CN(C)C=O,NC(=O)Nc1cccc(OCCN(CCCCC(=O)NC2CCCCCC2)Cc2ccccc2)c1
Cl.O=S(=O)(O)O.NNc1ccc(OC(F)(F)F)cc1.CC(=O)CCC(=O)O.O,Cc1[nH]c2ccc(OC(F)(F)F)cc2c1CC(=O)O
O=S(=O)(O)O.O=Cc1cn([C@H]2CCc3c(F)cc(F)cc3C2)c(=S)[nH]1.C[Mg]Cl,CC(O)c1cn([C@H]2CCc3c(F)cc(F)cc3C2)c(=S)[nH]1
[Na+].[OH-].OCc1ccc(O)cc1.C=COCCCl.CS(C)=O.O,C=COCCOc1ccc(CO)cc1
[Pd].C=C(C)Cc1cc(C(=O)OC)cc(Br)c1O.C1CCOC1.CO,COC(=O)c1ccc(O)c(CC(C)C)c1
CN(C)C(On1nnc2cccnc21)=[N+](C)C.Cl.F[P-](F)(F)(F)(F)F.CNOC.O=C(O)Cc1cccc(C(F)(F)F)c1.CCN(C(C)C)C(C)C.CN(C)C=O,CON(C)C(=O)Cc1cccc(C(F)(F)F)c1
[Pd].O=C[O-].[NH4+].CCOC(=O)c1ncc2c(c1O)c(Br)c(Br)n2Cc1ccc(F)cc1,CCOC(=O)c1ncc2c(ccn2Cc2ccc(F)cc2)c1O
[Al+3].[H-].[Li+].COC(=O)[C@H]1CC[C@@H](NC(=O)OC(C)(C)C)CC1.O.CCOCC,CC(C)(C)OC(=O)N[C@H]1CC[C@@H](CO)CC1
COc1ccc(N2N=C(c3ccc(C#N)cc3)[C@@H](C)[C@@H]2CC#N)cc1.O=Cc1ccc(F)cc1.NNc1ccc(Br)cc1,C[C@@H]1C(c2ccc(F)cc2)=NN(c2ccc(Br)cc2)[C@H]1CC#N
Cl.[Na+].[OH-].COC(=O)/C=C/c1c(N2CCCC(C(=O)N(C)C)C2)nc2cc(C(=O)Nc3nc(C(C)(C)C)cs3)ccn2c1=O.CO,CN(C)C(=O)C1CCCN(c2nc3cc(C(=O)Nc4nc(C(C)(C)C)cs4)ccn3c(=O)c2/C=C/C(=O)O)C1
[Na+].[OH-].CCOC(=O)CCCn1ncc2cc(-c3noc(-c4ccc(OC(C)C)c(Cl)c4)n3)ccc21.CCO,CC(C)Oc1ccc(-c2nc(-c3ccc4c(cnn4CCCC(=O)O)c3)no2)cc1Cl
[Cl-].[Li]CCCC.[NH4+].Fc1cnc(Cl)cc1I.CON(C)C(=O)CC(c1ccccc1)c1ccccc1.C1CCOC1.CCOC(C)=O,O=C(CC(c1ccccc1)c1ccccc1)c1cc(Cl)ncc1F
C[Si](C)(C)[N-][Si](C)(C)C.[Cl-].[Li+].BrCC=CCBr.[NH4+].CC(C)CC(=O)N1C(=O)OC[C@@H]1Cc1ccccc1.CN1CCCN(C)C1=O.C1CCOC1,CC(C)[C@H](C/C=C/C[C@H](C(=O)N1C(=O)OC[C@@H]1Cc1ccccc1)C(C)C)C(=O)N1C(=O)OC[C@@H]1Cc1ccccc1
CC(=O)[O-].O=C([O-])[O-].[Na+].[NH4+].CCOC(=O)c1nccn1CC(=O)c1ccc(Cl)cc1Cl.CC(=O)O,O=c1[nH]c(-c2ccc(Cl)cc2Cl)cn2ccnc12
CC(C)Oc1ccccc1O.CCOC(=O)NC.O=P(Cl)(Cl)Cl.CC(Cl)Cl,CNC(=O)Oc1ccccc1OC(C)C
C(=NC1CCCCC1)=NC1CCCCC1.O=C1CCC(=O)N1O.CC(C)(C)OC(=O)N[C@H](CCC(=O)OCc1ccccc1)C(=O)O.C1CCOC1,CC(C)(C)OC(=O)N[C@H](CCC(=O)OCc1ccccc1)C(N)=O
CCCCCOC(CN)OCCCCC.C=C(C)C(=O)Cl,C=C(C)C(=O)NCC(OCCCCC)OCCCCC
CN(C)c1ccccn1.COC(C)(C)C.OCc1ccccc1.O=C1CCC(=O)O1,O=C(O)CCC(=O)OCCc1ccccc1
CCCCCCCCI.CCCCCCN1C(=O)CC(C)(C)c2cc(C(C)=O)ccc21,CCCCCCCCN1C(=O)CC(C)(C)c2cc(C(C)=O)ccc21
CS(=O)(=O)Cc1ccc(C(=O)c2ccc(Cl)cc2)cc1.NN.CCO.CC(=O)O.O,CS(=O)(=O)Cc1ccc(C(=NN)c2ccc(Cl)cc2)cc1
CC1=C(/C=C/C(C)=C/C=C/C(C)=C/C(=O)O)C(C)(C)CCC1.ClP(Cl)Cl.Cc1ccccc1,CC1=C(/C=C/C(C)=C/C=C/C(C)=C/C(=O)Cl)C(C)(C)CCC1
CC(N)CN.O=[N+]([O-])c1ccc(F)cc1.O,CC(N)CNc1ccc([N+](=O)[O-])cc1
C[O-].Cl.[Na+].ClCc1ccccn1.O=c1c2ccccc2nc(S)n1-c1ccccc1.O.CO,O=c1c2ccccc2nc(SCc2ccccn2)n1-c1ccccc1
[Li+].[OH-].CCOC(=O)[C@H](Cc1ccc(OCCCCOc2ccc(Oc3ccccc3)cc2)cc1)OC,CO[C@@H](Cc1ccc(OCCCCOc2ccc(Oc3ccccc3)cc2)cc1)C(=O)O
[Br-].[K+].CN.COC(=O)CNC(=O)c1cccnc1.CCO,CNC(=O)CNC(=O)c1cccnc1
[Li+].[OH-].CC(C)Cn1c(=O)n(C)c(=O)c2c(SCCC(C)C(=O)O)n(Cc3cccc4ccccc34)nc21.C1CCOC1.O,CC(C)Cn1c(=O)n(C)c(=O)c2c(SCCCC(=O)O)n(Cc3cccc4ccccc34)nc21
O=C([O-])[O-].[K+].Cc1cccc(C2(c3cccc(C)c3)C=CC(=O)CC2)c1.CCCCOCN(Cc1ccccc1)C[Si](C)(C)C.O=C(O)C(F)(F)F.ClCCl,Cc1cccc(C2(c3cccc(C)c3)CCC(=O)C3CN(Cc4ccccc4)CC32)c1
O=C1CSC(=O)N1.CN(Cc1cccc(-c2ccc(C=O)cc2)c1)C(=O)OC(C)(C)C,CN(Cc1cccc(-c2ccc(C=C3SC(=O)NC3=O)cc2)c1)C(=O)OC(C)(C)C
Cl.CCCCC(O)CNCc1ccc(S(N)(=O)=O)cc1.O=C(O)c1ccc(Br)cc1C(=O)c1ccccc1,CCCCC(=O)c1c(-c2ccccc2)c2cc(Br)ccc2c(=O)n1Cc1ccc(S(N)(=O)=O)cc1
NC12OCCON1C(Nc1ccc3oc(CO)cc3c1)=NC=C2F.CC(C)C[AlH]CC(C)C,OCc1cc2cc(Nc3ncc(F)c(Nc4cccc(O)c4)n3)ccc2o1
N#CO[Na].CCc1sc2ncnc(N)c2c1-c1ccc(N)cc1.CC(=O)O.O,CCc1sc2ncnc(N)c2c1-c1ccc(NC(N)=O)cc1
Cl.[Na+].[OH-].COc1ccc(C(=O)Cl)c(OC)c1.COc1ccc(C(=O)Nc2ccccc2N)cc1.ClCCl,COc1ccc(C(=O)Nc2ccccc2NC(=O)c2ccc(OC)cc2OC)cc1
Nc1cccnc1.CCOc1ccc(-c2cc3[nH]c(CCl)nc3c(C#N)n2)cc1C(F)(F)F,CCOc1ccc(-c2cc3[nH]c(CNc4cccnc4)nc3c(C#N)n2)cc1C(F)(F)F
COC(=O)Cc1cc(C)c(-c2ccc(O)cc2)s1.CC(C)(C)OC(=O)Oc1c(C(F)(F)F)ccc(CBr)c1C(=O)OC(C)(C)C,Cc1cc(CC(=O)O)sc1-c1ccc(OCc2ccc(C(F)(F)F)c(O)c2C(=O)OC(C)(C)C)cc1
C=CCBr.CCc1cc2c(C(F)(F)F)c(C#N)ccc2[nH]1,C=CCn1c(CC)cc2c(C(F)(F)F)c(C#N)ccc21
COc1ccc(S(=O)(=O)Cl)cc1.O=C1CCCCC1N1CCC(Nc2ccc(Cl)cc2)CC1,COc1ccc(S(=O)(=O)N(c2ccc(Cl)cc2)C2CCN(C3CCCCC3=O)CC2)cc1
O=P([O-])(O)O.O=P([O-])([O-])O.[Na+].O=C1CCC(=O)N1I.CCOP(=O)(OCC)c1ccsc1.CC(=O)O.ClC(Cl)Cl,CCOP(=O)(OCC)c1csc(I)c1
C=C(C)[C@@H]1CC[C@]2(N)CC[C@]3(C)[C@H](CC[C@@H]4[C@@]5(C)CC=C(c6ccc(C(=O)OC)cc6)C(C)(C)[C@@H]5CC[C@]43C)[C@@H]12.CC1CCCCN1CC(=O)O,C=C(C)[C@@H]1CC[C@]2(NC(=O)CN3CCCCC3C)CC[C@]3(C)[C@H](CC[C@@H]4[C@@]5(C)CC=C(c6ccc(C(=O)O)cc6)C(C)(C)[C@@H]5CC[C@]43C)[C@@H]12
Cc1ccc(OCc2ccc(CC(Cl)=NO)cc2)nc1.C#Cc1ccc(N)nc1N.C1CCOC1.O.CCN(CC)CC,Cc1ccc(OCc2ccc(Cc3cc(-c4ccc(N)nc4N)on3)cc2)nc1
[Mn+4].[O-2].OCc1cc2cc(-c3ccc4ccc(Cl)cc4n3)ccc2o1.ClC(Cl)Cl,O=Cc1cc2cc(-c3ccc4ccc(Cl)cc4n3)ccc2o1
Cl.CC[C@H]1CN(C(=O)OC(C)(C)C)CCN1c1ccc(Nc2cc(Br)cn(C)c2=O)nc1.ClCCl.C1COCCO1,CC[C@H]1CNCCN1c1ccc(Nc2cc(Br)cn(C)c2=O)nc1
Cc1ccc(S(=O)(=O)n2ccc3c2nc(Cl)n2c(=O)c4c(F)cccc4nc32)cc1.COc1ccc(N(C)C(=O)CN(C)C)cc1N.C1CCOC1,COc1ccc(N(C)C(=O)CN(C)C)cc1Nc1nc2c(ccn2S(=O)(=O)c2ccc(C)cc2)c2nc3cccc(F)c3c(=O)n12
Cc1n[nH]c(C)c1B1OC(C)(C)C(C)(C)O1.OCC12CC3CC(CC(C3)C1)C2.Cc1ccc(C#N)[nH]1,Cc1ccc(C#N)n1CC12CC3CC(CC(C)(C3)O1)C2
[Li]C(C)(C)C.CC(C)OB(OC(C)C)OC(C)C.Cc1cccc(-c2nn3ccccc3c2Br)n1.C1CCOC1,Cc1cccc(-c2nn3ccccc3c2B(O)O)n1
CN(CC(=O)O)NC(=O)NCc1ccncc1.CCOC(OCC)[C@H](C)N(Cc1cccc2cccnc12)C(=O)[C@H](C)N,CCOC(OCC)[C@H](C)N(Cc1cccc2cccnc12)C(=O)[C@H](C)NC(=O)CN(C)NC(=O)NCc1ccncc1
Cl.CC(=O)NCCN1CCNCC1.CCOc1cc(C(C)(C)C#N)ccc1C1=NC(C)(c2ccc(Cl)cc2)C(C)(c2ccc(Cl)cc2)N1C(=O)Cl,CCOc1cc(C(C)(C)C#N)ccc1C1=N[C@@](C)(c2ccc(Cl)cc2)[C@@](C)(c2ccc(Cl)cc2)N1C(=O)N1CCN(CCNC(C)=O)CC1
COC(=O)Cc1csc2c(O)cccc12.COC(=O)Cc1csc2cc(O)c(C)cc12.OCc1ccccc1OCc1ccc(C(F)(F)F)cc1,Cc1cc2c(CC(=O)O)csc2cc1OCc1ccccc1OCc1ccc(C(F)(F)F)cc1
OCCC1CCCO1.[Na+].[OH-].CCOC(=O)C1=Cc2cc(-c3ccc(OC(F)(F)F)cc3)ccc2OCC1,O=C(O)C1=Cc2cc(-c3ccc(OC(F)(F)F)cc3)ccc2OCC1
C[P+](c1ccccc1)(c1ccccc1)c1ccccc1.[Br-].COc1ccc(C(C)(C)C=O)cc1Br.[Li]CCCC.C1CCOC1,C=CC(C)(C)c1ccc(OC)c(Br)c1
Cc1ccc(S(=O)(=O)Cl)cc1.CC1(C)OC[C@@H](CO)O1.CCN(CC)CC.ClC(Cl)Cl,Cc1ccc(S(=O)(=O)OC[C@@H](O)CO)cc1
