src,tgt
C(NC(C)=O)C1CC1c1c(C2CC2)ccc2nn(C)cc12,C(NC(C)=O)C1CC1c1c(Br)ccc2nn(C)cc12.C1(B(O)O)CC1
C1C=C(C(C)C)c2cc(-c3c(F)c(C=O)cc(F)c3OC)c(C)cc2C1(C)C,C1C=C(C(C)C)c2cc(-c3c(F)c(C4OCCO4)cc(F)c3OC)c(C)cc2C1(C)C
C(C)(C)(C)c1nc2cc(S(=O)(=O)N3CCOCC3)ccc2n1CC1CCOCC1,C(C)(C)(C)c1nc2cc(S(=O)(=O)Cl)ccc2n1CC1CCOCC1.N1CCOCC1
c1cc(Oc2ccnc(NC(=O)C3CC3)c2)cnc1N,c1cc(Oc2ccnc(NC(=O)C3CC3)c2)cnc1[N+](=O)[O-]
COc1ccccc1CSCCCOc1ccc(N2CCNC[C@@H]2COc2ccc3ccccc3c2)cc1,COc1ccccc1CSCCCOc1ccc(N2CCN(C(=O)OC(C)(C)C)C[C@@H]2COc2ccc3ccccc3c2)cc1
c1(-c2noc(C)n2)cc(C(=O)N[C@@H](Cc2cc(F)cc(F)c2)[C@H](O)CNCc2cccc(CC)c2)cc(C(=O)N(CCC)CCC)c1,c1(-c2noc(C)n2)cc(C(=O)O)cc(C(=O)N(CCC)CCC)c1.N[C@@H](Cc1cc(F)cc(F)c1)[C@H](O)CNCc1cccc(CC)c1
C(CCN1c2ccccc2N(c2cccc(F)c2C)S1(=O)=O)NC,C(Br)CCN1c2ccccc2N(c2cccc(F)c2C)S1(=O)=O.NC
c1(C(=O)O)cc(C#N)cc(C(F)(F)F)c1,c1(C(=O)O)cc(Br)cc(C(F)(F)F)c1.[C-]#N
c1cccc(C(c2ccccc2)(c2ccccc2)n2nc(/C=C/c3cccnc3)c3c(OC)c(C#N)ccc32)c1,c1cccc(C(c2ccccc2)(c2ccccc2)n2nc(C=C)c3c(OC)c(C#N)ccc32)c1.c1(Br)cccnc1
Cc1cc(C(=O)Nc2cccc(Oc3ccc4nc(NC(=O)C5CC5)cn4n3)c2)n(C)n1,Cc1cc(C(=O)Cl)n(C)n1.Nc1cccc(Oc2ccc3nc(NC(=O)C4CC4)cn3n2)c1
C(=O)(Nc1ccc(Br)cc1O)c1ccc(C(F)F)cc1,C(=O)(Cl)c1ccc(C(F)F)cc1.Nc1ccc(Br)cc1O
CCOC(=O)CC(=O)c1cc(F)c(N2CCNCC2)nc1Nc1ccc(F)cc1F,CCOC(=O)CC(=O)c1cc(F)c(Cl)nc1Nc1ccc(F)cc1F.N1CCNCC1
c1ccc(-c2cc(-c3ccc(C(F)(F)F)nc3)cc(C)n2)nc1-c1cccc(S(=O)(=O)NC(C)(C)C)c1,c1ccc([Sn](CCCC)(CCCC)CCCC)nc1-c1cccc(S(=O)(=O)NC(C)(C)C)c1.c1(OS(=O)(=O)C(F)(F)F)cc(-c2ccc(C(F)(F)F)nc2)cc(C)n1
N(C)C(=O)c1ccccc1Sc1ccc2c(I)n[nH]c2c1,N(C)C(=O)c1ccccc1S.c1(I)ccc2c(I)n[nH]c2c1
c1(Br)cc(C(=O)NCC=C)c(=O)[nH]c1C(F)(F)F,c1(Br)cc(C(=O)OC)c(=O)[nH]c1C(F)(F)F.NCC=C
COc1cccc(Nc2ccnc3[nH]c(=O)c4ccccc4c23)c1C#N,COc1cccc(N)c1C#N.c1(Cl)ccnc2[nH]c(=O)c3ccccc3c12
C(NC(=O)C(OC)c1ccc(C(F)(F)F)cc1C(F)(F)F)c1ccc(C#N)cc1,C(N)c1ccc(C#N)cc1.C(=O)(O)C(OC)c1ccc(C(F)(F)F)cc1C(F)(F)F
CC(C)n1ncc2c(=O)[nH]c([C@@H]3CN(Cc4ccc(OC)nc4)C[C@H]3C)nc21,CC(C)n1ncc2c(=O)[nH]c([C@@H]3CNC[C@H]3C)nc21.C(=O)c1ccc(OC)nc1
Fc1cc(C(C)(C)C)c(OCOC)cc1C,Fc1cc(C(C)(C)C)c(O)cc1C.C(Cl)OC
COc1c(C(C)n2nc(C)c3c(N)ncnc32)cc(Cl)c(C)c1C1CNC1,COc1c(C(C)n2nc(C)c3c(N)ncnc32)cc(Cl)c(C)c1C1CN(C(=O)OC(C)(C)C)C1
c1cc(C2=C(CCCCCCN(C)CCCS(=O)CCCC(F)(F)C(F)(F)F)c3ccc(O)c(F)c3CCC2)ccc1F,c1cc(C2=C(CCCCCCBr)c3ccc(O)c(F)c3CCC2)ccc1F.N(C)CCCS(=O)CCCC(F)(F)C(F)(F)F
C1CC(N2N=C(c3ccc(OC)c(OC)c3)C(C)(C)C2=O)CCN1C(=O)c1ccc2ccccc2n1,C1CC(N2N=C(c3ccc(OC)c(OC)c3)C(C)(C)C2=O)CCN1.C(=O)(O)c1ccc2ccccc2n1
CC(C)(C)OC(=O)C(C)(C)CCl,CC(C)(C)[O-].C(=O)(Cl)C(C)(C)CCl
c1sc(N)nc1CN1CCC(OC(c2ccccc2)c2ccccc2)CC1,c1sc(N)nc1CCl.N1CCC(OC(c2ccccc2)c2ccccc2)CC1
CCCCc1noc(C)c1CCc1nc(C)c(C(=O)NC2CCOC2)s1,CCCCc1noc(C)c1CCc1nc(C)c(C(=O)O)s1.NC1CCOC1
O=C(CN(CC(=O)OC)C(=O)c1cc(OCCCCCCCCCCCCCCCCCC)cc([N+](=O)[O-])c1)OC,O=C(CNCC(=O)OC)OC.C(=O)(O)c1cc(OCCCCCCCCCCCCCCCCCC)cc([N+](=O)[O-])c1
c12cc(OC)ccc1nc(N[C@H]1C[C@H]3C[C@H](N(Cc4ccccc4)C(=O)OCc4ccccc4)[C@@H]1C3)cc2C,c12cc(OC)ccc1nc(Cl)cc2C.N[C@H]1C[C@H]2C[C@H](N(Cc3ccccc3)C(=O)OCc3ccccc3)[C@@H]1C2
N12CCC(CC1)C(Oc1ccc([N+](=O)[O-])cc1)C2,N12CCC(CC1)C(O)C2.c1(I)ccc([N+](=O)[O-])cc1
C1COCCN1c1cnc(-n2ccc(-c3ccc4c(CC)nn(C(C)C)c4n3)n2)nc1,C1COCCN1.c1(Br)cnc(-n2ccc(-c3ccc4c(CC)nn(C(C)C)c4n3)n2)nc1
COC(=O)[C@H](C)Oc1cc(Sc2c(C(=O)N3CCCC3)c(C)nn2C)c(Cl)cc1Cl,COC(=O)[C@H](C)Oc1cc(Sc2c(C(=O)O)c(C)nn2C)c(Cl)cc1Cl.N1CCCC1
O(c1nc(C(=O)NC(C)c2cc(F)c(NS(C)(=O)=O)c(F)c2)co1)c1cccc2c1OC(C)(C)C2,Oc1cccc2c1OC(C)(C)C2.c1(Cl)nc(C(=O)NC(C)c2cc(F)c(NS(C)(=O)=O)c(F)c2)co1
Oc1ccc(C(C)(CCC(c2ccccc2)c2ccccc2)c2ccc(O)cc2)cc1,Oc1ccc(C(C)(CCC(O)(c2ccccc2)c2ccccc2)c2ccc(O)cc2)cc1
c12ncc(-c3cccs3)nc1cc(-c1cccs1)c(O)c2C(=O)NCC(=O)O,c12ncc(-c3cccs3)nc1cc(-c1cccs1)c(O)c2C(=O)NCC(=O)OCC
c1(F)ccc(-n2nccc(C(=O)Nc3ccc(Oc4ccnc5[nH]nc(N6CCN(C)CC6)c45)c(F)c3)c2=O)cc1,c1(F)ccc(-n2nccc(C(=O)Nc3ccc(Oc4ccnc5c4c(N4CCN(C)CC4)nn5Cc4ccc(OC)cc4)c(F)c3)c2=O)cc1
c12ccccc1n(-c1cc(OCc3ccccc3C(F)(F)F)c(C(=O)OC)s1)cn2,c12ccccc1n(-c1cc(O)c(C(=O)OC)s1)cn2.C(Br)c1ccccc1C(F)(F)F
NC(=O)c1ccc(Oc2ccc3c(c2)CCCC3NCc2ccccc2)cc1,NC(=O)c1ccc(Oc2ccc3c(c2)CCCC3=O)cc1.NCc1ccccc1
C(=O)(OC)[C@H](Cc1ccc(Br)cn1)NC(=O)OC(C)(C)C,C(=O)(OC)[C@H](CI)NC(=O)OC(C)(C)C.c1(Br)ccc(Br)cn1
c1(C2CC2)nc2c(C#N)c(C)c(C3=CC(O)CC3)c(F)c2o1,c1(C2CC2)nc2c(C#N)c(C)c(C3=CC(O[Si](C)(C)C(C)(C)C)CC3)c(F)c2o1
c12ncnc(N3CCC(NC(=O)OC(C)(C)C)(C(=O)OCC)CC3)c1cc[nH]2,c12ncnc(Cl)c1cc[nH]2.N1CCC(NC(=O)OC(C)(C)C)(C(=O)OCC)CC1
N(Cc1c(CC)nc2c(cnn2CC)c1NC1CCOCC1)C(=O)c1cccc(C(=O)O)c1,N(Cc1c(CC)nc2c(cnn2CC)c1NC1CCOCC1)C(=O)c1cccc(C(=O)OC)c1
O(C)C(=O)c1cccn1[Si](C(C)C)(C(C)C)C(C)C,O(C)C(=O)c1cc(I)cn1[Si](C(C)C)(C(C)C)C(C)C
c1cc(C2(CC#N)CC2)ccc1Br,c1cc(C2(CBr)CC2)ccc1Br.[C-]#N
OC(=O)c1ccc2c(c1)CC(C)(C)C(c1cccc(N3C(=O)OCC3(C)C)c1)N2,OC(=O)c1ccc2c(c1)CC(C)(C)C(c1cccc(Br)c1)N2.N1C(=O)OCC1(C)C
c1csc(CN2CCC(CCc3noc4c(CN(C)C)c(-c5ccccc5)ccc34)CC2)c1,c1csc(C=O)c1.N1CCC(CCc2noc3c(CN(C)C)c(-c4ccccc4)ccc23)CC1
[N+](=O)([O-])c1ccc(N2CCNC[C@H]2C)c(Cl)c1,[N+](=O)([O-])c1ccc(N2CCN(C(=O)OC(C)(C)C)C[C@H]2C)c(Cl)c1
C(N)c1nccc(-c2sc(N3CCOCC3)nc2-c2cccc(NS(=O)(=O)c3cc(F)ccc3F)c2F)n1,C(#N)c1nccc(-c2sc(N3CCOCC3)nc2-c2cccc(NS(=O)(=O)c3cc(F)ccc3F)c2F)n1
c1cccc(Oc2cc(-c3cccc(C)c3)ccc2CN2CCN(C(=O)OC(C)(C)C)CC2)c1,c1cccc(Oc2cc(Br)ccc2CN2CCN(C(=O)OC(C)(C)C)CC2)c1.c1(B(O)O)cccc(C)c1
O=C(O)c1cc2cc(Cl)cc(Cl)c2nc1N[C@@H](Cc1ccc(O)cc1)C(=O)O,O=C(O)c1cc2cc(Cl)cc(Cl)c2nc1Cl.N[C@@H](Cc1ccc(O)cc1)C(=O)O
CS(=O)(=O)Nc1cnc([C@@H](C)NC(=O)c2ccc3cc(C(F)(F)F)ccc3c2)cc1C,CS(=O)(=O)Nc1cnc([C@@H](C)N)cc1C.C(=O)(O)c1ccc2cc(C(F)(F)F)ccc2c1
O=C(NCCCCCC)c1ccnc(N2CCN(C(=O)c3cc(F)ccc3C(F)(F)F)CC2)c1,O=C(OC)c1ccnc(N2CCN(C(=O)c3cc(F)ccc3C(F)(F)F)CC2)c1.NCCCCCC
C1C2CC3CC1C(N(Nc1ccccc1[N+](=O)[O-])C(=O)C(C)(C)Br)C(C3)C2,C1C2CC3CC1C(NNc1ccccc1[N+](=O)[O-])C(C3)C2.C(=O)(Br)C(C)(C)Br
C1CN(NC(=O)OC(C)(C)C)CC=C1c1ccc(Cl)cn1,C1CN(NC(=O)OC(C)(C)C)CC=C1B1OC(C)(C)C(C)(C)O1.c1(Br)ccc(Cl)cn1
c1(C(=O)OCCC(C)C)ccccc1Oc1ccnc2cc(OC)c(OC)cc12,c1(C(=O)OCCC(C)C)ccccc1O.c1(Cl)ccnc2cc(OC)c(OC)cc12
c1(N(C(F)(F)F)C(F)(F)F)cccc(N)c1,c1(N(C(F)(F)F)C(F)(F)F)ccc(Cl)c(N)c1
C(C(=O)NCC(OC)OC)c1ccc(OC)c(OC)c1,C(C(=O)O)c1ccc(OC)c(OC)c1.NCC(OC)OC
c1cc2c(cc1Nc1cnccc1-c1ccccc1)CN(CCCC)C2=O,c1cc2c(cc1N)CN(CCCC)C2=O.c1(Br)cnccc1-c1ccccc1
[C@@H]1(Cc2ccc(F)cc2)C[C@@H](OC(=O)[C@H]2[C@@H](C=C(Cl)Cl)C2(C)C)c2ccccc21,[C@@H]1(Cc2ccc(F)cc2)C[C@@H](O)c2ccccc21.C(=O)(Cl)[C@H]1[C@@H](C=C(Cl)Cl)C1(C)C
N1(C2CCC2)CCc2ccc(Oc3ccc(N4CCCC4=O)cn3)cc2CC1,N1(C2CCC2)CCc2ccc(Oc3ccc(I)cn3)cc2CC1.N1CCCC1=O
N1(c2ncccc2[N+](=O)[O-])CCC(=CC#Cc2cccc(C)n2)CC1,N1(c2ncccc2[N+](=O)[O-])CCC(=CC#C)CC1.c1(Br)cccc(C)n1
C(C=O)CCNC(=O)N1CCN(c2ccccc2)CC1,C(CCNC(=O)N1CCN(c2ccccc2)CC1)C(OCC)OCC
CCc1nc2c(cnn2CC)c(NC2CCOCC2)c1CNC(=O)c1cccc(C(=O)NCc2cc(Cl)cc(-c3cccc(C=O)c3)c2)c1,CCc1nc2c(cnn2CC)c(NC2CCOCC2)c1CNC(=O)c1cccc(C(=O)NCc2cc(Cl)cc(Br)c2)c1.c1(B(O)O)cccc(C=O)c1
CC=CC(=O)OC(C)CC(C)C(C)C,C/C=C/C(=O)O.C(C)(O)CC(C)C(C)C
C(#Cc1cn(-c2ccc(F)cc2)c(C)n1)c1ccnc(C#N)c1,C(#Cc1c[nH]c(C)n1)c1ccnc(C#N)c1.c1(B(O)O)ccc(F)cc1
COC(=O)C=CC=CCBr,COC(=O)/C=C/C=C/C.BrN1C(=O)CCC1=O
C1C[C@@H](N(C)C(=O)CNC(=O)OC(C)(C)C)CN1Cc1ccccc1,C1C[C@@H](NC)CN1Cc1ccccc1.C(=O)(O)CNC(=O)OC(C)(C)C
Cc1ccc(Cn2ccc3ccc([C@@H]4O[C@H](COCc5ccccc5)[C@@H](OCc5ccccc5)[C@H](OCc5ccccc5)[C@H]4OCc4ccccc4)cc32)cc1,Cc1ccc(CCl)cc1.[nH]1ccc2ccc([C@@H]3O[C@H](COCc4ccccc4)[C@@H](OCc4ccccc4)[C@H](OCc4ccccc4)[C@H]3OCc3ccccc3)cc12
Fc1cc(F)ccc1-c1nc(N2CCCCC2)sc1-c1ccc2nnc(C(C)C)n2n1,Fc1cc(F)ccc1C(=O)C(Br)c1ccc2nnc(C(C)C)n2n1.NC(=S)N1CCCCC1
c1nc(-c2cc(F)ccc2F)ccc1C(=O)OC(C)(C)C,c1nc(Br)ccc1C(=O)OC(C)(C)C.c1(B(O)O)cc(F)ccc1F
CN(C)S(=O)(=O)c1ccc(N2CCOCC2)c(C(=O)N2CCN(c3ccc(C(C)=O)cc3F)CC2)c1,CN(C)S(=O)(=O)c1ccc(Cl)c(C(=O)N2CCN(c3ccc(C(C)=O)cc3F)CC2)c1.N1CCOCC1
P(=O)(Cc1noc(-c2cccc(C)n2)n1)(OCC)OCC,P(=O)(CC(N)=NOC(=O)c1cccc(C)n1)(OCC)OCC
C1CCC(N(C)C(=O)c2cc3nc(C)cc(-c4ccccc4)n3n2)CC1,C1CCC(NC)CC1.C(=O)(OC)c1cc2nc(C)cc(-c3ccccc3)n2n1
C1C=C2[C@H](CC[C@]3(C)C4OCCOC4C[C@@H]23)C2=C1CC(O)CC2,C1C=C2[C@H](CC[C@]3(C)C4OCCOC4C[C@@H]23)C2=C1CC(=O)CC2
C(#C)c1csc(C2CCNCC2)n1,C(#C)c1csc(C2CCN(C(=O)OC(C)(C)C)CC2)n1
c1ccc2c(C(=O)NCC3CCN(Cc4ccccc4)CC3)c[nH]c2c1,c1ccc2c(C(=O)O)c[nH]c2c1.NCC1CCN(Cc2ccccc2)CC1
C[C@@H](O[Si](C)(C)C(C)(C)C)[C@H](CO[Si](C)(C)C(C)(C)C)Cn1cnc2c(N)ncnc21,C[C@@H](O[Si](C)(C)C(C)(C)C)[C@H](CO[Si](C)(C)C(C)(C)C)Cn1cnc2c(Cl)ncnc21.N
C(COC)N(CCOC)CC(=O)O,C(COC)N(CCOC)CC(=O)OCc1ccccc1
C1CCN(C(=O)OC(C)(C)C)C[C@H]1C(=O)O,C1CCN(C(=O)OC(C)(C)C)C[C@H]1C(=O)OCC
c1(-c2cnn(C(C)(C)C)c2-c2ccc(F)cc2)nc(CC(=O)N2CCSCC2)cs1,c1(-c2cnn(C(C)(C)C)c2-c2ccc(F)cc2)nc(CC(=O)O)cs1.N1CCSCC1
c1(N)cc(OCCCN(C)C)c(F)cc1[N+](=O)[O-],c1(N)cc(F)c(F)cc1[N+](=O)[O-].OCCCN(C)C
CC(C)C(NC(=O)OC(C)(C)C)C(=O)N(C)CCc1ccccc1,CC(C)C(NC(=O)OC(C)(C)C)C(=O)O.N(C)CCc1ccccc1
c1ccccc1[C@H](CC(=O)O)NC(=O)c1cc([N+](=O)[O-])cc([N+](=O)[O-])c1,c1ccccc1[C@H](CC(=O)OCC)NC(=O)c1cc([N+](=O)[O-])cc([N+](=O)[O-])c1
[C@H]1(C(O)C(Cc2cc(F)cc(F)c2)[N+](=O)[O-])CC[C@@H](OCOCc2ccccc2)CN1C(=O)OC(C)(C)C,[C@H]1(C=O)CC[C@@H](OCOCc2ccccc2)CN1C(=O)OC(C)(C)C.C(Cc1cc(F)cc(F)c1)[N+](=O)[O-]
C(C)(=CC(=O)OCC)c1ccc(C(=O)OC(C)(C)C)cc1,C(C)(=O)c1ccc(C(=O)OC(C)(C)C)cc1.C(C(=O)OCC)P(=O)(OCC)OCC
c1cccc(OCCSCc2ccccc2-c2cccc(C(=O)NCCN(C)C)c2)c1,c1cccc(OCCSCc2ccccc2-c2cccc(C(=O)O)c2)c1.NCCN(C)C
Cc1cc(N)c(NC(=O)CC[C@H](NC(=O)OC(C)(C)C)C(=O)OCc2ccccc2)cc1C,Cc1cc(N)c(N)cc1C.C(=O)(O)CC[C@H](NC(=O)OC(C)(C)C)C(=O)OCc1ccccc1
C(#N)C(C)=CCN1C(=O)c2ccccc2S1(=O)=O,C(#N)C(C)=CCCl.N1C(=O)c2ccccc2S1(=O)=O
Brc1ccc(F)c(/C(=N\[S@@](=O)C(C)(C)C)C(F)F)c1,Brc1ccc(F)c(C(=O)C(F)F)c1.N[S@@](=O)C(C)(C)C
c1cccc2ccc(Nc3ccccc3)cc12,c1cccc2ccc(O)cc12.Nc1ccccc1
c1(-n2c(C#N)c(Cl)c3ccccc32)ccc(CN)cc1,c1(-n2c(C#N)c(Cl)c3ccccc32)ccc(CNC(=O)OC(C)(C)C)cc1
c1ccc(-c2cccnc2)s1,c1ccc(B(O)O)s1.c1(Br)cccnc1
Cc1noc(C)c1-c1cc2oc(-c3ccc(F)cc3)c(C(=O)NC)c2c2c1OC(C)C2,Cc1noc(C)c1B(O)O.c1(Br)cc2oc(-c3ccc(F)cc3)c(C(=O)NC)c2c2c1OC(C)C2
Cc1cnc(CN(CCCCN(C)C(=O)OC(C)(C)C)C2CCCc3cccnc32)c(C)c1,Cc1cnc(C=O)c(C)c1.N(CCCCN(C)C(=O)OC(C)(C)C)C1CCCc2cccnc21
c1(Cl)ccc(-c2cc3c4c(c2)[C@@H]2CN(CCCC)CC[C@@H]2N4CCC3)c(Cl)c1,c1(Cl)ccc(-c2cc3c4c(c2)[C@@H]2CNCC[C@@H]2N4CCC3)c(Cl)c1.C(Br)CCC
N(C(=O)OC(C)(C)C)[C@@H]1CCN(c2ccnc(NCCCC)c2)C1,N(C(=O)OC(C)(C)C)[C@@H]1CCNC1.c1(Br)ccnc(NCCCC)c1
c1cc(C#Cc2cn(CC(C)C)c(C)n2)cc(C)n1,c1cc(C#Cc2c[nH]c(C)n2)cc(C)n1.C(Br)C(C)C
C[C@]12CC[C@H]3[C@@H](CC[C@H]4C[C@@H](O)CC[C@@]43CO)[C@@H]1CCC2=O,C[C@]12CC[C@H]3[C@@H](CC=C4C[C@@H](O)CC[C@@]43CO)[C@@H]1CCC2=O
C(=O)(NCCCCN1CCCC1)c1cc(-c2ccnn2-c2ccc(C#N)cc2)c(C)n(-c2cccc(C(F)(F)F)c2)c1=O,C(=O)(OCC)c1cc(-c2ccnn2-c2ccc(C#N)cc2)c(C)n(-c2cccc(C(F)(F)F)c2)c1=O.NCCCCN1CCCC1
O=C1OCCN1c1ccc(C(=O)OC)c(N2CCCS2(=O)=O)c1,O=C1NCCO1.c1(Br)ccc(C(=O)OC)c(N2CCCS2(=O)=O)c1
c1c(C(CC)(CC)c2ccc(CCC(O)C(C)(C)C)c(C)c2)ccc(OCCN)c1C,c1c(C(CC)(CC)c2ccc(CCC(O)C(C)(C)C)c(C)c2)ccc(O)c1C.C(Br)CN
C=CCOCC12CN3C(c4ccccc4)N(C1)C(c1ccccc1)N(C2)C3c1ccccc1,C=CCBr.OCC12CN3C(c4ccccc4)N(C1)C(c1ccccc1)N(C2)C3c1ccccc1
c1ccc(C(O)CN(C)Cc2ccc(-c3cc(C(F)(F)F)n(C)n3)s2)cc1,c1ccc(C(O)CNC)cc1.C(=O)c1ccc(-c2cc(C(F)(F)F)n(C)n2)s1
O=C(N[C@H]1CCN(C(=O)c2cc(Cl)cc(Cl)c2)[C@H](Cc2ccccc2)C1)c1cc2ccccc2[nH]1,O=C(O)c1cc2ccccc2[nH]1.N[C@H]1CCN(C(=O)c2cc(Cl)cc(Cl)c2)[C@H](Cc2ccccc2)C1
n1ccc(-c2c(-c3ccc(F)cc3)nc3c(C)nccn23)nc1NCC(C)(C)C(=O)O,n1ccc(-c2c(-c3ccc(F)cc3)nc3c(C)nccn23)nc1NCC(C)(C)C(=O)OCC
Cn1cc(-c2cc(N)ccc2Oc2ccc(F)c(F)c2)c2cc[nH]c2c1=O,Cn1cc(-c2cc([N+](=O)[O-])ccc2Oc2ccc(F)c(F)c2)c2cc[nH]c2c1=O
C1[C@@H](O)[C@H](C)CC[C@H]1Nc1nc(NC(C)(C)C)ncc1C(N)=O,C1[C@@H](O)[C@H](C)CC[C@H]1Nc1nc(Cl)ncc1C(N)=O.NC(C)(C)C
S(=O)(=O)(CCCCC)NC(=O)CCc1ccc(OCCOC)cc1OCC1CCCO1,S(=O)(=O)(CCCCC)NC(=O)/C=C/c1ccc(OCCOC)cc1OCC1CCCO1
CCCCC(=O)N(CCCCl)CCc1ccccc1,CCCCC(=O)Cl.N(CCCCl)CCc1ccccc1
c12cc(OC)c(OC)cc1c(Oc1ccc([N+](=O)[O-])cc1F)c(C#N)cn2,c12cc(OC)c(OC)cc1c(Cl)c(C#N)cn2.Oc1ccc([N+](=O)[O-])cc1F
C(=C)(CN)C(=O)Nc1cccc(-c2ncnc3[nH]cc(C(=O)OCC)c23)c1,C(=C)(CNC(=O)OC(C)(C)C)C(=O)Nc1cccc(-c2ncnc3[nH]cc(C(=O)OCC)c23)c1
O=C(OC)C1CCN(Cc2ccccc2)CC1,O=C(OC)C1CCNCC1.C(Cl)c1ccccc1
CCC/C=C/COc1ccc(-c2ccc(C#N)cc2)cc1,CCC/C=C/CO.Oc1ccc(-c2ccc(C#N)cc2)cc1
c1(C)ccc(C(=N)NS(=O)(=O)c2ccc(F)c(Cl)c2)cc1F,c1(C)ccc(C(=N)N)cc1F.S(=O)(=O)(Cl)c1ccc(F)c(Cl)c1
N(CCc1ccc([N+](=O)[O-])cc1)C(=O)CBr,NCCc1ccc([N+](=O)[O-])cc1.C(=O)(Br)CBr
O=c1cc(NCCC2CCCCN2Cc2ccc(Cl)c(Cl)c2)[nH]c2ccccc12,O=c1cc(NCCC2CC=CCN2Cc2ccc(Cl)c(Cl)c2)[nH]c2ccccc12
c1c(-c2ccccc2)oc2c(C(=O)O)cccc12,c1c(-c2ccccc2)oc2c(C(=O)O)cc(Cl)cc12
c1(CNC(=O)C(C)=NNc2ccc(C(F)(F)F)cc2)ccc(Cl)nc1,c1(CN)ccc(Cl)nc1.C(=O)(O)C(C)=NNc1ccc(C(F)(F)F)cc1
c1(CC(=O)OC)ccccc1COc1ccccc1C,c1(CC(=O)OC)ccccc1CBr.Oc1ccccc1C
Cc1ccc(NC(=O)[C@H](CC2CCC(=NO)CC2)c2ccc(S(C)(=O)=O)c(Cl)c2)nc1,Cc1ccc(NC(=O)[C@H](CC2CCC(=O)CC2)c2ccc(S(C)(=O)=O)c(Cl)c2)nc1.NO
NC(=O)C[C@H](NC(=O)c1ccc2ccccc2n1)C(=O)O,NC(=O)C[C@H](N)C(=O)O.C(=O)(O)c1ccc2ccccc2n1
C=CC(c1ccccc1)c1cc(C)c2c(c1O)C(=NO)CC2,C=CC(c1ccccc1)c1cc(C)c2c(c1O)C(=O)CC2.NO
C(=O)(OC)c1cc(OCCC2(CCN3CCC(Nc4ccc(C)cc4)CC3)CCCCC2)cc(C(=O)OC)c1,C(=O)(OC)c1cc(OCCC2(CC=O)CCCCC2)cc(C(=O)OC)c1.N1CCC(Nc2ccc(C)cc2)CC1
C(=O)(Cn1c(CCC)nc2cc(N(Cc3cccc(C(F)(F)F)c3)S(=O)(=O)c3ccc(F)cc3)ccc21)OC(C)(C)C,C(=O)(Cn1c(CCC)nc2cc(NS(=O)(=O)c3ccc(F)cc3)ccc21)OC(C)(C)C.C(Br)c1cccc(C(F)(F)F)c1
c1ccc(Cl)c(Cl)c1/C(C#N)=N/NC(=N)N,c1ccc(Cl)c(Cl)c1C(=O)C#N.NNC(=N)N
C(=O)(Nc1cccc2cn[nH]c12)NC1N=C(C)c2ccccc2N(CC(=O)N(c2ccccc2)C(C)C)C1=O,C(=O)(Nc1cccc2cnn(C(=O)OC(C)(C)C)c12)NC1N=C(C)c2ccccc2N(CC(=O)N(c2ccccc2)C(C)C)C1=O
COC(=O)Cc1c(C)n(-c2ccc(Cl)cc2)c2ncccc12,COC(=O)Cc1c(C)[nH]c2ncccc12.c1(I)ccc(Cl)cc1
c1(C(F)(F)F)nn(NC(=O)CSC23CC4CC(CC(C4)C2)C3)c(=O)c2ccccc12,c1(C(F)(F)F)nn(N)c(=O)c2ccccc12.C(=O)(O)CSC12CC3CC(CC(C3)C1)C2
C(=O)(O)c1nc(-c2ccccc2Cl)n(-c2ccc([N+](=O)[O-])cc2)c1C,C(=O)(OC(C)(C)C)c1nc(-c2ccccc2Cl)n(-c2ccc([N+](=O)[O-])cc2)c1C
s1cc(-c2ccc(C(=O)O)cc2)nc1N1CCCCC1,S=C(N)N1CCCCC1.C(Br)C(=O)c1ccc(C(=O)O)cc1
C1CCCN(C(=O)c2cnn(OCCCC=O)c2)C1,C1CCCN(C(=O)c2cnn(OCCCC3OCCO3)c2)C1
c1(NN=Cc2cccnc2)ncnc2c(C)csc12,c1(NN)ncnc2c(C)csc12.C(=O)c1cccnc1
C1(C)c2cc(F)c(F)cc2CCN1C(=O)c1cc2ncc(Cl)cn2n1,C1(C)NCCc2cc(F)c(F)cc21.C(=O)(O)c1cc2ncc(Cl)cn2n1
S(=O)(=O)(NC(=O)c1ccc2c(c1)C(C)(C)CC(c1cc(N3CCOCC3)ccc1C)N2)C1CC1,S(N)(=O)(=O)C1CC1.C(=O)(O)c1ccc2c(c1)C(C)(C)CC(c1cc(N3CCOCC3)ccc1C)N2
c1(C2CCOCC2)ccc(F)c([C@@]2(C)NC(=O)COC(C)(C)C2(F)F)c1,c1(C2=CCOCC2)ccc(F)c([C@@]2(C)NC(=O)COC(C)(C)C2(F)F)c1
COC(=O)c1ccc(Oc2ccc(CC(NC(=O)OC(C)(C)C)C(=O)O)cc2)nc1,COC(=O)c1ccc(Cl)nc1.Oc1ccc(C[C@H](NC(=O)OC(C)(C)C)C(=O)O)cc1
n1(Cc2ccccc2CBr)cc(C2=C(c3cn(C)c4ccccc34)C(=O)OC2=O)c2ccccc21,[nH]1cc(C2=C(c3cn(C)c4ccccc34)C(=O)OC2=O)c2ccccc12.C(Br)c1ccccc1CBr
C(C)(C)(C)c1ccc(C(=O)N[C@@H](Cc2ccc(-c3ncc(-c4ccc(OCCCCCCC)cc4)cn3)cc2)C(=O)N[C@@H](CC(=O)O)C(=O)OC(C)(C)C)cc1,C(C)(C)(C)c1ccc(C(=O)N[C@@H](Cc2ccc(-c3ncc(-c4ccc(OCCCCCCC)cc4)cn3)cc2)C(=O)N[C@@H](CC(=O)OCc2ccccc2)C(=O)OC(C)(C)C)cc1
c1ccc(C#Cc2nn(COCC[Si](C)(C)C)c3cc(Nc4ccccc4C(=O)O)ccc23)nc1,c1ccc(C#Cc2nn(COCC[Si](C)(C)C)c3cc(Nc4ccccc4C(=O)OC)ccc23)nc1
c1(NC(=O)OC)cn2cc(Sc3ccccc3)ccc2n1,c1(N)cn2cc(Sc3ccccc3)ccc2n1.C(=O)(Cl)OC
c1ccc(C2CCN(Cc3cccn3-c3ccc(Cl)cc3)CC2)cc1NC(=O)C(C)C,c1ccc(C2CCNCC2)cc1NC(=O)C(C)C.C(=O)c1cccn1-c1ccc(Cl)cc1
CNCc1cccc(OCS(C)=O)c1,CNCc1cccc(OCSC)c1.OO
O=C(N)c1ccc(Oc2ccc3c(c2)CCCN(CC(CC)CC)C3)nc1,O=C(N)c1ccc(Oc2ccc3c(c2)CCCNC3)nc1.C(Br)C(CC)CC
COCOc1ccc(CCC(=O)c2c(OCOC)cc(OCOC)c(CC=C(C)C)c2OC(C)=O)cc1,COCOc1ccc(C=CC(=O)c2c(OCOC)cc(OCOC)c(CC=C(C)C)c2OC(C)=O)cc1
O=C(CC(Cc1cccs1)C(=O)O)N1C[C@@H]2CCCC[C@@H]2C1,O=C(C/C(=C\c1cccs1)C(=O)O)N1C[C@@H]2CCCC[C@@H]2C1
c1cocc1S(=O)(=O)Nc1cccc(-c2nc(C3CCOCC3)sc2-c2ccnc(NCC(C)C)n2)c1F,c1cocc1S(=O)(=O)Nc1cccc(-c2nc(C3CCOCC3)sc2-c2ccnc(Cl)n2)c1F.NCC(C)C
c1(OC)ccccc1C#C,c1(OC)ccccc1C#C[Si](C)(C)C
C(N=Cc1ccnc(C)c1)C1CC1,C(N)C1CC1.C(=O)c1ccnc(C)c1
O=C1CCc2cc(F)c(OCCCCN3CCN(c4cccc5ccccc45)CC3)nc2N1,O=C1CCc2cc(F)c(OCCCC=O)nc2N1.N1CCN(c2cccc3ccccc23)CC1
CN(C)C(=O)Cn1ccc2c(Nc3ncc(C#N)s3)nccc21,CN(C)C(=O)Cn1ccc2c(N)nccc21.c1(Cl)ncc(C#N)s1
c1(-c2ccc(C(C)C)cc2)nc(Cn2ccc3c(CC(OCC)C(=O)OCC)cccc32)c(C)o1,c1(-c2ccc(C(C)C)cc2)nc(CCl)c(C)o1.[nH]1ccc2c(CC(OCC)C(=O)OCC)cccc12
N1(CC(F)F)CC[C@@H](N)C1,N1(CC(F)F)CC[C@@H](NC(=O)OC(C)(C)C)C1
O=C(O)C(O)c1ccc(OCc2ccccc2)c(CCOCc2ccccc2)c1,O=C(OCC)C(O)c1ccc(OCc2ccccc2)c(CCOCc2ccccc2)c1
C1CC(=Cc2ccccc2Cl)CCN1C(=O)OC(C)(C)C,C1CC(=O)CCN1C(=O)OC(C)(C)C.C(c1ccccc1Cl)[P+](c1ccccc1)(c1ccccc1)c1ccccc1
c1(-c2c(Cl)cccc2Cl)noc(C(C)C)c1COc1ccc(-c2ccc3c(C(=O)O)cc(=O)oc3c2)cc1,c1(-c2c(Cl)cccc2Cl)noc(C(C)C)c1COc1ccc(-c2ccc3c(C(=O)OCC)cc(=O)oc3c2)cc1
O=C1OCCN1CCN1CCN(C2Cc3cc(Br)ccc3Oc3ccccc32)CC1,O=C1OCCN1CCCl.N1CCN(C2Cc3cc(Br)ccc3Oc3ccccc32)CC1
N#Cc1ccc(SCCN)nc1,N#Cc1ccc(SCCNC(=O)OC(C)(C)C)nc1
c1cccc([SiH](OC(c2c(Cl)ccc(NC(=O)CN3C(=O)c4ccccc4C3=O)c2Cl)C(C)(C)C)c2ccccc2)c1,c1cccc([SiH](OC(c2c(Cl)ccc(N)c2Cl)C(C)(C)C)c2ccccc2)c1.C(=O)(Cl)CN1C(=O)c2ccccc2C1=O
CS(=O)(=O)N1C(=O)N(c2cccc(C(F)(F)F)c2)C2=C(C(=O)CCC2)C1c1ccc(C#N)cc1Cl,CS(=O)(=O)Cl.N1C(=O)N(c2cccc(C(F)(F)F)c2)C2=C(C(=O)CCC2)C1c1ccc(C#N)cc1Cl
C(c1ccccc1)N1C[C@@H](C(=O)O)N(C(=O)[C@H](C)N[C@@H](CC(C)C)C(=O)OCc2ccccc2)C1=O,C(c1ccccc1)N1C[C@@H](C(=O)OC(C)(C)C)N(C(=O)[C@H](C)N[C@@H](CC(C)C)C(=O)OCc2ccccc2)C1=O
O=C(C1CCN(C(C)=O)CC1)N1CC[C@@H](N(C)C(=O)N(C)c2cc(C(F)(F)F)cc(C(F)(F)F)c2)[C@H](c2ccc(F)cc2)C1,O=C(O)C1CCN(C(C)=O)CC1.N1CC[C@@H](N(C)C(=O)N(C)c2cc(C(F)(F)F)cc(C(F)(F)F)c2)[C@H](c2ccc(F)cc2)C1
c12cc(I)ccc1NC(=O)C2=NNC(=O)c1ccc(CNC(=O)c2ccc(C(=O)O)cc2)cc1,c12cc(I)ccc1NC(=O)C2=NNC(=O)c1ccc(CNC(=O)c2ccc(C(=O)OC)cc2)cc1
COC(=O)c1ccccc1NC(=O)C[C@H]1O[C@H](c2cccc(OC)c2OC)c2cc(Cl)ccc2N(CC(C)(C)COC(C)=O)C1=O,COC(=O)c1ccccc1N.C(=O)(O)C[C@H]1O[C@H](c2cccc(OC)c2OC)c2cc(Cl)ccc2N(CC(C)(C)COC(C)=O)C1=O
C(=O)(OC)c1ccc(-c2c(C(=O)N(CCCC)CCCC)ncn2C)c(C(=O)N2CCc3ccccc3C2)c1,C(=O)(OC)c1ccc(B2OCC(C)(C)CO2)c(C(=O)N2CCc3ccccc3C2)c1.c1(Br)c(C(=O)N(CCCC)CCCC)ncn1C
O(C)c1nc2ccc(C(=O)c3cnc(C)n3C)cc2c(Cl)c1CC(C)C,O(C)c1nc2ccc(C(O)c3cnc(C)n3C)cc2c(Cl)c1CC(C)C
c12cc(Cl)ncc1c(Nc1ccccc1OC)nn2C(c1ccccc1)(c1ccccc1)c1ccccc1,c12cc(Cl)ncc1c(I)nn2C(c1ccccc1)(c1ccccc1)c1ccccc1.Nc1ccccc1OC
O=S(=O)(c1ccc(Cl)c(Cl)c1)N1CCN(c2ccc(F)cc2C(F)(F)F)CC1,O=S(=O)(Cl)c1ccc(Cl)c(Cl)c1.N1CCN(c2ccc(F)cc2C(F)(F)F)CC1
CSCCOc1cccc(C=O)c1,CSCCO.Oc1cccc(C=O)c1
c1(C(=O)Nc2cccnc2)ccc(-c2c(F)c(OC)cc(OC)c2F)c2nccnc12,c1(C(=O)O)ccc(-c2c(F)c(OC)cc(OC)c2F)c2nccnc12.Nc1cccnc1
c1c(C(=O)c2ncc3ccc(C(=O)O)cn23)ccc(N)c1OC,c1c(C(=O)c2ncc3ccc(C(=O)OC)cn23)ccc(N)c1OC
c1cccc(C(c2ccccc2)(c2ccccc2)n2cnc(C(=O)c3ccc4cc(C(C)(C)C)ccc4c3O[SiH](C)C)c2)c1,c1cccc(C(c2ccccc2)(c2ccccc2)n2cnc(C(O)c3ccc4cc(C(C)(C)C)ccc4c3O[SiH](C)C)c2)c1
COc1ccc2c(c1C=O)OCCO2,COc1ccc2c(c1)OCCO2.C(=O)N(C)C
O[C@H](C)c1nc2cnc3ccsc3c2n1[C@@H]1CC[C@@H](CNC(=O)OC(C)C)CC1,O[C@H](C)c1nc2cnc3ccsc3c2n1[C@@H]1CC[C@@H](CN)CC1.C(=O)(Cl)OC(C)C
c1(C#Cc2cc(-c3ccncn3)c(-c3ccco3)nc2N)ccccc1,c1(C#C)ccccc1.c1(Br)cc(-c2ccncn2)c(-c2ccco2)nc1N
c12nc(N)nc(-c3ccccc3)c1nnn2Cc1cccc(N2CCCC2=O)n1,c12nc(N)nc(Cl)c1nnn2Cc1cccc(N2CCCC2=O)n1.c1(B(O)O)ccccc1
CCC1SC(=O)N(Cc2ccc(NC(=O)C(F)(F)F)cc2)N=C1c1ccc(OC)c(OC)c1,CCC1SC(=O)N(Cc2ccc(N)cc2)N=C1c1ccc(OC)c(OC)c1.C(=O)(Cl)C(F)(F)F
C1=Cc2cccc(C(C)C)c2C1,C1=Cc2cccc(Br)c2C1.C(C)(C)[Mg+]
c1cc(C(=O)O)ccc1NC(=O)[C@@H]1N[C@@H](CC(C)(C)C)[C@@]2(C(=O)Nc3cc(Cl)ccc32)[C@H]1c1cccc(Cl)c1F,c1cc(C(=O)OC)ccc1NC(=O)[C@@H]1N[C@@H](CC(C)(C)C)[C@@]2(C(=O)Nc3cc(Cl)ccc32)[C@H]1c1cccc(Cl)c1F
c1ccc(C(NC(=O)CNC(=O)c2ccc(F)cc2)c2ccccc2)s1,c1ccc(C(N)c2ccccc2)s1.C(=O)(O)CNC(=O)c1ccc(F)cc1
C1COCCN1c1cc(=O)[nH]c(CC(=O)Nc2cccc(N(C)C)c2)n1,C1COCCN1c1cc(=O)[nH]c(CC(=O)[O-])n1.Nc1cccc(N(C)C)c1
O=S(C)(=O)c1ccc(-c2cc(F)c(OC3CCC(OS(C)(=O)=O)CC3)c(F)c2)cc1,O=S(C)(=O)c1ccc(-c2cc(F)c(OC3CCC(O)CC3)c(F)c2)cc1.S(C)(=O)(=O)Cl
c1ccccc1Cc1cc(C(=O)c2ccccc2)c2ccccc2c1O,c1ccccc1Cc1ccc2ccccc2c1O.C(=O)(Cl)c1ccccc1
NN1CCCSc2ccccc21,N(=O)N1CCCSc2ccccc21
c1(N)ccc(-c2cccnn2)cn1,c1(N)ccc(B2OC(C)(C)C(C)(C)O2)cn1.c1(Cl)cccnn1
c12cccc(Cl)c1C(=O)N(C(C(=O)OCC)C(C)C)C2,c12cccc(Cl)c1C(=O)NC2.C(Br)(C(=O)OCC)C(C)C
CCn1ncc2nc(C(=O)OCC#N)c(-c3ccccc3)nc21,CCn1ncc2nc(C(=O)O)c(-c3ccccc3)nc21.C(Cl)C#N
O=S(=O)(c1ccc(OC)cc1)C(C)(CCCCN1C(=O)c2ccccc2C1=O)C(=O)O,O=S(=O)(c1ccc(OC)cc1)C(C)(CCCCN1C(=O)c2ccccc2C1=O)C(=O)OCC
C(=O)(OCC)c1cc2cc(F)ccc2n1CC,C(=O)(OCC)c1cc2cc(F)ccc2[nH]1.C(C)I
c1(F)ccc(C=O)c(O)c1OCC,c1(F)ccc(C=O)c(O)c1O.C(C)I
c1(CNC[C@H](O)c2ccc(O)c3[nH]c(=O)ccc23)ccc(OCCOC(=O)c2ccc(COc3cccc([C@@H](NC(=O)O[C@H]4CN5CCC4CC5)c4ccccc4)c3)cc2)c(C)c1,c1(C=O)ccc(OCCOC(=O)c2ccc(COc3cccc([C@@H](NC(=O)O[C@H]4CN5CCC4CC5)c4ccccc4)c3)cc2)c(C)c1.NC[C@H](O)c1ccc(O)c2[nH]c(=O)ccc12
O=C(O)c1cccc(COc2ccc(-c3cc(Cn4cc5nc(-c6cccc(F)c6F)nc-5cn4)on3)cc2)c1,O=C(O)c1cccc(COc2ccc(-c3cc(CCl)on3)cc2)c1.[nH]1cc2nc(-c3cccc(F)c3F)nc-2cn1
c1cnn(-c2ncccc2[N+](=O)[O-])c1,c1cn[nH]c1.c1(Cl)ncccc1[N+](=O)[O-]
C1(NC(=O)c2ccc(C3=NCC(c4cc(Cl)c(Cl)c(Cl)c4)(C(F)(F)F)C3)cc2C(F)(F)F)CSC1,C1(N)CSC1.C(=O)(O)c1ccc(C2=NCC(c3cc(Cl)c(Cl)c(Cl)c3)(C(F)(F)F)C2)cc1C(F)(F)F
Cc1ncc(C2(CNC(=O)c3ccccc3Cl)CCOCC2)cn1,Cc1ncc(C2(CN)CCOCC2)cn1.C(=O)(O)c1ccccc1Cl
O(C)C(=O)C=Cc1ccc(NC(=O)c2ccc3ccccc3c2)cc1,O(C)C(=O)C=Cc1ccc(N)cc1.C(=O)(Cl)c1ccc2ccccc2c1
c1(-c2ccc(C)cc2Nc2ccnc3nc(C)ccc23)cccc(OC)c1,c1(-c2ccc(C)cc2N)cccc(OC)c1.c1(Cl)ccnc2nc(C)ccc12
c1(OC)ccc(C(=O)NC[C@@H]2[C@H]3C[C@H]3CN2C(=O)c2nc(C)sc2-c2cccc(C)c2)c(OC)c1,c1(OC)ccc(C(=O)O)c(OC)c1.NC[C@@H]1[C@H]2C[C@H]2CN1C(=O)c1nc(C)sc1-c1cccc(C)c1
C(Cc1nc(Nc2cnn(C3CCN(C(=O)OC(C)(C)C)C3)c2)ncc1Cl)c1ccccc1C1(C(N)=O)CC1,C(Cc1nc(Cl)ncc1Cl)c1ccccc1C1(C(N)=O)CC1.Nc1cnn(C2CCN(C(=O)OC(C)(C)C)C2)c1
c1cccc(C(C)OC(=O)N(C(C)C)C(C)C)c1[N+](=O)[O-],c1cccc(C(C)OC(=O)Cl)c1[N+](=O)[O-].N(C(C)C)C(C)C
NCC1CC2(CCN(C(=O)OC(C)(C)C)C2)C1,N#CC1CC2(CCN(C(=O)OC(C)(C)C)C2)C1
c1(C(C)=O)ccc(-c2ccc(-c3nc4nc(O[C@@H]5CO[C@@H]6[C@H](O)CO[C@H]56)[nH]c4cc3Cl)cc2)cc1,c1(C(C)=O)ccc(B(O)O)cc1.c1(Br)ccc(-c2nc3nc(O[C@@H]4CO[C@@H]5[C@H](O)CO[C@H]45)[nH]c3cc2Cl)cc1
c1cccc(C[C@@H]2COC(=O)N2C(=O)[C@H]2CCOC[C@@H]2C)c1,c1cccc(C[C@@H]2COC(=O)N2)c1.C(=O)(O)[C@H]1CCOC[C@H]1C
CCOC(=O)c1cc(C#N)c(N2CCN(C(=O)Nc3ccc(Cl)s3)C(CCC(=O)OC(C)(C)C)C2)nc1C(F)(F)F,CCOC(=O)c1cc(C#N)c(N2CCNC(CCC(=O)OC(C)(C)C)C2)nc1C(F)(F)F.C(=O)=Nc1ccc(Cl)s1
c1ccccc1NC(=O)CC(=O)OC,c1ccccc1N.C(=O)(Cl)CC(=O)OC
c1(C(=O)Oc2cc(Cl)c(Cl)cc2Cl)ccc(OCCCCCCCC)cc1,c1(C(=O)O)ccc(OCCCCCCCC)cc1.Oc1cc(Cl)c(Cl)cc1Cl
Cc1ccc(NC(=O)c2cc(N3CCN(C)CC3)cc(S(F)(F)(F)(F)F)c2)cc1-n1ccn2nc(-c3cccnc3)cc12,Cc1ccc(N)cc1-n1ccn2nc(-c3cccnc3)cc12.C(=O)(O)c1cc(N2CCN(C)CC2)cc(S(F)(F)(F)(F)F)c1
c1cccc(C(=O)OCC)c1N(CC(=O)N(C)c1ccccc1)C(=O)CNC(=O)Nc1cccc(C(C)O)c1,c1cccc(C(=O)OCC)c1N(CC(=O)N(C)c1ccccc1)C(=O)CN=C=O.Nc1cccc(C(C)O)c1
c1cc(CCn2c(COc3cccc(CC)c3)c(Cl)cc(Cl)c2=O)ccc1C(=O)NCC(=O)OCC,c1cc(CCn2c(COc3cccc(CC)c3)c(Cl)cc(Cl)c2=O)ccc1C(=O)O.NCC(=O)OCC
O=C(CCN1CCN(CC(=C)C)CC1)N1c2ccccc2C(=O)Nc2cccnc21,O=C(CCCl)N1c2ccccc2C(=O)Nc2cccnc21.N1CCN(CC(=C)C)CC1
N(C(=O)Cc1cc(F)cc(F)c1)n1nc(-c2ccccc2)c2cc(F)ccc2c1=O,Nn1nc(-c2ccccc2)c2cc(F)ccc2c1=O.C(=O)(O)Cc1cc(F)cc(F)c1
c1(C(=O)Nc2cnccc2NC(=O)c2ccc(OC)cc2OCCCNC(=O)OC(C)(C)C)ccc(OC)cc1,c1(C(=O)Nc2cnccc2N)ccc(OC)cc1.C(=O)(O)c1ccc(OC)cc1OCCCNC(=O)OC(C)(C)C
c1(OC)ccc(CN2CCc3nc(NC(=O)N[C@H](C)c4ccccc4)cc4c3c2nn4C(c2ccccc2)(c2ccccc2)c2ccccc2)cc1,c1(OC)ccc(CN2CCc3nc(Cl)cc4c3c2nn4C(c2ccccc2)(c2ccccc2)c2ccccc2)cc1.NC(=O)N[C@H](C)c1ccccc1
C1(NC(=O)[C@H]2CC[C@@H](N3CCN(c4ccc(F)cc4)CC3)C2)=C(C(=O)OCC)CC2(CC1)CC2,C1(NC(=O)[C@H]2CCC(=O)C2)=C(C(=O)OCC)CC2(CC1)CC2.N1CCN(c2ccc(F)cc2)CC1
C=Cc1ccc(OCOC)c(OCOC)c1,C[P+](c1ccccc1)(c1ccccc1)c1ccccc1.C(=O)c1ccc(OCOC)c(OCOC)c1
Cc1c[n+]([O-])c(N[C@@H]2CC[C@H](NC(=O)c3ccc(F)c(Cl)c3)CC2)cc1[N+](=O)[O-],Cc1c[n+]([O-])c(Cl)cc1[N+](=O)[O-].N[C@@H]1CC[C@H](NC(=O)c2ccc(F)c(Cl)c2)CC1
c1(C(F)(F)F)ccc(-c2ccccc2C(=O)Nc2c(C)cc3c(c2C)CCN3C(=O)Cc2ccccn2)cc1,c1(C(F)(F)F)ccc(-c2ccccc2C(=O)Cl)cc1.Nc1c(C)cc2c(c1C)CCN2C(=O)Cc1ccccn1
CC#CCOc1cc(NCc2ccccc2)ncn1,CC#CCOc1cc(Cl)ncn1.NCc1ccccc1
c1(-c2nnc(NCC(=O)O)s2)ccccc1,c1(-c2nnc(NCC(=O)OC(C)(C)C)s2)ccccc1
CCOC(=O)Cc1ccc(OC)c(-c2ccc(C(F)(F)F)cc2C=O)c1,CCOC(=O)Cc1ccc(OC)c(B2OC(C)(C)C(C)(C)O2)c1.c1(Br)ccc(C(F)(F)F)cc1C=O
O1CCCCC1OCCCNc1cccc(Br)n1,O1C=CCCC1.OCCCNc1cccc(Br)n1
CC(C)(C)OC(=O)N[C@@H]1CC[C@@H](N(CC(C)C)c2cc(-n3c(C(F)F)nc4ccccc43)nc(N3CCOCC3)n2)CC1,CC(C)(C)OC(=O)N[C@@H]1CC[C@@H](Nc2cc(-n3c(C(F)F)nc4ccccc43)nc(N3CCOCC3)n2)CC1.C(Br)C(C)C
O1CCN(CCNc2ccc(Br)cc2N)CC1,O1CCN(CCNc2ccc(Br)cc2[N+](=O)[O-])CC1
C(=O)(CCC)NCc1cc(NC(=O)c2c(C(F)(F)F)c(C(F)(F)C(F)(F)F)nn2C)ccc1Cl,C(=O)(Cl)CCC.[NH3+]Cc1cc(NC(=O)c2c(C(F)(F)F)c(C(F)(F)C(F)(F)F)nn2C)ccc1Cl
c12cc(NCC(C)N3CCN(c4ccccn4)CC3)ccc1OCO2,c12cc(NC(=O)C(C)N3CCN(c4ccccn4)CC3)ccc1OCO2
c1ccccc1COC[C@H](CNCCN(C)C)NS(=O)(=O)c1ccc(C)c2ccccc12,c1ccccc1COC[C@H](NS(=O)(=O)c1ccc(C)c2ccccc12)C(=O)NCCN(C)C
Cc1cc(C=O)ccc1OCC1CCC1,Cc1cc(C=O)ccc1O.C(Br)C1CCC1
C1CC1c1cc(C(=O)OCC)c(=O)n2ccc(-c3ccc(C(C)O)cc3)c(C)c12,C1CC1c1cc(C(=O)OCC)c(=O)n2ccc(-c3ccc(C(C)=O)cc3)c(C)c12
CNC(=O)c1ccc(N2CCN(Cc3cc(Cc4ccccc4)c4c(c3)NC(=O)C(C)O4)CC2)cc1,CNC(=O)c1ccc(N2CCNCC2)cc1.C(=O)c1cc(Cc2ccccc2)c2c(c1)NC(=O)C(C)O2
c1c(-c2ccc(C(=O)N[C@H](C(=O)OC)[C@@H](C)OC(C)(C)C)c([N+](=O)[O-])c2)ccc(OC)c1F,c1c(-c2ccc(C(=O)O)c([N+](=O)[O-])c2)ccc(OC)c1F.N[C@H](C(=O)OC)[C@@H](C)OC(C)(C)C
c12ccccc1C(=O)N(C(CCOCC)c1ccc(OC)c(OC)c1)C2,c12ccccc1C(=O)N(C(CCO)c1ccc(OC)c(OC)c1)C2.C(C)Br
O=C1NCC(c2ccc(Cl)cc2)C1c1ccccc1,O=C(OCC)C(c1ccccc1)C(CN)c1ccc(Cl)cc1
c1cc(OC2CCCCC2)ccc1N1CCN(C(C)=O)CC1,c1cc(O)ccc1N1CCN(C(C)=O)CC1.C1(Br)CCCCC1
n1c[nH]c2nc(N(CCC3CCCCC3)C(=O)OCC)cc(Cl)c12,n1c[nH]c2nc(NC(=O)OCC)cc(Cl)c12.C(Br)CC1CCCCC1
C1C(=O)Nc2ccc(OC)c(N)c2CN1Cc1ccccc1,C1C(=O)Nc2ccc(OC)c([N+](=O)[O-])c2CN1Cc1ccccc1
c1c(F)c(C(=O)O)cc(Cl)c1Nc1ncc2c(n1)N(C1CCCC1)CCC(=O)N2C,c1c(F)c(C(=O)OC(C)(C)C)cc(Cl)c1Nc1ncc2c(n1)N(C1CCCC1)CCC(=O)N2C
c1(NC(=O)C(O)(C=C)CC(C)(C)c2ccc(F)cc2Cl)ccc2c(=O)onc(C)c2c1,c1(NC(=O)C(=O)CC(C)(C)c2ccc(F)cc2Cl)ccc2c(=O)onc(C)c2c1.C(=C)[Mg+]
C=CCN(CCC(=O)O)C(=O)OC(C)(C)C,C=CCN(CCC(=O)OCC)C(=O)OC(C)(C)C
O=c1[nH]c2c3ccccc3ccc2n1CC,O=c1[nH]c2ccc3ccccc3c2[nH]1.C(C)Br
n1cnc(Nc2cccc(Cl)c2)cc1N(C)C(=O)Nc1c(C)cccc1C,n1cnc(Nc2cccc(Cl)c2)cc1NC.C(=O)=Nc1c(C)cccc1C
C1C2CC(CN1CCCC(Oc1ccc(OC)c(OC)c1)c1ccc(C#N)cc1)CN(C(=O)OC(C)(C)C)C2,C1C2CC(CN1CCCC(O)c1ccc(C#N)cc1)CN(C(=O)OC(C)(C)C)C2.Oc1ccc(OC)c(OC)c1
c12[nH]c(=O)c(=O)[nH]c1cc([N+](=O)[O-])c1c2CC(NC(C)=O)CC1,c12[nH]c(=O)c(=O)[nH]c1cc([N+](=O)[O-])c1c2CC(N)CC1.C(C)(=O)OC(C)=O
CCOc1ccc(OC)c2c1CCN(CC(=O)NCc1ccccn1)C2Cc1ccc(OC)c(OC)c1,CCI.Oc1ccc(OC)c2c1CCN(CC(=O)NCc1ccccn1)C2Cc1ccc(OC)c(OC)c1
N1(c2ccc3nnc(C(F)(F)F)n3n2)CCN(C(c2ccccc2)c2ccc(C(F)(F)F)cc2)CC1,N1CCN(C(c2ccccc2)c2ccc(C(F)(F)F)cc2)CC1.c1(Cl)ccc2nnc(C(F)(F)F)n2n1
N(C(=O)OC(C)(C)C)C1(C(=O)NC(CCNC(C)=O)c2ccc(Cl)cc2)CCN(c2ncnc3[nH]ccc23)CC1,N(C(=O)OC(C)(C)C)C1(C(=O)O)CCN(c2ncnc3[nH]ccc23)CC1.NC(CCNC(C)=O)c1ccc(Cl)cc1
c1(O)ccc(-c2ccc(F)c(Cl)c2)cc1C(=O)O,c1(O)ccc(Br)cc1C(=O)O.c1(B(O)O)ccc(F)c(Cl)c1
[C@H]1(N[C@H](C)c2ccc(F)c(OC)c2)CC[C@@H](c2ccc(C(=O)OC)cc2)C1,C1(=O)CC[C@@H](c2ccc(C(=O)OC)cc2)C1.N[C@H](C)c1ccc(F)c(OC)c1
CC(C)(OCc1ccc(Cl)cc1)C1(COc2cccc(Cl)n2)CO1,CC(C)(OCc1ccc(Cl)cc1)C(=O)COc1cccc(Cl)n1.C[S+](C)(C)=O
C(=O)(OCC)c1cnc2ccc3c(c2c1NCCN(C)C)CCS3(=O)=O,C(=O)(OCC)c1cnc2ccc3c(c2c1Cl)CCS3(=O)=O.NCCN(C)C
C(#N)c1ccc(C(=O)Nc2ccc(Cn3nc(CC(=O)OCC)c4ccccc43)cc2)cc1,C(#N)c1ccc(C(=O)Cl)cc1.Nc1ccc(Cn2nc(CC(=O)OCC)c3ccccc32)cc1
c1cc(OCCCN2CCCCC2)ccc1N1C[C@H](C)NC[C@H]1C,c1cc(OCCCN2CCCCC2)ccc1I.N1C[C@H](C)NC[C@H]1C
c1ccc(CNC(=O)c2ccc(C)nc2N)c(F)c1OC,c1ccc(CN)c(F)c1OC.C(=O)(O)c1ccc(C)nc1N
c1cc(N)cc(C(=O)OC)c1OC(c1ccc(C(F)(F)F)cc1)c1ccc(C(F)(F)F)cc1,c1cc([N+](=O)[O-])cc(C(=O)OC)c1OC(c1ccc(C(F)(F)F)cc1)c1ccc(C(F)(F)F)cc1
O=CNCCNC(=O)c1cnn2cc(Cc3ccc(Br)cc3)cnc12,O=CO.[NH3+]CCNC(=O)c1cnn2cc(Cc3ccc(Br)cc3)cnc12
c1cc2ncnn2cc1C(=O)O,c1cc2ncnn2cc1C(=O)OC
c1(CC)cccc2c(/C(C)=C/C(=O)O)cc(OC)c(O)c12,c1(CC)cccc2c(/C(C)=C/C(=O)O)cc(OC)c(OCOC)c12
C(C)OC(OCC)(C(=O)O)[C@H](CCC)NC(=O)OC(C)(C)C,C(C)OC(OCC)(C(=O)OCC)[C@H](CCC)NC(=O)OC(C)(C)C
c1cc(-c2nc3cnc(N)cn3c2CO)ccc1F,c1cc(-c2nc3cnc(Br)cn3c2CO)ccc1F.N
COc1ccc(C(=O)Nc2ccccc2)cc1NC(=S)Nc1ccc(Cl)cc1,COc1ccc(C(=O)Nc2ccccc2)cc1N.C(=S)=Nc1ccc(Cl)cc1
c1cc(-c2oc3cc(-c4c(C)noc4C)c4c(c3c2C(=O)NC)CC(C)O4)ccc1F,c1cc(-c2oc3cc(Br)c4c(c3c2C(=O)NC)CC(C)O4)ccc1F.c1(B(O)O)c(C)noc1C
CNC(=O)c1nnc(-c2ccc(F)cn2)o1,CN.C(=O)(OC)c1nnc(-c2ccc(F)cn2)o1
C(=O)(OCC(C)C)SCC(Cc1ccccc1)C(=O)Nc1cccc(C(=O)O)c1C,C(=O)(Cl)OCC(C)C.SCC(Cc1ccccc1)C(=O)Nc1cccc(C(=O)O)c1C
CC(=CC=CC(C)=CC(=O)OCC)CCC=C(C)CCC=C(C)C,CC(=CC=CC(C)=O)CCC=C(C)CCC=C(C)C.C(C(=O)OCC)P(=O)(OCC)OCC
CCCCCCCC(=O)NNC(=O)c1ccc(CO[Si](C)(C)C(C)(C)C)cc1,CCCCCCCC(=O)Cl.NNC(=O)c1ccc(CO[Si](C)(C)C(C)(C)C)cc1
CC(C)(C)OC(=O)N[C@H]1C[C@@H](C)CN(c2c(NC(=O)c3ccc(F)c(-c4c(F)cc(OC5CCCOC5)cc4F)n3)cnc3c2CCC3OC(C)=O)C1,CC(C)(C)OC(=O)N[C@H]1C[C@@H](C)CN(c2c(N)cnc3c2CCC3OC(C)=O)C1.C(=O)(O)c1ccc(F)c(-c2c(F)cc(OC3CCCOC3)cc2F)n1
Cc1cc(-c2cccc(C(=O)CC(=O)Nc3cc(C#N)c(N4CCCCC4)cc3NC(=O)OC(C)(C)C)c2)on1,Cc1cc(-c2cccc(C(=O)CC(=O)OC(C)(C)C)c2)on1.Nc1cc(C#N)c(N2CCCCC2)cc1NC(=O)OC(C)(C)C
c1c(C)ccc(Cc2c(C#N)cc(OC)c(O)c2C#N)c1C,c1c(C)ccc(CB2OC(C)(C)C(C)(C)O2)c1C.c1(Br)c(C#N)cc(OC)c(O)c1C#N
c1cccc(C(F)(F)F)c1C(CNC(=O)Cn1nc(-c2ccc(Cl)s2)n(Cc2ccccc2F)c1=O)NC(=O)OC(C)(C)C,c1cccc(C(F)(F)F)c1C(CN)NC(=O)OC(C)(C)C.C(=O)(O)Cn1nc(-c2ccc(Cl)s2)n(Cc2ccccc2F)c1=O
N(CCP(=O)(OCC)OCC)S(=O)(=O)Cl,NCCP(=O)(OCC)OCC.S(=O)(=O)(Cl)Cl
c1cc(OC)cc2c(C)c(C(CCCCS(C)(=O)=O)Nc3ccc(C(=O)N(C)CCC(=O)O)cc3)oc12,c1cc(OC)cc2c(C)c(C(CCCCS(C)(=O)=O)Nc3ccc(C(=O)N(C)CCC(=O)OCC)cc3)oc12
OCCN(C)C(=O)OCc1ccccc1,OCCNC.C(=O)(Cl)OCc1ccccc1
c1(F)c(F)ccc(C(=O)N2CC(O)(C(=O)NCC=C)C2)c1Nc1ccc(I)cc1F,c1(F)c(F)ccc(C(=O)O)c1Nc1ccc(I)cc1F.N1CC(O)(C(=O)NCC=C)C1
C(#Cc1ccc(C(C)(C)O[SiH2]C(C)(C)C)c(C(C)C)c1)[Si](C)(C)C,C(#C)[Si](C)(C)C.c1(OS(=O)(=O)C(F)(F)F)ccc(C(C)(C)O[SiH2]C(C)(C)C)c(C(C)C)c1
c1ccccc1C=CCO,c1ccccc1C=CC=O
C(C)(C#N)c1ccc2cc(OC)ccc2c1,C(C)(C#N)c1ccc2c(Br)c(OC)ccc2c1
c1c(C)cccc1-c1sc(C2CC2)nc1C(=O)N1CCC[C@@H](Nc2nccc(C(F)(F)F)n2)C1,c1c(C)cccc1-c1sc(C2CC2)nc1C(=O)N1CCC[C@@H](N)C1.c1(Cl)nccc(C(F)(F)F)n1
[C@H]12CCN(C1)c1ccc(-c3cncc(C)c3)nc1N2C(=O)Nc1cnccn1,[C@H]12CCN(C1)c1ccc(Cl)nc1N2C(=O)Nc1cnccn1.c1(B(O)O)cncc(C)c1
o1cc(C(C)(Br)C(=O)OC)nc1C,o1cc(C(C)C(=O)OC)nc1C.BrN1C(=O)CCC1=O
CCCC[C@H](N)C(=O)O,CCCC[C@H](N)C(=O)OC(C)(C)C
Clc1nc(NCC2(c3ccccc3)CCCCC2)c2ccccc2n1,Clc1nc(Cl)c2ccccc2n1.NCC1(c2ccccc2)CCCCC1
C1CC1S(=O)(=O)N(C)C[C@H](CC)N1C(=O)[C@](CCO[Si](C(C)C)(C(C)C)C(C)C)(CCN2CCOCC2)C[C@H](c2cccc(Cl)c2)[C@H]1c1ccc(Cl)cc1,C1CC1S(=O)(=O)N(C)C[C@H](CC)N1C(=O)[C@@](CC=O)(CCO[Si](C(C)C)(C(C)C)C(C)C)C[C@H](c2cccc(Cl)c2)[C@H]1c1ccc(Cl)cc1.N1CCOCC1
c1ccc2c(-c3ccccc3)cn(S(=O)(=O)c3ccc(C(=O)NCc4ccc(C(=O)O)cc4)cc3)c2c1,c1ccc2c(-c3ccccc3)cn(S(=O)(=O)c3ccc(C(=O)O)cc3)c2c1.NCc1ccc(C(=O)O)cc1
CCC[C@H](NC(=O)[C@H]1C[C@H](Oc2cc(-c3ccccc3)nc3cc(OC)ccc23)C=C1C(=O)N[C@H](C(=O)N[C@H](C(=O)OC)C1CCCCC1)C(C)C)C(=O)OC(C)(C)C,CCC[C@H](NC(=O)C1CC(Oc2cc(-c3ccccc3)nc3cc(OC)ccc23)C=C1C(=O)O)C(=O)OC(C)(C)C.NC(C(=O)NC(C(=O)OC)C1CCCCC1)C(C)C
c1cc(CO)ccc1C(C(=O)Nc1cccc(CCC(=O)OC(C)(C)C)c1C)C1CCCC1,c1cc(COC(C)=O)ccc1C(C(=O)Nc1cccc(CCC(=O)OC(C)(C)C)c1C)C1CCCC1
c1(C(F)(F)F)cccc(-c2ccc3c(n2)NCCC3(C)C)c1,c1(C(F)(F)F)cccc(B(O)O)c1.c1(Cl)ccc2c(n1)NCCC2(C)C
C(Oc1ccnc(CS(=O)c2nc3ccccc3n2S(=O)(=O)c2ccc(OCC(=O)OCCS(=O)(=O)c3ccccc3)c(OCC(=O)OCCS(=O)(=O)c3ccccc3)c2)c1C)C(F)(F)F,C(Oc1ccnc(CS(=O)c2nc3ccccc3[nH]2)c1C)C(F)(F)F.S(=O)(=O)(Cl)c1ccc(OCC(=O)OCCS(=O)(=O)c2ccccc2)c(OCC(=O)OCCS(=O)(=O)c2ccccc2)c1
c1cc(C2=NCC(c3cc(Cl)cc(Cl)c3)(C(F)(F)F)C2)c2ccccc2c1COS(C)(=O)=O,c1cc(C2=NCC(c3cc(Cl)cc(Cl)c3)(C(F)(F)F)C2)c2ccccc2c1CO.S(C)(=O)(=O)Cl
O=CC12CC3CC(CC(C3)C1)C2,OCC12CC3CC(CC(C3)C1)C2
O=C(NCc1ccccc1F)c1ccc2cnccc2n1,O=C(O)c1ccc2cnccc2n1.NCc1ccccc1F
c1cn(-c2cc3c(=O)n(NS(C)(=O)=O)c(=O)[nH]c3cc2[N+](=O)[O-])cc1CO,c1cn(-c2cc3c(=O)n(NS(C)(=O)=O)c(=O)[nH]c3cc2[N+](=O)[O-])cc1C=O
c1cccc2sc(NC(=O)c3cccc4c3CN(c3ccc(CCCOc5ccc(NC6CCN(C)CC6)cc5)c(C(=O)OC(C)(C)C)n3)CC4)nc12,c1cccc2sc(NC(=O)c3cccc4c3CN(c3ccc(CCCI)c(C(=O)OC(C)(C)C)n3)CC4)nc12.Oc1ccc(NC2CCN(C)CC2)cc1
COc1cc(C2Nc3ccc(C(=N)N)cc3C3c4ccccc4CC23)c(-c2ccc(C(=O)NCCN3CCCC3)cc2OC)cc1O,COc1cc(C2Nc3ccc(C(=N)N)cc3C3c4ccccc4CC23)c(-c2ccc(C(=O)O)cc2OC)cc1O.NCCN1CCCC1
N#CCCCCCc1ccccc1,N#CCCCCCBr.c1ccccc1
CC(C)S(=O)(=O)c1ccc(NC(=O)N(C)C)cc1C#N,CC(C)S(=O)(=O)c1ccc(N)cc1C#N.C(=O)(Cl)N(C)C
c12cccc([N+](=O)[O-])c1CN(C1CC(O)C(=O)NC1=O)C2=O,c12cccc([N+](=O)[O-])c1CN(C1CC(OC(C)=O)C(=O)NC1=O)C2=O
C1CCCC(OCCCCCC(C)(C)CCC(=O)OCC)O1,C1CCCC(OCCCCCC(C)(C)/C=C/C(=O)OCC)O1
C(O)(CC)c1cc(C(=O)N2CCN(c3cc(OC)cc(OC)c3)CC2)n(-c2ccccc2)n1,C(=O)c1cc(C(=O)N2CCN(c3cc(OC)cc(OC)c3)CC2)n(-c2ccccc2)n1.C(C)[Mg+]
c1(NC(=O)c2cn(C)nn2)cccc(Oc2ccc3nc(NC(=O)C4CC4)cn3n2)c1,c1(N)cccc(Oc2ccc3nc(NC(=O)C4CC4)cn3n2)c1.C(=O)(O)c1cn(C)nn1
CCOc1cc(C)nc2nc(S(=O)(=O)Nc3c(Cl)ccc(C)c3Cl)nn12,CCO.c1(Cl)cc(C)nc2nc(S(=O)(=O)Nc3c(Cl)ccc(C)c3Cl)nn12
C(=O)([C@@H](NC(=O)[C@H](NC)C(C)(C)c1ccsc1)C(C)(C)C)N(C)[C@H](/C=C(\C)C(=O)O)C(C)C,C(=O)([C@@H](NC(=O)[C@H](NC)C(C)(C)c1ccsc1)C(C)(C)C)N(C)[C@H](/C=C(\C)C(=O)OCC)C(C)C
COc1nc2ccc(C(=O)c3ccc(C)nc3C)cc2c(Cl)c1CC(C)C,COc1nc2ccc(C(O)c3ccc(C)nc3C)cc2c(Cl)c1CC(C)C
c1(C(C)(C)C)csc(NC(=O)CC2C(=O)OC(C)(C)CN2CC)n1,c1(C(C)(C)C)csc(N)n1.C(=O)(O)CC1C(=O)OC(C)(C)CN1CC
O(CC)C(=O)C(=O)Nc1nc2ccccc2s1,O(CC)C(=O)C(=O)OCC.Nc1nc2ccccc2s1
Brc1ccc2c(C)nn(Cc3c(F)cccc3Cl)c2c1,Brc1ccc2c(C)n[nH]c2c1.C(Cl)c1c(F)cccc1Cl
C1CCC(CCCN2CC[C@@H](Nc3cnc(/C=C/C(=O)NO)cn3)C2)CC1,C1CCC(CCCN2CC[C@@H](Nc3cnc(/C=C/C(=O)NOC4CCCCO4)cn3)C2)CC1
C1CN(C(=O)OC(C)(C)C)CCC1c1nc(-c2cnc(N)c(-c3nnc(C(C)(C)C)o3)n2)n(CC)n1,C1CN(C(=O)OC(C)(C)C)CCC1c1n[nH]c(-c2cnc(N)c(-c3nnc(C(C)(C)C)o3)n2)n1.C(C)I
c1cc(F)ccc1-c1c(C(=O)C(F)(F)F)c(C)nc2ccc(N3CCCCCC3)cc12,c1cc(F)ccc1-c1c(C(=O)C(F)(F)F)c(C)nc2ccc(Br)cc12.N1CCCCCC1
FC(F)(F)Oc1cccc(-c2ccc3c(c2)c(C(=O)C(=O)O)cn3Cc2ccccc2)c1,FC(F)(F)Oc1cccc(-c2ccc3c(c2)c(C(=O)C(=O)OCC)cn3Cc2ccccc2)c1
S(=O)(CCO)(=NS(=O)(=O)CC[Si](C)(C)C)c1ccc(Nc2ncc(Br)c(N[C@H](C)C(C)(C)O)n2)cc1,S(=O)(CCO)(=NS(=O)(=O)CC[Si](C)(C)C)c1ccc(N)cc1.c1(Cl)ncc(Br)c(N[C@H](C)C(C)(C)O)n1
C/C(=C\CO)c1ccc(-c2cc(OC)ccc2OC)cc1,C/C(=C\C(=O)OCC)c1ccc(-c2cc(OC)ccc2OC)cc1
c1(NC(=O)c2cnc3c(c2)N(S(=O)(=O)c2cc(Cl)ccc2OC)CCO3)ccc(C(=O)O)cc1,c1(NC(=O)c2cnc3c(c2)N(S(=O)(=O)c2cc(Cl)ccc2OC)CCO3)ccc(C(=O)OC(C)(C)C)cc1
O=[N+]([O-])c1ccc(Cn2ccc(C(F)(F)F)n2)cc1OCc1ccccc1,O=[N+]([O-])c1ccc(CBr)cc1OCc1ccccc1.[nH]1ccc(C(F)(F)F)n1
COC(=O)C(CCSC)NC(=O)CCc1ccc(O)cc1,COC(=O)[C@@H](N)CCSC.C(=O)(O)CCc1ccc(O)cc1
C(C)OC(=O)N[C@H]1CCc2c(S(=O)(=O)Nc3ccccc3)ccc(OC)c2C1,C(C)OC(=O)Cl.N[C@H]1CCc2c(S(=O)(=O)Nc3ccccc3)ccc(OC)c2C1
n1(-c2c(Cl)cc(F)cc2Cl)cc2c[n+]([O-])cc(F)c2n1,n1(-c2c(Cl)cc(F)cc2Cl)cc2cncc(F)c2n1.OOC(=O)c1cccc(Cl)c1
COc1cc2c(=O)c(-c3ccc(C4(N)CCC4)cc3)c(-c3ccccc3)oc2cc1C,COc1cc2c(=O)c(-c3ccc(C4(NC(=O)OC(C)(C)C)CCC4)cc3)c(-c3ccccc3)oc2cc1C
N1(C(=O)OC(C)(C)C)C[C@H](OC)C[C@H]1CO[Si](C)(C)C(C)(C)C,N1(C(=O)OC(C)(C)C)C[C@H](O)C[C@H]1CO[Si](C)(C)C(C)(C)C.CI
COc1cc(-c2cn(C3CCCC3)c3ncnc(Cl)c23)ccc1N,COc1cc(-c2cn(C3CCCC3)c3ncnc(Cl)c23)ccc1NC(=O)OC(C)(C)C
C(c1ccccc1Oc1ccc(-c2cn(C3CCOC3)c3ncnc(Cl)c23)cc1)N(CC)CC,C(=O)c1ccccc1Oc1ccc(-c2cn(C3CCOC3)c3ncnc(Cl)c23)cc1.N(CC)CC
C(C(=O)OC)C(c1ccc(O)cc1)C1CC1,C(C(=O)O)C(c1ccc(O)cc1)C1CC1.CO
CCCCCCCNC(=O)N(C)c1cccc(-c2ccc(CCC(=O)OC)cc2OCc2cccc(F)c2)c1,CCCCCCCNC(=O)N(C)c1cccc(-c2ccc(CCC(=O)OC)cc2O)c1.C(Br)c1cccc(F)c1
c1(C=O)cc(C#N)ccc1Oc1ccc(Cl)c(Cl)c1,c1(C=O)cc(Br)ccc1Oc1ccc(Cl)c(Cl)c1.[C-]#N
CON(C)C(=O)c1cc(Cl)c2ccnn2c1-c1cccc(F)c1,CONC.C(=O)(O)c1cc(Cl)c2ccnn2c1-c1cccc(F)c1
O(CC)c1cc(Nc2nc(N[C@@H](C)c3ncc(F)cn3)ccc2[N+](=O)[O-])n[nH]1,O(CC)c1cc(Nc2nc(Cl)ccc2[N+](=O)[O-])n[nH]1.N[C@@H](C)c1ncc(F)cn1
COc1cccc(C(=O)NCc2ccc(C#N)cc2O)c1,COc1cccc(C(=O)O)c1.NCc1ccc(C#N)cc1O
O=C1CCN1c1ccc(F)cc1,O=C(CCBr)Nc1ccc(F)cc1
C(CCN1CCOCC1)Oc1ccc(-c2ccc(C(=O)N3[C@H](C)CC[C@H]3C)cc2)cc1,C(CCCl)Oc1ccc(-c2ccc(C(=O)N3[C@H](C)CC[C@H]3C)cc2)cc1.N1CCOCC1
c1ccc(-c2cc(Oc3ccc(F)cc3N)n(CC)n2)cc1C#N,c1ccc(-c2cc(Oc3ccc(F)cc3[N+](=O)[O-])n(CC)n2)cc1C#N
c1cc(Br)cnc1OCC,c1cc(Br)cnc1Br.[O-]CC
c1(OCCN(C)C)ccc(C(=C(c2ccc(OC)cc2)C(F)(F)F)c2ccccc2)cc1,c1(F)ccc(C(=C(c2ccc(OC)cc2)C(F)(F)F)c2ccccc2)cc1.OCCN(C)C
c1cc(C#N)ccc1[C@@H]1CC[C@@H](CCCCC=C)CC1,c1cc(C#N)ccc1[C@@H]1CC[C@@H](CI)CC1.C([Mg+])CCC=C
C(=O)(NC(Cc1ccc(C(F)(F)F)cc1)C(O)c1cccc2ccccc12)c1ccc(C(F)(F)F)cc1,C(=O)(Cl)c1ccc(C(F)(F)F)cc1.NC(Cc1ccc(C(F)(F)F)cc1)C(O)c1cccc2ccccc12
C(N)C(=O)N1CCC[C@H]1C(=O)OC,C(NC(=O)OC(C)(C)C)C(=O)N1CCC[C@H]1C(=O)OC
C1CN(Cc2ccccc2)Cc2ccc(N(C)CC(C)C)nc21,C1CN(Cc2ccccc2)Cc2ccc(NCC(C)C)nc21.C=O
CCNC1(C(N)=O)CN(c2nc(-c3ccc(Cl)cc3)c(-c3ccc(Cl)cc3)c3nn(C)c(=O)n23)C1,CCNC1(C(N)=O)CN(c2nc(-c3ccc(Cl)cc3)c(-c3ccc(Cl)cc3)c3n[nH]c(=O)n23)C1.CI
c1cc2cc(C(=O)NOC(c3ccccc3)(c3ccccc3)c3ccccc3)sc2cc1C(=O)O,c1cc2cc(C(=O)NOC(c3ccccc3)(c3ccccc3)c3ccccc3)sc2cc1C(=O)OC
C[C@H](N)C(=O)N(C)C,C[C@H](NC(=O)OC(C)(C)C)C(=O)N(C)C
O(C(=O)Nc1ccc([N+](=O)[O-])cn1)C(C)(C)C,O(C(=O)OC(=O)OC(C)(C)C)C(C)(C)C.Nc1ccc([N+](=O)[O-])cn1
c1(F)ccc(OCC(N)COC)cc1,c1(F)ccc(OCC(=O)COC)cc1.N
N#CCc1csc(N)n1,NC(=O)Cc1csc(N)n1
c1(-c2ccccc2)noc(C)c1C(=O)NCCCN1CCC(c2cccc(NC(=O)C(C)C)c2)CC1,c1(-c2ccccc2)noc(C)c1C(=O)Cl.NCCCN1CCC(c2cccc(NC(=O)C(C)C)c2)CC1
CCOCC(=O)Nc1cnc2cccnc2c1NCc1cc(-c2ccc(F)cc2)no1,CCOCC(=O)Cl.Nc1cnc2cccnc2c1NCc1cc(-c2ccc(F)cc2)no1
Cn1cc(C(=O)NCc2ccc(Cl)cc2)c(=O)c2cc(CCCCCO)oc21,Cn1cc(C(=O)NCc2ccc(Cl)cc2)c(=O)c2cc(C#CCCCO)oc21
COc1cc(-c2ccc(Cl)c(C)c2)c(F)cc1Nc1ccc(SCc2ccccc2)cc1C=O,COc1cc(-c2ccc(Cl)c(C)c2)c(F)cc1Nc1ccc(Br)cc1C=O.SCc1ccccc1
COc1cc(N2CCN(CC3CC3)CC2)ccc1N,COc1cc(N2CCN(CC3CC3)CC2)ccc1[N+](=O)[O-]
C=C[C@@H](C#CC#C[C@@H](CCCCCCCCC)NC(=O)c1ccc(F)cc1)OC(C)=O,C=C[C@@H](C#CC#C[C@H](N)CCCCCCCCC)OC(C)=O.C(=O)(Cl)c1ccc(F)cc1
c1(COc2ccc(C(=O)O)cn2)conc1CCCC,c1(COc2ccc(C(=O)OC)cn2)conc1CCCC
c1cc(Nc2ccn(C)n2)ncc1OC,c1cc(Br)ncc1OC.Nc1ccn(C)n1
C(=O)(O)c1c(C)cccc1C=C,C(=O)(O)c1c(C)cccc1I.C(=C)[Sn](CCCC)(CCCC)CCCC
C(Oc1cc(-c2nc(CCC(=O)c3ccccc3OC(F)F)co2)ccc1OC)c1ccccc1,C(Oc1cc(-c2nc(CCC(=O)c3ccccc3O)co2)ccc1OC)c1ccccc1.C(F)(F)Cl
Clc1ccc(C#N)c(OCCC)n1,Clc1ccc(C(N)=O)c(OCCC)n1
c1cc(-c2ccc(C)cn2)ccc1[Si](C)(C)C,c1cc(B(O)O)ccc1[Si](C)(C)C.c1(Br)ccc(C)cn1
c1cc(-c2cc(NC(=O)c3cccc(C)c3)c3cn[nH]c3c2)c2cc[nH]c2c1,c1cc(-c2cc(N)c3cn[nH]c3c2)c2cc[nH]c2c1.C(=O)(O)c1cccc(C)c1
COC(CN(C)C(=O)Cc1ccccc1)OC,COC(CNC)OC.C(=O)(Cl)Cc1ccccc1
C=CCOc1cc(OC(C)=O)cc(C(=O)O)c1,C=CCOc1cc(O)cc(C(=O)O)c1.C(C)(=O)Cl
C1(CCCCN2C(=O)c3ccccc3C2=O)COC(c2ccccc2)O1,C1(CCCCO)COC(c2ccccc2)O1.N1C(=O)c2ccccc2C1=O
[N+](=O)([O-])c1c(C)ccc2c(OC)nccc12,[N+](=O)([O-])c1c(C)ccc2c(Cl)nccc12.[O-]C
CCOC(=O)C(O)c1csc(NS(C)(=O)=O)n1,CCOC(=O)C(=O)c1csc(NS(C)(=O)=O)n1
N#Cc1nc(C(=O)NCC[C@H](N)C(=O)O)c(O)c2ccc(Oc3ccccc3)cc12,N#Cc1nc(C(=O)NCC[C@H](NC(=O)OC(C)(C)C)C(=O)O)c(O)c2ccc(Oc3ccccc3)cc12
O=C(c1cccs1)c1cnn2c(-c3cccc(NC(=O)c4ccccc4)c3)ccnc12,O=C(c1cccs1)c1cnn2c(-c3cccc(N)c3)ccnc12.C(=O)(Cl)c1ccccc1
C[C@H](CC(=O)OC(C)(C)C)Oc1ccccc1-c1ccc(C(=O)O)c(F)c1,C[C@H](CC(=O)OC(C)(C)C)Oc1ccccc1-c1ccc(C(=O)OCc2ccccc2)c(F)c1
O=C(Nc1cccc(C(=O)O)c1)NC1N=C(c2ccccc2F)c2ccccc2N(CC(=O)N2CC3CCC(CC3)C2)C1=O,O=C(Nc1cccc(C(=O)OC)c1)NC1N=C(c2ccccc2F)c2ccccc2N(CC(=O)N2CC3CCC(CC3)C2)C1=O
O=C(C)N1CC(c2ccc3c(c2)-n2nc(-c4ncnn4C(C)C)cc2CCO3)C1,O=C(C)OC(C)=O.N1CC(c2ccc3c(c2)-n2nc(-c4ncnn4C(C)C)cc2CCO3)C1
N(C(=O)c1cccc2c1cc(-c1nc(N[C@@H]3CCC[C@@H]3O)ncc1Cl)n2COCC)C1CC1,N(C(=O)c1cccc2c1cc(-c1nc(Cl)ncc1Cl)n2COCC)C1CC1.N[C@@H]1CCC[C@@H]1O
N1(C(=O)C2CN(C(=O)OC(C)(C)C)c3cc(Cl)c(O)cc3O2)CCC(C#N)(Cc2ccc(F)nc2)CC1,N1(C(=O)C2CN(C(=O)OC(C)(C)C)c3cc(Cl)c(OCc4ccccc4)cc3O2)CCC(C#N)(Cc2ccc(F)nc2)CC1
O=[N+]([O-])c1ccc(Oc2ncnc3sccc23)cc1,O=[N+]([O-])c1ccc(O)cc1.c1(Cl)ncnc2sccc12
c1c(OC)c(OC)cc2c(-c3ccc(C(C)C)cc3)nc(C)nc12,c1c(OC)c(OC)cc2c(-c3ccc(C(C)C)cc3)nc(Cl)nc12.C[Mg+]
COc1ccc(C=O)cc1-c1cccs1,COc1ccc(C=O)cc1Br.c1(B(O)O)cccs1
c1ccnc(N2CCCNCC2)c1,c1ccnc(Br)c1.N1CCCNCC1
Nc1cc(N)nc(CC(C)C)c1C#N,Nc1cc(N)nc(Br)c1C#N.C([Zn+])C(C)C
c1(NC(=O)CCCC)ncnc2c1ncn2-c1ccc(NC(=O)Nc2ccc(Cl)c(C(F)(F)F)c2)cc1,c1(N)ncnc2c1ncn2-c1ccc(NC(=O)Nc2ccc(Cl)c(C(F)(F)F)c2)cc1.C(=O)(CCCC)OC(=O)CCCC
C=C(C)c1snc(-c2ccc(CC)cc2)c1CO,C=C(C)c1snc(-c2ccc(CC)cc2)c1C(=O)OCC
Nc1ccc(N2CCCC2CNCCO)cc1,[N+](=O)([O-])c1ccc(N2CCCC2CNCCO)cc1
C1CC1(NC(=O)OC(C)(C)C)C(=O)NCC(=O)C(C)(C)C,C1CC1(NC(=O)OC(C)(C)C)C(=O)O.NCC(=O)C(C)(C)C
CCOC(=O)Cc1cncc(-c2ccc(C(F)(F)F)cc2CN(CC)C(=O)CCc2cccnc2)c1,CCOC(=O)Cc1cncc(-c2ccc(C(F)(F)F)cc2CNCC)c1.C(=O)(O)CCc1cccnc1
O=[N+]([O-])c1cc(-c2ccccc2F)c(OCC(F)(F)F)cc1NC(=O)OC(C)(C)C,O=[N+]([O-])c1cc(I)c(OCC(F)(F)F)cc1NC(=O)OC(C)(C)C.c1(B(O)O)ccccc1F
O=C1S/C(=C\c2ccc3c(ccn3Cc3ccc(C(F)(F)F)cc3C(F)(F)F)c2)C(=O)N1CCO,O=C1NC(=O)/C(=C/c2ccc3c(ccn3Cc3ccc(C(F)(F)F)cc3C(F)(F)F)c2)S1.C(Br)CO
COc1cc2c(Nc3ccc(Cl)cc3F)ncnc2cc1OCCN1CCNC1=O,COc1cc2c(Nc3ccc(Cl)cc3F)ncnc2cc1O.C(O)CN1CCNC1=O
C1CCc2c(cc(O)cc2CC(=O)OCC)C1,C1CCc2c(cc(OC)cc2CC(=O)OCC)C1
c1(OC(F)F)cc(-c2ccc3c(c2)CNCCO3)ccc1OC,c1(OC(F)F)cc(-c2ccc3c(c2)CN(C(=O)OC(C)(C)C)CCO3)ccc1OC
C1CCN(CCn2nc(Cl)c3cc([N+](=O)[O-])ccc32)C1,C1CCN(CCCl)C1.[nH]1nc(Cl)c2cc([N+](=O)[O-])ccc12
O(CCNCCOC(=O)CCCCCCC/C=C\CCCCCCCC)C(=O)CCCCCCC/C=C\CCCCCCCC,O(CCN(CCOC(=O)CCCCCCC/C=C\CCCCCCCC)C(=O)OC(C)(C)C)C(=O)CCCCCCC/C=C\CCCCCCCC
c1ccccc1COC(=O)N[C@@H](Cc1ccccc1)C(=O)O,c1ccccc1COC(=O)Cl.N[C@@H](Cc1ccccc1)C(=O)O
Cc1ccc(N)c(N)n1,Cc1ccc([N+](=O)[O-])c(N)n1
O=C1Cc2c(CCN3C(=O)c4ccccc4C3=O)cccc2N1,O=C1Nc2cccc(CCN3C(=O)c4ccccc4C3=O)c2C1Cl
Cc1nc2cnc3ccsc3c2n1[C@H]1CC[C@H](CO)OC1,CC(=O)O.Nc1cnc2ccsc2c1N[C@H]1CC[C@H](CO)OC1
COc1cc(O)c2c(c1C(=O)NCc1c(C)ccc3ccc(Cl)cc13)OC1=CC(O)=C(C(C)=O)C(=O)[C@]12C,COc1cc(O)c2c(c1C(N)=O)OC1=CC(O)=C(C(C)=O)C(=O)[C@]12C.C(=O)c1c(C)ccc2ccc(Cl)cc12
c1cc(Cl)c(OC)cc1C(=O)N[C@@H]1CCC[C@H]1N1CCC(OC)CC1,c1cc(Cl)c(OC)cc1C(=O)Cl.N[C@@H]1CCC[C@H]1N1CCC(OC)CC1
C1COc2ccc(-c3ccc(C)cc3)cc2C=C1C(=O)Nc1ccc(-c2cccc[n+]2[O-])cc1,C1COc2ccc(-c3ccc(C)cc3)cc2C=C1C(=O)Nc1ccc(-c2ccccn2)cc1.OOC(=O)c1cccc(Cl)c1
c1c(C=O)c(NCc2ccc(OC)cc2)nc2ccc(Br)cc12,c1c(C=O)c(Cl)nc2ccc(Br)cc12.NCc1ccc(OC)cc1
n1c(Nc2sc(-c3ccccc3F)cc2C(N)=O)cccc1C(C)(C)O,n1c(Br)cccc1C(C)(C)O.Nc1sc(-c2ccccc2F)cc1C(N)=O
N1(C(=O)OC(C)(C)C)CCC(Nc2ccc(Cl)cc2)CC1,N1(C(=O)OC(C)(C)C)CCC(=O)CC1.Nc1ccc(Cl)cc1
C(OCC[Si](C)(C)C)N(C(=O)c1cccc(C(C)(C)C#N)c1)c1ccc(C)c(Br)c1,C(Cl)OCC[Si](C)(C)C.N(C(=O)c1cccc(C(C)(C)C#N)c1)c1ccc(C)c(Br)c1
c1(OS(C)(=O)=O)cc(OC)cc(-c2cccc(C3(C)CC(=O)N(C)C(N)=N3)c2)c1,c1(OS(C)(=O)=O)cc(OC)cc(B2OC(C)(C)C(C)(C)O2)c1.c1(Br)cccc(C2(C)CC(=O)N(C)C(N)=N2)c1
COc1cccc(CNC(=S)NCc2cccc(OC)c2)c1,COc1cccc(CN=C=S)c1.NCc1cccc(OC)c1
C(=O)(CN(CCO)c1ccccc1)Nc1ccc(-c2ccncc2)cc1,C(=O)(CN(CC(=O)OCC)c1ccccc1)Nc1ccc(-c2ccncc2)cc1
CC(C)(C)OC(=O)N1[C@@H](CO)CC[C@H]1c1ccc(F)cc1,CC(C)(C)OC(=O)N1[C@@H](C(=O)OCC)CC[C@H]1c1ccc(F)cc1
n1ccc2nc(-c3ccc(C(=O)OCC)cc3)ccn12,n1ccc2nc(Br)ccn12.c1(B(O)O)ccc(C(=O)OCC)cc1
CS(=O)(=O)c1ccc(OCc2ccc(C3CCN(C#N)CC3)cn2)cc1,CS(=O)(=O)c1ccc(OCc2ccc(C3CCNCC3)cn2)cc1.C(#N)Br
O=C(OCC)c1ccnc(Cl)c1,O=C(O)c1ccnc(Cl)c1.C(C)O
COc1cncc2nc(-c3ccnc(Nc4ccccc4)c3)nc(N3CC[C@H](O)[C@H](O)C3)c12,COc1cncc2nc(-c3ccnc(Cl)c3)nc(N3CC[C@H](O)[C@H](O)C3)c12.Nc1ccccc1
OC[C@@H]1CO[C@@](CI)(c2ccc(F)cc2F)C1,OC(=O)[C@@H]1CO[C@@](CI)(c2ccc(F)cc2F)C1
c1ccc2c(c1)cc(C(=O)N1CCC(C(=O)NCCc3ccncc3)CC1)n2Cc1ccc(Cl)cc1,c1ccc2c(c1)cc(C(=O)N1CCC(C(=O)O)CC1)n2Cc1ccc(Cl)cc1.NCCc1ccncc1
n1c(-c2ccc([N+](=O)[O-])cc2)c(-c2ccnc3c2cc([Si](C)(C)C)n3S(=O)(=O)c2ccccc2)cn1C,n1c(-c2ccc([N+](=O)[O-])cc2)c(B2OC(C)(C)C(C)(C)O2)cn1C.c1(Br)ccnc2c1cc([Si](C)(C)C)n2S(=O)(=O)c1ccccc1
CC[C@](OC(=O)c1ccc([N+](=O)[O-])cc1)(c1cn(Cc2ccc3c(-c4ccccc4)cc(C#N)nc3c2)nn1)C(F)(F)F,CCC(C#C)(OC(=O)c1ccc([N+](=O)[O-])cc1)C(F)(F)F.N(Cc1ccc2c(-c3ccccc3)cc(C#N)nc2c1)=[N+]=[N-]
c1nn(Cc2ccc(OC)cc2)c2ncc(N)c(N3CCC[C@H](NC(=O)OC(C)(C)C)C3)c12,c1nn(Cc2ccc(OC)cc2)c2ncc(NC(=O)OC(C)(C)C)c(N3CCC[C@H](NC(=O)OC(C)(C)C)C3)c12
N(C(=O)c1ncccc1F)C1(C(=O)OCC)Cc2ccccc2C1,NC1(C(=O)OCC)Cc2ccccc2C1.C(=O)(O)c1ncccc1F
C=CCOC(=O)N1C[C@H](O)C[C@H]1CCn1ccnc1,C=CCOC(=O)N1C[C@H](O[Si](C)(C)C(C)(C)C)C[C@H]1CCn1ccnc1
c1cc(C2(O)CCN(Cc3ccccc3)CC2)ccc1Br,c1cc(C2(O)CCNCC2)ccc1Br.C(Br)c1ccccc1
O=[N+]([O-])c1ccccc1N1CCNCC1,O=[N+]([O-])c1ccccc1F.N1CCNCC1
Cn1cc(C(=O)NCc2ccc(Cl)cc2)c(=O)c2cc(CN3CCOCC3)cc(C#Cc3cccnc3)c21,Cn1cc(C(=O)NCc2ccc(Cl)cc2)c(=O)c2cc(CN3CCOCC3)cc(I)c21.C#Cc1cccnc1
c1(F)ccc2c(c1)CN(C(=O)c1ccc(OCCCN3CCCCC3)cc1)C2,c1(F)ccc2c(c1)CNC2.C(=O)(Cl)c1ccc(OCCCN2CCCCC2)cc1
c1cc(Cl)ccc1C1(C(N)CC(O)(CC)CC)CCC1,c1cc(Cl)ccc1C1(C(=N)CC(O)(CC)CC)CCC1
n1cc(F)c(NC(C)c2ccc(O)cc2)nc1Cl,n1cc(F)c(Cl)nc1Cl.NC(C)c1ccc(O)cc1
c1ccccc1Oc1ccc2c(O)c(C(=O)NCC3(C(=O)OC(C)(C)C)CCS(=O)CC3)nc(C#N)c2c1,c1ccccc1Oc1ccc2c(O)c(C(=O)OC)nc(C#N)c2c1.NCC1(C(=O)OC(C)(C)C)CCS(=O)CC1
C1CC1COc1ncc(N)cc1Br,C1CC1COc1ncc([N+](=O)[O-])cc1Br
c1cccc2c1C(=O)N(CC(=O)C(C)C)C2=O,c1cccc2c1C(=O)NC2=O.C(Br)C(=O)C(C)C
Oc1ccc(C2=CCCCCCC2)cc1,O(C)c1ccc(C2=CCCCCCC2)cc1
c1(OC)ccccc1CC(=O)N1CC2C(C1)C(O)(c1ccccc1OC)CCC2(C)c1ccccc1,c1(OC)ccccc1CC(=O)N1CC2C(=O)CCC(C)(c3ccccc3)C2C1.c1(Br)ccccc1OC
C1CC(C(=O)N2C[C@@H](c3ccc(Cl)c(Cl)c3)[C@H](N(C)C(=O)c3ccc(Cl)cc3)C2)CCN1C(=O)CO,C1CC(C(=O)O)CCN1C(=O)CO.N1C[C@@H](c2ccc(Cl)c(Cl)c2)[C@H](N(C)C(=O)c2ccc(Cl)cc2)C1
N#Cc1ccccc1N1CCN(C(=O)[C@@H]2C[C@H](n3nnc(-c4ccc(F)cc4F)n3)CN2)CC1,N#Cc1ccccc1N1CCN(C(=O)C2CC(n3nnc(-c4ccc(F)cc4F)n3)CN2C(=O)OC(C)(C)C)CC1
Brc1ccc(-c2cn(CCN3CCCCC3)nc2OCc2ccccc2)cc1,Brc1ccc(-c2c[nH]nc2OCc2ccccc2)cc1.C(Cl)CN1CCCCC1
CC(C)C(=O)Nc1cccc(C2CCN(CC[C@H](NC(=O)c3ccc(Oc4cc(Cl)cc(Cl)c4)[nH]3)c3ccccc3)CC2)c1,CC(C)C(=O)Nc1cccc(C2CCN(CC[C@H](N)c3ccccc3)CC2)c1.C(=O)(Cl)c1ccc(Oc2cc(Cl)cc(Cl)c2)[nH]1
O=C(Nc1c(F)ccc(O)c1F)c1cccc(-c2cccc(F)c2)c1,O=C(O)c1cccc(-c2cccc(F)c2)c1.Nc1c(F)ccc(O)c1F
C(CCCCC(=O)OCC)CC(CCCC(OC(C)=O)C(C)(C)CCCC)C(C)=O,C(CCCCC(=O)OCC)CC(CCCC(OC(C)=O)C(C)(C)CCCC)(C(C)=O)C(=O)OC(C)(C)C
c1(-c2cc(O)c3ccnn3c2)cnn(C)c1,c1(-c2cc(OCc3ccccc3)c3ccnn3c2)cnn(C)c1
NC(=O)c1ccc(Cl)nc1Nc1ccc(C(=O)OC)cc1,NC(=O)c1ccc(Cl)nc1Cl.Nc1ccc(C(=O)OC)cc1
C(c1ccc(OCCCN)cc1)C(CCCC)C(=O)OCC,C(c1ccc(OCCCN=[N+]=[N-])cc1)C(CCCC)C(=O)OCC
O=C(CC(F)(F)F)NNc1nncc(N2CCC3(CC2)C(=O)Oc2ccccc23)c1Cl,O=C(Cl)CC(F)(F)F.NNc1nncc(N2CCC3(CC2)C(=O)Oc2ccccc23)c1Cl
CCOC(=O)c1c(C)n(COCC[Si](C)(C)C)c2ncc(-c3cc(OC)c(OC)c(OC)c3)nc12,CCOC(=O)c1c(C)[nH]c2ncc(-c3cc(OC)c(OC)c(OC)c3)nc12.C(Cl)OCC[Si](C)(C)C
c1(-c2nc3ccc(N4CCN[C@H](C)C4)nn3c2-c2ccnc3c2ccn3S(=O)(=O)c2ccc(C)cc2)ccc(F)cc1,c1(-c2nc3ccc(Cl)nn3c2-c2ccnc3c2ccn3S(=O)(=O)c2ccc(C)cc2)ccc(F)cc1.N1CCN[C@H](C)C1
c1ncc(Br)cc1SCC,c1ncc(Br)cc1Br.SCC
[C@@H](COC[C@H](Cc1ccc(C)cc1)[C@@H](OCC(C)C)[C@H](C)O)(NC(=O)OC(C)(C)C)C(=O)O,[C@@H](COC[C@H](Cc1ccc(C)cc1)[C@@H](OCC(C)C)[C@H](C)O)(NC(=O)OC(C)(C)C)C(=O)OC
C1CC(n2cc(B3OC(C)(C)C(C)(C)O3)cn2)CCN1S(C)(=O)=O,C1CC(n2cc(B3OC(C)(C)C(C)(C)O3)cn2)CCN1.S(C)(=O)(=O)Cl
C(C)OC(=O)[C@@H]1CC[C@H](Oc2ccc(C(=O)NCCN)cc2)CC1,C(C)OC(=O)[C@@H]1CC[C@H](Oc2ccc(C(=O)NCCNC(=O)OC(C)(C)C)cc2)CC1
Cc1ccc(NC(=O)c2cccc(N(C)C)c2)cc1NC(=O)c1ccc2ncccc2c1,Cc1ccc(NC(=O)c2cccc(N(C)C)c2)cc1N.C(=O)(O)c1ccc2ncccc2c1
c1(Br)ccc2[nH]c3c(c2c1)CNCC3,c1(Br)ccc(NN)cc1.C1(=O)CCNCC1
C1CNCC(C(=O)O)N1Cc1cccc(-c2ccnc(Cl)n2)c1,C1CN(C(=O)OC(C)(C)C)CC(C(=O)O)N1Cc1cccc(-c2ccnc(Cl)n2)c1
O=C(O)C1=NOC(C(O)(C(F)(F)F)C(F)(F)F)C1,O=C(OCC)C1=NOC(C(O)(C(F)(F)F)C(F)(F)F)C1
c1(C#N)cccc(C(=O)Nc2cccc(-c3nnn[nH]3)c2)c1,c1(C#N)cccc(C(=O)O)c1.Nc1cccc(-c2nnn[nH]2)c1
c1(CCCn2c(-c3cnco3)cc3cc(OCc4c(Cl)cccc4Cl)ccc32)nnn[nH]1,C(#N)CCCn1c(-c2cnco2)cc2cc(OCc3c(Cl)cccc3Cl)ccc21.[N-]=[N+]=N[Si](C)(C)C
OC(=O)CCCCCNC(=O)C(F)(F)F,OC(=O)CCCCCN.C(=O)(OCC)C(F)(F)F
O=[N+]([O-])c1ccccc1CN1CCCC1,O=[N+]([O-])c1ccccc1CBr.N1CCCC1
C(O)CC(=C)c1ccc(Cl)c(Cl)c1,C(O)CC(=O)c1ccc(Cl)c(Cl)c1.C[P+](c1ccccc1)(c1ccccc1)c1ccccc1
c1nc(NCC)c2oc(Cl)cc2c1I,c1nc(N)c2oc(Cl)cc2c1I.C(C)I
C1(=O)NC(=O)c2ccccc21,C1(=O)NC(=O)c2c(O)cccc21
C(C(N)=O)c1c(Br)n(Cc2ccccc2)c2ccc(O)cc12,C(C(N)=O)c1c(Br)n(Cc2ccccc2)c2ccc(OC)cc12
C1CN(C(C)c2nc3ccccc3c(=O)n2-c2ccccc2OCC)CCN1C(C)=O,C1CN(C(C)c2nc3ccccc3c(=O)n2-c2ccccc2OCC)CCN1.C(C)(=O)OC(C)=O
CC(C)(C)c1nc(-c2cccc(NS(=O)(=O)c3ccccc3)c2F)c(-c2ccnc(N)n2)s1,CC(C)(C)c1nc(-c2cccc(N)c2F)c(-c2ccnc(N)n2)s1.S(=O)(=O)(Cl)c1ccccc1
CC(=NO)c1cc(C)nc(NC(C)C)n1,CC(=O)c1cc(C)nc(NC(C)C)n1.NO
C1CC(Nc2c(C(N)=O)cnc3[nH]ccc23)CCN1Cc1ccccc1C#N,C1CC(Nc2c(C(N)=O)cnc3[nH]ccc23)CCN1.C(=O)c1ccccc1C#N
COC(=O)c1cc(Cl)cc(NC2CCC2)c1C,COC(=O)c1cc(Cl)cc(N)c1C.C1(=O)CCC1
c1cn(-c2cc(C(=O)N3CCOCC3)nn2-c2ccc(OC)nc2)cc1CO,c1cn(-c2cc(C(=O)O)nn2-c2ccc(OC)nc2)cc1CO.N1CCOCC1
O=Cc1cccc(COc2cccc(-c3ccsc3)c2)c1,O=Cc1cccc(COc2cccc(Br)c2)c1.c1([Sn](CCCC)(CCCC)CCCC)ccsc1
c12ccccc1ccc(CC[C@H]1CN(C(=O)OC(C)(C)C)C[C@@H]1C(=O)O)c2,c12ccccc1ccc(CC[C@H]1CN(C(=O)OC(C)(C)C)C[C@@H]1C(=O)OC)c2
[N+](=O)([O-])c1ccc(Br)c(OCc2ccccc2)c1,[N+](=O)([O-])c1ccc(Br)c(O)c1.C(Br)c1ccccc1
CN(C)C(=O)c1cc2cnc(Nc3ccc(N4CC5CCC(CC4=O)N5C(=O)OC(C)(C)C)cn3)nc2n1C1CCC1,CN(C)C(=O)c1cc2cnc(Cl)nc2n1C1CCC1.Nc1ccc(N2CC3CCC(CC2=O)N3C(=O)OC(C)(C)C)cn1
C(=O)(Nc1ccc(N2CCN(c3ncccn3)CC2)nc1)c1nc(-c2ccccc2)oc1C(F)(F)F,C(=O)(O)c1nc(-c2ccccc2)oc1C(F)(F)F.Nc1ccc(N2CCN(c3ncccn3)CC2)nc1
O=C(OC)c1sc(C#CC(C)(C)C)cc1N(C(=O)[C@@H]1CC[C@@H](C)CC1)C1CCC(=O)CC1,O=C(OC)c1sc(C#CC(C)(C)C)cc1N(C(=O)[C@@H]1CC[C@@H](C)CC1)C1CCC2(CC1)OCCO2
c1(Cl)ccc(SC)c(NS(=O)(=O)c2ccc(Cl)c(C(F)(F)F)c2)c1,c1(Cl)ccc(SC)c(N)c1.S(=O)(=O)(Cl)c1ccc(Cl)c(C(F)(F)F)c1
c1cc(Br)cc(CC)c1NC(=O)Nc1cc(C)ccc1F,c1cc(Br)cc(CC)c1N.C(=O)=Nc1cc(C)ccc1F
c1ccccc1C[C@H](NC(=O)OC(C)(C)C)C(=O)NCCCCC(=O)OC,c1ccccc1C[C@H](NC(=O)OC(C)(C)C)C(=O)O.NCCCCC(=O)OC
C=CC(=O)OCC(Cl)(Cl)Cl,C=CC(=O)Cl.OCC(Cl)(Cl)Cl
n1c(NC(=O)c2ccccc2)ccc2[nH]cc(C3CCN(C)CC3)c12,n1c(N)ccc2[nH]cc(C3CCN(C)CC3)c12.C(=O)(Cl)c1ccccc1
CC(C)(C)OC(=O)NCCNc1nc(SCc2cccc(F)c2F)nc2nc(N)sc12,CC(C)(C)OC(=O)NCCN.c1(Cl)nc(SCc2cccc(F)c2F)nc2nc(N)sc12
Brc1ccc2c(c1)[C@@H]1O[C@@H]1CC2,Brc1ccc2c(c1)C=CCC2.OOC(=O)c1cccc(Cl)c1
c1(NC(C)C)ccc(C(CC2CC2)C(=O)OC)nc1,c1(N)ccc(C(CC2CC2)C(=O)OC)nc1.C(C)(C)=O
C(CCc1cc2cc(Cl)ccc2[nH]1)CC(C)C,C(C=Cc1cc2cc(Cl)ccc2[nH]1)CC(C)C
COc1c(Br)cc(C(=O)c2c(CC)oc3ccccc23)cc1Br,CI.Oc1c(Br)cc(C(=O)c2c(CC)oc3ccccc23)cc1Br
c1cc2c(cc1Oc1ccc(C#N)cn1)CCNC2=O,c1cc2c(cc1O)CCNC2=O.c1(Cl)ccc(C#N)cn1
c1(Cl)ncc2c(Nc3c(C)cccc3C)nn(CCC=C)c2n1,c1(Cl)ncc(C(=O)Nc2c(C)cccc2C)c(N(N)CCC=C)n1
C(C)(C)OC(=O)N1CCC([C@H](C)Oc2ccc(-c3cnc(N4C[C@H](NC(=O)OC(C)(C)C)[C@@H](N5CCCCC5=O)C4)nc3)cn2)CC1,C(C)(C)OC(=O)N1CCC(C(C)Oc2ccc(B3OC(C)(C)C(C)(C)O3)cn2)CC1.c1(Br)cnc(N2C[C@H](NC(=O)OC(C)(C)C)[C@@H](N3CCCCC3=O)C2)nc1
O=C(OC)c1sc(C#CC(C)(C)C)cc1NC1CCC(n2ccnn2)CC1,O=C(OC)c1sc(C#CC(C)(C)C)cc1N.C1(=O)CCC(n2ccnn2)CC1
Cn1nccc1CNC(=O)c1ccc(C(=O)NN)s1,Cn1nccc1CNC(=O)c1ccc(C(=O)OC)s1.NN
Cc1ccoc1C(=O)Nc1cccc(C2CN=C3c4ccccc4NC(=O)N3C2)c1,Cc1ccoc1C(=O)O.Nc1cccc(C2CN=C3c4ccccc4NC(=O)N3C2)c1
CNC(=O)N1CCN(CCC(=O)NCC(=O)N(C)c2ccc(Cl)c(COc3cccc4c3nc(OC)n4Cc3ccccn3)c2Cl)CC1,CNC(=O)N1CCN(CCC(=O)O)CC1.NCC(=O)N(C)c1ccc(Cl)c(COc2cccc3c2nc(OC)n3Cc2ccccn2)c1Cl
c1nc(/C=C/c2ccc(F)cc2F)ccc1S(=O)(=O)c1cccc(C#N)c1,c1nc(/C=C/c2ccc(F)cc2F)ccc1S(=O)(=O)c1cccc(Br)c1.[C-]#N
c1ccccc1Oc1nc2ccccc2c2c1ncn2CCOCc1ccccn1,c1ccccc1Oc1nc2ccccc2c2c1ncn2CCO.C(Cl)c1ccccn1
O=c1cc(OC2CCNCC2)ccn1-c1ccc(SC)cc1,O=c1cc(OC2CCN(C(=O)OCc3ccccc3)CC2)ccn1-c1ccc(SC)cc1
CC(C)(C)OC(=O)N[C@H]1CCCC[C@H]1CO,CC(C)(C)OC(=O)OC(=O)OC(C)(C)C.N[C@H]1CCCC[C@H]1CO
C1(N2Cc3nc4c(-c5cnc(OC)cc5C)c(F)ccc4c(N)c3C2=O)CCC1,C1(N2Cc3nc4c(Br)c(F)ccc4c(N)c3C2=O)CCC1.c1(B2OC(C)(C)C(C)(C)O2)cnc(OC)cc1C
c1cnc(C(CCCOC)NC(C)=O)cc1Br,c1cnc(C(N)CCCOC)cc1Br.C(C)(=O)O
C(F)(F)(F)c1cc(-c2cn(C)c(C3CCN(C(=O)OC(C)(C)C)CC3)n2)ccc1F,C(F)(F)(F)c1cc(-c2c[nH]c(C3CCN(C(=O)OC(C)(C)C)CC3)n2)ccc1F.CI
C1CC(C(=O)NCC)CN(C(=O)Cc2cccs2)C1,C1CC(C(=O)Cl)CN(C(=O)Cc2cccs2)C1.NCC
c1(C(F)(F)F)nnc2n1N=C(N1CCC(c3ccc(O)cc3)CC1)CC2,c1(C(F)(F)F)nnc2ccc(N3CCC(c4ccc(O)cc4)CC3)nn12
CC/C=C\C/C=C\C/C=C\C/C=C\C/C=C\CCCC(=O)N[C@@H](CCCCNC(=O)/C=C/C(=O)OC)C(=O)O,CC/C=C\C/C=C\C/C=C\C/C=C\C/C=C\CCCC(=O)N[C@@H](CCCCNC(=O)/C=C/C(=O)OC)C(=O)OC(C)(C)C
C(CCCN1CCC(c2cccc(NC(=O)C(C)C)c2)CC1)CC(Oc1cccc(C(C)=O)c1)c1ccccc1,C(CCCN1CCC(c2cccc(NC(=O)C(C)C)c2)CC1)CC(O)c1ccccc1.Oc1cccc(C(C)=O)c1
c1(N)ccc([C@@H]2CC[C@H](C(=O)OCC)CC2)c2[nH]cc(C)c(=O)c12,c1(N)ccc(C2=CCC(C(=O)OCC)CC2)c2[nH]cc(C)c(=O)c12
COC(=O)C1CCC(=COC)CC1,COC(=O)C1CCC(=O)CC1.C(OC)[P+](c1ccccc1)(c1ccccc1)c1ccccc1
C1CC(c2c[nH]c3ccc(NC(=O)C4CCCCC4)cc23)CCN1C,C1CC(c2c[nH]c3ccc(N)cc23)CCN1C.C(=O)(O)C1CCCCC1
CNC(=O)c1cc(Sc2ccc(Cl)nc2)n(-c2cccc(F)c2Cl)n1,CN.C(=O)(OCC)c1cc(Sc2ccc(Cl)nc2)n(-c2cccc(F)c2Cl)n1
c1(C)ccc2c(n1)c(=O)c(C(=O)c1ccc(C)c(C)c1)cn2Cc1cccc(Br)n1,c1(C)ccc2[nH]cc(C(=O)c3ccc(C)c(C)c3)c(=O)c2n1.C(Br)c1cccc(Br)n1
C(O)CCCCN1CCN(C(=O)OCC)CC1,C(O)CCCCBr.N1CCN(C(=O)OCC)CC1
c1(OCC2CC2)ccc(-c2c(C(=O)OCC)n(Cc3cccc(OC)c3)c3ccc(OCC)cc23)cc1,c1(OCC2CC2)ccc(-c2c(C(=O)OCC)n(Cc3cccc(OC)c3)c3ccc(O)cc23)cc1.C(C)I
Clc1cc(C#Cc2cn(-c3nccc(C(F)(F)F)n3)c(C)n2)ccn1,Clc1cc(C#Cc2c[nH]c(C)n2)ccn1.c1(Cl)nccc(C(F)(F)F)n1
C1(NC2(c3ccccc3OC)C(=O)Nc3ccc(Cl)cc32)(C(=O)N(C)C)CCCCC1,C1(N)(C(=O)N(C)C)CCCCC1.C1(Cl)(c2ccccc2OC)C(=O)Nc2ccc(Cl)cc21
c12cc(OC)c(OCCCNC(=N)N)cc1nccc2Oc1cc2ccccc2nc1C,c12cc(OC)c(OCCCCl)cc1nccc2Oc1cc2ccccc2nc1C.NC(=N)N
c1(-c2ccc(C(F)(F)F)cc2)cc(C(CC(C)C)C(=O)O)cc(N(C)C(CCC(C)C)c2cc(F)cc(F)c2)c1,c1(-c2ccc(C(F)(F)F)cc2)cc(C(CC(C)C)C(=O)OC)cc(N(C)C(CCC(C)C)c2cc(F)cc(F)c2)c1
c1([C@H](CC)NC(=O)OC(C)(C)C)ccnc(C(N)=O)c1,c1([C@@H](N)CC)ccnc(C(N)=O)c1.C(=O)(OC(=O)OC(C)(C)C)OC(C)(C)C
CC(O)c1cc2c3c(c(-c4ccccc4Cl)cc2n1C)C(=O)NC3=O,C[Mg+].C(=O)c1cc2c3c(c(-c4ccccc4Cl)cc2n1C)C(=O)NC3=O
C(#N)c1cccc(-c2cc(-c3ccc(OC)cc3)cc(-c3ccccn3)n2)n1,[C-]#N.c1(Br)cccc(-c2cc(-c3ccc(OC)cc3)cc(-c3ccccn3)n2)n1
C1Cc2c(OC)cccc2[C@H]2CC(=O)N[C@@H]12,C1Cc2c(OC)cccc2C2=C1NC(=O)C2
C(C=C)c1cc(F)ccc1OCCCN1CCC2(CC1)C(=O)NCN2c1ccccc1,C(C=C)c1cc(F)ccc1O.C(Cl)CCN1CCC2(CC1)C(=O)NCN2c1ccccc1
c1ccccc1CO[C@@H]1[C@@H](OCc2ccccc2)[C@H](OCCCCCCCCCC=O)O[C@H](COCc2ccccc2)[C@H]1OCc1ccccc1,c1ccccc1CO[C@@H]1[C@@H](OCc2ccccc2)[C@H](OCCCCCCCCCCO)O[C@H](COCc2ccccc2)[C@H]1OCc1ccccc1
n1c(N)cc(N)c(C#N)c1OCC,n1c(N)cc(N)c(C#N)c1Br.OCC
c1cccc(C2(c3ccccc3)CCN(CCCC(=O)N3Cc4ccc(C(F)(F)F)cc4C3)C2=O)c1,c1cccc(C2(c3ccccc3)CCN(CCCC(=O)O)C2=O)c1.N1Cc2ccc(C(F)(F)F)cc2C1
Cc1ncc(-c2cccc(Nc3nnc(Cc4ccc(F)cc4)c4ccccc34)c2)n1C,Cc1ncc(-c2cccc(N)c2)n1C.c1(Cl)nnc(Cc2ccc(F)cc2)c2ccccc12
c1(CNC(=O)N2c3ccccc3CCc3ccccc32)ccccc1,c1(CN)ccccc1.C(=O)(Cl)N1c2ccccc2CCc2ccccc21
CCCCCCC(C)(C)c1ccc(CCC(C)=O)c(O)c1,CCCCCCC(C)(C)c1ccc(CCC(C)=O)c(OCc2ccccc2)c1
C(CC)(=C(c1ccc(O)cc1)c1ccc(O)cc1)c1ccc(OC)c(OCCOCCO)c1,C(=O)(CC)c1ccc(OC)c(OCCOCCO)c1.C(=O)(c1ccc(O)cc1)c1ccc(O)cc1
[C@H]1(N=[N+]=[N-])CN(C(=O)OC(C)(C)C)C[C@@H]1OS(=O)(=O)c1ccc(C)cc1,[C@H]1(N=[N+]=[N-])CN(C(=O)OC(C)(C)C)C[C@@H]1O.S(=O)(=O)(Cl)c1ccc(C)cc1
Cc1ccc(CNc2ccc3c(NC4CCN(C)CC4)cccc3n2)o1,Cc1ccc(CNc2ccc3c(Br)cccc3n2)o1.NC1CCN(C)CC1
CCN(CC)C(=O)c1ccc(C=O)cc1,CCN(CC)C(=O)c1ccc(CO)cc1
c1(OCCO)cc(C)c(-c2cccc(C=O)c2C)cc1OCCO,c1(OCCO)cc(C)c(-c2cccc(CO)c2C)cc1OCCO
C1CCc2ncc(N)cc2N1S(=O)(=O)c1cccc(C)c1,C1CCc2ncc(NC(=O)OC(C)(C)C)cc2N1S(=O)(=O)c1cccc(C)c1
C(F)(F)(F)c1cc(C(=O)N2CCC3(CC2)C(=O)N(C)CN3c2ccccc2Cl)cc(C(F)(F)F)c1,C(F)(F)(F)c1cc(C(=O)N2CCC3(CC2)C(=O)NCN3c2ccccc2Cl)cc(C(F)(F)F)c1.CI
COc1ccc(C2=NN(C3CCN(C(=O)[C@H](CCC(=O)OCc4ccccc4)NC(=O)OC(C)(C)C)CC3)C(=O)[C@@H]3CCCC[C@H]23)cc1OC,COc1ccc(C2=NN(C3CCNCC3)C(=O)[C@@H]3CCCC[C@H]23)cc1OC.C(=O)(O)[C@H](CCC(=O)OCc1ccccc1)NC(=O)OC(C)(C)C
Cc1c(O)cccc1C#N,Cc1c(O)cccc1Cl.C(#N)[Cu]
O=C(O)c1ccc(-c2nn(C(c3ccccc3)(c3ccccc3)c3ccccc3)cc2-c2ccc3ncc(-c4nccs4)n3c2)s1,O=C(OC)c1ccc(-c2nn(C(c3ccccc3)(c3ccccc3)c3ccccc3)cc2-c2ccc3ncc(-c4nccs4)n3c2)s1
CC1(C)[C@H](c2ccc(C#N)cc2F)n2cncc2[C@@]1(O)c1ccc(F)cc1,CC1(C)C(=O)c2cncn2[C@H]1c1ccc(C#N)cc1F.c1([Mg+])ccc(F)cc1
O(c1c(C)cccc1Cl)C1CN(C(N)=O)C1,O(c1c(C)cccc1Cl)C1CN(C(=O)Cl)C1.[NH4+]
C(CC(=O)OC(C)CC)c1oc2ccccc2c1C(=O)c1cc(I)c(OCCN(CC)CC)c(I)c1,C(CC(=O)OC(C)CC)c1oc2ccccc2c1C(=O)c1cc(I)c(O)c(I)c1.C(Cl)CN(CC)CC
c1(-n2ncccc2=O)ccc([C@H]2C[C@@H]2CN2CCOCC2)cc1,c1(Br)ccc([C@H]2C[C@@H]2CN2CCOCC2)cc1.[nH]1ncccc1=O
O=C(OC)c1ccc(I)c(NS(C)(=O)=O)c1,O=C(OC)c1ccc(I)c(N)c1.S(C)(=O)(=O)Cl
O(C)c1cc(C2=NN(Cc3ccc(NC(=O)C(F)(F)F)cc3)C(=O)SC2CC)ccc1OC,O(C)c1cc(C2=NN(Cc3ccc(N)cc3)C(=O)SC2CC)ccc1OC.C(=O)(Cl)C(F)(F)F
c1ccc(OCC(=O)[C@@H]2CCCN2C(=O)[C@@H]2CCCN2C(=O)CCc2ccccc2)cc1,c1ccc(OCC(O)[C@@H]2CCCN2C(=O)[C@@H]2CCCN2C(=O)CCc2ccccc2)cc1
c1cc(C(=O)Nc2ncc(Cl)cn2)c(C)cc1C1=NOC(c2cc(Cl)cc(Cl)c2)(C(F)(F)F)C1,c1cc(C(=O)Cl)c(C)cc1C1=NOC(c2cc(Cl)cc(Cl)c2)(C(F)(F)F)C1.Nc1ncc(Cl)cn1
n1c(C)c(C)c(Oc2cc(O[C@@H](C)C(=O)OC)c(/C=N/O)cc2Cl)n1C,n1c(C)c(C)c(Oc2cc(O[C@@H](C)C(=O)OC)c(C=O)cc2Cl)n1C.NO
C(=O)(c1ccc(NC)c(Cl)c1)N(C)C,C(=O)(O)c1ccc(NC)c(Cl)c1.N(C)C
O=c1ccn(-c2cnn(CCO)c2)nc1C(C)c1cccc(-c2ncc(OCC)cn2)c1,O=c1ccn(-c2cnn(CCOCc3ccccc3)c2)nc1C(C)c1cccc(-c2ncc(OCC)cn2)c1
c1cc2c(cc1F)[C@@H](c1cccc(OC)c1OC)O[C@H](CC(=O)N1CCC(CC(=O)O)CC1)c1cccn1-2,c1cc2c(cc1F)[C@@H](c1cccc(OC)c1OC)O[C@H](CC(=O)N1CCC(CC(=O)OCC)CC1)c1cccn1-2
c1(N)cc2c(cc1O)CN(C(=O)OC(C)C)[C@H](C(=O)OC)C2,c1([N+](=O)[O-])cc2c(cc1O)CN(C(=O)OC(C)C)[C@H](C(=O)OC)C2
O(C)c1cnc(-c2ccc(NC(=O)Oc3ccccc3)cc2)nc1N1CCOCC1,O(C)c1cnc(-c2ccc(N)cc2)nc1N1CCOCC1.C(=O)(Cl)Oc1ccccc1
Cc1ccc(Nc2c(C)cccc2Cl)cc1,Cc1ccc(Br)cc1.Nc1c(C)cccc1Cl
COCCn1cnc(-c2cc3nccc(Oc4ccc(NC(=S)NC(=O)Cc5ccccc5OC)cc4F)c3s2)c1,COCCn1cnc(-c2cc3nccc(Oc4ccc(N)cc4F)c3s2)c1.C(=S)=NC(=O)Cc1ccccc1OC
C1CCCCC1[C@H](NC(=O)[C@H](C)N(C)C(=O)OC(C)(C)C)C(=O)N1C[C@H]2CCCN2C[C@H]1CN(C(=O)OC(C)(C)C)[C@@H]1CCCc2ccccc21,C1CCCCC1[C@H](NC(=O)[C@H](C)N(C)C(=O)OC(C)(C)C)C(=O)O.N1C[C@H]2CCCN2C[C@H]1CN(C(=O)OC(C)(C)C)[C@@H]1CCCc2ccccc21
O(CC)C(=O)C1=C(C=O)NC(C)=C(C(=O)OCC)C1c1cccs1,O(CC)C(=O)C1=C(C(OCC)OCC)NC(C)=C(C(=O)OCC)C1c1cccs1
c1c(C(=O)O)sc(Br)c1C,c1c(C(=O)OC)sc(Br)c1C
c1cc(F)cc2c(C(=O)NC(C)C)c(-c3ccccc3)c(C(C)Nc3ncnc(N)c3C#N)nc12,c1cc(F)cc2c(C(=O)NC(C)C)c(-c3ccccc3)c(C(C)N)nc12.c1(Cl)ncnc(N)c1C#N
c12cccc3c1n(cc2[C@@H]1C(=O)NC(=O)[C@H]1c1c[nH]c2ccccc12)CCC3,c12cccc3c1n(cc2C1=C(c2c[nH]c4ccccc24)C(=O)NC1=O)CCC3
n1cc(C(=O)Nc2cc(CCc3cc(OC)cc(OC)c3)n[nH]2)ncc1N1CCCN(C2CC2)CC1,n1cc(C(=O)Nc2cc(CCc3cc(OC)cc(OC)c3)n[nH]2)ncc1Cl.N1CCCN(C2CC2)CC1
CCOc1cc(C(=O)N2CCC3(CC2)CC(=O)c2cc(-c4cnn(C)c4)ccc2O3)cc(OCC)c1-c1ccc(C(=O)OC)cc1,CCOc1cc(C(=O)O)cc(OCC)c1-c1ccc(C(=O)OC)cc1.N1CCC2(CC1)CC(=O)c1cc(-c3cnn(C)c3)ccc1O2
C(CCS(=O)CCCCCOc1ccc(C2=C(c3ccccc3)CCCc3cc(O)ccc32)cc1)C(F)(F)F,C(CCSCCCCCOc1ccc(C2=C(c3ccccc3)CCCc3cc(O)ccc32)cc1)C(F)(F)F.OOC(=O)c1cccc(Cl)c1
O(C)c1ccc(C(=O)Nc2cccc(C(C)(C)CNC(=O)c3cnc4ccccn34)c2)cc1OC,O(C)c1ccc(C(=O)Nc2cccc(C(C)(C)CN)c2)cc1OC.C(=O)(O)c1cnc2ccccn12
O=C(Nc1ccccc1C(=O)Nc1ccc(Cl)cc1)c1cc(C(F)(F)F)cc(C(F)(F)F)c1,O=C(Nc1ccccc1C(=O)O)c1cc(C(F)(F)F)cc(C(F)(F)F)c1.Nc1ccc(Cl)cc1
Nc1ccc2c(c1)=NC(=O)N=2,[N+](=O)([O-])c1ccc2c(c1)=NC(=O)N=2
c1(C(=O)c2ccc(Cl)cc2Cl)c(C)cc(CC(=O)O)n1C,c1(C(=O)c2ccc(Cl)cc2Cl)c(C)cc(CC(=O)OCC)n1C
O=C(N[C@@H](CC(C)C)C(=O)NC1CCCNCC1)c1cc2ccccc2n1C,O=C(N[C@@H](CC(C)C)C(=O)NC1CCCN(C(=O)OC(C)(C)C)CC1)c1cc2ccccc2n1C
N(CC)CCCN1c2ccccc2N(c2ccc(Cl)cc2)S1(=O)=O,NCC.C(Br)CCN1c2ccccc2N(c2ccc(Cl)cc2)S1(=O)=O
C1(=O)Nc2c(cccc2-c2ccccc2)C1=O,C1(=O)Nc2c(I)cccc2C1=O.c1(B(O)O)ccccc1
[O-][n+]1cc(Br)c(C)c(Cl)c1C,OOC(=O)c1cccc(Cl)c1.n1cc(Br)c(C)c(Cl)c1C
O=C(Nc1ccc(N2CCCCC2)cc1)Oc1ccc([N+](=O)[O-])cc1,O=C(Cl)Oc1ccc([N+](=O)[O-])cc1.Nc1ccc(N2CCCCC2)cc1
C(=O)(CNCc1cc(C(=O)OCC)ccn1)OC(C)(C)C,C(=O)(CN)OC(C)(C)C.C(=O)c1cc(C(=O)OCC)ccn1
c1c(C(=O)OCC)cnc(N2CCCC2)c1Cl,c1c(C(=O)OCC)cnc(Cl)c1Cl.N1CCCC1
c1(Cl)c(C)c(-c2ccccc2S(C)=O)nc2cc(F)cc(F)c12,c1(Cl)c(C)c(Cl)nc2cc(F)cc(F)c12.c1(B(O)O)ccccc1S(C)=O
O=C(CN1CC(NC(=O)c2ccc(Cl)s2)c2ccccc21)Nc1ccc(-n2ccccc2=O)cc1F,O=C(CBr)Nc1ccc(-n2ccccc2=O)cc1F.N1CC(NC(=O)c2ccc(Cl)s2)c2ccccc21
c1(SC)cccc(Nc2c(C#N)cnc3ccc(N)cc23)c1,c1(SC)cccc(Nc2c(C#N)cnc3ccc([N+](=O)[O-])cc23)c1
c1c(C(C)=CCc2ccc(OC)cc2)ccc2ccccc12,c1c(C(C)=O)ccc2ccccc12.C(Cc1ccc(OC)cc1)[P+](c1ccccc1)(c1ccccc1)c1ccccc1
O=S(C)(=O)N(C)c1ncccc1N,O=S(C)(=O)N(C)c1ncccc1[N+](=O)[O-]
c1(N(CCCC)C(=O)C2=COc3ccc(O)cc3O2)ccccc1,c1(NCCCC)ccccc1.C(=O)(O)C1=COc2ccc(O)cc2O1
N(C(=S)NCCCc1ccccc1)c1ccc(C[C@H](NC(=O)[C@@H]2CCCN2S(=O)(=O)c2ccc(C)cc2)C(=O)OC)cc1,Nc1ccc(C[C@H](NC(=O)[C@@H]2CCCN2S(=O)(=O)c2ccc(C)cc2)C(=O)OC)cc1.C(=S)=NCCCc1ccccc1
c1(Cl)ccc(CNC(=O)C2CC2)cc1-c1nn(-c2ccc(C(=O)Nc3cccc(C(F)(F)F)c3)cc2)c(=O)[nH]1,c1(Cl)ccc(CNC(=O)C2CC2)cc1-c1nn(-c2ccc(C(=O)OC)cc2)c(=O)[nH]1.Nc1cccc(C(F)(F)F)c1
c1cc(C#N)ccc1OCCCO,c1cc(C#N)ccc1O.C(Br)CCO
c1(CN2CCN(c3c(Br)cnc4[nH]c(-c5ccc(CN6CCNCC6)cc5)nc34)CC2)cccnc1,c1(CN2CCN(c3c(Br)cnc4[nH]c(-c5ccc(CN6CCN(C(=O)OC(C)(C)C)CC6)cc5)nc34)CC2)cccnc1
c1(COCC2CC(=O)CCO2)ccccc1,c1(COCC2CC(=O)C=CO2)ccccc1
n1c(C=O)sc2ccccc12,n1c(CO)sc2ccccc12
O(CCCC)C(=O)CCc1cc(CO[Si](C)(C)C(C)(C)C)cc(OC)n1,O(CCCC)C(=O)/C=C/c1cc(CO[Si](C)(C)C(C)(C)C)cc(OC)n1
C1CCC(n2cnc3c(N)nc(Cl)nc32)OC1,C1CCC(n2cnc3c(Cl)nc(Cl)nc32)OC1.N
C(CCCO)CCCCCCCCCCC(=O)OC,C(CCCCCCCCCCC(=O)OC)CCC(=O)OC
CC1(C)Cc2cc(-c3ccccc3)cc(CO)c2O1,CC1(C)Cc2cc(-c3ccccc3)cc(C=O)c2O1
C[Si](C)(C)c1ccc(Nc2nc(CNC=O)ccc2C(=O)OC)c(F)c1,C[Si](C)(C)c1ccc(Nc2nc(CN)ccc2C(=O)OC)c(F)c1.C(=O)O
c1cc(C(=O)c2c(CC)oc3ccccc23)cc(F)c1O,c1cc(C(=O)c2c(CC)oc3ccccc23)cc(F)c1OC
CNC(=O)c1c(-c2ccc(F)cc2)oc2ccc(-c3cc(C(=O)NC4(c5nc6cnccc6o5)CC4)c(OC)cc3C)c(F)c12,CNC(=O)c1c(-c2ccc(F)cc2)oc2ccc(-c3cc(C(=O)O)c(OC)cc3C)c(F)c12.NC1(c2nc3cnccc3o2)CC1
c1(C)cc(C(F)(F)F)nc(Nc2nc(C(=O)O)cs2)n1,c1(C)cc(C(F)(F)F)nc(Nc2nc(C(=O)OCC)cs2)n1
CC(C(=O)NCC(F)(F)C(F)(F)F)C(=O)N[C@H]1CN(C(C)=O)c2ccccc2N(C(C)C)C1=O,CC(C(=O)O)C(=O)NCC(F)(F)C(F)(F)F.N[C@H]1CN(C(C)=O)c2ccccc2N(C(C)C)C1=O
n1cc(CO)n2c1sc1cc(OC)ccc12,n1cc(C(=O)OCC)n2c1sc1cc(OC)ccc12
c1(F)ccc(-c2c(C)c([C@H](OC(C)(C)C)C(=O)O)c3n4cc(nc24)-c2cccc(c2)-c2cc(F)ccc2O[C@@H](C)CCCCOC2(C)CCN3CC2)cc1,c1(F)ccc(-c2c(C)c([C@H](OC(C)(C)C)C(=O)OC)c3n4cc(nc24)-c2cccc(c2)-c2cc(F)ccc2O[C@@H](C)CCCCOC2(C)CCN3CC2)cc1
c1ccc(C2CC(Nc3ncnc(COC)c3OC)CS2)cc1,c1ccc(C2CC(N)CS2)cc1.c1(Cl)ncnc(COC)c1OC
C(CCCCNC(=O)CCCC[C@@H]1SC[C@@H]2NC(=O)N[C@@H]21)C(=O)NCCCCCN,C(CCCCNC(=O)CCCC[C@@H]1SC[C@@H]2NC(=O)N[C@@H]21)C(=O)NCCCCCNC(=O)OC(C)(C)C
c1cc(S(C)(=O)=O)cc(C(=O)N2CCc3ccc(C#N)cc3C2)c1OC(C)C,c1cc(S(C)(=O)=O)cc(C(=O)O)c1OC(C)C.N1CCc2ccc(C#N)cc2C1
c1cc(C(=O)N(C)Cc2ccccc2)sc1-c1cccc(O)c1,c1cc(C(=O)N(C)Cc2ccccc2)sc1-c1cccc(OC)c1
c1cc(C(=O)OC)c2nc(-c3ccc(OC)cc3)[nH]c2c1,c1cc(N)c(N)c(C(=O)OC)c1.C(=O)(O)c1ccc(OC)cc1
C1CCCCC1C(C)(C)C1CCC(N2CC(C)OC(C)C2)CC1,C1CCCCC1C(C)(C)C1CCC(N)CC1.C(Cl)C(C)OC(C)CCl
c1(C)ccccc1C1N(CC)C(=O)CC(c2cccc(Cl)c2)C12C(=O)N(C(=O)OC(C)(C)C)c1cc(Cl)ccc12,c1(C)ccccc1C1NC(=O)CC(c2cccc(Cl)c2)C12C(=O)N(C(=O)OC(C)(C)C)c1cc(Cl)ccc12.C(C)I
c1nc(OC)ccc1Nc1ccc(C(=O)OC)c(F)n1,c1nc(OC)ccc1N.c1(F)ccc(C(=O)OC)c(F)n1
c1(CC(=O)NNc2ccc(Cl)nn2)c(F)cc2ncccc2c1F,c1(CC(=O)Cl)c(F)cc2ncccc2c1F.NNc1ccc(Cl)nn1
C1CCCC(C(Nc2ccc(C(=O)O)cc2)c2oc3ccc(F)cc3c2COCCOC)C1,C1CCCC(C(Nc2ccc(C(=O)OC)cc2)c2oc3ccc(F)cc3c2COCCOC)C1
c12ccccc1c(=O)n(-c1ccc(N)cc1)c(=O)[nH]2,c12ccccc1c(=O)n(-c1ccc(NC(=O)OC(C)(C)C)cc1)c(=O)[nH]2
c1cnc(C[C@@H](O)CO)[nH]1,c1c[nH]c(C[C@@H](O)COCc2ccccc2)n1
[C@@H]1(Nc2ncc(Br)c(OCC3CN(C(=O)OC(C)(C)C)C3)n2)CC[C@H](C)CC1,[C@H]1(N)CC[C@@H](C)CC1.c1(Cl)ncc(Br)c(OCC2CN(C(=O)OC(C)(C)C)C2)n1
c1(N2CCN(C)CC2)ccc(N)cc1Cl,c1(N2CCN(C)CC2)ccc(NC(=O)OC(C)(C)C)cc1Cl
Cc1nc(C(=O)N2C[C@H]3C[C@H]3[C@H]2CNC(=O)C(F)(F)F)c(-c2cccc(Cl)c2)s1,Cc1nc(C(=O)O)c(-c2cccc(Cl)c2)s1.N1C[C@H]2C[C@H]2[C@H]1CNC(=O)C(F)(F)F
c1([C@@H](c2ccccc2OC)[C@@](C)(C#N)C(=O)N2CCN(CCN3CCOCC3)CC2)cccc2ccccc12,c1([C@@H](c2ccccc2OC)[C@@](C)(C#N)C(=O)O)cccc2ccccc12.N1CCN(CCN2CCOCC2)CC1
Fc1cc2cc3c(=O)c(C(=O)O)cn(OC)c3nc2cc1N1CC(C)(N)C1,Fc1cc2cc3c(=O)c(C(=O)O)cn(OC)c3nc2cc1F.N1CC(C)(N)C1
C(C)(Oc1ncccc1O)C(=O)OC,C(C)(Oc1ncccc1OC(C)=O)C(=O)OC
C(CN1CC2CN(Cc3ccc(C#N)cc3)CC(C1)O2)N(Cc1ccc(C#N)cc1)S(C)(=O)=O,C(CN1CC2CN(Cc3ccc(C#N)cc3)CC(C1)O2)NS(C)(=O)=O.C(Br)c1ccc(C#N)cc1
c1cccc(SCCCCOc2ccc3c(c2)C(C)(C)OC(=O)N3)c1,c1cccc(SCCCCBr)c1.Oc1ccc2c(c1)C(C)(C)OC(=O)N2
Brc1ccc(N(c2ccc(-c3ccccc3)cc2)c2ccc(-c3ccccc3)cc2)cc1,Brc1ccc(I)cc1.N(c1ccc(-c2ccccc2)cc1)c1ccc(-c2ccccc2)cc1
CCCCC1(CC)CN(c2ccccc2)c2cc(OCC(=O)OCC)ccc2S(=O)(=O)C1,CCCCC1(CC)CN(c2ccccc2)c2cc(O)ccc2S(=O)(=O)C1.C(Br)C(=O)OCC
c1nn(CC)cc1-c1cnc(N)c(-c2ccc(C(=O)OC)c(F)c2)n1,c1n[nH]cc1-c1cnc(N)c(-c2ccc(C(=O)OC)c(F)c2)n1.C(C)Br
c1cc(Nc2nc(Cl)ccc2[N+](=O)[O-])ccc1O,c1cc(N)ccc1O.c1(Cl)nc(Cl)ccc1[N+](=O)[O-]
O=C(O)C(CC1CCCC1)N1C(=O)Cc2ccc(Cl)cc21,O=C(O)C(CC1CCCC1)N1C(=O)C(=O)c2ccc(Cl)cc21
C(C)(=O)C1CN(C(=O)OCC=C)N(C(=O)N(C)C)C1,C(C)(O)C1CN(C(=O)OCC=C)N(C(=O)N(C)C)C1
OC(=O)C(C)OC(C)=O,OC(=O)C(C)O.OC(C)=O
c1ccccc1C1(CSCC(=O)N2C(=O)OC[C@@H]2c2ccccc2)OCC(C)(C)CO1,c1ccccc1C1(CSCC(=O)O)OCC(C)(C)CO1.N1C(=O)OC[C@@H]1c1ccccc1
S(=O)(=O)(c1ccc(OC)cc1)N(CCC(=O)N1CCN(CCO)CC1)C(C(=O)O)C(C)C,S(=O)(=O)(c1ccc(OC)cc1)N(CCC(=O)N1CCN(CCO)CC1)C(C(=O)OCc1ccccc1)C(C)C
c1cc(-c2ccc(C(=O)O)cc2OCCOC)ccc1F,c1cc(-c2ccc(C(=O)OC)cc2OCCOC)ccc1F
c1c(CO)cc(Cl)nc1C,c1c(C(=O)O)cc(Cl)nc1C
C(=O)(N[C@H]1C[C@@H]2c3cc([N+](=O)[O-])cc4c3c(cn4C(C)=O)C[C@H]2N(C)C1)N(CC)CC,C(=O)(N[C@H]1C[C@@H]2c3cc([N+](=O)[O-])cc4[nH]cc(c34)C[C@H]2N(C)C1)N(CC)CC.C(C)(=O)Cl
n1(-c2nc(OC)cc(OC)n2)c(=S)[nH]c2cc(C(=O)NCc3cccc(N(C)C)c3)ccc2c1=O,n1(-c2nc(OC)cc(OC)n2)c(=S)[nH]c2cc(C(=O)O)ccc2c1=O.NCc1cccc(N(C)C)c1
C1Cc2c(Cl)sc(S(C)(=O)=O)c2-c2nc(NS(=O)(=O)c3ccc(CCC)cc3)sc21,C1Cc2c(Cl)sc(S(C)(=O)=O)c2-c2nc(N)sc21.S(=O)(=O)(Cl)c1ccc(CCC)cc1
c1cc(-c2nc3c(C)c(C)c(N4CC5CNCC5C4)nn3c2-c2ccnc(N)c2)ccc1F,c1cc(-c2nc3c(C)c(C)c(N4CC5CN(Cc6ccccc6)CC5C4)nn3c2-c2ccnc(N)c2)ccc1F
CC(C)c1nc2c(Br)cc(N3CCOCC3)cc2n1Cc1cccc(C(F)(F)F)c1C,CC(C)c1nc2c(Br)cc(N)cc2n1Cc1cccc(C(F)(F)F)c1C.C(Br)COCCBr
Cc1cc(F)ccc1C(O)c1c(OC)nn(C)c1-c1c(F)cccc1F,Cc1cc(F)ccc1[Mg+].C(=O)c1c(OC)nn(C)c1-c1c(F)cccc1F
o1cc(CN)c(=O)c2cc(Oc3ccccc3)c(NS(C)(=O)=O)cc12,o1cc(CNC(C)=O)c(=O)c2cc(Oc3ccccc3)c(NS(C)(=O)=O)cc12
c1(-c2cc(C=O)cn2S(=O)(=O)c2cccnc2)ccccc1SC,c1(-c2cc(C=O)c[nH]2)ccccc1SC.S(=O)(=O)(Cl)c1cccnc1
C(CO)c1cn(C)c2ccccc12,C(CO)c1c[nH]c2ccccc12.CI
COc1cc2c(cc1-c1ccco1)C(c1cccc(C#N)c1)=NCC(=O)N2C,COc1cc2c(cc1Br)C(c1cccc(C#N)c1)=NCC(=O)N2C.c1(B(O)O)ccco1
c1cccc(COc2ccc3c(NC(=O)OCC)nn(C)c3c2)c1,c1cccc(COc2ccc3c(N)nn(C)c3c2)c1.C(=O)(Cl)OCC
c1(-c2ccccc2C)nc(C)c2c(C)nc3c(F)cc(OC)cc3n12,c1(Br)nc(C)c2c(C)nc3c(F)cc(OC)cc3n12.c1(B(O)O)ccccc1C
c1(C(=O)OCC)nn(-c2ccccc2Cl)c(Br)c1CNC(C)C,c1(C(=O)OCC)nn(-c2ccccc2Cl)c(Br)c1C=O.NC(C)C
c1cc(Cl)c(S(=O)(=O)NC2CCCCC2)cc1-c1cc2c(C)cccc2n1C(=O)OC(C)(C)C,c1cc(Cl)c(S(=O)(=O)NC2CCCCC2)cc1Br.c1(B(O)O)cc2c(C)cccc2n1C(=O)OC(C)(C)C
C(F)(F)(F)c1ccc(Cl)cc1CN1CCNc2ncc(-c3ccc(C(=O)OCC)cc3)cc21,C(F)(F)(F)c1ccc(Cl)cc1CN1CCNc2ncc(I)cc21.c1(B(O)O)ccc(C(=O)OCC)cc1
CC(NC(=O)Cn1nc(C(F)(F)F)c2c1CCN(C(=O)OC(C)(C)C)C2)c1ccc(Cl)cc1,CC(N)c1ccc(Cl)cc1.C(=O)(O)Cn1nc(C(F)(F)F)c2c1CCN(C(=O)OC(C)(C)C)C2
n1ccc(Br)cc1NCCN1CCCC1,n1ccc(Br)cc1F.NCCN1CCCC1
C1CCCN1CC(=O)N1c2ccccc2NC(=O)c2c1c(C)cn2C,C1CCCN1CC(=O)O.N1c2ccccc2NC(=O)c2c1c(C)cn2C
c1cc(-c2ccc(C=O)s2)sc1Cl,c1cc(Br)sc1Cl.c1(B(O)O)ccc(C=O)s1
c1(C(NC(=O)Cc2ccc3oc(C(N)c4c(C)noc4C)cc3c2)c2ccccc2)ccc(C)cc1C,c1(C(NC(=O)Cc2ccc3oc(C(Cl)c4c(C)noc4C)cc3c2)c2ccccc2)ccc(C)cc1C.N
CC(C)(C)OC(=O)N1CCC(=O)C(C)(C)C1,CC(C)(C)OC(=O)OC(=O)OC(C)(C)C.N1CCC(=O)C(C)(C)C1
C(Oc1ccc([C@H](CC(=O)N2C(=O)OC[C@@H]2Cc2ccccc2)c2ccon2)cc1)c1ccc(C(C)(C)C)c(C(C)C)c1,C(Cl)c1ccc(C(C)(C)C)c(C(C)C)c1.Oc1ccc([C@H](CC(=O)N2C(=O)OC[C@@H]2Cc2ccccc2)c2ccon2)cc1
C1CC(CN[C@@H]2C[C@H]2c2ccc(Br)cc2)CCN1C(=O)OC(C)(C)C,C1CC(C=O)CCN1C(=O)OC(C)(C)C.N[C@@H]1C[C@H]1c1ccc(Br)cc1
C(=O)(O)CCCCCCCn1c(=O)oc2ccccc21,C(=O)(CCCCCCCn1c(=O)oc2ccccc21)OC
c1(N2CCC(C(=O)NCC(Cc3ccccc3)NC(=O)OC(C)(C)C)CC2)ccncc1,c1(N2CCC(C(=O)Cl)CC2)ccncc1.NCC(Cc1ccccc1)NC(=O)OC(C)(C)C
O=C(OCC)C(C)OCCCCCCCC,O=C(OCC)C(C)O.C(I)CCCCCCC
O=C(c1ccc(Cl)cc1Cl)c1cnn(C)c1OCc1ccc(C(C)=O)cc1,O=C(c1ccc(Cl)cc1Cl)c1cnn(C)c1O.C(Br)c1ccc(C(C)=O)cc1
c1(S(=O)(=O)Nc2ccc(Br)cc2C(=O)c2ccccc2)ccc(C(C)(C)C)cc1,c1(S(=O)(=O)Cl)ccc(C(C)(C)C)cc1.Nc1ccc(Br)cc1C(=O)c1ccccc1
n1c(-c2ccc(C(=O)NN)o2)csc1N=C(N)N,n1c(-c2ccc(C(=O)OC)o2)csc1N=C(N)N.NN
c1c(C(=O)NCCNC(C)C)cc(-c2c3c(=O)n(C)c(=O)n(CC(C)C)c3nn2Cc2c[nH]c3ccc(Cl)cc23)n1C,c1c(C(=O)O)cc(-c2c3c(=O)n(C)c(=O)n(CC(C)C)c3nn2Cc2c[nH]c3ccc(Cl)cc23)n1C.NCCNC(C)C
Cc1ccc(S(=O)(=O)OC[C@H]2CCCN2C(=O)OCc2ccccc2)cc1,Cc1ccc(S(=O)(=O)Cl)cc1.OC[C@H]1CCCN1C(=O)OCc1ccccc1
NC(=O)CN1CCC(C2COC2)c2ccccc21,NC(=O)CI.N1CCC(C2COC2)c2ccccc21
C(C)S(=O)(=O)c1cc2c(C(=O)OC)c(CN3CCC(N4CCOCC4)CC3)c(-c3cccc(C(F)(F)F)c3)nc2cc1OCC,C(C)S(=O)(=O)c1cc2c(C(=O)OC)c(CBr)c(-c3cccc(C(F)(F)F)c3)nc2cc1OCC.N1CCC(N2CCOCC2)CC1
CN1CC[C@H](N(Cc2ccc(F)cc2C(F)(F)F)c2ccc(C#N)c(Cl)c2)C1,CN1CC[C@H](Nc2ccc(C#N)c(Cl)c2)C1.C(Br)c1ccc(F)cc1C(F)(F)F
c1(F)cc(C(F)(F)F)ccc1C1CC(=O)NC(C)=C1C(=O)Nc1cc2c(Cl)n[nH]c2cc1F,c1(F)cc(C(F)(F)F)ccc1C1CC(=O)NC(C)=C1C(=O)O.Nc1cc2c(Cl)n[nH]c2cc1F
O=Cc1nc(C(Cl)Cl)cnc1N1C(=O)c2ccccc2C1=O,OCc1nc(C(Cl)Cl)cnc1N1C(=O)c2ccccc2C1=O
O(C)c1cc(N)c(C#N)c(F)c1,O(C)c1cc(F)c(C#N)c(F)c1.N
OC(=O)CCN1CCc2nc3ccccc3c(C)c2CC1,O(CC)C(=O)CCN1CCc2nc3ccccc3c(C)c2CC1
C(CCCCC=C(F)F)CCCCCOCc1ccccc1,C(CCCCC=C(F)F)CCCCCO.C(Br)c1ccccc1
c1cc(F)ccc1-n1c(=O)n(OCc2ccccc2)c(=O)c2cc(F)c(N3CCC(NC(=O)OC(C)(C)C)C3)cc21,c1cc(F)ccc1-n1c(=O)n(OCc2ccccc2)c(=O)c2cc(F)c(F)cc21.N1CCC(NC(=O)OC(C)(C)C)C1
S(C(=O)N(C)C)c1nc(-c2ccccc2)cn1-c1ccc([N+](=O)[O-])cn1,S(C(=O)N(C)C)c1nc(-c2ccccc2)c[nH]1.c1(Cl)ccc([N+](=O)[O-])cn1
COc1ccc(/C=C/C(=O)N2C(=O)OC[C@H]2c2ccccc2)c(C2OCCO2)c1,COc1ccc(Br)c(C2OCCO2)c1.C=CC(=O)N1C(=O)OC[C@H]1c1ccccc1
S(=O)(=O)(O[C@H]1CN(C(=O)OC(C)(C)C)C[C@@H]1N=[N+]=[N-])c1ccc(C)cc1,S(=O)(=O)(Cl)c1ccc(C)cc1.O[C@H]1CN(C(=O)OC(C)(C)C)C[C@@H]1N=[N+]=[N-]
c1ccc(/C=C/c2cccc([N+](=O)[O-])c2)cc1,c1ccc(CP(=O)(OCC)OCC)cc1.C(=O)c1cccc([N+](=O)[O-])c1
c1ccc2c(c1N(C)c1ncc(-c3ccc(C(F)(F)F)cc3)o1)CC(O[Si](C)(C)C(C)(C)C)CC2,c1ccc2c(c1Nc1ncc(-c3ccc(C(F)(F)F)cc3)o1)CC(O[Si](C)(C)C(C)(C)C)CC2.CI
c1c(-c2cnc3nc(NCC(=O)O)sc3n2)nnn1Cc1cc(Cl)c(Cl)c(Cl)c1,c1c(-c2cnc3nc(NCC(=O)OC)sc3n2)nnn1Cc1cc(Cl)c(Cl)c(Cl)c1
c1cccc(CCn2ccnc2)c1,c1cccc(CCBr)c1.[nH]1ccnc1
C1CN(C(=O)OC(C)(C)C)CCc2ccoc21,C1CNCCc2ccoc21.C(=O)(OC(=O)OC(C)(C)C)OC(C)(C)C
c1(OCC2CC2)ncc(N)cc1Br,c1(OCC2CC2)ncc([N+](=O)[O-])cc1Br
COc1ccnc(COS(=O)(=O)c2ccc(C)cc2)c1,COc1ccnc(CO)c1.S(=O)(=O)(Cl)c1ccc(C)cc1
COC(=O)Cc1ccccc1C#Cc1nc(Nc2ccc(CNC(=O)OC(C)(C)C)cc2)ncc1C(F)(F)F,COC(=O)Cc1ccccc1C#C.c1(Cl)nc(Nc2ccc(CNC(=O)OC(C)(C)C)cc2)ncc1C(F)(F)F
c1ccc(CC(O)C(=O)O)cc1[N+](=O)[O-],c1ccc(C=C(O)C(=O)O)cc1[N+](=O)[O-]
Nc1ccc2c(C#N)cn(-c3ccc(C(=O)OCC)cc3)c2c1,[N+](=O)([O-])c1ccc2c(C#N)cn(-c3ccc(C(=O)OCC)cc3)c2c1
C1CC[C@@H](C(=O)OC(C)C)C[C@H]1COC1CCCCO1,C1CC[C@@H](C(=O)OC(C)C)C[C@H]1CO.C1=CCCCO1
c1ccc(OC)c(N2CCN(CCc3c(C)c4ccc(OCC)c(OCC)c4oc3=O)CC2)c1,c1ccc(OC)c(N2CCNCC2)c1.C(Cl)Cc1c(C)c2ccc(OCC)c(OCC)c2oc1=O
CC[C@H](Nc1ccnc2[nH]cnc12)c1nc2cccc(F)c2c(=O)n1-c1cccc(CC(F)(F)F)c1,CC[C@H](N)c1nc2cccc(F)c2c(=O)n1-c1cccc(CC(F)(F)F)c1.c1(Cl)ccnc2[nH]cnc12
C=CCS(=O)c1cccc(C(=O)N[C@@H](Cc2cc(F)cc(F)c2)[C@H](O)CNC2(c3cccc(CC)c3)CC2)c1,C=CCSc1cccc(C(=O)N[C@@H](Cc2cc(F)cc(F)c2)[C@H](O)CNC2(c3cccc(CC)c3)CC2)c1.OOC(=O)c1cccc(Cl)c1
n1ccc(-c2scnc2-c2cccc(N)c2)nc1Cl,n1ccc(-c2scnc2-c2cccc([N+](=O)[O-])c2)nc1Cl
O(C(C)=O)[C@@H]1C(=O)N[C@@H]1C(C)C,O(C(C)=O)[C@@H]1C(=O)N(Cc2ccc(OC)cc2)[C@@H]1C(C)C
c12nc(ncc1Cl)Nc1cncc(c1)CCc1cc(ccc1OCCC1CCN(C(=O)Nc3ccoc3C)CC1)N2,c12nc(ncc1Cl)Nc1cncc(c1)CCc1cc(ccc1OCCC1CCNCC1)N2.C(=O)=Nc1ccoc1C
c1cc2occc2c2c1cnn2CC(O)CC,c1cc2occc2c2c1cnn2CC=O.C(C)[Mg+]
CC(C)(C)n1nc(N)c2ccccc21,CC(C)(C)n1nc([N+](=O)[O-])c2ccccc21
n1c(Cl)nn2cccc(-c3cccc(CN(C)S(C)(=O)=O)c3)c12,n1c(Cl)nn2cccc(Br)c12.c1(B(O)O)cccc(CN(C)S(C)(=O)=O)c1
C1CN(c2nc(C(F)(F)F)c(C(=O)O)s2)CC1(c1cc(Cl)c(Cl)c(Cl)c1)C(F)(F)F,C1CN(c2nc(C(F)(F)F)c(C(=O)OCC)s2)CC1(c1cc(Cl)c(Cl)c(Cl)c1)C(F)(F)F
c1ccc(Cn2ccc3c2CCCC3=O)cc1Cl,c1ccc(CBr)cc1Cl.[nH]1ccc2c1CCCC2=O
N1(C(C)c2ccnc(NC(=O)OC(C)(C)C)c2)CCN(C(C)=O)CC1,N1CCN(C(C)=O)CC1.C(C)(=O)c1ccnc(NC(=O)OC(C)(C)C)c1
c1(NC(=O)c2c(/C=C/c3cccc(OC(F)F)c3OCC(C)(C)C)nc3sccn23)ccc(C#N)cn1,c1(N)ccc(C#N)cn1.C(=O)(O)c1c(/C=C/c2cccc(OC(F)F)c2OCC(C)(C)C)nc2sccn12
N1(C)CC(C(=O)N2CCN(Cc3ccc(F)cc3)C[C@H]2C)Oc2cc(OC)c(Cl)cc21,N1(C)CC(C(=O)O)Oc2cc(OC)c(Cl)cc21.N1CCN(Cc2ccc(F)cc2)C[C@H]1C
C(C)OC(=O)c1ccc(-n2cc(CC(C)C)c3ccc(Cl)cc32)s1,C(C)OC(=O)c1ccc(Br)s1.[nH]1cc(CC(C)C)c2ccc(Cl)cc12
O=C(O)CCCN1CCOCC1,O=C(CCCN1CCOCC1)OCC
COCCOCCOCCNC(=O)c1ccc2c(c1)C(CO)c1cc(C(=O)NCCNC(=O)OC(C)(C)C)ccc1-2,COCCOCCOCCNC(=O)c1ccc2c(c1)C(CO)c1cc(C(=O)O)ccc1-2.NCCNC(=O)OC(C)(C)C
CCCS(=O)c1ccc([N+](=O)[O-])c(N)c1,CCCSc1ccc([N+](=O)[O-])c(N)c1.OOC(=O)c1cccc(Cl)c1
O(CC)P(=O)(Cc1cc(F)ccc1F)OCC,O(CC)P(OCC)OCC.C(Br)c1cc(F)ccc1F
N(c1cccc(OC)c1)c1nc(-c2ccc3c(c2)OCO3)nc2c1cnn2C,N(c1cccc(OC)c1)c1nc(Cl)nc2c1cnn2C.c1(B2OC(C)(C)C(C)(C)O2)ccc2c(c1)OCO2
c1(-c2ccccc2)ccc(N(c2ccc(Br)cc2)c2ccc(-c3ccccc3)cc2)cc1,c1(-c2ccccc2)ccc(Nc2ccc(-c3ccccc3)cc2)cc1.c1(I)ccc(Br)cc1
C#CCOC(C(=O)Nc1ccccc1-c1ccc(O[Si](c2ccccc2)(c2ccccc2)C(C)(C)C)c(OC)c1)c1ccc(Cl)cc1,C#CCOC(C(=O)O)c1ccc(Cl)cc1.Nc1ccccc1-c1ccc(O[Si](c2ccccc2)(c2ccccc2)C(C)(C)C)c(OC)c1
c1cc2c(nc1N1CCCNCC1)N[C@H]1CCN2C1,c1cc2c(nc1N1CCCN(C(=O)OC(C)(C)C)CC1)N[C@H]1CCN2C1
c1cc(Oc2cnc(N)nc2N2CCN(C(C)=O)CC2)ccc1Cl,c1cc(Oc2cnc(N)nc2N2CCNCC2)ccc1Cl.C(C)(=O)OC(C)=O
Cc1cccc(Cn2cc(C(=O)c3ccc(C)c(C)c3)c(=O)c3ncccc32)n1,Cc1cccc(CBr)n1.[nH]1cc(C(=O)c2ccc(C)c(C)c2)c(=O)c2ncccc12
c1cc2c(o1)CN(CCCCCCc1ccccc1)CC2,c1cc2c(o1)CNCC2.C(O)CCCCCc1ccccc1
c1(NCCCN2CCN(C)CC2)nccc(-c2cc3cccc(Cl)c3s2)n1,c1(Cl)nccc(-c2cc3cccc(Cl)c3s2)n1.NCCCN1CCN(C)CC1
C(C)Cc1c(C(=O)NC2CC2)nnn1-c1ccc(C(=O)NCCCc2ccccc2)cc1,C(C)Cc1c(C(=O)O)nnn1-c1ccc(C(=O)NCCCc2ccccc2)cc1.NC1CC1
c1(Cn2c3c(c(O)c(C(=O)O)c2=O)CCCc2cc4c(cc2-3)cc(C=O)n4C)ccc(OC)cc1OC,c1(Cn2c3c(c(O)c(C(=O)O)c2=O)CCCc2cc4c(cc2-3)cc(CO)n4C)ccc(OC)cc1OC
c12ccn(C)c1cc1c(c2)C(=O)CCC=C1,c12ccn(C)c1cc1c(c2)C(O)CCC=C1
CCOC(=O)c1c(C)cccc1COc1cccc(OCc2cccc(-c3ccccc3)n2)c1,CCOC(=O)c1c(C)cccc1COc1cccc(OCc2cccc(Cl)n2)c1.c1(B(O)O)ccccc1
COc1ccc(-c2cc(-c3ccc(OC)cc3)nc(CBr)n2)cc1,COc1ccc(-c2cc(-c3ccc(OC)cc3)nc(C)n2)cc1.BrN1C(=O)CCC1=O
O=S(=O)(CC)CCn1c([N+](=O)[O-])cnc1C,O=S(O)CC.C(Br)Cn1c([N+](=O)[O-])cnc1C
O=C(NC(Cc1ccccc1)C(O)C(F)(F)C(=O)OCC)OCc1ccccc1,O=C(NC(C=O)Cc1ccccc1)OCc1ccccc1.C(F)(F)(Br)C(=O)OCC
c1ccc(CN[C@@H](C)C(OCC)OCC)c2nsnc12,c1ccc(C=O)c2nsnc12.N[C@@H](C)C(OCC)OCC
C1C[C@@H](NCc2ccc3c(c2)OCCO3)CC[C@@H]1COC(=O)c1cnc2ccc(OC)cc2c1,C1C[C@H](N)CC[C@H]1COC(=O)c1cnc2ccc(OC)cc2c1.C(=O)c1ccc2c(c1)OCCO2
c1cc2nc(-c3ccc4[nH]ncc4c3)c(N(C)[C@@H](C)c3ccccc3)nc2cc1C(=O)O,c1cc2nc(-c3ccc4[nH]ncc4c3)c(N(C)[C@@H](C)c3ccccc3)nc2cc1C(=O)OC
CC(C)(C)OC(=O)N1C[C@@H](N)CC[C@@H]1CCN1C(=O)COc2ccc(C#N)cc21,CC(C)(C)OC(=O)N1C[C@@H](N=[N+]=[N-])CC[C@@H]1CCN1C(=O)COc2ccc(C#N)cc21
N#CC1(COc2cncc(-c3cc(N[C@@H]4CC[C@@H](NCCC(F)(F)F)CC4)ncc3Cl)n2)CCOCC1,N#CC1(COc2cncc(-c3cc(N[C@@H]4CC[C@@H](N)CC4)ncc3Cl)n2)CCOCC1.C(Br)CC(F)(F)F
c1c(-c2ccc(-n3cc(C(=O)OCC)nc3-c3c(Cl)cccc3Cl)c(Cl)c2)cccc1S(C)(=O)=O,c1c(B(O)O)cccc1S(C)(=O)=O.c1(Br)ccc(-n2cc(C(=O)OCC)nc2-c2c(Cl)cccc2Cl)c(Cl)c1
C(NC(=O)OC(C)(C)C)c1ccnc2c1ccn2S(C)(=O)=O,C(NC(=O)OC(C)(C)C)c1ccnc2[nH]ccc12.S(C)(=O)(=O)Cl
c1nc(NC(C)=O)nc(N[C@@H]2CCCc3ccccc32)n1,c1nc(N)nc(N[C@@H]2CCCc3ccccc32)n1.C(C)(=O)OC(C)=O
OCC(C)(C)/C(=C/C)CC,O=C(OCC)C(C)(C)/C(=C/C)CC
FC(F)(F)c1ccc(Br)c(N)c1F,FC(F)(F)c1ccc(Br)c(NC(=O)OC(C)(C)C)c1F
c1sc(NC(=O)N(CCCC(=O)O)CCC(c2ccccc2)c2ccccc2)nc1-c1ccc(NS(C)(=O)=O)cc1,c1sc(NC(=O)N(CCCC(=O)OC(C)(C)C)CCC(c2ccccc2)c2ccccc2)nc1-c1ccc(NS(C)(=O)=O)cc1
[nH]1cc(C=O)c2cc(Cl)ccc12,[nH]1ccc2cc(Cl)ccc12.C(=O)N(C)C
[C@H]1(O)CCN(C(=O)OC(C)(C)C)[C@@H](C(=O)OC)C1,[C@H]1(O)CCN[C@@H](C(=O)OC)C1.C(=O)(OC(=O)OC(C)(C)C)OC(C)(C)C
c1(-c2cc(N[C@@H]3CC[C@H](C(=O)O)C3)ncc2Cl)cccc(NCc2cccc(F)c2)n1,c1(-c2cc(F)ncc2Cl)cccc(NCc2cccc(F)c2)n1.N[C@@H]1CC[C@H](C(=O)O)C1
n1cc(-c2ccc(F)c(-c3ccccc3C#N)c2)n2nccnc12,n1cc(Br)n2nccnc12.c1(B2OC(C)(C)C(C)(C)O2)ccc(F)c(-c2ccccc2C#N)c1
O=C(c1nc2c(s1)CCOc1cc(-c3cn[nH]c3)ccc1-2)N1CCN(C(=O)[C@H]2CCCO2)CC1,O=C(O)c1nc2c(s1)CCOc1cc(-c3cn[nH]c3)ccc1-2.N1CCN(C(=O)C2CCCO2)CC1
C1CCC(=O)N1c1ncnc2c1cnn2CCN1CCCCC1,C1CCC(=O)N1.c1(Cl)ncnc2c1cnn2CCN1CCCCC1
C1CCN(C2CCN(C(=O)c3cc(-c4ccccn4)sc3N)CC2)CC12CC(=O)N(C1CCC1)C2=O,C1CCN(C2CCN(C(=O)c3cc(-c4ccccn4)sc3NC(=O)OC(C)(C)C)CC2)CC12CC(=O)N(C1CCC1)C2=O
c1(-c2ccnc3[nH]ccc23)ccc(C(=O)NCc2ccccc2F)cc1,c1(-c2ccnc3[nH]ccc23)ccc(C(=O)O)cc1.NCc1ccccc1F
Cn1nnnc1CCN,Cn1nnnc1CCNC(=O)OC(C)(C)C
CCCCS(=O)(=O)Nc1ccc(C(=O)N2Cc3cccn3Cc3ccccc32)cc1OC,CCCCS(=O)(=O)Cl.Nc1ccc(C(=O)N2Cc3cccn3Cc3ccccc32)cc1OC
CC(=O)Nc1ccc(C(=O)C2CCN(Cc3ccc(C(O)(C(F)(F)F)C(F)(F)F)cc3)CC2)cc1,CC(=O)Nc1ccc(C(=O)C2CCNCC2)cc1.C(Br)c1ccc(C(O)(C(F)(F)F)C(F)(F)F)cc1
c1cc(-c2ccccc2)ccc1C(=O)NCC(=O)N1CCN(C(=O)c2cc(C(F)(F)F)ccc2F)CC1,c1cc(-c2ccccc2)ccc1C(=O)NCC(=O)N1CCNCC1.C(=O)(O)c1cc(C(F)(F)F)ccc1F
O=C(O)C1CCCN(C(=O)COC2CCN(C(=O)OCc3ccccc3)CC2)C1,O=C(OCC)C1CCCN(C(=O)COC2CCN(C(=O)OCc3ccccc3)CC2)C1
c1c(/C=C/C(=O)N(C)Cc2cn(C)c3ccccc23)cnc2c1OCCN2,c1c(/C=C/C(=O)O)cnc2c1OCCN2.N(C)Cc1cn(C)c2ccccc12
c1(CC)nc2cc(NC(C)=O)ncc2cc1-c1ccc(F)c(N)c1,c1(CC)nc2cc(Cl)ncc2cc1-c1ccc(F)c(N)c1.NC(C)=O
C1C(=O)NS(=O)(=O)N1c1ccc(-c2cn[nH]c2)cc1O,C1C(=O)NS(=O)(=O)N1c1ccc(-c2cn[nH]c2)cc1OCc1ccccc1
CCO/C=C/c1c(-c2ccc(C#N)cc2)nc2cccc(C(=O)OC)n12,CCO/C=C\[Sn](CCCC)(CCCC)CCCC.c1(Br)c(-c2ccc(C#N)cc2)nc2cccc(C(=O)OC)n12
c1(N[C@@H]2CCCN(S(=O)(=O)c3ccc(Cl)cc3)C2)nccc(-c2c(-c3cccc(O)c3)nc3sccn23)n1,c1(N[C@@H]2CCCN(S(=O)(=O)c3ccc(Cl)cc3)C2)nccc(-c2c(-c3cccc(OC)c3)nc3sccn23)n1
C(=C)Cc1cccc2c1N(C(=O)OCC)CC2,C(=C)Cc1cccc2c1NCC2.C(=O)(Cl)OCC
O1CC(=O)N(Cc2ccc(OC)cc2)C[C@H]1Cc1cc(Cl)cc(Cl)c1,O1CC(=O)NC[C@H]1Cc1cc(Cl)cc(Cl)c1.C(Cl)c1ccc(OC)cc1
c1([C@@]2(O)CC[NH2+]C[C@@H]2c2noc(-c3ccccc3CCNC(C)=O)c2Br)ccc(COCC(F)(F)COC(C)C)cc1,c1([C@@]2(O)CCN(C(=O)OC(C)(C)C)C[C@@H]2c2noc(-c3ccccc3CCNC(C)=O)c2Br)ccc(COCC(F)(F)COC(C)C)cc1
c1(-c2cncc(OC[C@H](Cc3c[nH]c4ccccc34)NC(=O)OC(C)(C)C)c2)ccc(CNc2ccccc2)cc1,c1(-c2cncc(OC[C@H](Cc3c[nH]c4ccccc34)NC(=O)OC(C)(C)C)c2)ccc(C=O)cc1.Nc1ccccc1
c1nccc2c(N3CCN(C(=O)OC(C)(C)C)CC3)cccc12,c1nccc2c(Br)cccc12.N1CCN(C(=O)OC(C)(C)C)CC1
c12ccccc1C=Cc1ccccc1C2=C1CCN(CC=Cc2ccc(NC(C)=O)cc2)CC1,c12ccccc1C=Cc1ccccc1C2=C1CCN(CC=Cc2ccc(N)cc2)CC1.C(C)(=O)OC(C)=O
CC(=O)N(N)c1ccc(C(F)(F)F)cc1NC(=O)c1ccccc1,CC(=O)N(N)c1ccc(C(F)(F)F)cc1N.C(=O)(Cl)c1ccccc1
n1c(-c2ccc(C(=O)N(C)CCOC)cc2F)sc2nc(C3(c4ccccc4)CC3)ccc12,n1c(-c2ccc(C(=O)O)cc2F)sc2nc(C3(c4ccccc4)CC3)ccc12.N(C)CCOC
COc1cc(CCC(=O)N[C@@H]2CC[C@@H](C)CC2)ccc1OCC(=O)O,COc1cc(C=CC(=O)N[C@@H]2CC[C@@H](C)CC2)ccc1OCC(=O)O
COc1ccc(C(C)(C)C2SCCS2)cc1CN[C@H]1CCCN(C(=O)OC(C)(C)C)[C@H]1c1ccccc1,COc1ccc(C(C)(C)C2SCCS2)cc1C=O.N[C@H]1CCCN(C(=O)OC(C)(C)C)[C@H]1c1ccccc1
COc1ccc(CNC(=O)c2ccc(C)n(-c3ccccc3)c2=O)cc1,COc1ccc(CN)cc1.C(=O)(O)c1ccc(C)n(-c2ccccc2)c1=O
COc1ccc(C2=CC(=Nc3c(C)cc(C)cc3C)N(C)CN2C(C)=O)cc1OC,COc1ccc(C2=CC(=Nc3c(C)cc(C)cc3C)N(C)CN2)cc1OC.C(C)(=O)OC(C)=O
c1cccc2c1c(O)c(C1=NS(=O)(=O)c3cc(OCC(=O)O)ccc3N1)c(=O)n2NCC1CC1,c1cccc2c1c(O)c(C1=NS(=O)(=O)c3cc(OCC(=O)OC(C)(C)C)ccc3N1)c(=O)n2NCC1CC1
O=S(=O)(c1ccc(F)cc1)N(C)C1CCc2c(c3ccccn3c2CC(=O)O)C1,O=S(=O)(c1ccc(F)cc1)N(C)C1CCc2c(c3ccccn3c2CC(=O)OCC)C1
O=C(Nc1cccc(-n2ccnc2)c1)C1CCOc2ccccc2C1,O=C(Nc1cccc(-n2ccnc2)c1)C1=Cc2ccccc2OCC1
c1ccccc1CC(=O)N1CCN(c2nc(SCC(N)=O)nc3sc(CC)cc23)CC1,c1ccccc1CC(=O)N1CCN(c2nc(Cl)nc3sc(CC)cc23)CC1.SCC(N)=O
Fc1cc(N)ccc1Oc1ccnc2c1c(C1CCN(C(=O)OC(C)(C)C)CC1)nn2Cc1ccc(OC)cc1,Fc1cc(N)ccc1Oc1ccnc2c1c(C1=CCN(C(=O)OC(C)(C)C)CC1)nn2Cc1ccc(OC)cc1
n1cc(C(N)=O)cc(N)c1N,n1cc(C(N)=O)cc([N+](=O)[O-])c1N
Clc1ccc2c(c1)NC(=O)[C@@]21[C@H](CC(C)(C)C)N[C@H](C(=O)Nc2cccc(C(=O)OC)c2)[C@@H]1c1cccc(Cl)c1F,Clc1ccc2c(c1)NC(=O)C21C(CC(C)(C)C)NC(C(=O)O)C1c1cccc(Cl)c1F.Nc1cccc(C(=O)OC)c1
c1cc(C(F)F)ccc1-c1cn(CC2CCC(F)(F)CC2)c2cc(-c3c(C)noc3C)cnc12,c1cc(C(F)F)ccc1Br.c1(B(O)O)cn(CC2CCC(F)(F)CC2)c2cc(-c3c(C)noc3C)cnc12
c1(N)cc(-c2ccc(F)cc2)c(N2CCC(OCCOC3CCCCO3)CC2)cc1NC(=O)OC(C)(C)C,c1([N+](=O)[O-])cc(-c2ccc(F)cc2)c(N2CCC(OCCOC3CCCCO3)CC2)cc1NC(=O)OC(C)(C)C
c1cc(O[C@@H]2CCNC2)nc(Nc2cc(C)cc(-c3cnc(N4CCCNC(=O)C4)s3)c2)n1,c1cc(O[C@@H]2CCN(C(=O)OC(C)(C)C)C2)nc(Nc2cc(C)cc(-c3cnc(N4CCCNC(=O)C4)s3)c2)n1
COc1c(OC)cccc1C(=C)c1cc(Cl)ccc1NCc1ccc(OC)cc1OC,COc1c(OC)cccc1C(=C)c1cc(Cl)ccc1N.C(=O)c1ccc(OC)cc1OC
c1(OCCCCC)cnc(CO)c(Cl)c1,c1(OCCCCC)cnc(C(=O)OCC)c(Cl)c1
N#Cc1ccc(N2CCN(Cc3cnc4c(c3)NC(=O)[C@@H]3CCCCN43)CC2)cc1,N#Cc1ccc(N2CCNCC2)cc1.C(O)c1cnc2c(c1)NC(=O)[C@@H]1CCCCN21
O=C(NCc1ccncc1)c1ccc2n1Cc1ccccc1N(C(=O)c1ccc(-c3cccc4ccccc34)cc1Cl)C2,O=C(O)c1ccc2n1Cc1ccccc1N(C(=O)c1ccc(-c3cccc4ccccc34)cc1Cl)C2.NCc1ccncc1
Nc1nc(-c2cccc([N+](=O)[O-])c2)cs1,NC(N)=S.C(=O)(CBr)c1cccc([N+](=O)[O-])c1
CN(C)CCNC(=O)c1cccc(-c2ccccc2CSCCOc2ccccc2)c1,CN(C)CCN.C(=O)(O)c1cccc(-c2ccccc2CSCCOc2ccccc2)c1
CCC(O)(CC)CCc1ccc(C(CC)(CC)c2ccc(-c3ccc(CC(=O)OC)cc3)c(C)c2)cc1C,CCC(O)(CC)CCc1ccc(C(CC)(CC)c2ccc(B3OC(C)(C)C(C)(C)O3)c(C)c2)cc1C.c1(Br)ccc(CC(=O)OC)cc1
CC(C)(C)OC(=O)[C@H](O)CCc1ccc([N+](=O)[O-])cc1,CC(C)(C)OC(=O)[C@@H](CCc1ccc([N+](=O)[O-])cc1)OC(C)=O
Cc1ccc(S(=O)(=O)Oc2nc(N)nc3c2CCCc2occc2-3)cc1,Cc1ccc(S(=O)(=O)Cl)cc1.Oc1nc(N)nc2c1CCCc1occc1-2
[O-][n+]1c(C)cccc1C,OOC(=O)c1cccc(Cl)c1.n1c(C)cccc1C
c1c(C=C(Br)Br)c2ccccc2n1C(=O)OC(C)(C)C,c1c(C=O)c2ccccc2n1C(=O)OC(C)(C)C.C(Br)(Br)(Br)Br
c1cc(-n2cc(Cl)cn2)c(Cl)cc1C(C)C(N)=O,c1cc(-n2cc(Cl)cn2)c(Cl)cc1C(C)C(=O)Cl.N
n1cc(-c2ccc([N+](=O)[O-])cc2)sc1C1CCNCC1,n1cc(-c2ccc([N+](=O)[O-])cc2)sc1C1CCN(C(=O)OC(C)(C)C)CC1
O=C(Nc1nc2cccc(NC3CCCOC3)n2n1)c1ccccc1,O=C(Nc1nc2cccc(Cl)n2n1)c1ccccc1.NC1CCCOC1
CC(C)(C)OC(=O)N1CCN(c2nc(CO)nc3c(F)c(Br)c(Cl)cc23)CC1,CC(C)(C)OC(=O)N1CCN(c2nc(COC(C)=O)nc3c(F)c(Br)c(Cl)cc23)CC1
CS(=O)(=O)c1ccc(OCc2ccccc2)c(C=O)c1,CS(=O)(=O)c1ccc(OCc2ccccc2)c(C2OCCO2)c1
c1ccc(-c2ccccc2)c(OC)c1C(C)C,c1ccc(Br)c(OC)c1C(C)C.c1(B(O)O)ccccc1
O=C(c1ccc(Br)cc1F)N1CCOCC1,O=C(O)c1ccc(Br)cc1F.N1CCOCC1
C1C(=O)N(Cc2ccccc2)[C@@H]1C(=O)O,C1C(=O)N(Cc2ccccc2)[C@@H]1C(=O)OCc1ccccc1
COc1cc(C=C2Oc3cc(O)ccc3C2=O)ccc1OCC,COc1cc(C=O)ccc1OCC.C1Oc2cc(O)ccc2C1=O
Cc1nn(-c2ccc(C#N)c(Cl)c2)c(C)c1Oc1ccc(C(=O)NC(C)(C)C)cc1,Cc1nn(-c2ccc(C#N)c(Cl)c2)c(C)c1Oc1ccc(C(=O)O)cc1.NC(C)(C)C
c1c(OCC)c(N)cc2c(Nc3cccc(C#C)c3)ncnc12,c1c(OCC)c([N+](=O)[O-])cc2c(Nc3cccc(C#C)c3)ncnc12
O(CC)C(=O)C(=O)CC1(c2cccc(F)c2OC)CC1,OC(=O)C(=O)CC1(c2cccc(F)c2OC)CC1.C(C)O
Nc1cnc2ccccc2c1NCc1cc(-c2cccnc2)on1,[N+](=O)([O-])c1cnc2ccccc2c1NCc1cc(-c2cccnc2)on1
COc1cc(OC(F)(F)F)ccc1-c1nc(OC)c(-n2cncc2C(=O)N2CCOCC2)cc1C,COc1cc(OC(F)(F)F)ccc1-c1nc(OC)c(-n2cncc2C(=O)O)cc1C.N1CCOCC1
C(C)O[C@@H](Cc1ccc(OCc2nc(C(C)(C)C)oc2C)cc1Cl)C(=O)OC,C(C)O[C@@H](Cc1ccc(O)cc1Cl)C(=O)OC.C(Cl)c1nc(C(C)(C)C)oc1C
C(CCCCCCCCCCCC)CNCCCCCCCCCCCCCC,C(CCCCCCCCCCCC)CNC(=O)CCCCCCCCCCCCC
O=C(Nc1ccn(CC(C)(C)O)n1)C(CC1CCCC1)c1ccc2c(c1)CCS2(=O)=O,O=C(O)C(CC1CCCC1)c1ccc2c(c1)CCS2(=O)=O.Nc1ccn(CC(C)(C)O)n1
c1cccc([C@@H](NC(=O)OC(C)C)C(=O)N2CCC[C@H]2C(=O)OC)c1,c1cccc([C@@H](NC(=O)OC(C)C)C(=O)O)c1.N1CCC[C@H]1C(=O)OC
c1cc(C(=O)Nc2cccc(C(=O)OC)c2Cl)cc(C#N)c1OCC(C)C,c1cc(C(=O)O)cc(C#N)c1OCC(C)C.Nc1cccc(C(=O)OC)c1Cl
C1CCCC1c1cc(C(=O)Nc2ccccn2)cnc1OCC(F)(F)F,C1CCCC1c1cc(C(=O)O)cnc1OCC(F)(F)F.Nc1ccccn1
C(=O)(N[C@@H](C)C(C)=O)OC(C)(C)C,C(=O)(N[C@@H](C)C(=O)N(C)OC)OC(C)(C)C.C[Mg+]
O=S(=O)(c1ccnc2[nH]ncc12)C1CC1,O=S([O-])C1CC1.c1(I)ccnc2[nH]ncc12
c1cc(I)ccc1C(=O)N1CCCN(C2CCC2)CC1,c1cc(I)ccc1C(=O)N1CCCNCC1.C1(=O)CCC1
N(Cc1ccccc1)(C(C)=O)C1C=C(C)C(=O)CC(C)(C)C1O,N(Cc1ccccc1)C1C=C(C)C(=O)CC(C)(C)C1O.C(C)(=O)OC(C)=O
c1cc2c(cc1Nc1ncc(Cl)c(Nc3c(F)cccc3C(=O)NC)n1)OCCCN2,c1cc2c(cc1N)OCCCN2.c1(Cl)ncc(Cl)c(Nc2c(F)cccc2C(=O)NC)n1
c1(Br)ccnc(CO)c1,c1(Br)ccnc(C(=O)O)c1
c1cc(N2CCOCC2)ccc1C(=O)Nc1nn(C(=O)OCC)c2sc(C(=O)OC(C)(C)C)cc12,c1cc(N2CCOCC2)ccc1C(=O)O.Nc1nn(C(=O)OCC)c2sc(C(=O)OC(C)(C)C)cc12
c1ccnc(C(C)OS(C)(=O)=O)c1,c1ccnc(C(C)O)c1.S(C)(=O)(=O)Cl
Clc1ccc2c(c1)CCN2Cc1cccc(CN)c1,Clc1ccc2c(c1)CCN2Cc1cccc(C#N)c1
CC(C)(C)OC(=O)N1CCC[C@@H](OC(=O)c2ccc(O)cc2)[C@H](NC(=O)c2ccc(OC(=O)c3ccc(F)cc3)cc2)C1,CC(C)(C)OC(=O)N1CCC[C@@H](OC(=O)c2ccc(OCc3ccccc3)cc2)[C@H](NC(=O)c2ccc(OC(=O)c3ccc(F)cc3)cc2)C1
COc1cccc(OCCCNC(=O)OC(C)(C)C)c1-c1cc(Nc2cnc(C#N)cn2)n[nH]1,COc1cccc(O)c1-c1cc(Nc2cnc(C#N)cn2)n[nH]1.C(O)CCNC(=O)OC(C)(C)C
CCOc1ccc(CCn2c3c(c4cc(C)ccc42)CN(C)CC3)cc1,CCOc1ccc(CCBr)cc1.[nH]1c2c(c3cc(C)ccc13)CN(C)CC2
CCOC(=O)/C=C/c1ccc(N(C(=O)OC(C)(C)C)[C@@H]2CCN(Cc3ccc(OC)cc3)C2)nc1,CCOC(=O)/C=C/c1ccc(N(C(=O)OC(C)(C)C)[C@@H]2CCNC2)nc1.C(=O)c1ccc(OC)cc1
Cc1ccc2cccnc2n1,CC(C)=O.C(=O)c1cccnc1N
C(=O)(Cc1cccc(OC)c1)Nc1cc(-c2c(Nc3ccn(C)n3)nc3ccccn23)nc(C)n1,C(=O)(O)Cc1cccc(OC)c1.Nc1cc(-c2c(Nc3ccn(C)n3)nc3ccccn23)nc(C)n1
C1C(Nc2nccc(-c3ccc(CCCOS(=O)(=O)c4ccc(C)cc4)cc3)n2)CC(C)(C)NC1(C)C,C1C(Nc2nccc(-c3ccc(CCCO)cc3)n2)CC(C)(C)NC1(C)C.S(=O)(=O)(Cl)c1ccc(C)cc1
C(COCCOCCOCCOCCOCc1ccccc1)OCCO,C(COCCOCCOCCOCCO)OCCO.C(Cl)c1ccccc1
O=C(CCCCCCNC(=O)c1ccc(C(C(=O)Nc2cccc3cccnc23)C(=O)Nc2cccc3cccnc23)cc1)NO,O=C(CCCCCCNC(=O)c1ccc(C(C(=O)Nc2cccc3cccnc23)C(=O)Nc2cccc3cccnc23)cc1)OC.NO
COc1ccc(Cn2nc(C)c3c(Nc4ccnc(SC)n4)cccc32)cc1,COc1ccc(Cn2nc(C)c3c(N)cccc32)cc1.c1(Cl)ccnc(SC)n1
c1cc(C)n(-c2nccc(CC(=O)N3CCc4cc(NC(=O)c5ccccc5-c5ccc(C)cc5)ccc43)n2)c1C,c1cc(C)n(-c2nccc(CC(=O)O)n2)c1C.N1CCc2cc(NC(=O)c3ccccc3-c3ccc(C)cc3)ccc21
Fc1ccc(CCc2cc(F)ccc2O)cc1,Fc1ccc(CCc2cc(F)ccc2OCOC)cc1
O(c1ccc2c(ccn2-c2ccccc2)c1)c1ccnc(Cl)n1,O(c1ccc2[nH]ccc2c1)c1ccnc(Cl)n1.c1(I)ccccc1
c1(F)c(NS(=O)(=O)CCC)ccc(F)c1C(=O)Nc1cnc2[nH]cc(C(C)=O)c2c1,c1(F)c(NS(=O)(=O)CCC)ccc(F)c1C(=O)Nc1cnc2[nH]ccc2c1.C(C)(=O)Cl
C1CCC(N(CC(=O)Nc2ccc(Cl)cc2Cl)Cc2ccc(OCC(=O)OC(C)(C)C)c(C)c2)CC1,C1CCC(NCc2ccc(OCC(=O)OC(C)(C)C)c(C)c2)CC1.C(Br)C(=O)Nc1ccc(Cl)cc1Cl
n12nc(-c3ccc(F)c(Cl)c3)c(C(N)=O)c1CN(C(=O)OC(C)(C)C)C(C1CC1)C2,n12nc(I)c(C(N)=O)c1CN(C(=O)OC(C)(C)C)C(C1CC1)C2.c1(B(O)O)ccc(F)c(Cl)c1
C1Cc2[nH]c3ccc4scc(C)c4c3c2CN1C,C1CC(=O)CCN1C.N(N)c1ccc2scc(C)c2c1
C1COCCC1Nc1c(CNC(=O)c2cccc(N)c2)c(CC)nc2c1cnn2CC,C1COCCC1Nc1c(CNC(=O)c2cccc(NC(=O)OC(C)(C)C)c2)c(CC)nc2c1cnn2CC
c1ccc(CN)cc1C(C)(C)C,c1ccc(C#N)cc1C(C)(C)C
c1cc(S(=O)(=O)N(C)C)ccc1-c1sc(NC(=O)NCCC(=O)O)nc1C,c1cc(S(=O)(=O)N(C)C)ccc1-c1sc(NC(=O)NCCC(=O)OCC)nc1C
C1CN([C@@H](C)c2ccc(-c3ccnc(C)c3)cc2)C(=O)O[C@@]1(CC1(O)CC1)c1ccc(F)cc1,C1CN([C@@H](C)c2ccc(Br)cc2)C(=O)O[C@@]1(CC1(O)CC1)c1ccc(F)cc1.c1(B(O)O)ccnc(C)c1
c1cc(O)ccc1CNc1nc(Nc2ccc(C(=O)NCC(O)CN3CCN(C(=O)OC(C)(C)C)CC3)cc2)nc(OCC(F)(F)F)n1,c1cc(O)ccc1CNc1nc(Nc2ccc(C(=O)O)cc2)nc(OCC(F)(F)F)n1.NCC(O)CN1CCN(C(=O)OC(C)(C)C)CC1
CON(C)C(=O)C1(NC(=O)OC(C)(C)C)Cc2ccccc2C1,CONC.C(=O)(O)C1(NC(=O)OC(C)(C)C)Cc2ccccc2C1
S(CC(=O)OCC)c1nc(Cl)cc(Nc2c(C)cc(C)cc2C)n1,S(CC(=O)OCC)c1nc(Cl)cc(Cl)n1.Nc1c(C)cc(C)cc1C
C1C2C(CN1C(=O)c1ccccc1-c1ccccc1)CN2c1nccc(C)n1,C1C2NCC2CN1C(=O)c1ccccc1-c1ccccc1.c1(Cl)nccc(C)n1
s1c(N2CCN(Cc3ccc(OC(F)(F)F)cc3)CC2)nc2ccc(OC[C@H]3CCn4cc([N+](=O)[O-])nc4O3)cc12,s1c(N2CCN(Cc3ccc(OC(F)(F)F)cc3)CC2)nc2ccc(OC[C@H](O)CCn3cc([N+](=O)[O-])nc3Cl)cc12
CC(C)c1nn2ccccc2c1C(O)C(C)C,CC(C)c1nn2ccccc2c1C(=O)C(C)C
c1(OC)ccccc1N1CCN(CC(Oc2ccccc2)c2ccccc2)CC1,c1(OC)ccccc1N1CCN(C(=O)C(Oc2ccccc2)c2ccccc2)CC1
c12ccccc1N(C(=O)c1cc(SC)c(OC)c(C(F)(F)F)c1)CS2,c12ccccc1NCS2.C(=O)(Cl)c1cc(SC)c(OC)c(C(F)(F)F)c1
CCCC(O)(CNC(=O)c1nccc(Sc2cnc(Nc3ccc(CNC(=O)OC(C)(C)C)cn3)s2)c1F)c1ccccc1,CCCC(O)(CN)c1ccccc1.C(=O)(O)c1nccc(Sc2cnc(Nc3ccc(CNC(=O)OC(C)(C)C)cn3)s2)c1F
C1[C@@H](Nc2ccc(F)cc2F)C[C@@H](C(=O)N2CCN(C)CC2)N1C(=O)OC(C)(C)C,C1[C@@H](N)C[C@@H](C(=O)N2CCN(C)CC2)N1C(=O)OC(C)(C)C.c1(Br)ccc(F)cc1F
O=C1Nc2ccc(Cl)cc2C1=Cc1ccc(-c2ccc(OCCN3CCOCC3)cc2)o1,O=C1Nc2ccc(Cl)cc2C1=Cc1ccc(Br)o1.c1(B2OC(C)(C)C(C)(C)O2)ccc(OCCN2CCOCC2)cc1
c1cc(Br)cc(COCC#CCNC(C)C)c1F,c1cc(Br)cc(COCC#CCBr)c1F.NC(C)C
C1[C@@H](O)C[C@@H](c2ccc(C)cc2)CN1C,C1C(O)C=C(c2ccc(C)cc2)CN1C
c12nc(Cc3ccc(F)cc3F)cc(-c3cnc(C(=O)O)cn3)c1C(=O)N1CCC[C@@H]21,c12nc(Cc3ccc(F)cc3F)cc(-c3cnc(C(=O)OCC)cn3)c1C(=O)N1CCC[C@@H]21
c1cc(S(=O)(CC)=NC(=O)OCC)ccc1Nc1ncc(Br)c(O[C@H](C)[C@@H](C)O)n1,c1cc(S(=O)(CC)=NC(=O)OCC)ccc1N.c1(Cl)ncc(Br)c(O[C@H](C)[C@@H](C)O)n1
c1cc(-c2ccc(C(=O)Nc3ccc4nc(N(C)CC5CCN(CC)C5)sc4c3)cc2)ccc1F,c1cc(-c2ccc(C(=O)Nc3ccc4nc(N(C)CC5CCNC5)sc4c3)cc2)ccc1F.C(C)=O
CCCCCCNC(=O)Nc1ccc(S(=O)(=O)Nc2ccc(N3CCC4(CC3)OCCO4)cc2)cc1,CCCCCCNC(=O)Nc1ccc(S(=O)(=O)Cl)cc1.Nc1ccc(N2CCC3(CC2)OCCO3)cc1
c1(CN2CCN(c3cccc(CC)c3)CC2)ccc([N+](=O)[O-])cc1,c1(CCl)ccc([N+](=O)[O-])cc1.N1CCN(c2cccc(CC)c2)CC1
CCOC(=O)CC1CNC(=O)c2cc(-c3cccc(Cl)c3)cn21,CCOC(=O)CC1CNC(=O)c2cc(I)cn21.c1(B(O)O)cccc(Cl)c1
c1(C(=O)Cl)ccc(C(=O)OCC)cc1,c1(C(=O)Cl)ccc(C(=O)Cl)cc1.OCC
CC(=O)Nc1c(NCC(=O)OCC)cccc1OCc1ccccc1,CC(=O)Nc1c(N)cccc1OCc1ccccc1.C(Br)C(=O)OCC
C(C/C=C\CN)CC(=O)O,C(C/C=C\CN1C(=O)c2ccccc2C1=O)CC(=O)O
C1COCCN1c1cnc2c(c1)N(c1c(C)c(-c3ccccc3S(C)(=O)=O)nc3cc(F)cc(F)c13)CC21CCOCC1,C1COCCN1c1cnc2c(c1)NCC21CCOCC1.c1(Cl)c(C)c(-c2ccccc2S(C)(=O)=O)nc2cc(F)cc(F)c12
CCCC(C(=O)O)c1c(C)nc2sc3c(c2c1-c1ccc(CC)cc1)CCC3,CCCC(C(=O)OC)c1c(C)nc2sc3c(c2c1-c1ccc(CC)cc1)CCC3
N1(C(=O)c2nc(C)sc2-c2cccc(C)c2)C[C@H]2C[C@H]2[C@H]1CNC(=O)c1cc2ccccc2n1C,N1(C(=O)c2nc(C)sc2-c2cccc(C)c2)C[C@H]2C[C@H]2[C@H]1CN.C(=O)(O)c1cc2ccccc2n1C
c1cc(NC2CCC3(CC2)OCCO3)c([N+](=O)[O-])cc1S(N)(=O)=O,c1cc(F)c([N+](=O)[O-])cc1S(N)(=O)=O.NC1CCC2(CC1)OCCO2
c1sc2ccccc2c1CCN,c1sc2ccccc2c1CC#N
c1c(F)cc(F)c2c(Nc3cc(N4CCOCC4)cnc3N3CCOCC3)c(CC)c(-c3ccccn3)nc12,c1c(F)cc(F)c2c(Cl)c(CC)c(-c3ccccn3)nc12.Nc1cc(N2CCOCC2)cnc1N1CCOCC1
CN(C)Cc1cccc(O)c1CC,CN(C)Cc1cccc(OC)c1CC
c1(N2CCS(=O)(=O)CC2)ccc(N)cc1F,c1(N2CCS(=O)(=O)CC2)ccc([N+](=O)[O-])cc1F
N(C(=O)OC(C)(C)C)[C@@H]1CCN(C2CCC3(CC2)OCCO3)C1,N(C(=O)OC(C)(C)C)[C@@H]1CCNC1.C1(=O)CCC2(CC1)OCCO2
c1cc(C#N)cc2ccc(O)c(C=CC(=O)OCC)c12,c1cc(C#N)cc2ccc(O)c(C=O)c12.C(C(=O)OCC)[P+](c1ccccc1)(c1ccccc1)c1ccccc1
O=C(OCC)N1CCc2cccc(CC=C)c21,O=C(Cl)OCC.N1CCc2cccc(CC=C)c21
c1(Cn2ccc(O)c(C#N)c2=O)cccc(F)c1,c1(Cn2ccc(OC)c(C#N)c2=O)cccc(F)c1
N1(C(=O)OC(C)(C)C)CCC2(CC[C@H](NC(C)=O)c3ccccc32)CC1,N1(C(=O)OC(C)(C)C)CCC2(CC[C@H](N)c3ccccc32)CC1.C(C)(=O)Cl
c1(C)nc(C)c(C(=O)N2CCc3cc4ccnc(N5CCN(C)CC5)c4cc32)s1,c1(C)nc(C)c(C(=O)O)s1.N1CCc2cc3ccnc(N4CCN(C)CC4)c3cc21
c1(Cn2ccc3ccc(C#CCc4ccccc4)cc3c2=O)ccc(F)cc1,c1(Cn2ccc3ccc(Br)cc3c2=O)ccc(F)cc1.C#CCc1ccccc1
C(O)c1ccc(F)c(N)c1,C(O)c1ccc(F)c([N+](=O)[O-])c1
c1(C(=O)OC)ccc(C2CCC2)c(N)c1,c1(C(=O)OC)ccc(C2CCC2)c([N+](=O)[O-])c1
Fc1cc(F)c2c(Nc3cncc(N4CCOCC4)c3)c(C)c(N3CCN(C(=O)OCC(C)(C)C)CC3)nc2c1,Fc1cc(F)c2c(Nc3cncc(N4CCOCC4)c3)c(C)c(N3CCNCC3)nc2c1.C(=O)(Cl)OCC(C)(C)C
CC1(C)C(=O)C=C(OCc2ccc(Br)s2)C(C)(C)C1=O,CC1(C)C(=O)C=C(Cl)C(C)(C)C1=O.OCc1ccc(Br)s1
CCOCc1cc(NCCN2CCCC2)c(C)c(N2CCN(c3ncnc4[nH]nc(Br)c34)CC2)c1,CCOCc1cc(NCCN2CCCC2)c(C)c(N2CCNCC2)c1.c1(Cl)ncnc2[nH]nc(Br)c12
C=CCn1c(Sc2nc3c(N)ncnc3n2CCC=C(C)C)nc2ccccc21,C=CCBr.[nH]1c(Sc2nc3c(N)ncnc3n2CCC=C(C)C)nc2ccccc12
CCCCN(C)S(=O)(=O)CCCCCCl,CCCCNC.S(=O)(=O)(Cl)CCCCCCl
C(C)c1ccc2c(c1)cc(C(=O)O)n2CC(=O)OC,C(C)c1ccc2c(c1)cc(C(=O)OCc1ccccc1)n2CC(=O)OC
CC(C)(C)OC(=O)N1CCN(c2cc(OCC(CC)CC)cc(Br)c2C)CC1,CC(C)(C)OC(=O)N1CCNCC1.c1(Br)cc(OCC(CC)CC)cc(Br)c1C
FC(F)(F)c1cc(Oc2ccc(CCN)cc2)ccc1Cl,FC(F)(F)c1cc(Oc2ccc(CC[N+](=O)[O-])cc2)ccc1Cl
s1c(NC(=O)NCCCCCCCC)c(C(=O)OC(C)(C)C)c(C)c1C(=O)NCCCCCCCC,s1c(NC(=O)NCCCCCCCC)c(C(=O)OC(C)(C)C)c(C)c1C(=O)O.NCCCCCCCC
n1c(-c2ccnc(NC3CCCCC3)c2)cc([N+](=O)[O-])cc1N1CCNCC1,n1c(-c2ccnc(NC3CCCCC3)c2)cc([N+](=O)[O-])cc1N1CCN(C(=O)OC(C)(C)C)CC1
C1CNCCC1C(O)(c1ccc2nc(C(F)(F)F)c(C(=O)N3CCCCC3)c(C(F)(F)F)c2c1)c1cncn1C,C1CN(C(=O)OC(C)(C)C)CCC1C(O)(c1ccc2nc(C(F)(F)F)c(C(=O)N3CCCCC3)c(C(F)(F)F)c2c1)c1cncn1C
CC(C)(C)OC(=O)N1CCC(Cn2c(=O)sc3cc(Br)ccc32)CC1,CC(C)(C)OC(=O)N1CCC(CO)CC1.[nH]1c(=O)sc2cc(Br)ccc12
O=C1CCCN1c1ccc(C(=O)N2CCN(c3ncc(C4CC4)cc3C3CC3)CC2)c(C#N)c1,O=C1CCCN1.c1(Br)ccc(C(=O)N2CCN(c3ncc(C4CC4)cc3C3CC3)CC2)c(C#N)c1
c1(F)cc(CCc2csc(NC(C)=O)n2)ccc1C(=O)O,c1(F)cc(C=Cc2csc(NC(C)=O)n2)ccc1C(=O)O
c1cc(F)cc2c1C1(CCNCC1)OC2=O,c1cc(F)cc2c1C1(CCN(Cc3ccccc3)CC1)OC2=O
C(#N)c1cccc(C(CN2CCNCC2)C2(O)CCCCC2)c1,C(#N)c1cccc(C(CN2CCN(C(=O)OC(C)(C)C)CC2)C2(O)CCCCC2)c1
CCOC(=O)Nc1ccc(C(=O)OC)cc1,CCOC(=O)Cl.Nc1ccc(C(=O)OC)cc1
C1(C)(C)CCN(CC)c2c(/C(CC)=C(/F)CO)cc(C(C)C)cc21,C1(C)(C)CCN(CC)c2c(/C(CC)=C(/F)C(=O)OCC)cc(C(C)C)cc21
COc1ccc(C(=O)O[C@@H](Cc2c(Cl)c[n+]([O-])cc2Cl)c2ccc(OC(F)F)c(OCC3CC3)c2)cc1NC(=O)CC(=O)N1C[C@@H](C)NC[C@@H]1C,COc1ccc(C(=O)O[C@@H](Cc2c(Cl)c[n+]([O-])cc2Cl)c2ccc(OC(F)F)c(OCC3CC3)c2)cc1NC(=O)CC(=O)N1C[C@@H](C)N(C(=O)OC(C)(C)C)C[C@@H]1C
C1[C@@H](C(=O)NCC2(CCCCOC)c3ccccc3Oc3ccccc32)C[C@@H](N(CC)CC)CN1C(=O)OC(C)(C)C,C1[C@@H](C(=O)NCC2(CCCCOC)c3ccccc3Oc3ccccc32)C[C@@H](NCC)CN1C(=O)OC(C)(C)C.C(C)=O
S(=O)(=O)(CC(C)=CCOC(C)=O)c1ccccc1,S(=O)([O-])c1ccccc1.C(Cl)C(C)=CCOC(C)=O
Clc1cc(Cl)ccc1-c1cc2c3c(c1)[C@@H]1CN(CCCC)CC[C@@H]1N3CCC2,Clc1cc(Cl)ccc1-c1cc2c3c(c1)[C@@H]1CNCC[C@@H]1N3CCC2.C(Br)CCC
n1c(NC(=O)C(C)(C)C)nc(O)c2c1NCC(CN(Cc1ccc(C(=O)N[C@@H](CCC(=O)OCC)C(=O)OCC)cc1)C(=O)C(F)(F)F)C2,n1c(NC(=O)C(C)(C)C)nc(O)c2cc(CN(Cc3ccc(C(=O)N[C@@H](CCC(=O)OCC)C(=O)OCC)cc3)C(=O)C(F)(F)F)cnc12
c1ncc(-c2ccc(-c3ccc4c(c3)CN(C)C4=O)s2)cc1NS(=O)(=O)c1ccc(Br)cc1,c1ncc(-c2ccc(-c3ccc4c(c3)CN(C)C4=O)s2)cc1N.S(=O)(=O)(Cl)c1ccc(Br)cc1
c1ccc(CO)c(F)c1NS(=O)(=O)N(C)CC,c1ccc(C(=O)OC)c(F)c1NS(=O)(=O)N(C)CC
CC(=O)N1c2ccc(-c3ccc(C(=O)O)cn3)cc2[C@H](NC(=O)OC(C)(C)C)C[C@@H]1C,CC(=O)N1c2ccc(-c3ccc(C(=O)OC)cn3)cc2[C@H](NC(=O)OC(C)(C)C)C[C@@H]1C
c1(-c2cccs2)ccc(NC(=O)OC(C)(C)C)c(NC(=O)c2ccc(N3CCN(C)CC3)nc2)c1,c1(-c2cccs2)ccc(NC(=O)OC(C)(C)C)c(NC(=O)c2ccc(Cl)nc2)c1.N1CCN(C)CC1
c1(CCOC)nnc(NC(=O)C(c2ccccc2)c2ccccc2)o1,c1(CCOC)nnc(N)o1.C(=O)(O)C(c1ccccc1)c1ccccc1
C(CCCl)Oc1ccc(-c2ccc(C(=O)N3CCCC3)cc2)cc1,C(CCCl)Oc1ccc(-c2ccc(C(=O)Cl)cc2)cc1.N1CCCC1
[C@@H](/C=C(\C)C(=O)OCC)(C(C)C)N(C)C(=O)[C@@H](NC(=O)[C@@H](N(C)C(=O)OC(C)(C)C)C(C)(C)c1ccccc1OC)C(C)(C)C,[C@@H](/C=C(\C)C(=O)OCC)(C(C)C)N(C)C(=O)[C@@H](N)C(C)(C)C.C(=O)(O)[C@@H](N(C)C(=O)OC(C)(C)C)C(C)(C)c1ccccc1OC
O=C(Nc1cc(CN)cc(C(F)(F)F)c1)C1CCc2ccc(Oc3ccnc4[nH]c(=O)ccc34)cc2C1,O=C(Nc1cc(CNC(=O)OC(C)(C)C)cc(C(F)(F)F)c1)C1CCc2ccc(Oc3ccnc4[nH]c(=O)ccc34)cc2C1
c1nccc2[nH]c(S(=O)Cc3c(F)cccc3Cl)nc12,c1nccc2[nH]c(SCc3c(F)cccc3Cl)nc12.OO
CCC(OC(C)=O)c1[nH]c2cc(C(=O)OC)ccc2c1C(=O)C(C)C,CCC(Br)c1[nH]c2cc(C(=O)OC)ccc2c1C(=O)C(C)C.[O-]C(C)=O
O=C(Cn1c(CBr)cnc(Cl)c1=O)OCC,O=C(Cn1c(C)cnc(Cl)c1=O)OCC.BrN1C(=O)CCC1=O
O1CC(CNCCCOc2ccc3c(=O)ccoc3c2)Oc2cc(OC)ccc21,O1CC(CN)Oc2cc(OC)ccc21.C(Br)CCOc1ccc2c(=O)ccoc2c1
C(C)(C=CCOC(=O)c1ccc(C(N)=O)cc1)Oc1ccc(Oc2cnc3cc(Cl)ccc3n2)cc1,C(C)(C=CCO)Oc1ccc(Oc2cnc3cc(Cl)ccc3n2)cc1.OC(=O)c1ccc(C(N)=O)cc1
c1cccc(COc2nn(COCc3ccccc3)cc2CO)c1,c1cccc(COc2nn(COCc3ccccc3)cc2C(=O)OCC)c1
c1cc(NS(=O)(=O)c2ccc(CCCn3ccnc3)cc2)c2[nH]cc(Cl)c2c1,c1cc(NS(=O)(=O)c2ccc(CCCBr)cc2)c2[nH]cc(Cl)c2c1.[nH]1ccnc1
Cc1ccc(NCCCCCC(=O)O)cc1N(C)C,Cc1ccc(N)cc1N(C)C.C(Br)CCCCC(=O)O
C(=O)(NC(=O)NC1CCN(Cc2c[nH]c3ccccc23)CC1)c1ccc(OC)cc1,C(=O)(NC(=O)NC1CCNCC1)c1ccc(OC)cc1.C=O.c1c[nH]c2ccccc12
c12cc3c(cc1OCCO2)C1(CO3)C(=O)N(Cc2ccccn2)c2cccc(-c3ccc(OC)cc3)c21,c12cc3c(cc1OCCO2)C1(CO3)C(=O)N(Cc2ccccn2)c2cccc(Br)c21.c1(B(O)O)ccc(OC)cc1
C(O)C(CO)NC(=O)c1ccc(OCCCC2CCN(C(=O)OC(C)(C)C)CC2)nc1C,C(O)C(N)CO.C(=O)(O)c1ccc(OCCCC2CCN(C(=O)OC(C)(C)C)CC2)nc1C
c1(Cl)cc(Nc2ncnc3cccc(OCC(=O)NCCOC)c23)ccc1OCc1ccccn1,c1(Cl)cc(Nc2ncnc3cccc(OCC(=O)O)c23)ccc1OCc1ccccn1.NCCOC
c1cc([Si](Cl)(Cl)Cl)ccc1[SiH](Cl)Cl,c1cc([Si](Cl)(Cl)Cl)ccc1[Si](Cl)(Cl)Cl
Cc1ccc(N2CCN(C(=O)c3ccc(N4C(=O)C5C=CC4C5)cc3)CC2)c(C)c1,Cc1ccc(N2CCN(C(=O)c3ccc(Br)cc3)CC2)c(C)c1.N1C(=O)C2C=CC1C2
c1cc(C(=O)NCc2ccc(OC)cc2)c(=O)n(-c2ccccc2)c1C,c1cc(C(=O)O)c(=O)n(-c2ccccc2)c1C.NCc1ccc(OC)cc1
c1cc(F)ccc1C(=O)Cl,c1cc(F)c(Cl)cc1C(=O)Cl
CN(C)[C@H]1CCN(C(=O)C2CCC(CC)N2C(=O)C2=C(C(C)C)N3C(=N[C@@](C)(c4ccc(Cl)cc4)[C@H]3c3ccc(Cl)cc3)S2)C1,CN(C)[C@H]1CCNC1.C(=O)(O)[C@@H]1CC[C@@H](CC)N1C(=O)C1=C(C(C)C)N2C(=N[C@@](C)(c3ccc(Cl)cc3)[C@H]2c2ccc(Cl)cc2)S1
CCc1ccc(NC(=O)c2cccc(C(C)(C)C#N)c2)cc1Oc1ccc2nc(NC(=O)CCl)sc2n1,CCc1ccc(NC(=O)c2cccc(C(C)(C)C#N)c2)cc1Oc1ccc2nc(N)sc2n1.C(=O)(Cl)CCl
OC[C@@H]1O[C@H]1c1cccc(Br)c1,OC/C=C/c1cccc(Br)c1.OOC(=O)c1cccc(Cl)c1
c1([N+](=O)[O-])ccccc1C(C)OC(=O)N(C(C)C)C(C)C,c1([N+](=O)[O-])ccccc1C(C)OC(=O)Cl.N(C(C)C)C(C)C
NC(=O)Cc1ccc(C2CCC(N3CC(NC(=O)CNC(=O)c4cccc(C(F)(F)F)c4)C3)CC2)cc1,N.C(=O)(O)Cc1ccc(C2CCC(N3CC(NC(=O)CNC(=O)c4cccc(C(F)(F)F)c4)C3)CC2)cc1
C(F)(F)(F)c1ccccc1S(=O)(=O)N(C)c1cccc2cc(C(=O)OCC)[nH]c12,C(F)(F)(F)c1ccccc1S(=O)(=O)Nc1cccc2cc(C(=O)OCC)[nH]c12.CI
c1(C)nc(C#Cc2ccnc(Cl)c2)cn1C(C)c1ccccc1,c1(C)nc(C#Cc2ccnc(Cl)c2)c[nH]1.C(C)(Br)c1ccccc1
n1cn2nc(-c3cccc(NC(C)=O)c3)ccc2n1,n1cn2nc(-c3cccc(N)c3)ccc2n1.C(C)(=O)OC(C)=O
c1cc(Cn2cc(-c3nc(-c4ccc(OC(F)(F)F)cc4)no3)ccc2=O)ccc1C,c1cc(CBr)ccc1C.[nH]1cc(-c2nc(-c3ccc(OC(F)(F)F)cc3)no2)ccc1=O
N#CCc1ccc(N)cc1F,N#CCc1ccc([N+](=O)[O-])cc1F
CC(=O)Nc1ccc2c(c1)CN(C(=O)Nc1ccc(C(=O)NCCC)cc1)C2,CC(=O)Cl.Nc1ccc2c(c1)CN(C(=O)Nc1ccc(C(=O)NCCC)cc1)C2
c1cc(C(=O)O)ccc1C(F)F,c1cc(C(=O)OC)ccc1C(F)F
Cc1ccc(C(=O)CCN(C)Cc2cccc3ccccc23)cc1,Cc1ccc(C(C)=O)cc1.C=O.N(C)Cc1cccc2ccccc12
o1c(C(=O)N(C)Cc2ccc(Cl)c(Cl)c2)nnc1-c1ccc(NS(=O)(=O)C(F)(F)F)cc1,o1c(C(=O)OCC)nnc1-c1ccc(NS(=O)(=O)C(F)(F)F)cc1.N(C)Cc1ccc(Cl)c(Cl)c1
CC(C)(C)OC(=O)N1C[C@@H](C)N2c3nc(C)c(CO)cc3C[C@@H]2C1,CC(C)(C)OC(=O)N1C[C@@H](C)N2c3nc(C)c(C=O)cc3C[C@@H]2C1
Nc1cccc(-c2cc3nc(-c4cnc(N)nc4)nc(N4CCOCC4)c3s2)c1,Nc1cccc(-c2cc3nc(Cl)nc(N4CCOCC4)c3s2)c1.c1(B2OC(C)(C)C(C)(C)O2)cnc(N)nc1
COC(=O)[C@@H]1CCCN1C(=O)[C@H](NC(=O)OC(C)C)c1ccccc1,COC(=O)[C@@H]1CCCN1.C(=O)(O)[C@H](NC(=O)OC(C)C)c1ccccc1
c1cc(Cl)cc(F)c1[C@@]1(C#N)[C@H](CC(C)(C)C)N[C@@H](C(=O)Nc2ccc(C(=O)OCCOCCO)cc2OC)[C@@H]1c1cccc(Cl)c1F,c1cc(Cl)cc(F)c1[C@@]1(C#N)[C@H](CC(C)(C)C)N[C@@H](C(=O)Nc2ccc(C(=O)O)cc2OC)[C@@H]1c1cccc(Cl)c1F.C(O)COCCO
FC(F)(F)c1ccc(-c2ccn(-c3ccc4c5c(oc4c3)CNCC5)c(=O)c2)cn1,FC(F)(F)c1ccc(-c2ccn(-c3ccc4c5c(oc4c3)CN(C(=O)OC(C)(C)C)CC5)c(=O)c2)cn1
O=C(Cc1ccc(-n2ccccc2=O)cc1F)c1cc(C(F)(F)F)nn1-c1ccc(OC)cc1,O=C(c1cc(C(F)(F)F)nn1-c1ccc(OC)cc1)C(C(=O)OC)c1ccc(-n2ccccc2=O)cc1F
CC(C)(C)[SiH2]OC(C)(C)c1cc[n+]([O-])c(C)c1,CC(C)(C)[SiH2]OC(C)(C)c1ccnc(C)c1.OOC(=O)c1cccc(Cl)c1
FC(F)(F)CNC(=O)Nc1cccc(-c2cnc3cc(-c4cnn(C(C)C(=O)N5CCC(OC)CC5)c4)cnn23)c1,FC(F)(F)CNC(=O)Nc1cccc(-c2cnc3cc(-c4cnn(C(C)C(=O)O)c4)cnn23)c1.N1CCC(OC)CC1
c1ccc(C#N)c(-n2cc(C=O)c(C)n2)n1,c1ccc(C#N)c(F)n1.[nH]1cc(C=O)c(C)n1
C(CN)C1=Cc2ccc(OC)cc21,C(C#N)C1=Cc2ccc(OC)cc21
CC(C)(N)Cc1ccc(Oc2ccc(C(N)=O)cn2)cc1,CC(C)(N)Cc1ccc(O)cc1.c1(Cl)ccc(C(N)=O)cn1
Cn1c(C(F)(F)F)cc(=O)n(-c2ccc3snc(-c4sccc4COC)c3c2)c1=O,Cn1c(C(F)(F)F)cc(=O)n(-c2ccc3snc(-c4sccc4CBr)c3c2)c1=O.OC
FC(F)(F)Sc1ccc(N(C)C(=O)c2ncc(Cl)cc2SCC)cc1,FC(F)(F)Sc1ccc(N(C)C(=O)c2ncc(Cl)cc2Cl)cc1.SCC
c1(C(=O)c2ccccc2)cc(-c2ccc(S(C)(=O)=O)cc2)n(-c2ccc(F)cc2)c1C,c1cc(-c2ccc(S(C)(=O)=O)cc2)n(-c2ccc(F)cc2)c1C.C(=O)(Cl)c1ccccc1
C1CC(N)CCC1CNC(=O)c1cc(C(F)(F)F)cc(C(F)(F)F)c1,C1C[C@H](NC(=O)OC(C)(C)C)CC[C@@H]1CNC(=O)c1cc(C(F)(F)F)cc(C(F)(F)F)c1
n1c(-c2cn(Cc3ccc(OC)cc3)nc2C(=O)N(C)OC)csc1Oc1cccc(C)n1,n1c(B2OC(C)(C)C(C)(C)O2)csc1Oc1cccc(C)n1.c1(I)cn(Cc2ccc(OC)cc2)nc1C(=O)N(C)OC
C1(OC)NC=C(C#N)c2c1c(Br)cn2C1CCCC1,C1(OC)NC=C(C(N)=O)c2c1c(Br)cn2C1CCCC1
O(C)C(=O)c1ccc(C(C)(C)C)[nH]1,O(C)C(=O)c1ccc[nH]1.C(C)(C)(C)Cl
C1CC[C@H](CO)C[C@@H]1N,C1CC[C@H](C(=O)O)C[C@@H]1N
n1c(C#CC)cc(N(C)C)nc1Nc1ccccc1,n1c(C#CC)cc(Cl)nc1Nc1ccccc1.N(C)C
c1cc(C(F)(F)F)ccc1-c1cc(C(CC(C)C)C(=O)OC)cc(-c2ccc(C(F)(F)F)cc2)n1,c1cc(C(F)(F)F)ccc1-c1cc(C(CC(=C)C)C(=O)OC)cc(-c2ccc(C(F)(F)F)cc2)n1
ON=Cc1ccc(-c2ccc(O)cc2)cc1F,ON.C(=O)c1ccc(-c2ccc(O)cc2)cc1F
CC1(C)C=C(c2ccc(F)c(C)c2)C(C=O)C(C)(C)C1,CC1(C)C=C(c2ccc(F)c(C)c2)C(CO)C(C)(C)C1
c1(F)ccc(NC(=O)c2cc([N+](=O)[O-])c(Sc3c(Cl)cncc3Cl)s2)cc1,c1(F)ccc(N)cc1.C(=O)(Cl)c1cc([N+](=O)[O-])c(Sc2c(Cl)cncc2Cl)s1
Nc1ncnc2c1c(-c1ccc(Oc3ccccc3)cc1)cn2C1CCC(O)C1,Nc1ncnc2c1c(-c1ccc(Oc3ccccc3)cc1)cn2C1C=CC(O)C1
Cc1cccc(C2(O)CCN(C(=O)OC(C)(C)C)CC2)c1,Cc1cccc([Mg+])c1.C1(=O)CCN(C(=O)OC(C)(C)C)CC1
OCCCSc1ccccc1OC,O(CCCSc1ccccc1OC)C1CCCCO1
CC(C)(C(=O)O)c1c(C)n(C(=O)c2ccc(Cl)cc2)c2ccc(OC)cc12,CC(C)(C(=O)O)c1c(C)[nH]c2ccc(OC)cc12.C(=O)(Cl)c1ccc(Cl)cc1
CC(C)Oc1ccc(-c2nnc(-c3ccc(=O)n(Cc4cccc(N5CCC(S(C)(=O)=O)CC5)c4)n3)o2)cc1,CC(C)Oc1ccc(-c2nnc(-c3ccc(=O)[nH]n3)o2)cc1.C(Cl)c1cccc(N2CCC(S(C)(=O)=O)CC2)c1
FC(F)(F)c1ccccc1/C=C/c1cccc(CCCN2C(=O)c3ccccc3C2=O)c1,FC(F)(F)c1ccccc1C[P+](c1ccccc1)(c1ccccc1)c1ccccc1.C(=O)c1cccc(CCCN2C(=O)c3ccccc3C2=O)c1
C(=O)(c1ccccc1[N+](=O)[O-])N1CCN(c2ccc(C(=O)NCCC(C)C)nn2)CC1,C(=O)(Cl)c1ccccc1[N+](=O)[O-].N1CCN(c2ccc(C(=O)NCCC(C)C)nn2)CC1
C1(C(=O)OC)CNCc2ccc(OC)cc21,C1(C(=O)OC)CN=Cc2ccc(OC)cc21
c1(OCC=C)ccc(C(=O)OC)cc1,c1(O)ccc(C(=O)OC)cc1.C(Br)C=C
c1c(-c2c(Cl)cccc2Cl)c(NC(=O)NC(C)C)nc2nc(NCCCN(CC)CC)ncc12,c1c(-c2c(Cl)cccc2Cl)c(N)nc2nc(NCCCN(CC)CC)ncc12.C(=O)=NC(C)C
CC(O)(c1ccc(Br)cc1)C(F)(F)F,C[Mg+].C(=O)(c1ccc(Br)cc1)C(F)(F)F
COc1ccc2c(c1)CCC1=C2C(=O)C[C@@]2(C)[C@H]1CC[C@@H]2OC1CCCCO1,COc1ccc2c(c1)CCC1=C2C(=O)C[C@@]2(C)[C@H]1CC[C@@H]2O.C1=CCCCO1
c1(CC(C)(C)C)cscn1,c1(Br)cscn1.C([Zn+])C(C)(C)C
N(C)(C)CCn1c(=O)[nH]c2cc(CO)ccc21,N(C)(C)CCn1c(=O)[nH]c2cc(C(=O)OC)ccc21
C12CC3CC(C1)CC(CNC(=O)c1cc(CNCCOCCO)ccc1Cl)(C3)C2,C12CC3CC(C1)CC(CNC(=O)c1cc(C=O)ccc1Cl)(C3)C2.NCCOCCO
CC(C)(C)OC(=O)NCc1ccc(-c2ccoc2)cc1,CC(C)(C)OC(=O)NCc1ccc(Br)cc1.c1(B2OC(C)(C)C(C)(C)O2)ccoc1
c1(S(=O)(=O)N(Cc2ccc(OC)cc2OC)c2nncs2)ccc(F)c(C#N)c1,c1(S(=O)(=O)Cl)ccc(F)c(C#N)c1.N(Cc1ccc(OC)cc1OC)c1nncs1
N1=C(N)OCC[C@@]12c1cc(N)ccc1Oc1c2cc(C2=CCCOC2)nc1F,N1=C(N)OCC[C@@]12c1cc(N)ccc1Oc1c2cc(Cl)nc1F.C1(B2OC(C)(C)C(C)(C)O2)=CCCOC1
c1ccc(CN2CCc3cc(OC(=O)Nc4ccc([N+](=O)[O-])cc4)ccc32)cc1,c1ccc(CN2CCc3cc(O)ccc32)cc1.C(=O)=Nc1ccc([N+](=O)[O-])cc1
CC(C)(C)OC(=O)NC(CC#N)c1ccc(OC(F)(F)F)c(F)c1,CC(C)(C)OC(=O)NC(CC(N)=O)c1ccc(OC(F)(F)F)c(F)c1
C(N)(=O)c1cnc2[nH]ccc2c1NC1CCCN(C(=O)NCc2ccccc2)C1,C(N)(=O)c1cnc2[nH]ccc2c1NC1CCCNC1.C(=O)=NCc1ccccc1
c1ccc(CC=C/C=C/CC/C=C\CC)cc1,c1ccc(CC[P+](c2ccccc2)(c2ccccc2)c2ccccc2)cc1.C(=O)/C=C/CC/C=C\CC
c1(C(C)=O)ccc(S(=O)(=O)NC)cc1,c1(C(C)=O)ccc(S(=O)(=O)Cl)cc1.NC
COC(=O)CC(NC(=O)[C@@H]1CCCN(C(=O)CCC2CCN(C(=O)OC(C)(C)C)CC2)C1)c1ccc(O)cc1,COC(=O)CC(N)c1ccc(O)cc1.C(=O)(O)[C@@H]1CCCN(C(=O)CCC2CCN(C(=O)OC(C)(C)C)CC2)C1
CNc1ccnc(N[C@H]2CC[C@@H](NC(=O)c3ccc(F)c(F)c3)CC2)n1,CNc1ccnc(N[C@@H]2CC[C@H](N)CC2)n1.C(=O)(O)c1ccc(F)c(F)c1
C(Br)c1nn(COCC[Si](C)(C)C)nc1-c1cccc(OC)c1,C(O)c1nn(COCC[Si](C)(C)C)nc1-c1cccc(OC)c1.BrC(Br)(Br)Br
C(F)(F)(F)c1cc(-c2ccncc2)cc(-c2cn(C)c3cc(S(=O)(=O)N(Cc4ccc(OC)cc4OC)c4ncns4)ccc23)c1,C(F)(F)(F)c1cc(Br)cc(-c2cn(C)c3cc(S(=O)(=O)N(Cc4ccc(OC)cc4OC)c4ncns4)ccc23)c1.c1(B(O)O)ccncc1
Fc1c([C@H](N)CC)ccc(Cl)c1C(=O)c1ccc(C(=O)O)nc1,Fc1c([C@@H](CC)NC(=O)OC(C)(C)C)ccc(Cl)c1C(=O)c1ccc(C(=O)O)nc1
CN(C)C(CC)(CC=C)C(=O)c1ccc(N(C)CCO)cc1,CN(C)C(CC)(CC=C)C(=O)c1ccc(NCCO)cc1.C=O
c1c(Br)cc([Si](c2ccccc2)(c2ccccc2)c2ccccc2)cc1-c1cccc(-c2cccc3c2sc2ccccc23)c1,c1c(Br)cc([Si](c2ccccc2)(c2ccccc2)c2ccccc2)cc1Br.c1(B2OC(C)(C)C(C)(C)O2)cccc(-c2cccc3c2sc2ccccc23)c1
C(=CCN1CCc2nc(N)sc2CC1)c1ccccc1OC,C(=CCCl)c1ccccc1OC.N1CCc2nc(N)sc2CC1
c1(CNC(=O)c2cccc(C(=O)NCc3c(CC)nc4c(cnn4CC)c3NC3CCOCC3)n2)ccc(Cl)c(-c2cccc(CN3CCN(C)CC3)c2)c1,c1(CNC(=O)c2cccc(C(=O)NCc3c(CC)nc4c(cnn4CC)c3NC3CCOCC3)n2)ccc(Cl)c(-c2cccc(C=O)c2)c1.N1CCN(C)CC1
c1(-c2cccnc2F)ccc(F)c(C=O)c1,c1(-c2cccnc2F)ccc(F)c(CO)c1
N(C)C(=O)c1c(-c2ccc(Br)cc2)oc2ccc(O)c(F)c12,NC.C(=O)(O)c1c(-c2ccc(Br)cc2)oc2ccc(O)c(F)c12
c1cccc(CN=Cc2cnc(SC)nc2NC2CCCC2)c1,c1cccc(CN)c1.C(=O)c1cnc(SC)nc1NC1CCCC1
COC(=O)c1cc(C(=O)OC)cc(-c2ccc(C)cn2)c1,COC(=O)c1cc(Br)cc(C(=O)OC)c1.c1([Sn](CCCC)(CCCC)CCCC)ccc(C)cn1
c1ccc(COc2ccc([C@@H](O)CN=[N+]=[N-])c3ccc(=O)[nH]c23)cc1,c1ccc(COc2ccc([C@@H](O)CBr)c3ccc(=O)[nH]c23)cc1.[N-]=[N+]=[N-]
C1C(=O)Nc2ccccc2C12CCN(C(=O)OCc1ccccc1)CC2,C1C(=NO)c2ccccc2C12CCN(C(=O)OCc1ccccc1)CC2
Ic1ccc(NC(=O)C2CCN(C(=O)OC(C)(C)C)CC2)c(C(=O)Nc2ccc(Cl)cn2)c1,Ic1ccc(N)c(C(=O)Nc2ccc(Cl)cn2)c1.C(=O)(O)C1CCN(C(=O)OC(C)(C)C)CC1
C(=C)c1cccc(-c2nc(N[C@H](C)C3CC3)nc(N[C@H](C)C3CC3)n2)n1,C(=C)B1OB(C=C)OB(C=C)O1.c1(Cl)cccc(-c2nc(N[C@H](C)C3CC3)nc(N[C@H](C)C3CC3)n2)n1
O(CC(O)C1CC1)c1ccc(Br)cc1OC,O(CC(=O)C1CC1)c1ccc(Br)cc1OC
Cn1nncc1-c1cc(C=O)c2occc2c1,Cn1nncc1[Sn](CCCC)(CCCC)CCCC.c1(Br)cc(C=O)c2occc2c1
c1(O)c(C(=O)O)cnc2c1ccc1c(-c3ccccc3)ccnc12,c1(O)c(C(=O)OCC)cnc2c1ccc1c(-c3ccccc3)ccnc12
COc1cc(O)c2c(c1)OCCCC=CCCCOC2=O,COc1cc(OC)c2c(c1)OCCCC=CCCCOC2=O
c12ccc(O)cc1ccc(-c1ccccc1)c2,c12ccc(OC)cc1ccc(-c1ccccc1)c2
c1ccccc1NC(=O)O[C@H]1[C@@H](O)[C@H](n2ccc(=O)[nH]c2=O)O[C@@H]1COC(c1ccccc1)(c1ccc(OC)cc1)c1ccc(OC)cc1,c1ccccc1N=C=O.O[C@H]1[C@@H](O)[C@H](n2ccc(=O)[nH]c2=O)O[C@@H]1COC(c1ccccc1)(c1ccc(OC)cc1)c1ccc(OC)cc1
N1C(=O)[C@@]2(C[C@@H](C(=O)OC)N(C(=O)OC(C)(C)C)C2)c2ccccc21,N1C(=O)C2(CN[C@H](C(=O)OC)C2)c2ccccc21.C(=O)(OC(=O)OC(C)(C)C)OC(C)(C)C
CC(C)(C)c1cccc2c1CCC(N)C2O[SiH](c1ccccc1)c1ccccc1,CC(C)(C)c1cccc2c1CCC(NCc1ccccc1)C2O[SiH](c1ccccc1)c1ccccc1
C(COc1ccc(-n2nccc2C(F)(F)F)cc1)N1CCCCC1,C(CCl)N1CCCCC1.Oc1ccc(-n2nccc2C(F)(F)F)cc1
C(=O)(O)[C@H]1CCc2ccc(O)cc2C1,C(=O)(O)[C@H]1CCc2ccc(OC)cc2C1
c1(C2(O)CCCN(CC=C)C2)cccc2[nH]ccc12,c1(C2(O)CCCNC2)cccc2[nH]ccc12.C(Br)C=C
c1ccnc(NC2CC2)c1C(=O)Nc1c(C)ccnc1Cl,c1ccnc(Cl)c1C(=O)Nc1c(C)ccnc1Cl.NC1CC1
c1ccccc1-n1ccc(=NC(=O)c2ccccc2)cn1,c1ccccc1-n1ccc(=N)cn1.C(=O)(Cl)c1ccccc1
C(=O)c1ccccc1Sc1ccccc1,C(=O)c1ccccc1F.Sc1ccccc1
C1CC(=O)c2cc(OCCCC(=O)N3CCOCC3)ccc2C1,C1CC(=O)c2cc(OCCCC(=O)OCC)ccc2C1.N1CCOCC1
N(C(=O)c1ccc(F)cc1C(F)(F)F)c1ccc(Nc2ccnc3[nH]c(=O)c4ccccc4c23)cc1,N(C(=O)c1ccc(F)cc1C(F)(F)F)c1ccc(N)cc1.c1(Cl)ccnc2[nH]c(=O)c3ccccc3c12
N#Cc1cc(C(F)(F)F)ccc1N1CCN(C(=O)c2cc([N+](=O)[O-])ccc2N2CCOCC2)CC1,N#Cc1cc(C(F)(F)F)ccc1N1CCNCC1.C(=O)(Cl)c1cc([N+](=O)[O-])ccc1N1CCOCC1
c1ccccc1Sc1cccc(CO)n1,c1ccccc1Sc1cccc(C(=O)O)n1
c12c(Br)coc1ccnc2N,c12c(Br)coc1ccnc2Cl.N
c1ccc(-c2cn(CC#C)cn2)cn1,c1ccc(-c2c[nH]cn2)cn1.C(Br)C#C
C1(=O)N(CCNC(=O)C(F)F)c2cc(C(=O)N(C(C)C)[C@@H]3CC[C@H](CCN(C(=O)Cc4ccc(Cl)cc4)C4CC4)N(C(=O)OC(C)(C)C)C3)c(C(F)(F)F)cc2OC1(C)C,C1(=O)N(CCNC(=O)C(F)F)c2cc(C(=O)N(C(C)C)[C@@H]3CC[C@H](CCNC4CC4)N(C(=O)OC(C)(C)C)C3)c(C(F)(F)F)cc2OC1(C)C.C(=O)(O)Cc1ccc(Cl)cc1
c12ccccc1c(-c1ccccc1)nnc2Nc1ccc(Oc2ncccc2B(O)O)cc1,c12ccccc1c(-c1ccccc1)nnc2Cl.Nc1ccc(Oc2ncccc2B(O)O)cc1
C(C)OC(=O)c1c(-c2cc(C)c(O)c(C)c2)c(C)n2c1-c1cc(N)c(OC)cc1CC2,C(C)OC(=O)c1c(-c2cc(C)c(O)c(C)c2)c(C)n2c1-c1cc([N+](=O)[O-])c(OC)cc1CC2
c12c(N)ccc(Cl)c1CCN(C)CC2,c12c([N+](=O)[O-])ccc(Cl)c1CCN(C)CC2
OC(=O)CC1(C(=O)OC)CCOCC1,O(C(=O)CC1(C(=O)OC)CCOCC1)C(C)(C)C
c1c(C(C)O)cc(C(F)(F)F)cc1C(F)(F)F,c1c(C(C)=O)cc(C(F)(F)F)cc1C(F)(F)F
COc1cc(NC(=O)CCN(C)[C@@H]2CC[C@@H](OC(=O)C(O)(c3cccs3)c3cccs3)CC2)c(Cl)cc1C=O,COc1cc(NC(=O)CCN(C)[C@@H]2CC[C@@H](OC(=O)C(O)(c3cccs3)c3cccs3)CC2)c(Cl)cc1CO
O=S(c1ccccc1)c1nc(-c2ccc(OC)cc2)c(-c2ccc(OC)cc2)[nH]1,OOC(=O)c1cccc(Cl)c1.S(c1ccccc1)c1nc(-c2ccc(OC)cc2)c(-c2ccc(OC)cc2)[nH]1
Cn1ncnc1-c1ccc(F)cc1C=O,Cn1ncnc1-c1ccc(F)cc1CO
c1(C#Cc2ccc3c(c2)C(C)(C)CCC3(C)C)ccc(C(=O)O)cn1,c1(C#Cc2ccc3c(c2)C(C)(C)CCC3(C)C)ccc(C(=O)OCC)cn1
COc1cccc(OCCCCCN2CCC(CNC(=O)c3cc(Cl)c(N)cc3OC)CC2)c1,COc1cccc(OCCCCCCl)c1.N1CCC(CNC(=O)c2cc(Cl)c(N)cc2OC)CC1
C(C)OC(=O)c1ccc(=O)n(CCOC)c1,C(C)OC(=O)c1ccc(=O)[nH]c1.C(Br)COC
O=c1[nH]ncc(N2CCN(Cc3ccccc3)CC2)c1Cl,O=c1[nH]ncc(Cl)c1Cl.N1CCN(Cc2ccccc2)CC1
n1c(-c2ccc(F)cc2)nn(CC(=O)N2CCN(c3cc(OCCO)ncn3)CC2)c1-c1ccc(F)cc1,n1c(-c2ccc(F)cc2)nn(CC(=O)N2CCN(c3cc(Cl)ncn3)CC2)c1-c1ccc(F)cc1.OCCO
c1(-c2cc(C(F)(F)F)c(COc3ccc4ccn(CC(=O)O)c4c3)c(C)n2)ccc(C(F)(F)F)cc1,c1(-c2cc(C(F)(F)F)c(COc3ccc4ccn(CC(=O)OCC)c4c3)c(C)n2)ccc(C(F)(F)F)cc1
C(Oc1cc(NC(=O)OC(C)(C)C)c([N+](=O)[O-])cc1I)C(=O)OC(C)(C)C,C(Br)C(=O)OC(C)(C)C.Oc1cc(NC(=O)OC(C)(C)C)c([N+](=O)[O-])cc1I
Cc1cc(C)c(N)c(C)n1,Cc1cc(C)c([N+](=O)[O-])c(C)n1
c1c(OC2CCN(C)CC2)cc(F)cc1[N+](=O)[O-],c1c(F)cc(F)cc1[N+](=O)[O-].OC1CCN(C)CC1
c1ccc(Oc2ccc(Nc3ncnc4ccn(CCN)c34)cc2C)cc1OC(F)(F)F,c1ccc(Oc2ccc(Nc3ncnc4ccn(CCNC(=O)OC(C)(C)C)c34)cc2C)cc1OC(F)(F)F
c1ccc(CN2CC[C@@H](Nc3cnc(/C=C/C(=O)NO)cn3)C2)c(F)c1,c1ccc(CN2CC[C@@H](Nc3cnc(/C=C/C(=O)NOC4CCCCO4)cn3)C2)c(F)c1
c1ccc(F)c(-c2cc(Cl)c(N)c([N+](=O)[O-])c2)c1F,c1ccc(F)c(Br)c1F.c1(B2OCC(C)(C)CO2)cc(Cl)c(N)c([N+](=O)[O-])c1
O=C(NC1CC(CCOCc2ccccc2)N(C(=O)C(F)(F)F)c2ccc(C(F)(F)F)cc21)OCc1ccccc1,O=C(NC1CC(CCOCc2ccccc2)Nc2ccc(C(F)(F)F)cc21)OCc1ccccc1.C(=O)(OC(=O)C(F)(F)F)C(F)(F)F
OC(=O)Cn1c(C)c(Cc2ccccc2S(=O)(=O)N2CCCC2)c2ccsc21,O(CC)C(=O)Cn1c(C)c(Cc2ccccc2S(=O)(=O)N2CCCC2)c2ccsc21
CCc1ccc(OCc2ccccc2)c(CC)c1Cc1ncc[nH]1,CCc1ccc(OCc2ccccc2)c(CC)c1C(O)c1ncc[nH]1
C(=O)(CC(=O)OC)N(Cc1ccc(-c2ccccc2)cc1)n1cc(Cl)cc1C(=O)OC,C(=O)(Cl)CC(=O)OC.N(Cc1ccc(-c2ccccc2)cc1)n1cc(Cl)cc1C(=O)OC
N(C(=O)[C@H](C)NC(=O)Cc1cc(F)cc(F)c1)[C@@H](Cc1cccs1)C(=O)OC,N[C@@H](Cc1cccs1)C(=O)OC.C(=O)(O)[C@H](C)NC(=O)Cc1cc(F)cc(F)c1
Cc1cc([C@@H](C)NC(=O)c2ccc3nc(C(F)(F)F)cc(N4CC[C@H](O)C4)c3c2)c(F)cc1NS(C)(=O)=O,Cc1cc([C@@H](C)N)c(F)cc1NS(C)(=O)=O.C(=O)(O)c1ccc2nc(C(F)(F)F)cc(N3CC[C@H](O)C3)c2c1
C(C)N(C)S(=O)(=O)Nc1cccc(CO)c1F,C(C)N(C)S(=O)(=O)Nc1cccc(C(=O)OC)c1F
CCn1nc(C=O)c(=O)c2c(Cl)c(OCc3ccc(OC)cc3)c(OCc3ccc(OC)cc3)cc21,CCn1nc(CO)c(=O)c2c(Cl)c(OCc3ccc(OC)cc3)c(OCc3ccc(OC)cc3)cc21
n1c(-c2ccc(NCCOC(C)(C(F)(F)F)C(F)(F)F)cc2)oc2ccc(C#N)cc12,n1c(-c2ccc(Br)cc2)oc2ccc(C#N)cc12.NCCOC(C)(C(F)(F)F)C(F)(F)F
c1cc(Cl)cc2cc(C(=O)NCC(=O)OC)[nH]c12,c1cc(Cl)cc2cc(C(=O)O)[nH]c12.NCC(=O)OC
CN1Cc2cc(-c3ccc(-c4cncc(NS(=O)(=O)c5ccc(Cl)nc5)c4)s3)ccc2C1=O,CN1Cc2cc(-c3ccc(-c4cncc(N)c4)s3)ccc2C1=O.S(=O)(=O)(Cl)c1ccc(Cl)nc1
Clc1ccc(CNc2nc(-n3ccnc3)nc3sc(C(F)(F)F)cc23)cc1Cl,Clc1ccc(CNc2nc(Cl)nc3sc(C(F)(F)F)cc23)cc1Cl.[nH]1ccnc1
c1(C#N)cc(C(=O)N(CC)C[C@@H](CCN2CCC(c3ccccc3[S@](C)=O)CC2)c2ccc(Cl)c(Cl)c2)c2ccccc2c1,c1(C#N)cc(C(=O)O)c2ccccc2c1.N(CC)C[C@@H](CCN1CCC(c2ccccc2[S@](C)=O)CC1)c1ccc(Cl)c(Cl)c1
C1C[C@H](c2ccccc2)[C@@H](CO)N1,C1C[C@H](c2ccccc2)[C@@H](C(=O)O)N1
