UniRef50_A0AAV4DDC1	UniRef50_A0AAV4DDC1
UniRef50_A0ABD1UYW4	UniRef50_A0ABD1UYW4
UniRef50_UPI0002AC68D1	UniRef50_UPI0002AC68D1
UniRef50_A0ABY6PXM8	UniRef50_A0ABY6PXM8
UniRef50_UPI00249EF87F	UniRef50_UPI00249EF87F
UniRef50_UPI001FF4BCA4	UniRef50_UPI001FF4BCA4
UniRef50_UPI0037354206	UniRef50_UPI0037354206
UniRef50_A0AAU7VAC3	UniRef50_A0AAU7VAC3
UniRef50_A0A8C5R3G6	UniRef50_A0A8C5R3G6
UniRef50_F4B6G0	UniRef50_F4B6G0
UniRef50_A0A8J5M6P0	UniRef50_A0A8J5M6P0
UniRef50_A0A7S2VLV8	UniRef50_A0A7S2VLV8
UniRef50_A0A1U7JLV3	UniRef50_A0A1U7JLV3
UniRef50_A0A9P9DPF4	UniRef50_A0A9P9DPF4
UniRef50_A0ABP0SCU8	UniRef50_A0ABP0SCU8
UniRef50_A0A376L0A8	UniRef50_A0A376L0A8
UniRef50_A0A369QC52	UniRef50_A0A369QC52
UniRef50_UPI0015E0480F	UniRef50_UPI0015E0480F
UniRef50_A0A1W0WSV9	UniRef50_A0A1W0WSV9
UniRef50_A0ABQ9END2	UniRef50_A0ABQ9END2
UniRef50_A0A517DNM5	UniRef50_A0A517DNM5
UniRef50_A0A8J4XAA5	UniRef50_A0A8J4XAA5
UniRef50_UPI002479DF45	UniRef50_UPI002479DF45
UniRef50_A0ABT0U5H7	UniRef50_A0ABT0U5H7
UniRef50_UPI001C9E965A	UniRef50_UPI001C9E965A
UniRef50_UPI000B78BDA2	UniRef50_UPI000B78BDA2
UniRef50_L8GIM1	UniRef50_L8GIM1
UniRef50_A0A5C5Y2V4	UniRef50_A0A5C5Y2V4
UniRef50_UPI001EDFC5A0	UniRef50_UPI001EDFC5A0
UniRef50_UPI001CEB32AF	UniRef50_UPI001CEB32AF
UniRef50_A0A9D2D6X6	UniRef50_A0A9D2D6X6
UniRef50_H8ITG4	UniRef50_H8ITG4
UniRef50_A0A9J5Y7H8	UniRef50_A0A9J5Y7H8
UniRef50_A0AAN9MD47	UniRef50_A0AAN9MD47
UniRef50_A0A838YGF5	UniRef50_A0A838YGF5
UniRef50_UPI002164CD17	UniRef50_UPI002164CD17
UniRef50_UPI00047D963D	UniRef50_UPI00047D963D
UniRef50_A0AB40BUL7	UniRef50_A0AB40BUL7
UniRef50_A0A6P4ZQ43	UniRef50_A0A6P4ZQ43
UniRef50_A0A8K0A4T6	UniRef50_A0A8K0A4T6
UniRef50_A0A364Y6X4	UniRef50_A0A364Y6X4
UniRef50_L7JZ35	UniRef50_L7JZ35
UniRef50_UPI001552CE64	UniRef50_UPI001552CE64
UniRef50_A0A7S1YTS2	UniRef50_A0A7S1YTS2
UniRef50_UPI001A939612	UniRef50_UPI001A939612
UniRef50_A0A5N4CLY3	UniRef50_A0A5N4CLY3
UniRef50_UPI001BE4C39B	UniRef50_UPI001BE4C39B
UniRef50_A0A7J7IFE6	UniRef50_A0A7J7IFE6
UniRef50_A0A7L9FGY0	UniRef50_A0A7L9FGY0
UniRef50_UPI00059CB495	UniRef50_UPI00059CB495
UniRef50_UPI0036B681F9	UniRef50_UPI0036B681F9
UniRef50_UPI00131B0189	UniRef50_UPI00131B0189
UniRef50_A0A9P1IUC8	UniRef50_A0A9P1IUC8
UniRef50_A0A2A9ND69	UniRef50_A0A2A9ND69
UniRef50_UPI002636F736	UniRef50_UPI002636F736
UniRef50_A0A2J7ZMF3	UniRef50_A0A2J7ZMF3
UniRef50_A0A6F8XDD6	UniRef50_A0A6F8XDD6
UniRef50_A0A1U7CWF8	UniRef50_A0A1U7CWF8
UniRef50_UPI000951EB09	UniRef50_UPI000951EB09
UniRef50_A0A803NCS8	UniRef50_A0A803NCS8
UniRef50_UPI00363D94E1	UniRef50_UPI00363D94E1
UniRef50_A0A8S3Z211	UniRef50_A0A8S3Z211
UniRef50_UPI002AC87B20	UniRef50_UPI002AC87B20
UniRef50_A0A6I6FIC4	UniRef50_A0A6I6FIC4
UniRef50_A0A9Q0YH62	UniRef50_A0A9Q0YH62
UniRef50_A0AAW1V6G1	UniRef50_A0AAW1V6G1
UniRef50_UPI000B908A92	UniRef50_UPI000B908A92
UniRef50_A0A9P6EAK1	UniRef50_A0A9P6EAK1
UniRef50_UPI001D049CF7	UniRef50_UPI001D049CF7
UniRef50_A0A1H3X1W4	UniRef50_A0A1H3X1W4
UniRef50_Q4V1D8	UniRef50_Q4V1D8
UniRef50_U7UGF4	UniRef50_U7UGF4
UniRef50_A0A4Y2MD24	UniRef50_A0A4Y2MD24
UniRef50_A0A075I2I0	UniRef50_A0A075I2I0
UniRef50_A0A502BQS7	UniRef50_A0A502BQS7
UniRef50_A0AAD1WQB0	UniRef50_A0AAD1WQB0
UniRef50_A0AAV5API9	UniRef50_A0AAV5API9
UniRef50_A0AAV7TVH8	UniRef50_A0AAV7TVH8
UniRef50_A0A222WRF6	UniRef50_A0A222WRF6
UniRef50_A0A9Q0REX6	UniRef50_A0A9Q0REX6
UniRef50_UPI002FF19711	UniRef50_UPI002FF19711
UniRef50_A0AAV2ST72	UniRef50_A0AAV2ST72
UniRef50_UPI003D34A68C	UniRef50_UPI003D34A68C
UniRef50_A0A1W0X644	UniRef50_A0A1W0X644
UniRef50_A0A1L9T2R7	UniRef50_A0A1L9T2R7
UniRef50_A0A1D2VPK6	UniRef50_A0A1D2VPK6
UniRef50_A0A6J1W3N4	UniRef50_A0A6J1W3N4
UniRef50_A0A381RRF2	UniRef50_A0A381RRF2
UniRef50_A0A8X6JFJ1	UniRef50_A0A8X6JFJ1
UniRef50_A0A183H513	UniRef50_A0A183H513
UniRef50_D7NAF6	UniRef50_D7NAF6
UniRef50_A0A564FVD9	UniRef50_A0A564FVD9
UniRef50_A0AA39GHM0	UniRef50_A0AA39GHM0
UniRef50_A0A7S1HU22	UniRef50_A0A7S1HU22
UniRef50_UPI0022DD5428	UniRef50_UPI0022DD5428
UniRef50_UPI0026E46F01	UniRef50_UPI0026E46F01
UniRef50_UPI001E4ED19C	UniRef50_UPI001E4ED19C
UniRef50_B8HIS7	UniRef50_B8HIS7
UniRef50_A0A284VUB3	UniRef50_A0A284VUB3
UniRef50_A0A5B7GDW3	UniRef50_A0A5B7GDW3
UniRef50_A0A1L6TE58	UniRef50_A0A1L6TE58
UniRef50_A0A9D1L9D0	UniRef50_A0A9D1L9D0
UniRef50_UPI0026342906	UniRef50_UPI0026342906
UniRef50_UPI00237E4BCC	UniRef50_UPI00237E4BCC
UniRef50_A0AAU8AY43	UniRef50_A0AAU8AY43
UniRef50_UPI002549C985	UniRef50_UPI002549C985
UniRef50_UPI003266EC03	UniRef50_UPI003266EC03
UniRef50_A0ABP7FSC2	UniRef50_A0ABP7FSC2
UniRef50_A0ABR2WZW3	UniRef50_A0ABR2WZW3
UniRef50_A0A2P5DXQ2	UniRef50_A0A2P5DXQ2
UniRef50_X0WBF9	UniRef50_X0WBF9
UniRef50_A0A1Y1I8D0	UniRef50_A0A1Y1I8D0
UniRef50_A0A2M7IJN4	UniRef50_A0A2M7IJN4
UniRef50_A0A5J4RIU9	UniRef50_A0A5J4RIU9
UniRef50_A0AAD5KJG6	UniRef50_A0AAD5KJG6
UniRef50_UPI002587F163	UniRef50_UPI002587F163
UniRef50_A0A1B1TEU4	UniRef50_A0A1B1TEU4
UniRef50_UPI0013661FD7	UniRef50_UPI0013661FD7
UniRef50_A0ABD2C673	UniRef50_A0ABD2C673
UniRef50_F4NWX7	UniRef50_F4NWX7
UniRef50_A0A6I3KNQ1	UniRef50_A0A6I3KNQ1
UniRef50_UPI00022C8732	UniRef50_UPI00022C8732
UniRef50_UPI00115DF36A	UniRef50_UPI00115DF36A
UniRef50_A0A0R3JT58	UniRef50_A0A0R3JT58
UniRef50_A0A0K6I4K1	UniRef50_A0A0K6I4K1
UniRef50_A0A165R6K1	UniRef50_A0A165R6K1
UniRef50_A0ABM8PVD1	UniRef50_A0ABM8PVD1
UniRef50_UPI002FDAC944	UniRef50_UPI002FDAC944
UniRef50_A0A850DVK7	UniRef50_A0A850DVK7
UniRef50_A0A1T4PVM7	UniRef50_A0A1T4PVM7
UniRef50_A0A1H2NHJ6	UniRef50_A0A1H2NHJ6
UniRef50_UPI001423B94F	UniRef50_UPI001423B94F
UniRef50_A0A8B6CRS4	UniRef50_A0A8B6CRS4
UniRef50_A0A2T7PS62	UniRef50_A0A2T7PS62
UniRef50_A0A420WEP4	UniRef50_A0A420WEP4
UniRef50_A0A0G1YII9	UniRef50_A0A0G1YII9
UniRef50_A0A414AV92	UniRef50_A0A414AV92
UniRef50_A0A4R5LND8	UniRef50_A0A4R5LND8
UniRef50_Q2YPP3	UniRef50_Q2YPP3
UniRef50_UPI003B983361	UniRef50_UPI003B983361
UniRef50_UPI002454F689	UniRef50_UPI002454F689
UniRef50_UPI00248F843F	UniRef50_UPI00248F843F
UniRef50_UPI00283EC128	UniRef50_UPI00283EC128
UniRef50_UPI0012E37242	UniRef50_UPI0012E37242
UniRef50_F2LY52	UniRef50_F2LY52
UniRef50_A0ABC8T879	UniRef50_A0ABC8T879
UniRef50_A0A348ALB5	UniRef50_A0A348ALB5
UniRef50_A0A8H7LRR3	UniRef50_A0A8H7LRR3
UniRef50_A0A1A9GMH3	UniRef50_A0A1A9GMH3
UniRef50_A0A6J5TBJ1	UniRef50_A0A6J5TBJ1
UniRef50_A0A820LZ51	UniRef50_A0A820LZ51
UniRef50_A0A822Y0I2	UniRef50_A0A822Y0I2
UniRef50_A0A9W6TW86	UniRef50_A0A9W6TW86
UniRef50_A0AAJ0A113	UniRef50_A0AAJ0A113
UniRef50_Q9VZG8	UniRef50_Q9VZG8
UniRef50_UPI001E8DFD4D	UniRef50_UPI001E8DFD4D
UniRef50_K2Q9Y4	UniRef50_K2Q9Y4
UniRef50_Q82PF9	UniRef50_Q82PF9
UniRef50_UPI003C7E6706	UniRef50_UPI003C7E6706
UniRef50_UPI001687052D	UniRef50_UPI001687052D
UniRef50_A0A182K2E8	UniRef50_A0A182K2E8
UniRef50_A0A3B3YMB8	UniRef50_A0A3B3YMB8
UniRef50_UPI0023837300	UniRef50_UPI0023837300
UniRef50_A0A9D7XQF0	UniRef50_A0A9D7XQF0
UniRef50_A0ABU4WDN7	UniRef50_A0ABU4WDN7
UniRef50_A0ABV0UKB8	UniRef50_A0ABV0UKB8
UniRef50_UPI0031FD50A1	UniRef50_UPI0031FD50A1
UniRef50_A0AAV4SNV3	UniRef50_A0AAV4SNV3
UniRef50_Q1RU77	UniRef50_Q1RU77
UniRef50_W2S3S1	UniRef50_W2S3S1
UniRef50_UPI0019239D7A	UniRef50_UPI0019239D7A
UniRef50_A0AAV4GKT2	UniRef50_A0AAV4GKT2
UniRef50_A0AA86UIZ0	UniRef50_A0AA86UIZ0
UniRef50_A0A974HEJ5	UniRef50_A0A974HEJ5
UniRef50_UPI0012FD2386	UniRef50_UPI0012FD2386
UniRef50_UPI00215556C3	UniRef50_UPI00215556C3
UniRef50_UPI002585CE3E	UniRef50_UPI002585CE3E
UniRef50_A0ABU5IBE7	UniRef50_A0ABU5IBE7
UniRef50_A0A3S3P5H3	UniRef50_A0A3S3P5H3
UniRef50_A0A7S3SS19	UniRef50_A0A7S3SS19
UniRef50_A0A3P7IUY5	UniRef50_A0A3P7IUY5
UniRef50_UPI00341672E3	UniRef50_UPI00341672E3
UniRef50_A0ABV5YZX1	UniRef50_A0ABV5YZX1
UniRef50_UPI001356D068	UniRef50_UPI001356D068
UniRef50_A0A178UVQ1	UniRef50_A0A178UVQ1
UniRef50_A0A0D8BCF2	UniRef50_A0A0D8BCF2
UniRef50_UPI002DB7F587	UniRef50_UPI002DB7F587
UniRef50_UPI003D0E82D3	UniRef50_UPI003D0E82D3
UniRef50_UPI0030F19E52	UniRef50_UPI0030F19E52
UniRef50_A0A8B9CX89	UniRef50_A0A8B9CX89
UniRef50_UPI0006D697B6	UniRef50_UPI0006D697B6
UniRef50_A0A0U5G9M3	UniRef50_A0A0U5G9M3
UniRef50_A0A7N9DBZ3	UniRef50_A0A7N9DBZ3
UniRef50_A0A9D1DWL4	UniRef50_A0A9D1DWL4
UniRef50_C8X147	UniRef50_C8X147
UniRef50_A0A9D4DAR0	UniRef50_A0A9D4DAR0
UniRef50_UPI003736F14B	UniRef50_UPI003736F14B
UniRef50_A0A3Q7J2I3	UniRef50_A0A3Q7J2I3
UniRef50_UPI0018CD9326	UniRef50_UPI0018CD9326
UniRef50_A0A1F5YTJ5	UniRef50_A0A1F5YTJ5
UniRef50_A0A7S0B0T2	UniRef50_A0A7S0B0T2
UniRef50_UPI0024A28099	UniRef50_UPI0024A28099
UniRef50_UPI0035576EA0	UniRef50_UPI0035576EA0
UniRef50_A0ABT5W281	UniRef50_A0ABT5W281
UniRef50_UPI0026DBE29D	UniRef50_UPI0026DBE29D
UniRef50_A0ABQ6MYD9	UniRef50_A0ABQ6MYD9
UniRef50_A0ABQ5I347	UniRef50_A0ABQ5I347
UniRef50_A0A7T5R2K4	UniRef50_A0A7T5R2K4
UniRef50_A0A7S1HRJ5	UniRef50_A0A7S1HRJ5
UniRef50_A0A369JVV3	UniRef50_A0A369JVV3
UniRef50_A0A1L8E6U0	UniRef50_A0A1L8E6U0
UniRef50_UPI0039E85C2F	UniRef50_UPI0039E85C2F
UniRef50_A0A6G3MJ24	UniRef50_A0A6G3MJ24
UniRef50_A0AB35T7E1	UniRef50_A0AB35T7E1
UniRef50_A0A4D6XRM8	UniRef50_A0A4D6XRM8
UniRef50_UPI0023EAB5AD	UniRef50_UPI0023EAB5AD
UniRef50_A0A9W7XXG6	UniRef50_A0A9W7XXG6
UniRef50_A0A150X620	UniRef50_A0A150X620
UniRef50_UPI0026376914	UniRef50_UPI0026376914
UniRef50_A0A6C0KZC5	UniRef50_A0A6C0KZC5
UniRef50_A0A8J5C6G8	UniRef50_A0A8J5C6G8
UniRef50_A0A514LFW6	UniRef50_A0A514LFW6
UniRef50_A0A9P8YB29	UniRef50_A0A9P8YB29
UniRef50_UPI00273D44E4	UniRef50_UPI00273D44E4
UniRef50_UPI00381A5741	UniRef50_UPI00381A5741
UniRef50_A0ABN9UTP0	UniRef50_A0ABN9UTP0
UniRef50_A0AAW6QXX5	UniRef50_A0AAW6QXX5
UniRef50_A0A8S3T8F1	UniRef50_A0A8S3T8F1
UniRef50_A0A9P1IM12	UniRef50_A0A9P1IM12
UniRef50_A0A5J4L8I0	UniRef50_A0A5J4L8I0
UniRef50_A0A7W7VDL7	UniRef50_A0A7W7VDL7
UniRef50_A0A7S3QHF0	UniRef50_A0A7S3QHF0
UniRef50_A0A7Z2G7D0	UniRef50_A0A7Z2G7D0
UniRef50_A0ABU9LWU1	UniRef50_A0ABU9LWU1
UniRef50_A0A367M645	UniRef50_A0A367M645
UniRef50_UPI0039A3980F	UniRef50_UPI0039A3980F
UniRef50_UPI003318417D	UniRef50_UPI003318417D
UniRef50_A0AAE1CV09	UniRef50_A0AAE1CV09
UniRef50_UPI0036CA1A75	UniRef50_UPI0036CA1A75
UniRef50_UPI0030827B08	UniRef50_UPI0030827B08
UniRef50_A0A5B6YMN5	UniRef50_A0A5B6YMN5
UniRef50_UPI0004297C82	UniRef50_UPI0004297C82
UniRef50_Q8TUT6	UniRef50_Q8TUT6
UniRef50_UPI0037C925EC	UniRef50_UPI0037C925EC
UniRef50_UPI0021C86A30	UniRef50_UPI0021C86A30
UniRef50_A0A4Q9HDN0	UniRef50_A0A4Q9HDN0
UniRef50_A0ABU8XS86	UniRef50_A0ABU8XS86
UniRef50_A0A5M4B3V5	UniRef50_A0A5M4B3V5
UniRef50_A0A099SZA0	UniRef50_A0A099SZA0
UniRef50_UPI0025D7E70C	UniRef50_UPI0025D7E70C
UniRef50_A0A7S3X925	UniRef50_A0A7S3X925
UniRef50_G3IVQ2	UniRef50_G3IVQ2
UniRef50_A0A2A6LN69	UniRef50_A0A2A6LN69
UniRef50_UPI0012624113	UniRef50_UPI0012624113
UniRef50_A0ABS2RAB9	UniRef50_A0ABS2RAB9
UniRef50_A0A4Z2HUV9	UniRef50_A0A4Z2HUV9
UniRef50_A0A485M2P4	UniRef50_A0A485M2P4
UniRef50_UPI0028A25422	UniRef50_UPI0028A25422
UniRef50_A0A8D0G7L6	UniRef50_A0A8D0G7L6
UniRef50_A0ABV0PX45	UniRef50_A0ABV0PX45
UniRef50_A0A645GKF3	UniRef50_A0A645GKF3
UniRef50_A0A814Y3D8	UniRef50_A0A814Y3D8
UniRef50_UPI003C74FE6F	UniRef50_UPI003C74FE6F
UniRef50_A0ABX1UDB3	UniRef50_A0ABX1UDB3
UniRef50_A0ABQ2GKN3	UniRef50_A0ABQ2GKN3
UniRef50_A0A0D2H055	UniRef50_A0A0D2H055
UniRef50_A0A7S2N2F8	UniRef50_A0A7S2N2F8
UniRef50_A0AAD1YWC0	UniRef50_A0AAD1YWC0
UniRef50_A0A1C4FKJ3	UniRef50_A0A1C4FKJ3
UniRef50_UPI0034A2D6FF	UniRef50_UPI0034A2D6FF
UniRef50_UPI00352E98F1	UniRef50_UPI00352E98F1
UniRef50_A0A9Q3XEU6	UniRef50_A0A9Q3XEU6
UniRef50_A0A8H6ZB68	UniRef50_A0A8H6ZB68
UniRef50_UPI00083D1E02	UniRef50_UPI00083D1E02
UniRef50_E0DD71	UniRef50_E0DD71
UniRef50_UPI00096A97FC	UniRef50_UPI00096A97FC
UniRef50_UPI001F186EEC	UniRef50_UPI001F186EEC
UniRef50_A0A835XTG8	UniRef50_A0A835XTG8
UniRef50_UPI0023DC9C3D	UniRef50_UPI0023DC9C3D
UniRef50_A0A2T6BNF2	UniRef50_A0A2T6BNF2
UniRef50_A0ABY4TEV1	UniRef50_A0ABY4TEV1
UniRef50_L7EDD9	UniRef50_L7EDD9
UniRef50_UPI001454E6E8	UniRef50_UPI001454E6E8
UniRef50_UPI0025E65165	UniRef50_UPI0025E65165
UniRef50_A0ABV0XWB9	UniRef50_A0ABV0XWB9
UniRef50_UPI001304705D	UniRef50_UPI001304705D
UniRef50_E9HY42	UniRef50_E9HY42
UniRef50_UPI002852E662	UniRef50_UPI002852E662
UniRef50_UPI001356456D	UniRef50_UPI001356456D
UniRef50_A0A8H6ZT63	UniRef50_A0A8H6ZT63
UniRef50_A2HP65	UniRef50_A2HP65
UniRef50_UPI000484D65D	UniRef50_UPI000484D65D
UniRef50_A0A7S2XZR4	UniRef50_A0A7S2XZR4
UniRef50_O51116	UniRef50_O51116
UniRef50_A0A6P5F4W9	UniRef50_A0A6P5F4W9
UniRef50_UPI00367A71E6	UniRef50_UPI00367A71E6
UniRef50_A0A0B1TQV4	UniRef50_A0A0B1TQV4
UniRef50_UPI00278A2CA7	UniRef50_UPI00278A2CA7
UniRef50_A0A7U8C5Z2	UniRef50_A0A7U8C5Z2
UniRef50_A0AAV2GH21	UniRef50_A0AAV2GH21
UniRef50_A0A8H7ULP3	UniRef50_A0A8H7ULP3
UniRef50_A0A9P7GKB3	UniRef50_A0A9P7GKB3
UniRef50_A0A3P7Q306	UniRef50_A0A3P7Q306
UniRef50_A0A2R4QRS1	UniRef50_A0A2R4QRS1
UniRef50_A0A2T2YGJ5	UniRef50_A0A2T2YGJ5
UniRef50_E4YZ28	UniRef50_E4YZ28
UniRef50_A0A9K3IUY1	UniRef50_A0A9K3IUY1
UniRef50_A0ABN9RPJ9	UniRef50_A0ABN9RPJ9
UniRef50_A0AAV4UA18	UniRef50_A0AAV4UA18
UniRef50_A0A7V7KHC4	UniRef50_A0A7V7KHC4
UniRef50_A0A8D8AUX7	UniRef50_A0A8D8AUX7
UniRef50_A0ABW0YVV5	UniRef50_A0ABW0YVV5
UniRef50_Q2PE11	UniRef50_Q2PE11
UniRef50_A0AB36ADF6	UniRef50_A0AB36ADF6
UniRef50_A0ABQ9HCK9	UniRef50_A0ABQ9HCK9
UniRef50_A2BL09	UniRef50_A2BL09
UniRef50_A0A840TP77	UniRef50_A0A840TP77
UniRef50_A0A016TX38	UniRef50_A0A016TX38
UniRef50_A0A9X2WFG6	UniRef50_A0A9X2WFG6
UniRef50_A0A177ZIN2	UniRef50_A0A177ZIN2
UniRef50_UPI000CE38DFE	UniRef50_UPI000CE38DFE
UniRef50_UPI0035EED24D	UniRef50_UPI0035EED24D
UniRef50_A0AAE0PG61	UniRef50_A0AAE0PG61
UniRef50_A0A699ZJY4	UniRef50_A0A699ZJY4
UniRef50_A0A5C1QHC2	UniRef50_A0A5C1QHC2
UniRef50_A0ABW9ZB28	UniRef50_A0ABW9ZB28
UniRef50_A0AAD7JZX0	UniRef50_A0AAD7JZX0
UniRef50_A0A8S3ZBM8	UniRef50_A0A8S3ZBM8
UniRef50_R1AWH0	UniRef50_R1AWH0
UniRef50_A0A3Q4HVY2	UniRef50_A0A3Q4HVY2
UniRef50_A0A1B6H751	UniRef50_A0A1B6H751
UniRef50_A0A9Q9SUD9	UniRef50_A0A9Q9SUD9
UniRef50_UPI0024CC8CAD	UniRef50_UPI0024CC8CAD
UniRef50_UPI001EFE69F9	UniRef50_UPI001EFE69F9
UniRef50_UPI00338E9346	UniRef50_UPI00338E9346
UniRef50_UPI001C69EAB0	UniRef50_UPI001C69EAB0
UniRef50_A0A6I2M738	UniRef50_A0A6I2M738
UniRef50_A0AA38X6J4	UniRef50_A0AA38X6J4
UniRef50_A0A8C3T677	UniRef50_A0A8C3T677
UniRef50_A0ABQ8NB81	UniRef50_A0ABQ8NB81
UniRef50_A0A0D2KE83	UniRef50_A0A0D2KE83
UniRef50_A0ABY0JVM8	UniRef50_A0ABY0JVM8
UniRef50_H9UK69	UniRef50_H9UK69
UniRef50_UPI0009FAA081	UniRef50_UPI0009FAA081
UniRef50_A0A8B9AHT6	UniRef50_A0A8B9AHT6
UniRef50_V8NI20	UniRef50_V8NI20
UniRef50_UPI0022FEAB5F	UniRef50_UPI0022FEAB5F
UniRef50_UPI003A904F00	UniRef50_UPI003A904F00
UniRef50_A0A239M6L6	UniRef50_A0A239M6L6
UniRef50_A0AAN6Y8U1	UniRef50_A0AAN6Y8U1
UniRef50_UPI001B880372	UniRef50_UPI001B880372
UniRef50_UPI0024A9EECA	UniRef50_UPI0024A9EECA
UniRef50_A0A2C9DB29	UniRef50_A0A2C9DB29
UniRef50_A0A285D5M2	UniRef50_A0A285D5M2
UniRef50_A0A7R9ZKM9	UniRef50_A0A7R9ZKM9
UniRef50_A0ABQ6M756	UniRef50_A0ABQ6M756
UniRef50_A0A9D1AHT2	UniRef50_A0A9D1AHT2
UniRef50_X0THW0	UniRef50_X0THW0
UniRef50_A0A1G2FN96	UniRef50_A0A1G2FN96
UniRef50_A0A1G2FN96	UniRef50_A0A562ZKU0
UniRef50_A0AAV2RT36	UniRef50_A0AAV2RT36
UniRef50_W4MC01	UniRef50_W4MC01
UniRef50_UPI002DBA5259	UniRef50_UPI002DBA5259
UniRef50_UPI0031FD522F	UniRef50_UPI0031FD522F
UniRef50_A0A8D8TE79	UniRef50_A0A8D8TE79
UniRef50_A0A3G5A4J2	UniRef50_A0A3G5A4J2
UniRef50_I4AIU7	UniRef50_I4AIU7
UniRef50_Q0KBN3	UniRef50_Q0KBN3
UniRef50_A0A034WIH6	UniRef50_A0A034WIH6
UniRef50_A0A267EG65	UniRef50_A0A267EG65
UniRef50_UPI0037D19816	UniRef50_UPI0037D19816
UniRef50_A0A2P4YIP8	UniRef50_A0A2P4YIP8
UniRef50_A0ABP9QXM5	UniRef50_A0ABP9QXM5
UniRef50_A0A2H1X366	UniRef50_A0A2H1X366
UniRef50_A0ABS9SQ58	UniRef50_A0ABS9SQ58
UniRef50_UPI002636BBC5	UniRef50_UPI002636BBC5
UniRef50_A0A6P8HIG4	UniRef50_A0A6P8HIG4
UniRef50_Q5BB47	UniRef50_Q5BB47
UniRef50_A0A098D4I7	UniRef50_A0A098D4I7
UniRef50_A0A2M8WJ92	UniRef50_A0A2M8WJ92
UniRef50_A0A1Z5L0A4	UniRef50_A0A1Z5L0A4
UniRef50_UPI0007802FD2	UniRef50_UPI0007802FD2
UniRef50_A0A7S3H4Z7	UniRef50_A0A7S3H4Z7
UniRef50_A0A3N5DQW3	UniRef50_A0A3N5DQW3
UniRef50_UPI00341931BB	UniRef50_UPI00341931BB
UniRef50_UPI001D161C0A	UniRef50_UPI001D161C0A
UniRef50_C0CJN2	UniRef50_C0CJN2
UniRef50_A0A9Q0L6K6	UniRef50_A0A9Q0L6K6
UniRef50_A0A091DX23	UniRef50_A0A091DX23
UniRef50_A0A2T8HUR9	UniRef50_A0A2T8HUR9
UniRef50_Q4SUK7	UniRef50_Q4SUK7
UniRef50_A0A1C7LUS4	UniRef50_A0A1C7LUS4
UniRef50_UPI00289DC388	UniRef50_UPI00289DC388
UniRef50_UPI001CC11215	UniRef50_UPI001CC11215
UniRef50_UPI00301AFB1B	UniRef50_UPI00301AFB1B
UniRef50_A0A1J0VMC9	UniRef50_A0A1J0VMC9
UniRef50_A0A015K5J3	UniRef50_A0A015K5J3
UniRef50_UPI001CDC74ED	UniRef50_UPI001CDC74ED
UniRef50_A0A699I9F4	UniRef50_A0A699I9F4
UniRef50_A0ABX7Y7T3	UniRef50_A0ABX7Y7T3
UniRef50_A0A438H4D4	UniRef50_A0A438H4D4
UniRef50_UPI001F56EE8F	UniRef50_UPI001F56EE8F
UniRef50_A0A382APT0	UniRef50_A0A382APT0
UniRef50_UPI0018A2EE31	UniRef50_UPI0018A2EE31
UniRef50_UPI00226EE994	UniRef50_UPI00226EE994
UniRef50_UPI000FE2AF2B	UniRef50_UPI000FE2AF2B
UniRef50_UPI00342E2BB9	UniRef50_UPI00342E2BB9
UniRef50_A0A812JSV0	UniRef50_A0A812JSV0
UniRef50_A0A955KXF9	UniRef50_A0A955KXF9
UniRef50_UPI00144A6417	UniRef50_UPI00144A6417
UniRef50_UPI00053C6555	UniRef50_UPI00053C6555
UniRef50_A0AAD6DTV5	UniRef50_A0AAD6DTV5
UniRef50_V3ZQX7	UniRef50_V3ZQX7
UniRef50_A0AAV5DQJ5	UniRef50_A0AAV5DQJ5
UniRef50_A0ABP9FU83	UniRef50_A0ABP9FU83
UniRef50_A0A5D3WHR4	UniRef50_A0A5D3WHR4
UniRef50_B0DGE0	UniRef50_B0DGE0
UniRef50_A0A3S5AZQ4	UniRef50_A0A3S5AZQ4
UniRef50_A0A1J6KFU6	UniRef50_A0A1J6KFU6
UniRef50_S4R5H3	UniRef50_S4R5H3
UniRef50_A0A9P5E0C2	UniRef50_A0A9P5E0C2
UniRef50_A0A0F9AGJ7	UniRef50_A0A0F9AGJ7
UniRef50_A0AAV5QV30	UniRef50_A0AAV5QV30
UniRef50_T0HY19	UniRef50_T0HY19
UniRef50_UPI000347AFF8	UniRef50_UPI000347AFF8
UniRef50_A0A1H0JWG2	UniRef50_A0A1H0JWG2
UniRef50_UPI000B52C35A	UniRef50_UPI000B52C35A
UniRef50_UPI001AADC4A0	UniRef50_UPI001AADC4A0
UniRef50_A0A8H7RT16	UniRef50_A0A8H7RT16
UniRef50_UPI0030FA7D29	UniRef50_UPI0030FA7D29
UniRef50_A0ABP9SBL5	UniRef50_A0ABP9SBL5
UniRef50_UPI0021626429	UniRef50_UPI0021626429
UniRef50_A0A914Q0X7	UniRef50_A0A914Q0X7
UniRef50_A0A392TEW4	UniRef50_A0A392TEW4
UniRef50_UPI0021AB4CAE	UniRef50_UPI0021AB4CAE
UniRef50_X1ATP7	UniRef50_X1ATP7
UniRef50_UPI00142F807C	UniRef50_UPI00142F807C
UniRef50_A0A5S9Q4W2	UniRef50_A0A5S9Q4W2
UniRef50_A0A2T0X3C5	UniRef50_A0A2T0X3C5
UniRef50_UPI003750B180	UniRef50_UPI003750B180
UniRef50_A0A509EJ51	UniRef50_A0A509EJ51
UniRef50_A0A9J5YUH4	UniRef50_A0A9J5YUH4
UniRef50_A0A6G7XGE9	UniRef50_A0A6G7XGE9
UniRef50_UPI000D4B7FC4	UniRef50_UPI000D4B7FC4
UniRef50_A0AAW2KK79	UniRef50_A0AAW2KK79
UniRef50_A0A363UJU6	UniRef50_A0A363UJU6
UniRef50_A0AAD1S399	UniRef50_A0AAD1S399
UniRef50_A0A5J4WN03	UniRef50_A0A5J4WN03
UniRef50_A0A6J8EFM6	UniRef50_A0A6J8EFM6
UniRef50_A0A9D4TJB9	UniRef50_A0A9D4TJB9
UniRef50_V4S6I9	UniRef50_V4S6I9
UniRef50_UPI000DD74AF4	UniRef50_UPI000DD74AF4
UniRef50_A0A7X0RPI2	UniRef50_A0A7X0RPI2
UniRef50_S3ZR44	UniRef50_S3ZR44
UniRef50_A0A699VDG6	UniRef50_A0A699VDG6
UniRef50_A0A087G2X8	UniRef50_A0A087G2X8
UniRef50_A0A9N9RDW8	UniRef50_A0A9N9RDW8
UniRef50_A0A6J4IBY9	UniRef50_A0A6J4IBY9
UniRef50_A0A9X0CXD8	UniRef50_A0A9X0CXD8
UniRef50_UPI000E732CEE	UniRef50_UPI000E732CEE
UniRef50_A0A2I0IKY5	UniRef50_A0A2I0IKY5
UniRef50_A0AAC9AWJ8	UniRef50_A0AAC9AWJ8
UniRef50_UPI0039ECAF85	UniRef50_UPI0039ECAF85
UniRef50_UPI002ED61C32	UniRef50_UPI002ED61C32
UniRef50_A0A1V8T5A9	UniRef50_A0A1V8T5A9
UniRef50_A0A7S0XVG2	UniRef50_A0A7S0XVG2
UniRef50_A0A0D9V1M9	UniRef50_A0A0D9V1M9
UniRef50_A0ABU0LST7	UniRef50_A0ABU0LST7
UniRef50_A0A1Y5F7F0	UniRef50_A0A1Y5F7F0
UniRef50_UPI0036674BFA	UniRef50_UPI0036674BFA
UniRef50_UPI003C2AD91F	UniRef50_UPI003C2AD91F
UniRef50_A0ABX7GHX4	UniRef50_A0ABX7GHX4
UniRef50_UPI002864FA5D	UniRef50_UPI002864FA5D
UniRef50_A0A1H2ZLN1	UniRef50_A0A1H2ZLN1
UniRef50_A0A7G8BQ14	UniRef50_A0A7G8BQ14
UniRef50_UPI0035564C3E	UniRef50_UPI0035564C3E
UniRef50_A0A1H4VRY3	UniRef50_A0A1H4VRY3
UniRef50_A0A9N9WNF9	UniRef50_A0A9N9WNF9
UniRef50_D5XDS2	UniRef50_D5XDS2
UniRef50_A0A1A9N192	UniRef50_A0A1A9N192
UniRef50_A0AAV1I2T9	UniRef50_A0AAV1I2T9
UniRef50_A0AAN8M361	UniRef50_A0AAN8M361
UniRef50_A0A2M9FVD4	UniRef50_A0A2M9FVD4
UniRef50_UPI003450BF78	UniRef50_UPI003450BF78
UniRef50_UPI00265B3D9D	UniRef50_UPI00265B3D9D
UniRef50_A0A9N9C3A0	UniRef50_A0A9N9C3A0
UniRef50_A0A1D1WA22	UniRef50_A0A1D1WA22
UniRef50_UPI001CC24543	UniRef50_UPI001CC24543
UniRef50_K0F403	UniRef50_K0F403
UniRef50_A0ABT1SEP9	UniRef50_A0ABT1SEP9
UniRef50_UPI0010FA81F1	UniRef50_UPI0010FA81F1
UniRef50_A0AAE3M7E3	UniRef50_A0AAE3M7E3
UniRef50_A0A1L8STZ6	UniRef50_A0A1L8STZ6
UniRef50_UPI003AB03CA3	UniRef50_UPI003AB03CA3
UniRef50_UPI000A06BAA8	UniRef50_UPI000A06BAA8
UniRef50_A0A1H0SID6	UniRef50_A0A1H0SID6
UniRef50_A0A2T7EMJ6	UniRef50_A0A2T7EMJ6
UniRef50_A0A0L0ML48	UniRef50_A0A0L0ML48
UniRef50_A0A2M8GN05	UniRef50_A0A2M8GN05
UniRef50_UPI002367197B	UniRef50_UPI002367197B
UniRef50_A0A6C0H2M8	UniRef50_A0A6C0H2M8
UniRef50_A0A062VBY5	UniRef50_A0A062VBY5
UniRef50_UPI00191AB500	UniRef50_UPI00191AB500
UniRef50_UPI0022FF32D2	UniRef50_UPI0022FF32D2
UniRef50_A0A444YE71	UniRef50_A0A444YE71
UniRef50_A0A6A4GPL5	UniRef50_A0A6A4GPL5
UniRef50_A0A2I2KUR9	UniRef50_A0A2I2KUR9
UniRef50_A0A132MYJ8	UniRef50_A0A132MYJ8
UniRef50_A0A5Q0M3K5	UniRef50_A0A5Q0M3K5
UniRef50_A0A2H5A4I3	UniRef50_A0A2H5A4I3
UniRef50_UPI003D1D392B	UniRef50_UPI003D1D392B
UniRef50_UPI0004C413B6	UniRef50_UPI0004C413B6
UniRef50_A0A4Y2E1Y5	UniRef50_A0A4Y2E1Y5
UniRef50_A0AAJ1BK54	UniRef50_A0AAJ1BK54
UniRef50_A0A1I0M2W7	UniRef50_A0A1I0M2W7
UniRef50_UPI0006D546CF	UniRef50_UPI0006D546CF
UniRef50_UPI00383AAAC9	UniRef50_UPI00383AAAC9
UniRef50_A0ABW5PBX3	UniRef50_A0ABW5PBX3
UniRef50_A0A165JPE5	UniRef50_A0A165JPE5
UniRef50_UPI00086D6AD8	UniRef50_UPI00086D6AD8
UniRef50_A0A161IDW0	UniRef50_A0A161IDW0
UniRef50_A0A9Q3FK53	UniRef50_A0A9Q3FK53
UniRef50_A0A9Q3PW11	UniRef50_A0A9Q3PW11
UniRef50_A0A0U3M3S8	UniRef50_A0A0U3M3S8
UniRef50_A0A0D2DLD3	UniRef50_A0A0D2DLD3
UniRef50_A0ABM1S400	UniRef50_A0ABM1S400
UniRef50_UPI00309C7E8E	UniRef50_UPI00309C7E8E
UniRef50_A0A9P8Y3C7	UniRef50_A0A9P8Y3C7
UniRef50_UPI001E3D172B	UniRef50_UPI001E3D172B
UniRef50_A0A4P9XX74	UniRef50_A0A4P9XX74
UniRef50_A0A9Q1ML90	UniRef50_A0A9Q1ML90
UniRef50_UPI0035B2DA50	UniRef50_UPI0035B2DA50
UniRef50_UPI00334361EB	UniRef50_UPI00334361EB
UniRef50_L7FF77	UniRef50_L7FF77
UniRef50_UPI0020C6A013	UniRef50_UPI0020C6A013
UniRef50_A0AAN9QIA9	UniRef50_A0AAN9QIA9
UniRef50_A0A941DSD4	UniRef50_A0A941DSD4
UniRef50_S8DNN5	UniRef50_S8DNN5
UniRef50_A0A930HCG5	UniRef50_A0A930HCG5
UniRef50_UPI0015D6D9B3	UniRef50_UPI0015D6D9B3
UniRef50_A0A561EPP2	UniRef50_A0A561EPP2
UniRef50_A0A7S1EG49	UniRef50_A0A7S1EG49
UniRef50_UPI0011C240E8	UniRef50_UPI0011C240E8
UniRef50_A0A7S4QA80	UniRef50_A0A7S4QA80
UniRef50_A0A8J6GW97	UniRef50_A0A8J6GW97
UniRef50_A0ABU1NWC7	UniRef50_A0ABU1NWC7
UniRef50_A0A3A1R6S6	UniRef50_A0A3A1R6S6
UniRef50_A8I283	UniRef50_A8I283
UniRef50_UPI001CDA5FB6	UniRef50_UPI001CDA5FB6
UniRef50_UPI003C459442	UniRef50_UPI003C459442
UniRef50_A0A6M5YXU5	UniRef50_A0A6M5YXU5
UniRef50_A0ABZ2KAN2	UniRef50_A0ABZ2KAN2
UniRef50_A0A830BPA4	UniRef50_A0A830BPA4
UniRef50_A0A8H6MCH1	UniRef50_A0A8H6MCH1
UniRef50_A0ABS8UIG6	UniRef50_A0ABS8UIG6
UniRef50_UPI00398D0777	UniRef50_UPI00398D0777
UniRef50_A0A1G9DBA9	UniRef50_A0A1G9DBA9
UniRef50_A0A7S3BB96	UniRef50_A0A7S3BB96
UniRef50_UPI00114C8928	UniRef50_UPI00114C8928
UniRef50_A0AAE0PVX0	UniRef50_A0AAE0PVX0
UniRef50_A0A2S2PVE1	UniRef50_A0A2S2PVE1
UniRef50_UPI0025903908	UniRef50_UPI0025903908
UniRef50_A0A4Z2F180	UniRef50_A0A4Z2F180
UniRef50_L7JSU4	UniRef50_L7JSU4
UniRef50_UPI0028EF1B8D	UniRef50_UPI0028EF1B8D
UniRef50_UPI001E316E4A	UniRef50_UPI001E316E4A
UniRef50_A0AAD8IGF8	UniRef50_A0AAD8IGF8
UniRef50_A0A5Q0CBC5	UniRef50_A0A5Q0CBC5
UniRef50_UPI002545BC42	UniRef50_UPI002545BC42
UniRef50_A0A914CLU7	UniRef50_A0A914CLU7
UniRef50_A0A1F6D5D8	UniRef50_A0A1F6D5D8
UniRef50_UPI002620902A	UniRef50_UPI002620902A
UniRef50_UPI001F102DE2	UniRef50_UPI001F102DE2
UniRef50_A0A9D4YS76	UniRef50_A0A9D4YS76
UniRef50_F3L0X9	UniRef50_F3L0X9
UniRef50_UPI0025BF14D8	UniRef50_UPI0025BF14D8
UniRef50_UPI0031FE6501	UniRef50_UPI0031FE6501
UniRef50_A0ABS3ZAE4	UniRef50_A0ABS3ZAE4
UniRef50_A0AAV4C2T1	UniRef50_A0AAV4C2T1
UniRef50_A0A8B6J3I0	UniRef50_A0A8B6J3I0
UniRef50_UPI0030DA6C25	UniRef50_UPI0030DA6C25
UniRef50_A0A1A7XM87	UniRef50_A0A1A7XM87
UniRef50_A0A4Y3RTJ8	UniRef50_A0A4Y3RTJ8
UniRef50_A0A0F3INY0	UniRef50_A0A0F3INY0
UniRef50_A0ABW4XP66	UniRef50_A0ABW4XP66
UniRef50_UPI0033EB9D20	UniRef50_UPI0033EB9D20
UniRef50_UPI00371D6F04	UniRef50_UPI00371D6F04
UniRef50_A0A8K0P1K7	UniRef50_A0A8K0P1K7
UniRef50_A0A179F4Y5	UniRef50_A0A179F4Y5
UniRef50_A0A927ML60	UniRef50_A0A927ML60
UniRef50_E3MAB1	UniRef50_E3MAB1
UniRef50_UPI00245733B7	UniRef50_UPI00245733B7
UniRef50_A0A1Y1CKR2	UniRef50_A0A1Y1CKR2
UniRef50_A0A6C0M2Y1	UniRef50_A0A6C0M2Y1
UniRef50_A0A645EZT5	UniRef50_A0A645EZT5
UniRef50_K1VRT4	UniRef50_K1VRT4
UniRef50_UPI0030B8F55F	UniRef50_UPI0030B8F55F
UniRef50_A0A6J4PBD2	UniRef50_A0A6J4PBD2
UniRef50_UPI0035A99FBE	UniRef50_UPI0035A99FBE
UniRef50_A0A6J5ZFU1	UniRef50_A0A6J5ZFU1
UniRef50_UPI00191797F6	UniRef50_UPI00191797F6
UniRef50_A0A150FWB1	UniRef50_A0A150FWB1
UniRef50_UPI000C76C4E5	UniRef50_UPI000C76C4E5
UniRef50_A0ABD6S9Z5	UniRef50_A0ABD6S9Z5
UniRef50_A0A9K3EN96	UniRef50_A0A9K3EN96
UniRef50_UPI001FA719C5	UniRef50_UPI001FA719C5
UniRef50_A0A5B7E2N9	UniRef50_A0A5B7E2N9
UniRef50_A0A0X8FM75	UniRef50_A0A0X8FM75
UniRef50_A0A1Y3BC66	UniRef50_A0A1Y3BC66
UniRef50_UPI0036493B42	UniRef50_UPI0036493B42
UniRef50_J9ESH5	UniRef50_J9ESH5
UniRef50_A0AAW2MCJ2	UniRef50_A0AAW2MCJ2
UniRef50_W2RP34	UniRef50_W2RP34
UniRef50_UPI0003B5F3F6	UniRef50_UPI0003B5F3F6
UniRef50_UPI0030D90F94	UniRef50_UPI0030D90F94
UniRef50_A0A8S4RP23	UniRef50_A0A8S4RP23
UniRef50_A0A4P1JWW1	UniRef50_A0A4P1JWW1
UniRef50_UPI0006CF8245	UniRef50_UPI0006CF8245
UniRef50_A0A7S2IY16	UniRef50_A0A7S2IY16
UniRef50_UPI001FD743B5	UniRef50_UPI001FD743B5
UniRef50_A0AAV7UTP7	UniRef50_A0AAV7UTP7
UniRef50_UPI002011F71D	UniRef50_UPI002011F71D
UniRef50_A0A2M4CZS0	UniRef50_A0A2M4CZS0
UniRef50_Q5P5M1	UniRef50_Q5P5M1
UniRef50_A0A6V7HXF3	UniRef50_A0A6V7HXF3
UniRef50_UPI0016265F97	UniRef50_UPI0016265F97
UniRef50_UPI0036DCF57F	UniRef50_UPI0036DCF57F
UniRef50_A0A516NHT0	UniRef50_A0A516NHT0
UniRef50_A0A3M0G539	UniRef50_A0A3M0G539
UniRef50_UPI003569CAE8	UniRef50_UPI003569CAE8
UniRef50_A0A1W4XR68	UniRef50_A0A1W4XR68
UniRef50_A0ABX1N5Z5	UniRef50_A0ABX1N5Z5
UniRef50_A0A8T2PBW0	UniRef50_A0A8T2PBW0
UniRef50_A0A6A6LUL3	UniRef50_A0A6A6LUL3
UniRef50_L8JKL7	UniRef50_L8JKL7
UniRef50_UPI0021E6356F	UniRef50_UPI0021E6356F
UniRef50_A0AAV9P5T3	UniRef50_A0AAV9P5T3
UniRef50_A0A0D3A3K3	UniRef50_A0A0D3A3K3
UniRef50_A0A1M6YV67	UniRef50_A0A1M6YV67
UniRef50_A0A7K6H253	UniRef50_A0A7K6H253
UniRef50_UPI00379A5019	UniRef50_UPI00379A5019
UniRef50_A0A1W6YI99	UniRef50_A0A1W6YI99
UniRef50_A0A7R9E1S8	UniRef50_A0A7R9E1S8
UniRef50_A0A376D0W5	UniRef50_A0A376D0W5
UniRef50_A0A1D6H370	UniRef50_A0A1D6H370
UniRef50_A0AAN7X8J6	UniRef50_A0AAN7X8J6
UniRef50_A0A5J5BJP2	UniRef50_A0A5J5BJP2
UniRef50_UPI003C2F495C	UniRef50_UPI003C2F495C
UniRef50_A0AAV4S031	UniRef50_A0AAV4S031
UniRef50_A0A0C2JIZ1	UniRef50_A0A0C2JIZ1
UniRef50_A0AA85KL06	UniRef50_A0AA85KL06
UniRef50_F0RYL7	UniRef50_F0RYL7
UniRef50_UPI0033F0FD38	UniRef50_UPI0033F0FD38
UniRef50_A0A1F2PHR6	UniRef50_A0A1F2PHR6
UniRef50_A0A7R9MSG9	UniRef50_A0A7R9MSG9
UniRef50_UPI003A83A9BD	UniRef50_UPI003A83A9BD
UniRef50_A0A6A7G217	UniRef50_A0A6A7G217
UniRef50_UPI0006B8AFED	UniRef50_UPI0006B8AFED
UniRef50_A0AAD6PTW9	UniRef50_A0AAD6PTW9
UniRef50_A0A0G4LCG9	UniRef50_A0A0G4LCG9
UniRef50_UPI002905CB35	UniRef50_UPI002905CB35
UniRef50_A0A7R9YWC6	UniRef50_A0A7R9YWC6
UniRef50_A0A3Q8U196	UniRef50_A0A3Q8U196
UniRef50_T1HF24	UniRef50_T1HF24
UniRef50_A6H170	UniRef50_A6H170
UniRef50_A0A6C0EIB4	UniRef50_A0A6C0EIB4
UniRef50_A0A803NL32	UniRef50_A0A803NL32
UniRef50_UPI00128AFBB5	UniRef50_UPI00128AFBB5
UniRef50_A0A3E2WZA0	UniRef50_A0A3E2WZA0
UniRef50_A0AAN9JB68	UniRef50_A0AAN9JB68
UniRef50_UPI00363D17FF	UniRef50_UPI00363D17FF
UniRef50_UPI0005BAC536	UniRef50_UPI0005BAC536
UniRef50_A0AA36H0I8	UniRef50_A0AA36H0I8
UniRef50_UPI0020A5DD10	UniRef50_UPI0020A5DD10
UniRef50_A0A6J7WNT0	UniRef50_A0A6J7WNT0
UniRef50_A0A0A9HI32	UniRef50_A0A0A9HI32
UniRef50_A0A7J4IWU7	UniRef50_A0A7J4IWU7
UniRef50_A0ABY7F3V4	UniRef50_A0ABY7F3V4
UniRef50_A0A3E0X154	UniRef50_A0A3E0X154
UniRef50_UPI001E4DF439	UniRef50_UPI001E4DF439
UniRef50_UPI001C728DB8	UniRef50_UPI001C728DB8
UniRef50_A0A225VKJ5	UniRef50_A0A225VKJ5
UniRef50_A0A6P6Q6Z4	UniRef50_A0A6P6Q6Z4
UniRef50_UPI002162377C	UniRef50_UPI002162377C
UniRef50_A0A812CIN1	UniRef50_A0A812CIN1
UniRef50_A0A0C2MKM3	UniRef50_A0A0C2MKM3
UniRef50_UPI00139683AB	UniRef50_UPI00139683AB
UniRef50_A0A7W2AAP6	UniRef50_A0A7W2AAP6
UniRef50_UPI001EEF3F2C	UniRef50_UPI001EEF3F2C
UniRef50_A0A0N4ZQS4	UniRef50_A0A0N4ZQS4
UniRef50_A0A4Z0W288	UniRef50_A0A4Z0W288
UniRef50_A0ABS3YYT0	UniRef50_A0ABS3YYT0
UniRef50_A0AAE0EW57	UniRef50_A0AAE0EW57
UniRef50_A0A381E9C3	UniRef50_A0A381E9C3
UniRef50_W1DHU7	UniRef50_W1DHU7
UniRef50_A0A9P7Q2H1	UniRef50_A0A9P7Q2H1
UniRef50_A0A330HX45	UniRef50_A0A330HX45
UniRef50_A0A7S4N005	UniRef50_A0A7S4N005
UniRef50_A0AAN5I2Q7	UniRef50_A0AAN5I2Q7
UniRef50_A0A8K1C8B9	UniRef50_A0A8K1C8B9
UniRef50_UPI003B8AFBC8	UniRef50_UPI003B8AFBC8
UniRef50_A0A179HTT1	UniRef50_A0A179HTT1
UniRef50_A0A6V7R3I5	UniRef50_A0A6V7R3I5
UniRef50_A0A7R8YN97	UniRef50_A0A7R8YN97
UniRef50_UPI001B8D38D4	UniRef50_UPI001B8D38D4
UniRef50_A0A1B1AFL1	UniRef50_A0A1B1AFL1
UniRef50_A0A7C4Z571	UniRef50_A0A7C4Z571
UniRef50_UPI000F0666A6	UniRef50_UPI000F0666A6
UniRef50_G8TGR6	UniRef50_G8TGR6
UniRef50_A0A812CNJ9	UniRef50_A0A812CNJ9
UniRef50_UPI0018938047	UniRef50_UPI0018938047
UniRef50_UPI0012924A7D	UniRef50_UPI0012924A7D
UniRef50_A0A1G6GYU7	UniRef50_A0A1G6GYU7
UniRef50_A0A7S1HI17	UniRef50_A0A7S1HI17
UniRef50_A0A7S3H9F8	UniRef50_A0A7S3H9F8
UniRef50_A0A1V9G4P9	UniRef50_A0A1V9G4P9
UniRef50_A0A3P5Z8W6	UniRef50_A0A3P5Z8W6
UniRef50_A0A1I3B198	UniRef50_A0A1I3B198
UniRef50_A0A2H3JUU9	UniRef50_A0A2H3JUU9
UniRef50_UPI001CBE60FA	UniRef50_UPI001CBE60FA
UniRef50_A0A179G6P5	UniRef50_A0A179G6P5
UniRef50_UPI001C5B6825	UniRef50_UPI001C5B6825
UniRef50_A0A4C1TBW0	UniRef50_A0A4C1TBW0
UniRef50_A0A4R6JGU6	UniRef50_A0A4R6JGU6
UniRef50_A0A1F4XA55	UniRef50_A0A1F4XA55
UniRef50_A0A7J8GKP1	UniRef50_A0A7J8GKP1
UniRef50_UPI00386B8490	UniRef50_UPI00386B8490
UniRef50_A0A7J7HV63	UniRef50_A0A7J7HV63
UniRef50_A0A0K0CZF5	UniRef50_A0A0K0CZF5
UniRef50_A0AAJ0G1L8	UniRef50_A0AAJ0G1L8
UniRef50_A0A803VCG4	UniRef50_A0A803VCG4
UniRef50_UPI0029C9DC45	UniRef50_UPI0029C9DC45
UniRef50_A0A4R6U949	UniRef50_A0A4R6U949
UniRef50_UPI0017D20D12	UniRef50_UPI0017D20D12
UniRef50_A0AAJ4B5I2	UniRef50_A0AAJ4B5I2
UniRef50_UPI000AE70DA7	UniRef50_UPI000AE70DA7
UniRef50_A0A7I4AHC7	UniRef50_A0A7I4AHC7
UniRef50_E0SHG5	UniRef50_E0SHG5
UniRef50_A0A6A6JG11	UniRef50_A0A6A6JG11
UniRef50_A0A974BQW5	UniRef50_A0A974BQW5
UniRef50_UPI002A13A059	UniRef50_UPI002A13A059
UniRef50_UPI002277B65C	UniRef50_UPI002277B65C
UniRef50_A0AAV5P4N1	UniRef50_A0AAV5P4N1
UniRef50_UPI0038B9556C	UniRef50_UPI0038B9556C
UniRef50_UPI002ED3C7ED	UniRef50_UPI002ED3C7ED
UniRef50_A0A9E7G4U2	UniRef50_A0A9E7G4U2
UniRef50_A0AAJ1EY06	UniRef50_A0AAJ1EY06
UniRef50_UPI0025976C6A	UniRef50_UPI0025976C6A
UniRef50_A0AAE0GF17	UniRef50_A0AAE0GF17
UniRef50_UPI003394C07D	UniRef50_UPI003394C07D
UniRef50_B6BNI1	UniRef50_B6BNI1
UniRef50_A0A8J2M6I1	UniRef50_A0A8J2M6I1
UniRef50_UPI002582FD2A	UniRef50_UPI002582FD2A
UniRef50_A0A834BMV2	UniRef50_A0A834BMV2
UniRef50_A0A3S5FGG5	UniRef50_A0A3S5FGG5
UniRef50_UPI00141E8FC0	UniRef50_UPI00141E8FC0
UniRef50_UPI000CE387FF	UniRef50_UPI000CE387FF
UniRef50_UPI003735C986	UniRef50_UPI003735C986
UniRef50_UPI00346641A4	UniRef50_UPI00346641A4
UniRef50_A0A3M9XM23	UniRef50_A0A3M9XM23
UniRef50_A0A507AM35	UniRef50_A0A507AM35
UniRef50_UPI003457CDBC	UniRef50_UPI003457CDBC
UniRef50_A0A0E0B972	UniRef50_A0A0E0B972
UniRef50_A0A430B418	UniRef50_A0A430B418
UniRef50_A0AAI8VML4	UniRef50_A0AAI8VML4
UniRef50_UPI0031356481	UniRef50_UPI0031356481
UniRef50_F9XG37	UniRef50_F9XG37
UniRef50_A0A8H6HNB4	UniRef50_A0A8H6HNB4
UniRef50_C4Z225	UniRef50_C4Z225
UniRef50_A0A1H6ES82	UniRef50_A0A1H6ES82
UniRef50_A0A293LV62	UniRef50_A0A293LV62
UniRef50_A0A813K4H8	UniRef50_A0A813K4H8
UniRef50_UPI0012E03044	UniRef50_UPI0012E03044
UniRef50_UPI0025FFF5AD	UniRef50_UPI0025FFF5AD
UniRef50_A0A9J6AF32	UniRef50_A0A9J6AF32
UniRef50_A0ABR3MKG0	UniRef50_A0ABR3MKG0
UniRef50_A0ABV4H4D0	UniRef50_A0ABV4H4D0
UniRef50_A0A9J6FMW2	UniRef50_A0A9J6FMW2
UniRef50_A0A4Q2RZV0	UniRef50_A0A4Q2RZV0
UniRef50_A0A437MR39	UniRef50_A0A437MR39
UniRef50_UPI003103F3F9	UniRef50_UPI003103F3F9
UniRef50_A0ABN5K2L4	UniRef50_A0ABN5K2L4
UniRef50_A0A162RIN2	UniRef50_A0A162RIN2
UniRef50_A0A4Y3WJ82	UniRef50_A0A4Y3WJ82
UniRef50_A0A3B0JZY3	UniRef50_A0A3B0JZY3
UniRef50_UPI0008E1E449	UniRef50_UPI0008E1E449
UniRef50_A0ABY6B5R7	UniRef50_A0ABY6B5R7
UniRef50_A0A2P7QW12	UniRef50_A0A2P7QW12
UniRef50_A0A164JP86	UniRef50_A0A164JP86
UniRef50_A0A7H4LXB8	UniRef50_A0A7H4LXB8
UniRef50_A0ABQ4JFM8	UniRef50_A0ABQ4JFM8
UniRef50_F4CQ77	UniRef50_F4CQ77
UniRef50_UPI0025E5A6C3	UniRef50_UPI0025E5A6C3
UniRef50_UPI0014128579	UniRef50_UPI0014128579
UniRef50_A0A0K8PYH0	UniRef50_A0A0K8PYH0
UniRef50_M5U630	UniRef50_M5U630
UniRef50_A0ABP0BKU1	UniRef50_A0ABP0BKU1
UniRef50_UPI0035B2FCF8	UniRef50_UPI0035B2FCF8
UniRef50_A0A2P4UKC8	UniRef50_A0A2P4UKC8
UniRef50_A0A5K7ZDA6	UniRef50_A0A5K7ZDA6
UniRef50_A0ABM7GHR3	UniRef50_A0ABM7GHR3
UniRef50_UPI003A7F5AA6	UniRef50_UPI003A7F5AA6
UniRef50_UPI002714B867	UniRef50_UPI002714B867
UniRef50_UPI001C251F66	UniRef50_UPI001C251F66
UniRef50_UPI0022E871D1	UniRef50_UPI0022E871D1
UniRef50_UPI003A84B092	UniRef50_UPI003A84B092
UniRef50_A0ABW9QTL6	UniRef50_A0ABW9QTL6
UniRef50_A0A2T7NT25	UniRef50_A0A2T7NT25
UniRef50_A0A5J5UDS0	UniRef50_A0A5J5UDS0
UniRef50_UPI0034636092	UniRef50_UPI0034636092
UniRef50_UPI0034636092	UniRef50_UPI001B88AB65
UniRef50_UPI0032EC374A	UniRef50_UPI0032EC374A
UniRef50_A0ABQ0HP42	UniRef50_A0ABQ0HP42
UniRef50_A0A9W6UZI0	UniRef50_A0A9W6UZI0
UniRef50_UPI00237D0F85	UniRef50_UPI00237D0F85
UniRef50_A0A2P5EVE6	UniRef50_A0A2P5EVE6
UniRef50_UPI0017CC5422	UniRef50_UPI0017CC5422
UniRef50_A0A448X1L6	UniRef50_A0A448X1L6
UniRef50_T0HF42	UniRef50_T0HF42
UniRef50_A0AAV1YRL0	UniRef50_A0AAV1YRL0
UniRef50_UPI002DE36F34	UniRef50_UPI002DE36F34
UniRef50_A0A4S5D1X8	UniRef50_A0A4S5D1X8
UniRef50_UPI0021CDECCC	UniRef50_UPI0021CDECCC
UniRef50_A0A411YHX0	UniRef50_A0A411YHX0
UniRef50_A0A139WLK4	UniRef50_A0A139WLK4
UniRef50_UPI000D725B6E	UniRef50_UPI000D725B6E
UniRef50_A0A5C7B970	UniRef50_A0A5C7B970
UniRef50_A0AAT9LCC2	UniRef50_A0AAT9LCC2
UniRef50_UPI0035627E09	UniRef50_UPI0035627E09
UniRef50_A0A5N6Y0I0	UniRef50_A0A5N6Y0I0
UniRef50_A0A7I9YZ43	UniRef50_A0A7I9YZ43
UniRef50_A0A7S3PR85	UniRef50_A0A7S3PR85
UniRef50_UPI001C2151A6	UniRef50_UPI001C2151A6
UniRef50_A0AA86NR71	UniRef50_A0AA86NR71
UniRef50_UPI001E45ECF4	UniRef50_UPI001E45ECF4
UniRef50_UPI003D9FF793	UniRef50_UPI003D9FF793
UniRef50_A0A821DI31	UniRef50_A0A821DI31
UniRef50_A0A377TNJ5	UniRef50_A0A377TNJ5
UniRef50_UPI0012F69E91	UniRef50_UPI0012F69E91
UniRef50_A0ABC8LHQ5	UniRef50_A0ABC8LHQ5
UniRef50_A0ABS9DVN9	UniRef50_A0ABS9DVN9
UniRef50_UPI0011A167ED	UniRef50_UPI0011A167ED
UniRef50_A0ABW4VJ32	UniRef50_A0ABW4VJ32
UniRef50_UPI00309A1F4B	UniRef50_UPI00309A1F4B
UniRef50_A0A378R323	UniRef50_A0A378R323
UniRef50_A0A4P6LV48	UniRef50_A0A4P6LV48
UniRef50_A0A497TZN7	UniRef50_A0A497TZN7
UniRef50_A0A3N4JUS4	UniRef50_A0A3N4JUS4
UniRef50_W6A7P4	UniRef50_W6A7P4
UniRef50_A0A0D0M3D9	UniRef50_A0A0D0M3D9
UniRef50_A0A0A0KX67	UniRef50_A0A0A0KX67
UniRef50_UPI00143F2375	UniRef50_UPI00143F2375
UniRef50_A0ABR1TYG2	UniRef50_A0ABR1TYG2
UniRef50_A0AAE1E963	UniRef50_A0AAE1E963
UniRef50_A0ABX7FW15	UniRef50_A0ABX7FW15
UniRef50_A0A382CTL2	UniRef50_A0A382CTL2
UniRef50_B4YNE6	UniRef50_B4YNE6
UniRef50_A0A7X4LIJ9	UniRef50_A0A7X4LIJ9
UniRef50_A0A1M5USL3	UniRef50_A0A1M5USL3
UniRef50_Q67R35	UniRef50_Q67R35
UniRef50_UPI0026CB103A	UniRef50_UPI0026CB103A
UniRef50_UPI00193AD13E	UniRef50_UPI00193AD13E
UniRef50_A0A1Y5F725	UniRef50_A0A1Y5F725
UniRef50_UPI0011C40238	UniRef50_UPI0011C40238
UniRef50_A0A7S3VWL5	UniRef50_A0A7S3VWL5
UniRef50_UPI00042286F4	UniRef50_UPI00042286F4
UniRef50_A0ABT6AE71	UniRef50_A0ABT6AE71
UniRef50_A0A9P3LZI0	UniRef50_A0A9P3LZI0
UniRef50_UPI00211C72E7	UniRef50_UPI00211C72E7
UniRef50_UPI003C6A4B69	UniRef50_UPI003C6A4B69
UniRef50_A0ABQ9GXH3	UniRef50_A0ABQ9GXH3
UniRef50_A0A8X6T1N1	UniRef50_A0A8X6T1N1
UniRef50_UPI003017685F	UniRef50_UPI003017685F
UniRef50_A0AAN9XKG9	UniRef50_A0AAN9XKG9
UniRef50_UPI000CA1D39C	UniRef50_UPI000CA1D39C
UniRef50_G3MJS7	UniRef50_G3MJS7
UniRef50_A0A0S7EPS9	UniRef50_A0A0S7EPS9
UniRef50_A0AAV9ATU8	UniRef50_A0AAV9ATU8
UniRef50_UPI0009D7D2D2	UniRef50_UPI0009D7D2D2
UniRef50_UPI00359F86AF	UniRef50_UPI00359F86AF
UniRef50_A0A0U2LQ26	UniRef50_A0A0U2LQ26
UniRef50_A0AAV4BVN9	UniRef50_A0AAV4BVN9
UniRef50_M0L824	UniRef50_M0L824
UniRef50_A0ABP3GS10	UniRef50_A0ABP3GS10
UniRef50_A0A9D4R6S4	UniRef50_A0A9D4R6S4
UniRef50_A0AAE3DQ34	UniRef50_A0AAE3DQ34
UniRef50_A0A143DC32	UniRef50_A0A143DC32
UniRef50_A0A7S2UKZ3	UniRef50_A0A7S2UKZ3
UniRef50_A0A8S5RLA7	UniRef50_A0A8S5RLA7
UniRef50_UPI003B01E89F	UniRef50_UPI003B01E89F
UniRef50_A0A6B0UM91	UniRef50_A0A6B0UM91
UniRef50_UPI0026E9558D	UniRef50_UPI0026E9558D
UniRef50_A0ABU6QB13	UniRef50_A0ABU6QB13
UniRef50_A0A8C2YAA4	UniRef50_A0A8C2YAA4
UniRef50_A0A9P9DKA9	UniRef50_A0A9P9DKA9
UniRef50_A0A5D2MAQ1	UniRef50_A0A5D2MAQ1
UniRef50_A0AAV7JU12	UniRef50_A0AAV7JU12
UniRef50_A0ABW2BRH0	UniRef50_A0ABW2BRH0
UniRef50_A0ABT1UKV6	UniRef50_A0ABT1UKV6
UniRef50_A0A7M1LGD9	UniRef50_A0A7M1LGD9
UniRef50_UPI0035A8FD6A	UniRef50_UPI0035A8FD6A
UniRef50_A0A2S2NYN2	UniRef50_A0A2S2NYN2
UniRef50_A0A2I4BYL8	UniRef50_A0A2I4BYL8
UniRef50_A0A381KP08	UniRef50_A0A381KP08
UniRef50_A0A1B8AG51	UniRef50_A0A1B8AG51
UniRef50_A0A1J1IEN5	UniRef50_A0A1J1IEN5
UniRef50_UPI002245FC65	UniRef50_UPI002245FC65
UniRef50_A0A7G7MGE9	UniRef50_A0A7G7MGE9
UniRef50_A0A6S6WKS1	UniRef50_A0A6S6WKS1
UniRef50_A0A9P1JZQ5	UniRef50_A0A9P1JZQ5
UniRef50_UPI0024AEBBCE	UniRef50_UPI0024AEBBCE
UniRef50_A0AAD8FQT4	UniRef50_A0AAD8FQT4
UniRef50_X6MIX3	UniRef50_X6MIX3
UniRef50_M0QD21	UniRef50_M0QD21
UniRef50_UPI002E086526	UniRef50_UPI002E086526
UniRef50_A0A2G8JJ52	UniRef50_A0A2G8JJ52
UniRef50_UPI002E34D0E5	UniRef50_UPI002E34D0E5
UniRef50_W0RC55	UniRef50_W0RC55
UniRef50_UPI003C73ABCC	UniRef50_UPI003C73ABCC
UniRef50_A8NGQ8	UniRef50_A8NGQ8
UniRef50_UPI00300A4315	UniRef50_UPI00300A4315
UniRef50_A0AAE0ALC4	UniRef50_A0AAE0ALC4
UniRef50_A0A0F9JU02	UniRef50_A0A0F9JU02
UniRef50_A0A918DDA0	UniRef50_A0A918DDA0
UniRef50_UPI00187D767A	UniRef50_UPI00187D767A
UniRef50_A0AAE0ZYE6	UniRef50_A0AAE0ZYE6
UniRef50_A0A518H437	UniRef50_A0A518H437
UniRef50_UPI0030D949AB	UniRef50_UPI0030D949AB
UniRef50_A0ABR6NHI4	UniRef50_A0ABR6NHI4
UniRef50_A0A7S3IF39	UniRef50_A0A7S3IF39
UniRef50_UPI001FC7F33B	UniRef50_UPI001FC7F33B
UniRef50_L8WL65	UniRef50_L8WL65
UniRef50_A0A0N7KDA8	UniRef50_A0A0N7KDA8
UniRef50_UPI001A8C806E	UniRef50_UPI001A8C806E
UniRef50_A0A0S2K2Z4	UniRef50_A0A0S2K2Z4
UniRef50_F0RQF0	UniRef50_F0RQF0
UniRef50_UPI0023E0A3E7	UniRef50_UPI0023E0A3E7
UniRef50_A0A380TZ66	UniRef50_A0A380TZ66
UniRef50_A0A414K4D6	UniRef50_A0A414K4D6
UniRef50_UPI0015AA3F6C	UniRef50_UPI0015AA3F6C
UniRef50_A0A060IDK4	UniRef50_A0A060IDK4
UniRef50_A0A7G6WWD1	UniRef50_A0A7G6WWD1
UniRef50_A0A3B3DCY4	UniRef50_A0A3B3DCY4
UniRef50_A0ABY8SNI8	UniRef50_A0ABY8SNI8
UniRef50_A0A2R6CBB4	UniRef50_A0A2R6CBB4
UniRef50_A0A561S9Y7	UniRef50_A0A561S9Y7
UniRef50_UPI001BA89B28	UniRef50_UPI001BA89B28
UniRef50_UPI00200CE91B	UniRef50_UPI00200CE91B
UniRef50_A0A9D2UHM6	UniRef50_A0A9D2UHM6
UniRef50_A0A7S1QC55	UniRef50_A0A7S1QC55
UniRef50_UPI001658C6A9	UniRef50_UPI001658C6A9
UniRef50_Q8L7H6	UniRef50_Q8L7H6
UniRef50_A0A4Y1Z983	UniRef50_A0A4Y1Z983
UniRef50_UPI0013A094B8	UniRef50_UPI0013A094B8
UniRef50_UPI001FD0C20E	UniRef50_UPI001FD0C20E
UniRef50_A0A9Q0PJ16	UniRef50_A0A9Q0PJ16
UniRef50_A0AAV5KQ35	UniRef50_A0AAV5KQ35
UniRef50_X8AGQ7	UniRef50_X8AGQ7
UniRef50_A0A845BJR2	UniRef50_A0A845BJR2
UniRef50_A0A1F4TSG8	UniRef50_A0A1F4TSG8
UniRef50_A0A5A7QMC6	UniRef50_A0A5A7QMC6
UniRef50_A0A5B0SE70	UniRef50_A0A5B0SE70
UniRef50_UPI0039E64121	UniRef50_UPI0039E64121
UniRef50_A0A0B6Z4G7	UniRef50_A0A0B6Z4G7
UniRef50_UPI003AFB664B	UniRef50_UPI003AFB664B
UniRef50_A0AA39T8B2	UniRef50_A0AA39T8B2
UniRef50_A0A151QRM7	UniRef50_A0A151QRM7
UniRef50_A0A834W4L3	UniRef50_A0A834W4L3
UniRef50_A0AAE0SU89	UniRef50_A0AAE0SU89
UniRef50_A0A4S8L3S3	UniRef50_A0A4S8L3S3
UniRef50_A0AAW1S2V4	UniRef50_A0AAW1S2V4
UniRef50_A0A8R7RCH7	UniRef50_A0A8R7RCH7
UniRef50_UPI002577B08B	UniRef50_UPI002577B08B
UniRef50_A0AAP9N154	UniRef50_A0AAP9N154
UniRef50_A0A1H4XD54	UniRef50_A0A1H4XD54
UniRef50_A0AAV5MRX8	UniRef50_A0AAV5MRX8
UniRef50_A0AAV7F2V1	UniRef50_A0AAV7F2V1
UniRef50_K0R5Y1	UniRef50_K0R5Y1
UniRef50_A0A8K0IKC3	UniRef50_A0A8K0IKC3
UniRef50_A0A517WZ02	UniRef50_A0A517WZ02
UniRef50_A0A8T0NMC1	UniRef50_A0A8T0NMC1
UniRef50_P44029	UniRef50_P44029
UniRef50_C5XYN3	UniRef50_C5XYN3
UniRef50_UPI002449E204	UniRef50_UPI002449E204
UniRef50_UPI0038B7C6D5	UniRef50_UPI0038B7C6D5
UniRef50_UPI001C9C4533	UniRef50_UPI001C9C4533
UniRef50_A0AAE0CIC0	UniRef50_A0AAE0CIC0
UniRef50_K1V375	UniRef50_K1V375
UniRef50_A0A3P4B4K7	UniRef50_A0A3P4B4K7
UniRef50_A0A7S0ERJ5	UniRef50_A0A7S0ERJ5
UniRef50_A0A1J3F6Q8	UniRef50_A0A1J3F6Q8
UniRef50_A0A117S2N4	UniRef50_A0A117S2N4
UniRef50_UPI0017A6209F	UniRef50_UPI0017A6209F
UniRef50_A0ABQ5D7B4	UniRef50_A0ABQ5D7B4
UniRef50_A0A3S5C1Q4	UniRef50_A0A3S5C1Q4
UniRef50_A0A0F8YG51	UniRef50_A0A0F8YG51
UniRef50_A0A6S7JX33	UniRef50_A0A6S7JX33
UniRef50_A0A0B5ARG6	UniRef50_A0A0B5ARG6
UniRef50_UPI00237BEF8F	UniRef50_UPI00237BEF8F
UniRef50_UPI0025FFF619	UniRef50_UPI0025FFF619
UniRef50_A0A1Y1VZP5	UniRef50_A0A1Y1VZP5
UniRef50_A0A1B8SBD6	UniRef50_A0A1B8SBD6
UniRef50_UPI003783C787	UniRef50_UPI003783C787
UniRef50_A0A7J6V0K5	UniRef50_A0A7J6V0K5
UniRef50_UPI0035D4A099	UniRef50_UPI0035D4A099
UniRef50_A0A6N0HVF3	UniRef50_A0A6N0HVF3
UniRef50_A0A9Q3UWR8	UniRef50_A0A9Q3UWR8
UniRef50_A0AA36GCR7	UniRef50_A0AA36GCR7
UniRef50_UPI00291696F4	UniRef50_UPI00291696F4
UniRef50_A0A8S9R8J8	UniRef50_A0A8S9R8J8
UniRef50_UPI002430E237	UniRef50_UPI002430E237
UniRef50_UPI003BF8C50C	UniRef50_UPI003BF8C50C
UniRef50_UPI00396A5A53	UniRef50_UPI00396A5A53
UniRef50_A0A1M5DCC9	UniRef50_A0A1M5DCC9
UniRef50_A0A067DSK9	UniRef50_A0A067DSK9
UniRef50_A0A250KNP3	UniRef50_A0A250KNP3
UniRef50_UPI001D918258	UniRef50_UPI001D918258
UniRef50_A0A7S2EMM9	UniRef50_A0A7S2EMM9
UniRef50_UPI001C318478	UniRef50_UPI001C318478
UniRef50_A0A7S8EB24	UniRef50_A0A7S8EB24
UniRef50_A0AAE4SEI1	UniRef50_A0AAE4SEI1
UniRef50_UPI00035D9DF5	UniRef50_UPI00035D9DF5
UniRef50_A0A8J6JM13	UniRef50_A0A8J6JM13
UniRef50_A0A9J6FQV1	UniRef50_A0A9J6FQV1
UniRef50_UPI002FDFCD5E	UniRef50_UPI002FDFCD5E
UniRef50_A0AAV0Y518	UniRef50_A0AAV0Y518
UniRef50_UPI001BAE4B86	UniRef50_UPI001BAE4B86
UniRef50_A0AAD5QYP0	UniRef50_A0AAD5QYP0
UniRef50_A0A8X7VN75	UniRef50_A0A8X7VN75
UniRef50_A0AAW1DCL6	UniRef50_A0AAW1DCL6
UniRef50_A0A8J3ZIK5	UniRef50_A0A8J3ZIK5
UniRef50_A0A5B7H9F0	UniRef50_A0A5B7H9F0
UniRef50_A0ABS0VUE9	UniRef50_A0ABS0VUE9
UniRef50_A0A147DN19	UniRef50_A0A147DN19
UniRef50_A0A1H5PYN0	UniRef50_A0A1H5PYN0
UniRef50_A0A4Q7V663	UniRef50_A0A4Q7V663
UniRef50_UPI001F5295F7	UniRef50_UPI001F5295F7
UniRef50_UPI002B1EC441	UniRef50_UPI002B1EC441
UniRef50_A0A6I6MI44	UniRef50_A0A6I6MI44
UniRef50_A0A4C1VG19	UniRef50_A0A4C1VG19
UniRef50_A0A8U8CF15	UniRef50_A0A8U8CF15
UniRef50_UPI001C717B55	UniRef50_UPI001C717B55
UniRef50_A0AAW1NVY8	UniRef50_A0AAW1NVY8
UniRef50_A0AAN7VML6	UniRef50_A0AAN7VML6
UniRef50_A0ABN4U7F4	UniRef50_A0ABN4U7F4
UniRef50_A0A7K0CSW6	UniRef50_A0A7K0CSW6
UniRef50_A0A2P7QML0	UniRef50_A0A2P7QML0
UniRef50_A0A9P1MSS5	UniRef50_A0A9P1MSS5
UniRef50_UPI001F46750B	UniRef50_UPI001F46750B
UniRef50_A0ABD2MNF0	UniRef50_A0ABD2MNF0
UniRef50_A0A2P7BMB6	UniRef50_A0A2P7BMB6
UniRef50_A0A8T1ACM2	UniRef50_A0A8T1ACM2
UniRef50_UPI0028951990	UniRef50_UPI0028951990
UniRef50_UPI002022A1B1	UniRef50_UPI002022A1B1
UniRef50_UPI001E5995C3	UniRef50_UPI001E5995C3
UniRef50_A0ABM1A4W7	UniRef50_A0ABM1A4W7
UniRef50_L0JFU8	UniRef50_L0JFU8
UniRef50_A0A1E4TK97	UniRef50_A0A1E4TK97
UniRef50_A0A923NM98	UniRef50_A0A923NM98
UniRef50_A0A1A8N1B0	UniRef50_A0A1A8N1B0
UniRef50_A0A7J6ATU4	UniRef50_A0A7J6ATU4
UniRef50_A0A1G9PW13	UniRef50_A0A1G9PW13
UniRef50_UPI001963EE6C	UniRef50_UPI001963EE6C
UniRef50_A0A5R9K6J5	UniRef50_A0A5R9K6J5
UniRef50_UPI0022B44C50	UniRef50_UPI0022B44C50
UniRef50_A0A0C9WJT0	UniRef50_A0A0C9WJT0
UniRef50_A0A8B9BFU9	UniRef50_A0A8B9BFU9
UniRef50_A0A1W0BL16	UniRef50_A0A1W0BL16
UniRef50_A0ABY7HDJ4	UniRef50_A0ABY7HDJ4
UniRef50_K0CJF7	UniRef50_K0CJF7
UniRef50_UPI00142CA833	UniRef50_UPI00142CA833
UniRef50_A0A9X1TK89	UniRef50_A0A9X1TK89
UniRef50_A0A835YSG1	UniRef50_A0A835YSG1
UniRef50_A0A9Q0D4A5	UniRef50_A0A9Q0D4A5
UniRef50_A0A4P7XIN6	UniRef50_A0A4P7XIN6
UniRef50_A0ABN9S8M3	UniRef50_A0ABN9S8M3
UniRef50_A0A0B6WZS3	UniRef50_A0A0B6WZS3
UniRef50_A0A1J4V211	UniRef50_A0A1J4V211
UniRef50_A0A0K8U3W4	UniRef50_A0A0K8U3W4
UniRef50_A0A7S3K3U8	UniRef50_A0A7S3K3U8
UniRef50_UPI00216730CC	UniRef50_UPI00216730CC
UniRef50_UPI00042A84AB	UniRef50_UPI00042A84AB
UniRef50_A0AAN7PLY1	UniRef50_A0AAN7PLY1
UniRef50_UPI00344DA8DB	UniRef50_UPI00344DA8DB
UniRef50_A0A2K0TZD0	UniRef50_A0A2K0TZD0
UniRef50_A0A178INR7	UniRef50_A0A178INR7
UniRef50_UPI0022657DDE	UniRef50_UPI0022657DDE
UniRef50_A0A915MJ10	UniRef50_A0A915MJ10
UniRef50_A0A2H0YSA0	UniRef50_A0A2H0YSA0
UniRef50_A0ABX0GSJ9	UniRef50_A0ABX0GSJ9
UniRef50_A0A173V5G8	UniRef50_A0A173V5G8
UniRef50_UPI0035F16B08	UniRef50_UPI0035F16B08
UniRef50_UPI0025BB094B	UniRef50_UPI0025BB094B
UniRef50_UPI00202A533F	UniRef50_UPI00202A533F
UniRef50_A0A423HY37	UniRef50_A0A423HY37
UniRef50_A0ABR3V4F4	UniRef50_A0ABR3V4F4
UniRef50_A0AAW2JDU0	UniRef50_A0AAW2JDU0
UniRef50_A0A2P5FIN1	UniRef50_A0A2P5FIN1
UniRef50_UPI00285B41DA	UniRef50_UPI00285B41DA
UniRef50_UPI0026E94114	UniRef50_UPI0026E94114
UniRef50_A0A4C1T446	UniRef50_A0A4C1T446
UniRef50_UPI0025E17DD8	UniRef50_UPI0025E17DD8
UniRef50_UPI003D9B88D9	UniRef50_UPI003D9B88D9
UniRef50_A0A8T9CFY1	UniRef50_A0A8T9CFY1
UniRef50_A0A024TVS8	UniRef50_A0A024TVS8
UniRef50_A0A438JMR2	UniRef50_A0A438JMR2
UniRef50_A0A7M7GPX6	UniRef50_A0A7M7GPX6
UniRef50_UPI002B4B51EE	UniRef50_UPI002B4B51EE
UniRef50_A0A376UCE2	UniRef50_A0A376UCE2
UniRef50_A0A3D8LH23	UniRef50_A0A3D8LH23
UniRef50_A0ABD1C0J4	UniRef50_A0ABD1C0J4
UniRef50_A0A809S3I2	UniRef50_A0A809S3I2
UniRef50_A0A974DEA9	UniRef50_A0A974DEA9
UniRef50_A0A4Y2LS25	UniRef50_A0A4Y2LS25
UniRef50_A0A1X1TJ94	UniRef50_A0A1X1TJ94
UniRef50_UPI002B239CE9	UniRef50_UPI002B239CE9
UniRef50_A0A9D4Z3I3	UniRef50_A0A9D4Z3I3
UniRef50_A0A812VZ93	UniRef50_A0A812VZ93
UniRef50_UPI0023AA8CF3	UniRef50_UPI0023AA8CF3
UniRef50_W0A581	UniRef50_W0A581
UniRef50_A0ABP8V9H1	UniRef50_A0ABP8V9H1
UniRef50_A0A8T9ZXG7	UniRef50_A0A8T9ZXG7
UniRef50_UPI001E434639	UniRef50_UPI001E434639
UniRef50_A0A7M1S0F7	UniRef50_A0A7M1S0F7
UniRef50_A0ABW8S1C4	UniRef50_A0ABW8S1C4
UniRef50_A0A4S4M2P2	UniRef50_A0A4S4M2P2
UniRef50_A0ABU5DUG0	UniRef50_A0ABU5DUG0
UniRef50_A0A812D0Q9	UniRef50_A0A812D0Q9
UniRef50_UPI00295B4E62	UniRef50_UPI00295B4E62
UniRef50_A0A0G4GGP8	UniRef50_A0A0G4GGP8
UniRef50_A0A445EF14	UniRef50_A0A445EF14
UniRef50_A0A532UY16	UniRef50_A0A532UY16
UniRef50_A0A2P8G8F4	UniRef50_A0A2P8G8F4
UniRef50_A0A2P5XI41	UniRef50_A0A2P5XI41
UniRef50_D2XQ25	UniRef50_D2XQ25
UniRef50_A0A9D9N732	UniRef50_A0A9D9N732
UniRef50_A0A6J7WZZ9	UniRef50_A0A6J7WZZ9
UniRef50_UPI003EB848E9	UniRef50_UPI003EB848E9
UniRef50_A0A2U8Q1B8	UniRef50_A0A2U8Q1B8
UniRef50_A0A6A0A5F3	UniRef50_A0A6A0A5F3
UniRef50_A0AAN7MCH3	UniRef50_A0AAN7MCH3
UniRef50_A0AA39XIQ7	UniRef50_A0AA39XIQ7
UniRef50_UPI0030D81FE7	UniRef50_UPI0030D81FE7
UniRef50_A0A8K0GWI8	UniRef50_A0A8K0GWI8
UniRef50_E3M2E8	UniRef50_E3M2E8
UniRef50_A0ABP7P2X8	UniRef50_A0ABP7P2X8
UniRef50_A0A1I6VF24	UniRef50_A0A1I6VF24
UniRef50_UPI00102388B3	UniRef50_UPI00102388B3
UniRef50_A0ABQ9DZI9	UniRef50_A0ABQ9DZI9
UniRef50_UPI0036F1BBFC	UniRef50_UPI0036F1BBFC
UniRef50_A0A821VQP3	UniRef50_A0A821VQP3
UniRef50_A0AA41RX57	UniRef50_A0AA41RX57
UniRef50_UPI000D3F97EE	UniRef50_UPI000D3F97EE
UniRef50_UPI00048070AF	UniRef50_UPI00048070AF
UniRef50_A0ABQ9CTT3	UniRef50_A0ABQ9CTT3
UniRef50_UPI0033AD4F7F	UniRef50_UPI0033AD4F7F
UniRef50_A0AAE1CUD6	UniRef50_A0AAE1CUD6
UniRef50_A0A5E4CHT3	UniRef50_A0A5E4CHT3
UniRef50_UPI0016864844	UniRef50_UPI0016864844
UniRef50_A0A3N4LXA3	UniRef50_A0A3N4LXA3
UniRef50_A0AAV5UEU3	UniRef50_A0AAV5UEU3
UniRef50_A0AAU7UNX8	UniRef50_A0AAU7UNX8
UniRef50_A0A4R9GYP9	UniRef50_A0A4R9GYP9
UniRef50_A0A0L9V0Q3	UniRef50_A0A0L9V0Q3
UniRef50_A0ABV7ZHR8	UniRef50_A0ABV7ZHR8
UniRef50_C4Y6T2	UniRef50_C4Y6T2
UniRef50_A0A8R1E6Q4	UniRef50_A0A8R1E6Q4
UniRef50_A0A0D0MUN7	UniRef50_A0A0D0MUN7
UniRef50_A0A8T2N747	UniRef50_A0A8T2N747
UniRef50_A0A3S8ZUN2	UniRef50_A0A3S8ZUN2
UniRef50_UPI003091FDA1	UniRef50_UPI003091FDA1
UniRef50_UPI0009A0DCC4	UniRef50_UPI0009A0DCC4
UniRef50_UPI000377F5D1	UniRef50_UPI000377F5D1
UniRef50_UPI00318372BA	UniRef50_UPI00318372BA
UniRef50_UPI0010810893	UniRef50_UPI0010810893
UniRef50_A0A918KEC1	UniRef50_A0A918KEC1
UniRef50_A0ABQ3R4R4	UniRef50_A0ABQ3R4R4
UniRef50_C1IC21	UniRef50_C1IC21
UniRef50_A0A5N7MQL8	UniRef50_A0A5N7MQL8
UniRef50_A0A8I3AB98	UniRef50_A0A8I3AB98
UniRef50_A0A0F0GMZ3	UniRef50_A0A0F0GMZ3
UniRef50_A0A9Q2XPM5	UniRef50_A0A9Q2XPM5
UniRef50_A0ABD0K082	UniRef50_A0ABD0K082
UniRef50_UPI002ACA7F3A	UniRef50_UPI002ACA7F3A
UniRef50_A0A0G4FYE3	UniRef50_A0A0G4FYE3
UniRef50_UPI00261E2E04	UniRef50_UPI00261E2E04
UniRef50_A0A2T7CB80	UniRef50_A0A2T7CB80
UniRef50_A0A250X9S0	UniRef50_A0A250X9S0
UniRef50_UPI000C789F94	UniRef50_UPI000C789F94
UniRef50_UPI00101B8F28	UniRef50_UPI00101B8F28
UniRef50_A0A7M7KR99	UniRef50_A0A7M7KR99
UniRef50_A0ABS8TE67	UniRef50_A0ABS8TE67
UniRef50_A0AAV4DH18	UniRef50_A0AAV4DH18
UniRef50_A0ABY8XU86	UniRef50_A0ABY8XU86
UniRef50_A0A419W2Y7	UniRef50_A0A419W2Y7
UniRef50_A0A8X7XUX0	UniRef50_A0A8X7XUX0
UniRef50_A0A8J2Z5I4	UniRef50_A0A8J2Z5I4
UniRef50_A0ABM1TES5	UniRef50_A0ABM1TES5
UniRef50_P02818	UniRef50_P02818
UniRef50_A0A9P7YDQ6	UniRef50_A0A9P7YDQ6
UniRef50_A0A1G2BNS6	UniRef50_A0A1G2BNS6
UniRef50_UPI0003047BA2	UniRef50_UPI0003047BA2
UniRef50_UPI000B354AD1	UniRef50_UPI000B354AD1
UniRef50_A0A3G9IEJ4	UniRef50_A0A3G9IEJ4
UniRef50_A0A0A0EEC5	UniRef50_A0A0A0EEC5
UniRef50_A0AAV2VHS8	UniRef50_A0AAV2VHS8
UniRef50_A0A538T937	UniRef50_A0A538T937
UniRef50_A0A1H3YMS9	UniRef50_A0A1H3YMS9
UniRef50_UPI0018A3586F	UniRef50_UPI0018A3586F
UniRef50_A0A562I514	UniRef50_A0A562I514
UniRef50_A0AAP0BC12	UniRef50_A0AAP0BC12
UniRef50_UPI001C4B8F68	UniRef50_UPI001C4B8F68
UniRef50_A0A7S2VWM6	UniRef50_A0A7S2VWM6
UniRef50_UPI00374489BB	UniRef50_UPI00374489BB
UniRef50_A0A0V1M557	UniRef50_A0A0V1M557
UniRef50_A0A928KU10	UniRef50_A0A928KU10
UniRef50_A0AAW5KTX4	UniRef50_A0AAW5KTX4
UniRef50_A0A3M0G8G7	UniRef50_A0A3M0G8G7
UniRef50_B0N2T1	UniRef50_B0N2T1
UniRef50_UPI0022E3A971	UniRef50_UPI0022E3A971
UniRef50_A0A853IUU3	UniRef50_A0A853IUU3
UniRef50_A0AA86U5C1	UniRef50_A0AA86U5C1
UniRef50_G3JUE0	UniRef50_G3JUE0
UniRef50_UPI00076DB18C	UniRef50_UPI00076DB18C
UniRef50_A0A8S0UZM2	UniRef50_A0A8S0UZM2
UniRef50_UPI0028D4551F	UniRef50_UPI0028D4551F
UniRef50_U9TDG8	UniRef50_U9TDG8
UniRef50_A0A9D3N2T4	UniRef50_A0A9D3N2T4
UniRef50_A0ABN1TY15	UniRef50_A0ABN1TY15
UniRef50_UPI0034D58E8B	UniRef50_UPI0034D58E8B
UniRef50_UPI00168146CF	UniRef50_UPI00168146CF
UniRef50_UPI00156DBD71	UniRef50_UPI00156DBD71
UniRef50_A0AA41W7D0	UniRef50_A0AA41W7D0
UniRef50_A0A916EKD6	UniRef50_A0A916EKD6
UniRef50_UPI0012BD6DA9	UniRef50_UPI0012BD6DA9
UniRef50_A0A3P7S9T3	UniRef50_A0A3P7S9T3
UniRef50_UPI003017D26F	UniRef50_UPI003017D26F
UniRef50_A0A1T5FPZ8	UniRef50_A0A1T5FPZ8
UniRef50_A0A645BJL5	UniRef50_A0A645BJL5
UniRef50_UPI001E4A110D	UniRef50_UPI001E4A110D
UniRef50_UPI002D04BA5C	UniRef50_UPI002D04BA5C
UniRef50_UPI0011159EC4	UniRef50_UPI0011159EC4
UniRef50_A0A1U7LXK9	UniRef50_A0A1U7LXK9
UniRef50_UPI001453892F	UniRef50_UPI001453892F
UniRef50_A0A6I9SP76	UniRef50_A0A6I9SP76
UniRef50_UPI0022E86F4C	UniRef50_UPI0022E86F4C
UniRef50_A0ABY3SRG1	UniRef50_A0ABY3SRG1
UniRef50_Q3TYP2	UniRef50_Q3TYP2
UniRef50_A0A481Z8V3	UniRef50_A0A481Z8V3
UniRef50_UPI0039FC03B1	UniRef50_UPI0039FC03B1
UniRef50_A0A915PSF7	UniRef50_A0A915PSF7
UniRef50_UPI00197ABB04	UniRef50_UPI00197ABB04
UniRef50_UPI002ADE23EE	UniRef50_UPI002ADE23EE
UniRef50_A0AA43RJX4	UniRef50_A0AA43RJX4
UniRef50_A0A9P5Y1I7	UniRef50_A0A9P5Y1I7
UniRef50_A0A6A4S0U7	UniRef50_A0A6A4S0U7
UniRef50_A0A5B7IX39	UniRef50_A0A5B7IX39
UniRef50_A0A834BXX5	UniRef50_A0A834BXX5
UniRef50_UPI0033AF148C	UniRef50_UPI0033AF148C
UniRef50_UPI00088D401B	UniRef50_UPI00088D401B
UniRef50_A0A9P8VQJ0	UniRef50_A0A9P8VQJ0
UniRef50_X1BND3	UniRef50_X1BND3
UniRef50_A0A438C5L1	UniRef50_A0A438C5L1
UniRef50_R0K2Q4	UniRef50_R0K2Q4
UniRef50_A0A9P7BQR4	UniRef50_A0A9P7BQR4
UniRef50_A0A2Z2KRF7	UniRef50_A0A2Z2KRF7
UniRef50_UPI000A5991EA	UniRef50_UPI000A5991EA
UniRef50_UPI0021E7B7EB	UniRef50_UPI0021E7B7EB
UniRef50_UPI0037D9BCEF	UniRef50_UPI0037D9BCEF
UniRef50_A0A955RIB7	UniRef50_A0A955RIB7
UniRef50_UPI00195264A5	UniRef50_UPI00195264A5
UniRef50_A0A8B9HN15	UniRef50_A0A8B9HN15
UniRef50_S0JUK1	UniRef50_S0JUK1
UniRef50_UPI000E6E44B9	UniRef50_UPI000E6E44B9
UniRef50_A0ABN9V0R5	UniRef50_A0ABN9V0R5
UniRef50_A0AAW0CQX2	UniRef50_A0AAW0CQX2
UniRef50_A0A7C5L2A7	UniRef50_A0A7C5L2A7
UniRef50_A0A5C3KXF4	UniRef50_A0A5C3KXF4
UniRef50_UPI00189B2F49	UniRef50_UPI00189B2F49
UniRef50_A0A9P0G3S3	UniRef50_A0A9P0G3S3
UniRef50_UPI0026374422	UniRef50_UPI0026374422
UniRef50_A0A9Q0RPE5	UniRef50_A0A9Q0RPE5
UniRef50_A0A2K1JXA5	UniRef50_A0A2K1JXA5
UniRef50_A0AAN9YXN9	UniRef50_A0AAN9YXN9
UniRef50_A0A2R5L4C3	UniRef50_A0A2R5L4C3
UniRef50_A0A1M2W5J6	UniRef50_A0A1M2W5J6
UniRef50_S8EWN6	UniRef50_S8EWN6
UniRef50_UPI0020222176	UniRef50_UPI0020222176
UniRef50_Q9MBI5	UniRef50_Q9MBI5
UniRef50_UPI001E4F5DAC	UniRef50_UPI001E4F5DAC
UniRef50_A0A1M5JB96	UniRef50_A0A1M5JB96
UniRef50_UPI00329F3D73	UniRef50_UPI00329F3D73
UniRef50_UPI000E1A0FEC	UniRef50_UPI000E1A0FEC
UniRef50_A0ABQ1FEM0	UniRef50_A0ABQ1FEM0
UniRef50_UPI0025DC62D2	UniRef50_UPI0025DC62D2
UniRef50_UPI001E360BA0	UniRef50_UPI001E360BA0
UniRef50_A0A814L419	UniRef50_A0A814L419
UniRef50_Q21MS6	UniRef50_Q21MS6
UniRef50_A0A3D1JGA9	UniRef50_A0A3D1JGA9
UniRef50_A0A1G9BVP3	UniRef50_A0A1G9BVP3
UniRef50_UPI0021588A29	UniRef50_UPI0021588A29
UniRef50_A0ABV7K6D6	UniRef50_A0ABV7K6D6
UniRef50_Q2QV85	UniRef50_Q2QV85
UniRef50_A0A850RBC5	UniRef50_A0A850RBC5
UniRef50_A0AAE0KTN9	UniRef50_A0AAE0KTN9
UniRef50_A0A482VS16	UniRef50_A0A482VS16
UniRef50_A0A0H5R897	UniRef50_A0A0H5R897
UniRef50_UPI00164F3AAF	UniRef50_UPI00164F3AAF
UniRef50_A0ABQ9F918	UniRef50_A0ABQ9F918
UniRef50_G4U0Z4	UniRef50_G4U0Z4
UniRef50_A0AAD6T4U5	UniRef50_A0AAD6T4U5
UniRef50_UPI0027E1BD04	UniRef50_UPI0027E1BD04
UniRef50_A0A1H2QUZ3	UniRef50_A0A1H2QUZ3
UniRef50_A0A7Y0R159	UniRef50_A0A7Y0R159
UniRef50_A0A226DF24	UniRef50_A0A226DF24
UniRef50_UPI00346540D5	UniRef50_UPI00346540D5
UniRef50_UPI003DA4A970	UniRef50_UPI003DA4A970
UniRef50_UPI003296E0CB	UniRef50_UPI003296E0CB
UniRef50_D5ESU8	UniRef50_D5ESU8
UniRef50_A0A5D0MEN1	UniRef50_A0A5D0MEN1
UniRef50_UPI002FBEF732	UniRef50_UPI002FBEF732
UniRef50_A0A811QZB4	UniRef50_A0A811QZB4
UniRef50_A0A0F9SMC6	UniRef50_A0A0F9SMC6
UniRef50_A0A919C1E8	UniRef50_A0A919C1E8
UniRef50_A0AAW0J4T1	UniRef50_A0AAW0J4T1
UniRef50_UPI00131C8C88	UniRef50_UPI00131C8C88
UniRef50_A0ABS0AAH1	UniRef50_A0ABS0AAH1
UniRef50_A0A7J7IZX0	UniRef50_A0A7J7IZX0
UniRef50_UPI0031649681	UniRef50_UPI0031649681
UniRef50_A0A6C0EUW3	UniRef50_A0A6C0EUW3
UniRef50_A0A024V0U8	UniRef50_A0A024V0U8
UniRef50_A0A8C9FU88	UniRef50_A0A8C9FU88
UniRef50_UPI0028D4B468	UniRef50_UPI0028D4B468
UniRef50_A0A7K4MR18	UniRef50_A0A7K4MR18
UniRef50_A0A7X0D492	UniRef50_A0A7X0D492
UniRef50_A0A9R1GUR5	UniRef50_A0A9R1GUR5
UniRef50_A0AA38ZHY7	UniRef50_A0AA38ZHY7
UniRef50_A0A034VDL0	UniRef50_A0A034VDL0
UniRef50_UPI001BE40A0C	UniRef50_UPI001BE40A0C
UniRef50_A0A4Y7L3H6	UniRef50_A0A4Y7L3H6
UniRef50_A0A937L651	UniRef50_A0A937L651
UniRef50_A0A7J8LR83	UniRef50_A0A7J8LR83
UniRef50_A0A4Q9L246	UniRef50_A0A4Q9L246
UniRef50_UPI0030074BA0	UniRef50_UPI0030074BA0
UniRef50_UPI00052D0DB1	UniRef50_UPI00052D0DB1
UniRef50_UPI000B221891	UniRef50_UPI000B221891
UniRef50_UPI001F29F9D8	UniRef50_UPI001F29F9D8
UniRef50_A0A8H4AC42	UniRef50_A0A8H4AC42
UniRef50_A0A7X6A0V3	UniRef50_A0A7X6A0V3
UniRef50_A0AAD4N1H8	UniRef50_A0AAD4N1H8
UniRef50_A0A813BH27	UniRef50_A0A813BH27
UniRef50_A0AA37BSH9	UniRef50_A0AA37BSH9
UniRef50_A0ABQ9FWI5	UniRef50_A0ABQ9FWI5
UniRef50_UPI000F4A1646	UniRef50_UPI000F4A1646
UniRef50_A0A2W5RB20	UniRef50_A0A2W5RB20
UniRef50_A0A024GJR2	UniRef50_A0A024GJR2
UniRef50_A0A179BJC0	UniRef50_A0A179BJC0
UniRef50_H0XZB0	UniRef50_H0XZB0
UniRef50_A0AAD5Z5J8	UniRef50_A0AAD5Z5J8
UniRef50_A0A6C0JSA2	UniRef50_A0A6C0JSA2
UniRef50_A0A7C9AUN1	UniRef50_A0A7C9AUN1
UniRef50_A0A5B7ZV09	UniRef50_A0A5B7ZV09
UniRef50_A0AAE0D9F1	UniRef50_A0AAE0D9F1
UniRef50_UPI0009DAA2CC	UniRef50_UPI0009DAA2CC
UniRef50_A0AAD9JT47	UniRef50_A0AAD9JT47
UniRef50_A0A1D2VFU1	UniRef50_A0A1D2VFU1
UniRef50_A0A1X6NI19	UniRef50_A0A1X6NI19
UniRef50_A0A2P2E695	UniRef50_A0A2P2E695
UniRef50_A0A5B7ESZ6	UniRef50_A0A5B7ESZ6
UniRef50_A0A1E3VEW8	UniRef50_A0A1E3VEW8
UniRef50_A0A830HG25	UniRef50_A0A830HG25
UniRef50_A0A919SUQ7	UniRef50_A0A919SUQ7
UniRef50_A0A251U0D2	UniRef50_A0A251U0D2
UniRef50_A0A1F5P6F6	UniRef50_A0A1F5P6F6
UniRef50_UPI0012FE13DC	UniRef50_UPI0012FE13DC
UniRef50_A0A6L2K3H6	UniRef50_A0A6L2K3H6
UniRef50_UPI0003FCB1E4	UniRef50_UPI0003FCB1E4
UniRef50_A0AAU0F6G2	UniRef50_A0AAU0F6G2
UniRef50_UPI00076A3838	UniRef50_UPI00076A3838
UniRef50_A0A0K8RBH9	UniRef50_A0A0K8RBH9
UniRef50_UPI00186AE83C	UniRef50_UPI00186AE83C
UniRef50_A0A0M1NJD0	UniRef50_A0A0M1NJD0
UniRef50_A0A8E8LSA9	UniRef50_A0A8E8LSA9
UniRef50_R0IZX8	UniRef50_R0IZX8
UniRef50_A0ABT2SQS3	UniRef50_A0ABT2SQS3
UniRef50_A0A7J7I0C4	UniRef50_A0A7J7I0C4
UniRef50_A0A9Q9ARJ8	UniRef50_A0A9Q9ARJ8
UniRef50_A0ABS7GFY9	UniRef50_A0ABS7GFY9
UniRef50_W2V0Y4	UniRef50_W2V0Y4
UniRef50_A0A8X6YDX2	UniRef50_A0A8X6YDX2
UniRef50_UPI00272255EA	UniRef50_UPI00272255EA
UniRef50_A0A388K8H9	UniRef50_A0A388K8H9
UniRef50_A0A7W8K1Y7	UniRef50_A0A7W8K1Y7
UniRef50_V4LMH6	UniRef50_V4LMH6
UniRef50_A0A699K1R8	UniRef50_A0A699K1R8
UniRef50_A0A7S3TU73	UniRef50_A0A7S3TU73
UniRef50_A0AAV0W4L8	UniRef50_A0AAV0W4L8
UniRef50_UPI002164AA24	UniRef50_UPI002164AA24
UniRef50_A0A975ZMV1	UniRef50_A0A975ZMV1
UniRef50_UPI00226B3F76	UniRef50_UPI00226B3F76
UniRef50_A0A9D2DWZ9	UniRef50_A0A9D2DWZ9
UniRef50_A0A8S3PQN9	UniRef50_A0A8S3PQN9
UniRef50_A0A8S5TIZ1	UniRef50_A0A8S5TIZ1
UniRef50_A0A0J7K0G2	UniRef50_A0A0J7K0G2
UniRef50_UPI0032C1CD0C	UniRef50_UPI0032C1CD0C
UniRef50_B3RW92	UniRef50_B3RW92
UniRef50_UPI0004106735	UniRef50_UPI0004106735
UniRef50_UPI0008C79C7F	UniRef50_UPI0008C79C7F
UniRef50_G3H7D8	UniRef50_G3H7D8
UniRef50_A0ABD3Q403	UniRef50_A0ABD3Q403
UniRef50_A0A2P5D8Q8	UniRef50_A0A2P5D8Q8
UniRef50_J3NV27	UniRef50_J3NV27
UniRef50_A0ABQ3IC51	UniRef50_A0ABQ3IC51
UniRef50_A0A9P5A9S7	UniRef50_A0A9P5A9S7
UniRef50_UPI003A5E837D	UniRef50_UPI003A5E837D
UniRef50_A0AA39Q6Y2	UniRef50_A0AA39Q6Y2
UniRef50_A0A401LF65	UniRef50_A0A401LF65
UniRef50_A0A1Y0CUR3	UniRef50_A0A1Y0CUR3
UniRef50_A0A6A5UDN0	UniRef50_A0A6A5UDN0
UniRef50_UPI00192FA4B6	UniRef50_UPI00192FA4B6
UniRef50_A0A679FXK4	UniRef50_A0A679FXK4
UniRef50_A0AAV8WQE8	UniRef50_A0AAV8WQE8
UniRef50_UPI001E279338	UniRef50_UPI001E279338
UniRef50_A0ABM1F0D7	UniRef50_A0ABM1F0D7
UniRef50_A0A1C7PBN0	UniRef50_A0A1C7PBN0
UniRef50_A0A2T0KJI4	UniRef50_A0A2T0KJI4
UniRef50_A0A1J4Q065	UniRef50_A0A1J4Q065
UniRef50_A0A9P3C2F4	UniRef50_A0A9P3C2F4
UniRef50_UPI0007AC826C	UniRef50_UPI0007AC826C
UniRef50_A0A811LN27	UniRef50_A0A811LN27
UniRef50_UPI00234D75AA	UniRef50_UPI00234D75AA
UniRef50_A0A3B1A0X3	UniRef50_A0A3B1A0X3
UniRef50_A0AAW2WQP2	UniRef50_A0AAW2WQP2
UniRef50_A0A9W7XI79	UniRef50_A0A9W7XI79
UniRef50_A0A428UW78	UniRef50_A0A428UW78
UniRef50_A0A502HL16	UniRef50_A0A502HL16
UniRef50_A0A0B6YC12	UniRef50_A0A0B6YC12
UniRef50_UPI000E39A6F9	UniRef50_UPI000E39A6F9
UniRef50_A0A4Y3VY69	UniRef50_A0A4Y3VY69
UniRef50_A0A9D2QXU4	UniRef50_A0A9D2QXU4
UniRef50_A0AA35ZJ04	UniRef50_A0AA35ZJ04
UniRef50_A0A518GI46	UniRef50_A0A518GI46
UniRef50_A0A2H0AZ20	UniRef50_A0A2H0AZ20
UniRef50_UPI000C1ED381	UniRef50_UPI000C1ED381
UniRef50_UPI00130ED08D	UniRef50_UPI00130ED08D
UniRef50_A0A523UTZ0	UniRef50_A0A523UTZ0
UniRef50_W7BTW3	UniRef50_W7BTW3
UniRef50_UPI0029064B55	UniRef50_UPI0029064B55
UniRef50_A0A366F4I6	UniRef50_A0A366F4I6
UniRef50_A0ABN5AK26	UniRef50_A0ABN5AK26
UniRef50_A0A3P7NER3	UniRef50_A0A3P7NER3
UniRef50_A0A5K1EZP1	UniRef50_A0A5K1EZP1
UniRef50_A0A0A9YLF2	UniRef50_A0A0A9YLF2
UniRef50_A0ABM4CBQ0	UniRef50_A0ABM4CBQ0
UniRef50_A0A7S0XAX2	UniRef50_A0A7S0XAX2
UniRef50_A0ABD4SV98	UniRef50_A0ABD4SV98
UniRef50_A0A428SYX7	UniRef50_A0A428SYX7
UniRef50_A0A222P0E3	UniRef50_A0A222P0E3
UniRef50_A0A2A2H533	UniRef50_A0A2A2H533
UniRef50_A0ABQ2GHP9	UniRef50_A0ABQ2GHP9
UniRef50_A0AAN6S2Z4	UniRef50_A0AAN6S2Z4
UniRef50_A0AAV4IT12	UniRef50_A0AAV4IT12
UniRef50_A0ABT0PPK1	UniRef50_A0ABT0PPK1
UniRef50_A0A915DUK5	UniRef50_A0A915DUK5
UniRef50_A0ABZ2K4W3	UniRef50_A0ABZ2K4W3
UniRef50_A0A8J7PK73	UniRef50_A0A8J7PK73
UniRef50_A0A8S4A1C0	UniRef50_A0A8S4A1C0
UniRef50_UPI003458CE3F	UniRef50_UPI003458CE3F
UniRef50_UPI0037493E38	UniRef50_UPI0037493E38
UniRef50_W2RUJ7	UniRef50_W2RUJ7
UniRef50_A0A5J5RL38	UniRef50_A0A5J5RL38
UniRef50_UPI001C44A28F	UniRef50_UPI001C44A28F
UniRef50_A0A6G0ZL66	UniRef50_A0A6G0ZL66
UniRef50_UPI0020C3A536	UniRef50_UPI0020C3A536
UniRef50_UPI0013CDCF50	UniRef50_UPI0013CDCF50
UniRef50_A0A7J9IDW1	UniRef50_A0A7J9IDW1
UniRef50_A0A7S0YQJ5	UniRef50_A0A7S0YQJ5
UniRef50_A0A432JKP5	UniRef50_A0A432JKP5
UniRef50_A0A6N2AG37	UniRef50_A0A6N2AG37
UniRef50_A0A1B8GAZ6	UniRef50_A0A1B8GAZ6
UniRef50_A0ABU6RSR7	UniRef50_A0ABU6RSR7
UniRef50_A0A0K0FQ01	UniRef50_A0A0K0FQ01
UniRef50_A0A068RIG8	UniRef50_A0A068RIG8
UniRef50_A0ABV4M9L2	UniRef50_A0ABV4M9L2
UniRef50_A0A2L0F7M5	UniRef50_A0A2L0F7M5
UniRef50_A0ABW8ZPK9	UniRef50_A0ABW8ZPK9
UniRef50_U3GU50	UniRef50_U3GU50
UniRef50_A0ABN7WQP9	UniRef50_A0ABN7WQP9
UniRef50_A0A1F8E3X5	UniRef50_A0A1F8E3X5
UniRef50_A0AAV4PWU6	UniRef50_A0AAV4PWU6
UniRef50_W9WJ17	UniRef50_W9WJ17
UniRef50_UPI002649B858	UniRef50_UPI002649B858
UniRef50_A0A8D9E8W3	UniRef50_A0A8D9E8W3
UniRef50_A0A9D9HR79	UniRef50_A0A9D9HR79
UniRef50_UPI003C74E7A9	UniRef50_UPI003C74E7A9
UniRef50_A0A0C3EYI0	UniRef50_A0A0C3EYI0
UniRef50_A0AAQ4ED34	UniRef50_A0AAQ4ED34
UniRef50_A0A6I9WPJ9	UniRef50_A0A6I9WPJ9
UniRef50_A0A392PKY4	UniRef50_A0A392PKY4
UniRef50_A0AA38R7Q9	UniRef50_A0AA38R7Q9
UniRef50_A0ABU9G5M5	UniRef50_A0ABU9G5M5
UniRef50_H0QTC3	UniRef50_H0QTC3
UniRef50_UPI001C3E665E	UniRef50_UPI001C3E665E
UniRef50_A0A0L6UAY7	UniRef50_A0A0L6UAY7
UniRef50_A0A1X6NT26	UniRef50_A0A1X6NT26
UniRef50_A0A482WEZ1	UniRef50_A0A482WEZ1
UniRef50_B0JJ98	UniRef50_B0JJ98
UniRef50_A0A4C1ZGJ8	UniRef50_A0A4C1ZGJ8
UniRef50_A0AAV5TQZ4	UniRef50_A0AAV5TQZ4
UniRef50_A0A0H2R2V6	UniRef50_A0A0H2R2V6
UniRef50_A0A1C3RHZ1	UniRef50_A0A1C3RHZ1
UniRef50_A0A386KMW8	UniRef50_A0A386KMW8
UniRef50_A0A1Z1MDQ6	UniRef50_A0A1Z1MDQ6
UniRef50_A0A5B7F5I6	UniRef50_A0A5B7F5I6
UniRef50_A0AAE1TZ49	UniRef50_A0AAE1TZ49
UniRef50_A0AAD8YZK8	UniRef50_A0AAD8YZK8
UniRef50_A0A6A4HAE1	UniRef50_A0A6A4HAE1
UniRef50_A0A5B6WSM3	UniRef50_A0A5B6WSM3
UniRef50_A0A7U4TIK2	UniRef50_A0A7U4TIK2
UniRef50_A0AAV7PZ57	UniRef50_A0AAV7PZ57
UniRef50_A0A7J3SK75	UniRef50_A0A7J3SK75
UniRef50_UPI000AA5B62D	UniRef50_UPI000AA5B62D
UniRef50_A0A9Q1H1C6	UniRef50_A0A9Q1H1C6
UniRef50_UPI0039C8CE0C	UniRef50_UPI0039C8CE0C
UniRef50_UPI0005286972	UniRef50_UPI0005286972
UniRef50_A0A8T0ZLQ4	UniRef50_A0A8T0ZLQ4
UniRef50_A0A1I1VE44	UniRef50_A0A1I1VE44
UniRef50_UPI0033399FAB	UniRef50_UPI0033399FAB
UniRef50_UPI0039EEC577	UniRef50_UPI0039EEC577
UniRef50_A0A5E4MB02	UniRef50_A0A5E4MB02
UniRef50_A0A545U6X8	UniRef50_A0A545U6X8
UniRef50_W6RBZ9	UniRef50_W6RBZ9
UniRef50_A0A517MX12	UniRef50_A0A517MX12
UniRef50_A0A4Q1BND7	UniRef50_A0A4Q1BND7
UniRef50_UPI0022359288	UniRef50_UPI0022359288
UniRef50_A0ABS8UU06	UniRef50_A0ABS8UU06
UniRef50_B6WBR7	UniRef50_B6WBR7
UniRef50_A0A7W3PIN2	UniRef50_A0A7W3PIN2
UniRef50_A0A2I4FD70	UniRef50_A0A2I4FD70
UniRef50_A0AAD9J491	UniRef50_A0AAD9J491
UniRef50_UPI002007C06D	UniRef50_UPI002007C06D
UniRef50_A0AAV8ZKY7	UniRef50_A0AAV8ZKY7
UniRef50_A0A2P2E817	UniRef50_A0A2P2E817
UniRef50_A0ABN5YHE5	UniRef50_A0ABN5YHE5
UniRef50_A0A1H1DA82	UniRef50_A0A1H1DA82
UniRef50_J7RY47	UniRef50_J7RY47
UniRef50_A0AAD8E6R3	UniRef50_A0AAD8E6R3
UniRef50_A0ABY4B4Z8	UniRef50_A0ABY4B4Z8
UniRef50_UPI0026DD06F8	UniRef50_UPI0026DD06F8
UniRef50_A0AAD7M7F9	UniRef50_A0AAD7M7F9
UniRef50_UPI002007CCC8	UniRef50_UPI002007CCC8
UniRef50_A0AAW6U4K7	UniRef50_A0AAW6U4K7
UniRef50_G1XEU6	UniRef50_G1XEU6
UniRef50_Q76804	UniRef50_Q76804
UniRef50_A0ABP8N023	UniRef50_A0ABP8N023
UniRef50_A0A2R5HJS3	UniRef50_A0A2R5HJS3
UniRef50_A0A3R8T6H5	UniRef50_A0A3R8T6H5
UniRef50_G6F1T2	UniRef50_G6F1T2
UniRef50_UPI00137AC6B6	UniRef50_UPI00137AC6B6
UniRef50_UPI000BA7AFA0	UniRef50_UPI000BA7AFA0
UniRef50_A0A7M7ISW5	UniRef50_A0A7M7ISW5
UniRef50_UPI001C635D02	UniRef50_UPI001C635D02
UniRef50_A0A9J6F9K3	UniRef50_A0A9J6F9K3
UniRef50_A0A7S1R9B0	UniRef50_A0A7S1R9B0
UniRef50_A0A1I6XWM8	UniRef50_A0A1I6XWM8
UniRef50_A0AAD5CF63	UniRef50_A0AAD5CF63
UniRef50_A0ABT9LVS4	UniRef50_A0ABT9LVS4
UniRef50_A0A7S2UGN3	UniRef50_A0A7S2UGN3
UniRef50_A0A8T0HVZ5	UniRef50_A0A8T0HVZ5
UniRef50_A0A414P7T2	UniRef50_A0A414P7T2
UniRef50_UPI003673C478	UniRef50_UPI003673C478
UniRef50_A0A015KK17	UniRef50_A0A015KK17
UniRef50_A0A9Q1J014	UniRef50_A0A9Q1J014
UniRef50_UPI0011DD02CC	UniRef50_UPI0011DD02CC
UniRef50_C8WYH9	UniRef50_C8WYH9
UniRef50_A0A143YCS3	UniRef50_A0A143YCS3
UniRef50_A0A6J7IWY8	UniRef50_A0A6J7IWY8
UniRef50_A0AA84ZHA4	UniRef50_A0AA84ZHA4
UniRef50_UPI0023DB7ED1	UniRef50_UPI0023DB7ED1
UniRef50_A0A0H3LIZ5	UniRef50_A0A0H3LIZ5
UniRef50_UPI0015D66F2D	UniRef50_UPI0015D66F2D
UniRef50_A0A0D7AHD3	UniRef50_A0A0D7AHD3
UniRef50_A0A6G1EMY5	UniRef50_A0A6G1EMY5
UniRef50_A0A8H6UI48	UniRef50_A0A8H6UI48
UniRef50_A0A974XNM3	UniRef50_A0A974XNM3
UniRef50_A0A4D9EN83	UniRef50_A0A4D9EN83
UniRef50_K1SSI5	UniRef50_K1SSI5
UniRef50_A0ABS8WMH8	UniRef50_A0ABS8WMH8
UniRef50_C0ERH4	UniRef50_C0ERH4
UniRef50_A0A4R8S595	UniRef50_A0A4R8S595
UniRef50_A0A1T2L0E4	UniRef50_A0A1T2L0E4
UniRef50_A0ABP0L0B1	UniRef50_A0ABP0L0B1
UniRef50_A0A7K1GHB9	UniRef50_A0A7K1GHB9
UniRef50_A0A0E0QC39	UniRef50_A0A0E0QC39
UniRef50_UPI00272A431A	UniRef50_UPI00272A431A
UniRef50_A0A7N6BWB0	UniRef50_A0A7N6BWB0
UniRef50_A0AAV0C1A9	UniRef50_A0AAV0C1A9
UniRef50_UPI00366CCDC1	UniRef50_UPI00366CCDC1
UniRef50_A0A8F3D0F8	UniRef50_A0A8F3D0F8
UniRef50_A0A1C7LXP0	UniRef50_A0A1C7LXP0
UniRef50_A0A8R2F6Q1	UniRef50_A0A8R2F6Q1
UniRef50_UPI0011783954	UniRef50_UPI0011783954
UniRef50_A0A6N1X2P0	UniRef50_A0A6N1X2P0
UniRef50_A0AAD9HEJ9	UniRef50_A0AAD9HEJ9
UniRef50_A0A853I1F2	UniRef50_A0A853I1F2
UniRef50_UPI000886B641	UniRef50_UPI000886B641
UniRef50_UPI000758F18F	UniRef50_UPI000758F18F
UniRef50_A0A3B4D030	UniRef50_A0A3B4D030
UniRef50_A0AAV8S9X4	UniRef50_A0AAV8S9X4
UniRef50_UPI00374296AB	UniRef50_UPI00374296AB
UniRef50_A0ABQ9JK07	UniRef50_A0ABQ9JK07
UniRef50_UPI0034345294	UniRef50_UPI0034345294
UniRef50_A0A811UFT2	UniRef50_A0A811UFT2
UniRef50_A0A6J6P789	UniRef50_A0A6J6P789
UniRef50_A0A9W8LXS3	UniRef50_A0A9W8LXS3
UniRef50_UPI002449A939	UniRef50_UPI002449A939
UniRef50_A0A8S2SHA3	UniRef50_A0A8S2SHA3
UniRef50_C7TEA5	UniRef50_C7TEA5
UniRef50_UPI00245806C0	UniRef50_UPI00245806C0
UniRef50_A0A0H5AJ98	UniRef50_A0A0H5AJ98
UniRef50_A0A8I1YA97	UniRef50_A0A8I1YA97
UniRef50_A0AA37GW27	UniRef50_A0AA37GW27
UniRef50_UPI001FCD401A	UniRef50_UPI001FCD401A
UniRef50_UPI003BAC2F36	UniRef50_UPI003BAC2F36
UniRef50_A0A7S0VYA7	UniRef50_A0A7S0VYA7
UniRef50_A0AAD6IPZ3	UniRef50_A0AAD6IPZ3
UniRef50_A0AAD5MRP5	UniRef50_A0AAD5MRP5
UniRef50_A0A7S0DVM0	UniRef50_A0A7S0DVM0
UniRef50_A0A177WEW9	UniRef50_A0A177WEW9
UniRef50_A0A7X0RR13	UniRef50_A0A7X0RR13
UniRef50_A0A6P2TU52	UniRef50_A0A6P2TU52
UniRef50_A0A928VUY3	UniRef50_A0A928VUY3
UniRef50_UPI001FB073F0	UniRef50_UPI001FB073F0
UniRef50_A0A8I3WBS8	UniRef50_A0A8I3WBS8
UniRef50_A0A834NPE6	UniRef50_A0A834NPE6
UniRef50_UPI003328590D	UniRef50_UPI003328590D
UniRef50_G0J021	UniRef50_G0J021
UniRef50_G0S8R8	UniRef50_G0S8R8
UniRef50_A0A0D3G1E4	UniRef50_A0A0D3G1E4
UniRef50_A0A0F9R0S1	UniRef50_A0A0F9R0S1
UniRef50_A0A1I8H8J0	UniRef50_A0A1I8H8J0
UniRef50_Q7UP84	UniRef50_Q7UP84
UniRef50_A0A6H6JTF9	UniRef50_A0A6H6JTF9
UniRef50_A0A803PRW6	UniRef50_A0A803PRW6
UniRef50_A0A7S4CEM8	UniRef50_A0A7S4CEM8
UniRef50_A0A0E0PVC4	UniRef50_A0A0E0PVC4
UniRef50_A0A6J2XSP3	UniRef50_A0A6J2XSP3
UniRef50_A0A8H6T5T4	UniRef50_A0A8H6T5T4
UniRef50_A0A2T4ANS1	UniRef50_A0A2T4ANS1
UniRef50_UPI002AB2650F	UniRef50_UPI002AB2650F
UniRef50_UPI000F872E8E	UniRef50_UPI000F872E8E
UniRef50_A0A564ZK46	UniRef50_A0A564ZK46
UniRef50_UPI000F4EFBA6	UniRef50_UPI000F4EFBA6
UniRef50_UPI001917A509	UniRef50_UPI001917A509
UniRef50_L7UB16	UniRef50_L7UB16
UniRef50_Q4WFG9	UniRef50_Q4WFG9
UniRef50_A0ABU2L4L8	UniRef50_A0ABU2L4L8
UniRef50_A0A4P8XW39	UniRef50_A0A4P8XW39
UniRef50_A0A182U1G6	UniRef50_A0A182U1G6
UniRef50_A0A6D2L161	UniRef50_A0A6D2L161
UniRef50_O43427	UniRef50_O43427
UniRef50_A0A4Z0R5J6	UniRef50_A0A4Z0R5J6
UniRef50_UPI001F465477	UniRef50_UPI001F465477
UniRef50_A0A918PTI0	UniRef50_A0A918PTI0
UniRef50_UPI0038B26B69	UniRef50_UPI0038B26B69
UniRef50_UPI00313C497F	UniRef50_UPI00313C497F
UniRef50_A0A0E0QEU0	UniRef50_A0A0E0QEU0
UniRef50_A0A7S1KD47	UniRef50_A0A7S1KD47
UniRef50_A0A9X3LD25	UniRef50_A0A9X3LD25
UniRef50_G3AVM5	UniRef50_G3AVM5
UniRef50_A0ABW3J538	UniRef50_A0ABW3J538
UniRef50_UPI00263706AF	UniRef50_UPI00263706AF
UniRef50_A0ABS6U683	UniRef50_A0ABS6U683
UniRef50_UPI003EB9F998	UniRef50_UPI003EB9F998
UniRef50_A0ABR3H5Y0	UniRef50_A0ABR3H5Y0
UniRef50_UPI0021D3B686	UniRef50_UPI0021D3B686
UniRef50_UPI003BA93F9C	UniRef50_UPI003BA93F9C
UniRef50_UPI0008113D11	UniRef50_UPI0008113D11
UniRef50_UPI000423448C	UniRef50_UPI000423448C
UniRef50_A0ABN8QZH2	UniRef50_A0ABN8QZH2
UniRef50_A0A5N7B116	UniRef50_A0A5N7B116
UniRef50_A0A0C3AX72	UniRef50_A0A0C3AX72
UniRef50_Q3IX25	UniRef50_Q3IX25
UniRef50_G2D9J6	UniRef50_G2D9J6
UniRef50_UPI000C798519	UniRef50_UPI000C798519
UniRef50_A0A8J2SSP4	UniRef50_A0A8J2SSP4
UniRef50_E3MLM5	UniRef50_E3MLM5
UniRef50_A0A811BPM3	UniRef50_A0A811BPM3
UniRef50_A0A1U9KJ79	UniRef50_A0A1U9KJ79
UniRef50_A0A285D6A5	UniRef50_A0A285D6A5
UniRef50_A0ABQ8FMW9	UniRef50_A0ABQ8FMW9
UniRef50_A0A0M2UYF2	UniRef50_A0A0M2UYF2
UniRef50_A0A8T3DZ61	UniRef50_A0A8T3DZ61
UniRef50_UPI0022E10B6E	UniRef50_UPI0022E10B6E
UniRef50_A0A6V8PGM9	UniRef50_A0A6V8PGM9
UniRef50_UPI00092944A6	UniRef50_UPI00092944A6
UniRef50_A0A1Z4N8M2	UniRef50_A0A1Z4N8M2
UniRef50_UPI0039C87852	UniRef50_UPI0039C87852
UniRef50_UPI002795685F	UniRef50_UPI002795685F
UniRef50_UPI002E17D53A	UniRef50_UPI002E17D53A
UniRef50_A0ABQ8T6Q1	UniRef50_A0ABQ8T6Q1
UniRef50_A0A2X2J1B0	UniRef50_A0A2X2J1B0
UniRef50_UPI003BABCFE9	UniRef50_UPI003BABCFE9
UniRef50_UPI000B4A5D90	UniRef50_UPI000B4A5D90
UniRef50_A0A679IWG5	UniRef50_A0A679IWG5
UniRef50_A0A9P0AC70	UniRef50_A0A9P0AC70
UniRef50_A0A4Z2FPH2	UniRef50_A0A4Z2FPH2
UniRef50_A0A402ANI0	UniRef50_A0A402ANI0
UniRef50_A0A418XAP9	UniRef50_A0A418XAP9
UniRef50_A0A397S2Q6	UniRef50_A0A397S2Q6
UniRef50_A0A0C5VKN9	UniRef50_A0A0C5VKN9
UniRef50_A0ABD0R7B4	UniRef50_A0ABD0R7B4
UniRef50_A0AAD7QLN4	UniRef50_A0AAD7QLN4
UniRef50_UPI003115F0EE	UniRef50_UPI003115F0EE
UniRef50_A0A553P6M0	UniRef50_A0A553P6M0
UniRef50_A0A9D1E3L5	UniRef50_A0A9D1E3L5
UniRef50_A0A1R3JDL4	UniRef50_A0A1R3JDL4
UniRef50_A0AAV8PJD9	UniRef50_A0AAV8PJD9
UniRef50_A0A9N9UW67	UniRef50_A0A9N9UW67
UniRef50_A0AAV7L055	UniRef50_A0AAV7L055
UniRef50_A0A5D2QQY7	UniRef50_A0A5D2QQY7
UniRef50_A0A9N9PH53	UniRef50_A0A9N9PH53
UniRef50_A0A7S1RMG7	UniRef50_A0A7S1RMG7
UniRef50_K1L867	UniRef50_K1L867
UniRef50_A0A3B5L632	UniRef50_A0A3B5L632
UniRef50_A0A6J4HPV0	UniRef50_A0A6J4HPV0
UniRef50_UPI001F463E9B	UniRef50_UPI001F463E9B
UniRef50_A0AA38C346	UniRef50_A0AA38C346
UniRef50_A0A8H5HW85	UniRef50_A0A8H5HW85
UniRef50_UPI001CF36260	UniRef50_UPI001CF36260
UniRef50_A0A931CVJ2	UniRef50_A0A931CVJ2
UniRef50_UPI000240A0C8	UniRef50_UPI000240A0C8
UniRef50_A0AAN7GPC0	UniRef50_A0AAN7GPC0
UniRef50_A0A0N0BGU6	UniRef50_A0A0N0BGU6
UniRef50_UPI001BAC4950	UniRef50_UPI001BAC4950
UniRef50_UPI000B45A28E	UniRef50_UPI000B45A28E
UniRef50_A0A9N8LIF2	UniRef50_A0A9N8LIF2
UniRef50_A0A7R9VRS6	UniRef50_A0A7R9VRS6
UniRef50_A0ABS8G590	UniRef50_A0ABS8G590
UniRef50_A0A8C3R0H1	UniRef50_A0A8C3R0H1
UniRef50_UPI0013E2BF04	UniRef50_UPI0013E2BF04
UniRef50_A0A7X4KTE7	UniRef50_A0A7X4KTE7
UniRef50_S8CSY2	UniRef50_S8CSY2
UniRef50_A0A1M6JEM4	UniRef50_A0A1M6JEM4
UniRef50_A0A183LKP6	UniRef50_A0A183LKP6
UniRef50_UPI002147DC64	UniRef50_UPI002147DC64
UniRef50_UPI0026EE9F2C	UniRef50_UPI0026EE9F2C
UniRef50_UPI001E5A63EE	UniRef50_UPI001E5A63EE
UniRef50_K9DWJ2	UniRef50_K9DWJ2
UniRef50_A0A0T9P0F1	UniRef50_A0A0T9P0F1
UniRef50_A0A9Y2L0D9	UniRef50_A0A9Y2L0D9
UniRef50_UPI0030C80045	UniRef50_UPI0030C80045
UniRef50_A0A934RAA9	UniRef50_A0A934RAA9
UniRef50_UPI0018976B2D	UniRef50_UPI0018976B2D
UniRef50_A0ABQ4Z6U5	UniRef50_A0ABQ4Z6U5
UniRef50_A0AAV4XIY8	UniRef50_A0AAV4XIY8
UniRef50_UPI002FC9C7EF	UniRef50_UPI002FC9C7EF
UniRef50_A0A7J5X9H1	UniRef50_A0A7J5X9H1
UniRef50_A0A835ZF01	UniRef50_A0A835ZF01
UniRef50_A0ABT1A8F4	UniRef50_A0ABT1A8F4
UniRef50_A0A814LMU9	UniRef50_A0A814LMU9
UniRef50_A0A820Q4I1	UniRef50_A0A820Q4I1
UniRef50_UPI00398C679D	UniRef50_UPI00398C679D
UniRef50_A0A1D1VV15	UniRef50_A0A1D1VV15
UniRef50_A0ABN8TMS2	UniRef50_A0ABN8TMS2
UniRef50_A0AA36GEB2	UniRef50_A0AA36GEB2
UniRef50_A0A815MLW0	UniRef50_A0A815MLW0
UniRef50_UPI0019D3C091	UniRef50_UPI0019D3C091
UniRef50_A0A564W4C9	UniRef50_A0A564W4C9
UniRef50_A0A6N8ERS8	UniRef50_A0A6N8ERS8
UniRef50_UPI002803B99E	UniRef50_UPI002803B99E
UniRef50_A0A2U2B8C8	UniRef50_A0A2U2B8C8
UniRef50_UPI003CFF63ED	UniRef50_UPI003CFF63ED
UniRef50_UPI00101DF3D6	UniRef50_UPI00101DF3D6
UniRef50_A0A6L3V4U5	UniRef50_A0A6L3V4U5
UniRef50_Q6D7Q3	UniRef50_Q6D7Q3
UniRef50_A0A8T9MSJ2	UniRef50_A0A8T9MSJ2
UniRef50_UPI0022A6802A	UniRef50_UPI0022A6802A
UniRef50_A0ABU0NRV9	UniRef50_A0ABU0NRV9
UniRef50_UPI0027889C69	UniRef50_UPI0027889C69
UniRef50_A0A1W0WU58	UniRef50_A0A1W0WU58
UniRef50_UPI00307CA8E8	UniRef50_UPI00307CA8E8
UniRef50_A0A484L3R2	UniRef50_A0A484L3R2
UniRef50_A0A6M2E3Y4	UniRef50_A0A6M2E3Y4
UniRef50_A0ABW1NXW9	UniRef50_A0ABW1NXW9
UniRef50_UPI001131151C	UniRef50_UPI001131151C
UniRef50_A0A1E3P2I3	UniRef50_A0A1E3P2I3
UniRef50_A0A6J4J3U4	UniRef50_A0A6J4J3U4
UniRef50_A0A2U9QI44	UniRef50_A0A2U9QI44
UniRef50_A0A812MCF5	UniRef50_A0A812MCF5
UniRef50_A0ABU6NRF7	UniRef50_A0ABU6NRF7
UniRef50_A0A8J6E060	UniRef50_A0A8J6E060
UniRef50_UPI0015F25E57	UniRef50_UPI0015F25E57
UniRef50_UPI003743B3E4	UniRef50_UPI003743B3E4
UniRef50_A0A7S0RYI5	UniRef50_A0A7S0RYI5
UniRef50_A0A7S0A498	UniRef50_A0A7S0A498
UniRef50_UPI00068BD81E	UniRef50_UPI00068BD81E
UniRef50_UPI001FCA759B	UniRef50_UPI001FCA759B
UniRef50_A0A1Y1QHJ3	UniRef50_A0A1Y1QHJ3
UniRef50_A0A8X6Y801	UniRef50_A0A8X6Y801
UniRef50_A0A368F0D9	UniRef50_A0A368F0D9
UniRef50_A0ABU7B5Y9	UniRef50_A0ABU7B5Y9
UniRef50_E7GNB2	UniRef50_E7GNB2
UniRef50_A0A7Y8Y561	UniRef50_A0A7Y8Y561
UniRef50_UPI001605144F	UniRef50_UPI001605144F
UniRef50_A0A6G1CTX0	UniRef50_A0A6G1CTX0
UniRef50_A0A2M8KVK0	UniRef50_A0A2M8KVK0
UniRef50_A0AA86PBS1	UniRef50_A0AA86PBS1
UniRef50_A0A1E3SCC2	UniRef50_A0A1E3SCC2
UniRef50_A0AAD2G1L3	UniRef50_A0AAD2G1L3
UniRef50_UPI00242E2583	UniRef50_UPI00242E2583
UniRef50_UPI003851A9F6	UniRef50_UPI003851A9F6
UniRef50_O17024	UniRef50_O17024
UniRef50_A8PMT8	UniRef50_A8PMT8
UniRef50_A0A125YFE2	UniRef50_A0A125YFE2
UniRef50_C1DYA9	UniRef50_C1DYA9
UniRef50_A0A9D2LEF9	UniRef50_A0A9D2LEF9
UniRef50_A0A1C0AB56	UniRef50_A0A1C0AB56
UniRef50_UPI003C3FC057	UniRef50_UPI003C3FC057
UniRef50_A0ABR2P0I9	UniRef50_A0ABR2P0I9
UniRef50_A0AAV4AGU7	UniRef50_A0AAV4AGU7
UniRef50_A0AA88CLH6	UniRef50_A0AA88CLH6
UniRef50_A0ABR0S957	UniRef50_A0ABR0S957
UniRef50_A0AAD2AN00	UniRef50_A0AAD2AN00
UniRef50_A0A8C7PJ18	UniRef50_A0A8C7PJ18
UniRef50_A0A918KED9	UniRef50_A0A918KED9
UniRef50_A0A0D3IMD6	UniRef50_A0A0D3IMD6
UniRef50_T1DF74	UniRef50_T1DF74
UniRef50_A0AB34FU28	UniRef50_A0AB34FU28
UniRef50_A0A427YTA5	UniRef50_A0A427YTA5
UniRef50_UPI002078D92A	UniRef50_UPI002078D92A
UniRef50_UPI0031BBA290	UniRef50_UPI0031BBA290
UniRef50_UPI003744A53D	UniRef50_UPI003744A53D
UniRef50_A0A178M009	UniRef50_A0A178M009
UniRef50_A0A7J6FGM7	UniRef50_A0A7J6FGM7
UniRef50_A0A5E4VQI5	UniRef50_A0A5E4VQI5
UniRef50_A0A914W7T0	UniRef50_A0A914W7T0
UniRef50_A0A376W1V7	UniRef50_A0A376W1V7
UniRef50_UPI003AF457AC	UniRef50_UPI003AF457AC
UniRef50_A0A4Z2FBC2	UniRef50_A0A4Z2FBC2
UniRef50_G0S568	UniRef50_G0S568
UniRef50_UPI0012913E55	UniRef50_UPI0012913E55
UniRef50_UPI000F59ACDF	UniRef50_UPI000F59ACDF
UniRef50_A0A0L9U3I3	UniRef50_A0A0L9U3I3
UniRef50_UPI000E2EAF03	UniRef50_UPI000E2EAF03
UniRef50_UPI0037AD060C	UniRef50_UPI0037AD060C
UniRef50_A0A0D8B7I1	UniRef50_A0A0D8B7I1
UniRef50_A0ABM3S717	UniRef50_A0ABM3S717
UniRef50_A0A087SW10	UniRef50_A0A087SW10
UniRef50_UPI002D8036BA	UniRef50_UPI002D8036BA
UniRef50_A0ABD1DM07	UniRef50_A0ABD1DM07
UniRef50_UPI00046E86F3	UniRef50_UPI00046E86F3
UniRef50_A0A834PDA2	UniRef50_A0A834PDA2
UniRef50_A0A366WNQ3	UniRef50_A0A366WNQ3
UniRef50_UPI002E1DD519	UniRef50_UPI002E1DD519
UniRef50_A0A183GC21	UniRef50_A0A183GC21
UniRef50_UPI000CD824B0	UniRef50_UPI000CD824B0
UniRef50_UPI00200C9368	UniRef50_UPI00200C9368
UniRef50_U1NFK1	UniRef50_U1NFK1
UniRef50_A0ABU1VD75	UniRef50_A0ABU1VD75
UniRef50_UPI0018CF97EF	UniRef50_UPI0018CF97EF
UniRef50_A0A8H7TMM6	UniRef50_A0A8H7TMM6
UniRef50_UPI00106C9B0C	UniRef50_UPI00106C9B0C
UniRef50_A0A7S3RGH1	UniRef50_A0A7S3RGH1
UniRef50_A0AAE9DLD9	UniRef50_A0AAE9DLD9
UniRef50_I0A0P1	UniRef50_I0A0P1
UniRef50_A0AA39DGS1	UniRef50_A0AA39DGS1
UniRef50_UPI00223AE81D	UniRef50_UPI00223AE81D
UniRef50_O88745	UniRef50_O88745
UniRef50_A0A820W4G8	UniRef50_A0A820W4G8
UniRef50_UPI0015EE9942	UniRef50_UPI0015EE9942
UniRef50_A0A5C3MND8	UniRef50_A0A5C3MND8
UniRef50_U1F6P0	UniRef50_U1F6P0
UniRef50_A0A936N9M0	UniRef50_A0A936N9M0
UniRef50_UPI0033FBB167	UniRef50_UPI0033FBB167
UniRef50_Q8AAQ7	UniRef50_Q8AAQ7
UniRef50_A0A835WKY7	UniRef50_A0A835WKY7
UniRef50_A0A7S1BB70	UniRef50_A0A7S1BB70
UniRef50_T2GBQ5	UniRef50_T2GBQ5
UniRef50_A0A9P0YUF8	UniRef50_A0A9P0YUF8
UniRef50_A0A0B4GGX0	UniRef50_A0A0B4GGX0
UniRef50_A0A7S4FBP1	UniRef50_A0A7S4FBP1
UniRef50_A0A9W7AG18	UniRef50_A0A9W7AG18
UniRef50_UPI0032EEFE1B	UniRef50_UPI0032EEFE1B
UniRef50_A0ABC8V564	UniRef50_A0ABC8V564
UniRef50_A0A8S3TWF4	UniRef50_A0A8S3TWF4
UniRef50_UPI00125B86B9	UniRef50_UPI00125B86B9
UniRef50_A0AAU0MYI4	UniRef50_A0AAU0MYI4
UniRef50_A0AAE0IYT4	UniRef50_A0AAE0IYT4
UniRef50_UPI0025C0497A	UniRef50_UPI0025C0497A
UniRef50_A0ABS0L2J5	UniRef50_A0ABS0L2J5
UniRef50_A0A2P6RP15	UniRef50_A0A2P6RP15
UniRef50_A0A0S2I430	UniRef50_A0A0S2I430
UniRef50_UPI0039F598E8	UniRef50_UPI0039F598E8
UniRef50_Q11A58	UniRef50_Q11A58
UniRef50_A0ABQ9IHL3	UniRef50_A0ABQ9IHL3
UniRef50_A0ABM6KQE6	UniRef50_A0ABM6KQE6
UniRef50_A0A8J2S387	UniRef50_A0A8J2S387
UniRef50_UPI0039A16481	UniRef50_UPI0039A16481
UniRef50_A0A382W5D5	UniRef50_A0A382W5D5
UniRef50_B7PT01	UniRef50_B7PT01
UniRef50_A0ABX2GYX2	UniRef50_A0ABX2GYX2
UniRef50_UPI000B7010F3	UniRef50_UPI000B7010F3
UniRef50_A0AAX6SMM9	UniRef50_A0AAX6SMM9
UniRef50_N6V9G3	UniRef50_N6V9G3
UniRef50_A0A097GZT0	UniRef50_A0A097GZT0
UniRef50_UPI001CDBD7F3	UniRef50_UPI001CDBD7F3
UniRef50_A0A8J3Z6Q7	UniRef50_A0A8J3Z6Q7
UniRef50_A0A9D4LD30	UniRef50_A0A9D4LD30
UniRef50_A0A2Z7C2M0	UniRef50_A0A2Z7C2M0
UniRef50_A0AB39L716	UniRef50_A0AB39L716
UniRef50_E6W7C6	UniRef50_E6W7C6
UniRef50_A0A7J6U6Z4	UniRef50_A0A7J6U6Z4
UniRef50_A0A172XS87	UniRef50_A0A172XS87
UniRef50_A0A172XS87	UniRef50_A0A4R8VZF8
UniRef50_UPI0003B473CE	UniRef50_UPI0003B473CE
UniRef50_A0ABY5S765	UniRef50_A0ABY5S765
UniRef50_A0ABP6D9W0	UniRef50_A0ABP6D9W0
UniRef50_UPI002F94499B	UniRef50_UPI002F94499B
UniRef50_A0AAN6RU82	UniRef50_A0AAN6RU82
UniRef50_UPI002F94443C	UniRef50_UPI002F94443C
UniRef50_A0A2T4IL49	UniRef50_A0A2T4IL49
UniRef50_A0A367ZU79	UniRef50_A0A367ZU79
UniRef50_A0AAV7LKC2	UniRef50_A0AAV7LKC2
UniRef50_A0ABT8FLL5	UniRef50_A0ABT8FLL5
UniRef50_A0A833W2X8	UniRef50_A0A833W2X8
UniRef50_A0A402SWZ7	UniRef50_A0A402SWZ7
UniRef50_UPI00321999B6	UniRef50_UPI00321999B6
UniRef50_A0A9J5Z5V8	UniRef50_A0A9J5Z5V8
UniRef50_A0A484MM90	UniRef50_A0A484MM90
UniRef50_UPI0033911DED	UniRef50_UPI0033911DED
UniRef50_B0ENV9	UniRef50_B0ENV9
UniRef50_UPI00078C8A81	UniRef50_UPI00078C8A81
UniRef50_A0A7S4CCR8	UniRef50_A0A7S4CCR8
UniRef50_UPI0026DA78A2	UniRef50_UPI0026DA78A2
UniRef50_A0A1W0WT72	UniRef50_A0A1W0WT72
UniRef50_A0A380K7C1	UniRef50_A0A380K7C1
UniRef50_A0A8H7SNM3	UniRef50_A0A8H7SNM3
UniRef50_A0A9D4ZC52	UniRef50_A0A9D4ZC52
UniRef50_A0A7W7KET5	UniRef50_A0A7W7KET5
UniRef50_UPI0020C65FEB	UniRef50_UPI0020C65FEB
UniRef50_A0A7U8C7I3	UniRef50_A0A7U8C7I3
UniRef50_A0A376A8R6	UniRef50_A0A376A8R6
UniRef50_S4RJP3	UniRef50_S4RJP3
UniRef50_UPI00261D4190	UniRef50_UPI00261D4190
UniRef50_A4JVS1	UniRef50_A4JVS1
UniRef50_UPI003140A1E6	UniRef50_UPI003140A1E6
UniRef50_UPI00300C9086	UniRef50_UPI00300C9086
UniRef50_A0A2N1MDP4	UniRef50_A0A2N1MDP4
UniRef50_A0A8C6RIZ9	UniRef50_A0A8C6RIZ9
UniRef50_A0A2T4U4Z8	UniRef50_A0A2T4U4Z8
UniRef50_A0A6J4H1B1	UniRef50_A0A6J4H1B1
UniRef50_A0AAI8C9A9	UniRef50_A0AAI8C9A9
UniRef50_A0A3G8ZG75	UniRef50_A0A3G8ZG75
UniRef50_UPI001CDCA771	UniRef50_UPI001CDCA771
UniRef50_A0A7J6AIX9	UniRef50_A0A7J6AIX9
UniRef50_A0ABN7UAW4	UniRef50_A0ABN7UAW4
UniRef50_A0A8R7TUH1	UniRef50_A0A8R7TUH1
UniRef50_UPI000FE177CC	UniRef50_UPI000FE177CC
UniRef50_A0AAD1Y729	UniRef50_A0AAD1Y729
UniRef50_A0ABY9XT61	UniRef50_A0ABY9XT61
UniRef50_A0A1Z5KG35	UniRef50_A0A1Z5KG35
UniRef50_A0ABQ5IWM6	UniRef50_A0ABQ5IWM6
UniRef50_A0A2L2Z358	UniRef50_A0A2L2Z358
UniRef50_A0A7S2NS87	UniRef50_A0A7S2NS87
UniRef50_A0A2J6Q6W4	UniRef50_A0A2J6Q6W4
UniRef50_A0A2H3A196	UniRef50_A0A2H3A196
UniRef50_A0A8B6M8V2	UniRef50_A0A8B6M8V2
UniRef50_A0ABV2FKJ4	UniRef50_A0ABV2FKJ4
UniRef50_UPI0023A8E729	UniRef50_UPI0023A8E729
UniRef50_UPI003513E75F	UniRef50_UPI003513E75F
UniRef50_UPI00349F5C55	UniRef50_UPI00349F5C55
UniRef50_UPI00343EC9C3	UniRef50_UPI00343EC9C3
UniRef50_A0AAV4CGJ6	UniRef50_A0AAV4CGJ6
UniRef50_A0ABS6DKL1	UniRef50_A0ABS6DKL1
UniRef50_A0A1G9NKI6	UniRef50_A0A1G9NKI6
UniRef50_A0A951UDJ3	UniRef50_A0A951UDJ3
UniRef50_A0A0D9XV44	UniRef50_A0A0D9XV44
UniRef50_A0A226NHM0	UniRef50_A0A226NHM0
UniRef50_A0AAW2Z3W9	UniRef50_A0AAW2Z3W9
UniRef50_U6JTD7	UniRef50_U6JTD7
UniRef50_UPI0013E4CFA5	UniRef50_UPI0013E4CFA5
UniRef50_A0A1E7FLE9	UniRef50_A0A1E7FLE9
UniRef50_A0A7S1WVL0	UniRef50_A0A7S1WVL0
UniRef50_A0A8T0G232	UniRef50_A0A8T0G232
UniRef50_Q2SAR0	UniRef50_Q2SAR0
UniRef50_A0A6J8AGS9	UniRef50_A0A6J8AGS9
UniRef50_A0A4Q1BHR3	UniRef50_A0A4Q1BHR3
UniRef50_A2DKV3	UniRef50_A2DKV3
UniRef50_A0ABN9BAE6	UniRef50_A0ABN9BAE6
UniRef50_UPI00391950B5	UniRef50_UPI00391950B5
UniRef50_A0A9D3S5F6	UniRef50_A0A9D3S5F6
UniRef50_E6WWP2	UniRef50_E6WWP2
UniRef50_UPI001363A5B7	UniRef50_UPI001363A5B7
UniRef50_A0AAV2HNA7	UniRef50_A0AAV2HNA7
UniRef50_A0A7J7G1C3	UniRef50_A0A7J7G1C3
UniRef50_A0ABP9P7R7	UniRef50_A0ABP9P7R7
UniRef50_A0ABU7ANB7	UniRef50_A0ABU7ANB7
UniRef50_A0A914CPU7	UniRef50_A0A914CPU7
UniRef50_A0ABU3ICK9	UniRef50_A0ABU3ICK9
UniRef50_UPI00389A937E	UniRef50_UPI00389A937E
UniRef50_A0A0A9Z7F1	UniRef50_A0A0A9Z7F1
UniRef50_A0A1H8RV99	UniRef50_A0A1H8RV99
UniRef50_A0A5R9DR66	UniRef50_A0A5R9DR66
UniRef50_A0A182QQL6	UniRef50_A0A182QQL6
UniRef50_A0A6A5WDL9	UniRef50_A0A6A5WDL9
UniRef50_A0A329M0G3	UniRef50_A0A329M0G3
UniRef50_UPI0036579AAD	UniRef50_UPI0036579AAD
UniRef50_UPI00262125AF	UniRef50_UPI00262125AF
UniRef50_A0ABV0R5J3	UniRef50_A0ABV0R5J3
UniRef50_UPI0022869D9F	UniRef50_UPI0022869D9F
UniRef50_A0A4Y9ZRI5	UniRef50_A0A4Y9ZRI5
UniRef50_A0A127FEW4	UniRef50_A0A127FEW4
UniRef50_A0A165TZ69	UniRef50_A0A165TZ69
UniRef50_A0A4R0P1K7	UniRef50_A0A4R0P1K7
UniRef50_A0A5E4BU36	UniRef50_A0A5E4BU36
UniRef50_A0A5A5T6H1	UniRef50_A0A5A5T6H1
UniRef50_A0A7S1CG63	UniRef50_A0A7S1CG63
UniRef50_UPI001102053A	UniRef50_UPI001102053A
UniRef50_A0A9Q0DWV7	UniRef50_A0A9Q0DWV7
UniRef50_UPI0026651509	UniRef50_UPI0026651509
UniRef50_A0A8C2W6C7	UniRef50_A0A8C2W6C7
UniRef50_UPI0021C47368	UniRef50_UPI0021C47368
UniRef50_A0A4R6PLN4	UniRef50_A0A4R6PLN4
UniRef50_A0A0M9WGG0	UniRef50_A0A0M9WGG0
UniRef50_A0ABP0Z0X4	UniRef50_A0ABP0Z0X4
UniRef50_X6LZI8	UniRef50_X6LZI8
UniRef50_A0A931MHA8	UniRef50_A0A931MHA8
UniRef50_A0A815T787	UniRef50_A0A815T787
UniRef50_UPI0036B57063	UniRef50_UPI0036B57063
UniRef50_A0A495SNC5	UniRef50_A0A495SNC5
UniRef50_UPI001F4EF621	UniRef50_UPI001F4EF621
UniRef50_A0A4R6TQK3	UniRef50_A0A4R6TQK3
UniRef50_G5BBJ8	UniRef50_G5BBJ8
UniRef50_A0AAD9MY05	UniRef50_A0AAD9MY05
UniRef50_A0A3L6E1S2	UniRef50_A0A3L6E1S2
UniRef50_UPI003CEAD8FE	UniRef50_UPI003CEAD8FE
UniRef50_UPI003A9A5628	UniRef50_UPI003A9A5628
UniRef50_A0A1H8GW06	UniRef50_A0A1H8GW06
UniRef50_A0A8I0DT45	UniRef50_A0A8I0DT45
UniRef50_A0AA48XT45	UniRef50_A0AA48XT45
UniRef50_A0A2B7XNH7	UniRef50_A0A2B7XNH7
UniRef50_A0A5B7J9W6	UniRef50_A0A5B7J9W6
UniRef50_UPI00110BFFCE	UniRef50_UPI00110BFFCE
UniRef50_A0A6A6D6Y1	UniRef50_A0A6A6D6Y1
UniRef50_A6I454	UniRef50_A6I454
UniRef50_W5S4Y5	UniRef50_W5S4Y5
UniRef50_Q24P31	UniRef50_Q24P31
UniRef50_UPI002ED0EF1C	UniRef50_UPI002ED0EF1C
UniRef50_A0ABS8I8Y2	UniRef50_A0ABS8I8Y2
UniRef50_A0A0K1PHW5	UniRef50_A0A0K1PHW5
UniRef50_Q2HXK4	UniRef50_Q2HXK4
UniRef50_A0A382LIJ2	UniRef50_A0A382LIJ2
UniRef50_A0A923I335	UniRef50_A0A923I335
UniRef50_A0AA45WY08	UniRef50_A0AA45WY08
UniRef50_A0ABW2RWK7	UniRef50_A0ABW2RWK7
UniRef50_UPI0020763418	UniRef50_UPI0020763418
UniRef50_UPI00295892F6	UniRef50_UPI00295892F6
UniRef50_UPI001F06EF93	UniRef50_UPI001F06EF93
UniRef50_A0A6C0CE75	UniRef50_A0A6C0CE75
UniRef50_UPI0022318861	UniRef50_UPI0022318861
UniRef50_A0AAE9E6Y2	UniRef50_A0AAE9E6Y2
UniRef50_A0A183PKN5	UniRef50_A0A183PKN5
UniRef50_UPI0019689396	UniRef50_UPI0019689396
UniRef50_UPI003B7B6D97	UniRef50_UPI003B7B6D97
UniRef50_A0AA37W6K3	UniRef50_A0AA37W6K3
UniRef50_A0A2P5ERZ2	UniRef50_A0A2P5ERZ2
UniRef50_A0A1J0VTG6	UniRef50_A0A1J0VTG6
UniRef50_UPI003EBF72BA	UniRef50_UPI003EBF72BA
UniRef50_A0A157RMI7	UniRef50_A0A157RMI7
UniRef50_A0AAD8JGN6	UniRef50_A0AAD8JGN6
UniRef50_UPI00280B178B	UniRef50_UPI00280B178B
UniRef50_E4RTR3	UniRef50_E4RTR3
UniRef50_A0ABY7E1D8	UniRef50_A0ABY7E1D8
UniRef50_A0A0J7YNC4	UniRef50_A0A0J7YNC4
UniRef50_A0A7S4ENN4	UniRef50_A0A7S4ENN4
UniRef50_A0A2N3KUN1	UniRef50_A0A2N3KUN1
UniRef50_UPI001B8BA776	UniRef50_UPI001B8BA776
UniRef50_D7FR29	UniRef50_D7FR29
UniRef50_A0A0H5R3U0	UniRef50_A0A0H5R3U0
UniRef50_A0A075FUI1	UniRef50_A0A075FUI1
UniRef50_A0A7S1VR64	UniRef50_A0A7S1VR64
UniRef50_UPI000644D13A	UniRef50_UPI000644D13A
UniRef50_A0A921G1J6	UniRef50_A0A921G1J6
UniRef50_C0QJS7	UniRef50_C0QJS7
UniRef50_A0A8H6YDD4	UniRef50_A0A8H6YDD4
UniRef50_A0A164DFC1	UniRef50_A0A164DFC1
UniRef50_A0A022RQ06	UniRef50_A0A022RQ06
UniRef50_UPI0039C9B90F	UniRef50_UPI0039C9B90F
UniRef50_A0AAN8R670	UniRef50_A0AAN8R670
UniRef50_UPI000DCF75C0	UniRef50_UPI000DCF75C0
UniRef50_A0A926E4V7	UniRef50_A0A926E4V7
UniRef50_A0A146K0R9	UniRef50_A0A146K0R9
UniRef50_A0AAV0BAQ8	UniRef50_A0AAV0BAQ8
UniRef50_UPI00049356CC	UniRef50_UPI00049356CC
UniRef50_A0A9D4YS53	UniRef50_A0A9D4YS53
UniRef50_UPI002220FFBD	UniRef50_UPI002220FFBD
UniRef50_A0A7R8ZU85	UniRef50_A0A7R8ZU85
UniRef50_UPI00177DDA4A	UniRef50_UPI00177DDA4A
UniRef50_G7WDI5	UniRef50_G7WDI5
UniRef50_A0A1F5FTJ5	UniRef50_A0A1F5FTJ5
UniRef50_A0ABR7EGA7	UniRef50_A0ABR7EGA7
UniRef50_A0A2T3AF05	UniRef50_A0A2T3AF05
UniRef50_UPI0026EBA3E8	UniRef50_UPI0026EBA3E8
UniRef50_A0A5B8IBK6	UniRef50_A0A5B8IBK6
UniRef50_A0A1C7LPY7	UniRef50_A0A1C7LPY7
UniRef50_A0A0H2RAK7	UniRef50_A0A0H2RAK7
UniRef50_A0A5C8I017	UniRef50_A0A5C8I017
UniRef50_A0A167E9K5	UniRef50_A0A167E9K5
UniRef50_A0AAE9GHD7	UniRef50_A0AAE9GHD7
UniRef50_A0A6A6U5C9	UniRef50_A0A6A6U5C9
UniRef50_A0ABS6SF84	UniRef50_A0ABS6SF84
UniRef50_Q92JH8	UniRef50_Q92JH8
UniRef50_A0A553JSF9	UniRef50_A0A553JSF9
UniRef50_UPI0012588110	UniRef50_UPI0012588110
UniRef50_A0ABD2PTM6	UniRef50_A0ABD2PTM6
UniRef50_I7KCB5	UniRef50_I7KCB5
UniRef50_A0A087Y2N6	UniRef50_A0A087Y2N6
UniRef50_A0A1L9SU09	UniRef50_A0A1L9SU09
UniRef50_A0A7S1GRG7	UniRef50_A0A7S1GRG7
UniRef50_J3P8Y4	UniRef50_J3P8Y4
UniRef50_A0A2T0BMI3	UniRef50_A0A2T0BMI3
UniRef50_A0ABS2PBG8	UniRef50_A0ABS2PBG8
UniRef50_UPI00391C9547	UniRef50_UPI00391C9547
UniRef50_UPI0031D70A1F	UniRef50_UPI0031D70A1F
UniRef50_A0A078BE47	UniRef50_A0A078BE47
UniRef50_A0ABS7V054	UniRef50_A0ABS7V054
UniRef50_A0A7T8HHF9	UniRef50_A0A7T8HHF9
UniRef50_A0A934S0X2	UniRef50_A0A934S0X2
UniRef50_UPI0023307584	UniRef50_UPI0023307584
UniRef50_A0A3B1A9C3	UniRef50_A0A3B1A9C3
UniRef50_A0A182SJ62	UniRef50_A0A182SJ62
UniRef50_A0A061D2G5	UniRef50_A0A061D2G5
UniRef50_A0AAX6MI98	UniRef50_A0AAX6MI98
UniRef50_A0A2P5B6B2	UniRef50_A0A2P5B6B2
UniRef50_UPI00214E578A	UniRef50_UPI00214E578A
UniRef50_A0A2P2IVU8	UniRef50_A0A2P2IVU8
UniRef50_A0A1G9LYT3	UniRef50_A0A1G9LYT3
UniRef50_UPI001BFDE508	UniRef50_UPI001BFDE508
UniRef50_UPI002FBD43FF	UniRef50_UPI002FBD43FF
UniRef50_UPI00326634C8	UniRef50_UPI00326634C8
UniRef50_A0A0K2GAC7	UniRef50_A0A0K2GAC7
UniRef50_UPI0013E12693	UniRef50_UPI0013E12693
UniRef50_UPI0020415EAB	UniRef50_UPI0020415EAB
UniRef50_G2KUU6	UniRef50_G2KUU6
UniRef50_J0WTD5	UniRef50_J0WTD5
UniRef50_A0A7S1R252	UniRef50_A0A7S1R252
UniRef50_A0A0P1ARI2	UniRef50_A0A0P1ARI2
UniRef50_A0A7S0R5I5	UniRef50_A0A7S0R5I5
UniRef50_A0A0J1FSI8	UniRef50_A0A0J1FSI8
UniRef50_A0A0C3NNH7	UniRef50_A0A0C3NNH7
UniRef50_UPI002B8C67F8	UniRef50_UPI002B8C67F8
UniRef50_UPI00101D7D2E	UniRef50_UPI00101D7D2E
UniRef50_G0PES1	UniRef50_G0PES1
UniRef50_UPI00261AE026	UniRef50_UPI00261AE026
UniRef50_UPI003390EA4E	UniRef50_UPI003390EA4E
UniRef50_A0ABU6YGL0	UniRef50_A0ABU6YGL0
UniRef50_A0A8X6T485	UniRef50_A0A8X6T485
UniRef50_A0A0D8HJR3	UniRef50_A0A0D8HJR3
UniRef50_A0A7I4AEZ0	UniRef50_A0A7I4AEZ0
UniRef50_A0A4R6SG91	UniRef50_A0A4R6SG91
UniRef50_A0A365XWB9	UniRef50_A0A365XWB9
UniRef50_A0A067RIV3	UniRef50_A0A067RIV3
UniRef50_A0AAD5K824	UniRef50_A0AAD5K824
UniRef50_A0ABY2SG73	UniRef50_A0ABY2SG73
UniRef50_X1JA28	UniRef50_X1JA28
UniRef50_A0A810PVL6	UniRef50_A0A810PVL6
UniRef50_A0A699WJT4	UniRef50_A0A699WJT4
UniRef50_A0A5C4U781	UniRef50_A0A5C4U781
UniRef50_A0A6J4Q8F8	UniRef50_A0A6J4Q8F8
UniRef50_UPI003B5C28D1	UniRef50_UPI003B5C28D1
UniRef50_UPI001FC81AB8	UniRef50_UPI001FC81AB8
UniRef50_A0A655UHV5	UniRef50_A0A655UHV5
UniRef50_A0A7K9DZ11	UniRef50_A0A7K9DZ11
UniRef50_A0AA39SWH5	UniRef50_A0AA39SWH5
UniRef50_A0A1Y5PW41	UniRef50_A0A1Y5PW41
UniRef50_UPI00311E4EF5	UniRef50_UPI00311E4EF5
UniRef50_A0A2A5WXQ6	UniRef50_A0A2A5WXQ6
UniRef50_UPI0011B1ED5D	UniRef50_UPI0011B1ED5D
UniRef50_A0A178WJH4	UniRef50_A0A178WJH4
UniRef50_A0ABZ1UBQ0	UniRef50_A0ABZ1UBQ0
UniRef50_A0A376W5C2	UniRef50_A0A376W5C2
UniRef50_A0A5J5AAY0	UniRef50_A0A5J5AAY0
UniRef50_UPI002575A486	UniRef50_UPI002575A486
UniRef50_F8MRL2	UniRef50_F8MRL2
UniRef50_Q1PY34	UniRef50_Q1PY34
UniRef50_A0A7Y0SE99	UniRef50_A0A7Y0SE99
UniRef50_UPI002789A219	UniRef50_UPI002789A219
UniRef50_A0ABV8MW87	UniRef50_A0ABV8MW87
UniRef50_A0A7X0RTI5	UniRef50_A0A7X0RTI5
UniRef50_UPI00312B4DE7	UniRef50_UPI00312B4DE7
UniRef50_A0A059EX55	UniRef50_A0A059EX55
UniRef50_UPI00068A431F	UniRef50_UPI00068A431F
UniRef50_UPI00131B5EC1	UniRef50_UPI00131B5EC1
UniRef50_A0ABR1JZF5	UniRef50_A0ABR1JZF5
UniRef50_A0A9D4FV79	UniRef50_A0A9D4FV79
UniRef50_A0A814ENG3	UniRef50_A0A814ENG3
UniRef50_A0A7G9T5V2	UniRef50_A0A7G9T5V2
UniRef50_A0ABU9HVA9	UniRef50_A0ABU9HVA9
UniRef50_A0A7S4DG03	UniRef50_A0A7S4DG03
UniRef50_A0A078L5U6	UniRef50_A0A078L5U6
UniRef50_A0ABU2NMM3	UniRef50_A0ABU2NMM3
UniRef50_G3WE35	UniRef50_G3WE35
UniRef50_UPI003AB5A783	UniRef50_UPI003AB5A783
UniRef50_UPI000EA85F8E	UniRef50_UPI000EA85F8E
UniRef50_A0A8T0HRJ2	UniRef50_A0A8T0HRJ2
UniRef50_UPI0012492F91	UniRef50_UPI0012492F91
UniRef50_UPI0003D033C3	UniRef50_UPI0003D033C3
UniRef50_A0A8X8YDL9	UniRef50_A0A8X8YDL9
UniRef50_UPI0012688B5D	UniRef50_UPI0012688B5D
UniRef50_A0A229FS53	UniRef50_A0A229FS53
UniRef50_UPI0035E3F2D6	UniRef50_UPI0035E3F2D6
UniRef50_F9X5E9	UniRef50_F9X5E9
UniRef50_UPI002620BA9A	UniRef50_UPI002620BA9A
UniRef50_I8YZU6	UniRef50_I8YZU6
UniRef50_A0A224YB99	UniRef50_A0A224YB99
UniRef50_UPI0004805185	UniRef50_UPI0004805185
UniRef50_UPI001012BB38	UniRef50_UPI001012BB38
UniRef50_R7TSS5	UniRef50_R7TSS5
UniRef50_A0A317YVQ9	UniRef50_A0A317YVQ9
UniRef50_A0A9W9ZHQ9	UniRef50_A0A9W9ZHQ9
UniRef50_A0A2D4GKZ9	UniRef50_A0A2D4GKZ9
UniRef50_A0A811UZ88	UniRef50_A0A811UZ88
UniRef50_A0A0D2HD21	UniRef50_A0A0D2HD21
UniRef50_A0A232EM71	UniRef50_A0A232EM71
UniRef50_UPI0036AED1E9	UniRef50_UPI0036AED1E9
UniRef50_UPI001A9B1DF2	UniRef50_UPI001A9B1DF2
UniRef50_UPI00114CD732	UniRef50_UPI00114CD732
UniRef50_UPI002159B366	UniRef50_UPI002159B366
UniRef50_A0A8S1E912	UniRef50_A0A8S1E912
UniRef50_UPI0035B5EF58	UniRef50_UPI0035B5EF58
UniRef50_A0ABU6UEB5	UniRef50_A0ABU6UEB5
UniRef50_R7Q8S3	UniRef50_R7Q8S3
UniRef50_A0A380P3D4	UniRef50_A0A380P3D4
UniRef50_A0A368KMS8	UniRef50_A0A368KMS8
UniRef50_A0AAN9KUJ0	UniRef50_A0AAN9KUJ0
UniRef50_UPI0037961D3D	UniRef50_UPI0037961D3D
UniRef50_A0A2P6VAL6	UniRef50_A0A2P6VAL6
UniRef50_UPI0032ABBC62	UniRef50_UPI0032ABBC62
UniRef50_A0ABR1Q3T1	UniRef50_A0ABR1Q3T1
UniRef50_A0A068V5N9	UniRef50_A0A068V5N9
UniRef50_A0A830HD13	UniRef50_A0A830HD13
UniRef50_UPI0039E3A090	UniRef50_UPI0039E3A090
UniRef50_A0A9N8QSZ6	UniRef50_A0A9N8QSZ6
UniRef50_A0ABV6PBR7	UniRef50_A0ABV6PBR7
UniRef50_UPI0036D8B04C	UniRef50_UPI0036D8B04C
UniRef50_UPI003D3243FE	UniRef50_UPI003D3243FE
UniRef50_A0A1X6NM66	UniRef50_A0A1X6NM66
UniRef50_A0AAV7KY53	UniRef50_A0AAV7KY53
UniRef50_A0A0F8X5U3	UniRef50_A0A0F8X5U3
UniRef50_W9S4U2	UniRef50_W9S4U2
UniRef50_A0AAV6IF79	UniRef50_A0AAV6IF79
UniRef50_UPI0012F91D7E	UniRef50_UPI0012F91D7E
UniRef50_A0A1V3WDG0	UniRef50_A0A1V3WDG0
UniRef50_W9R9Y7	UniRef50_W9R9Y7
UniRef50_A0A1X6MLF0	UniRef50_A0A1X6MLF0
UniRef50_UPI001CB26876	UniRef50_UPI001CB26876
UniRef50_A0A9N9GB22	UniRef50_A0A9N9GB22
UniRef50_A0A3M0T2R0	UniRef50_A0A3M0T2R0
UniRef50_A0A1W2G7D5	UniRef50_A0A1W2G7D5
UniRef50_A0A2Z5V3J1	UniRef50_A0A2Z5V3J1
UniRef50_UPI0012694AEB	UniRef50_UPI0012694AEB
UniRef50_UPI0025B53CFE	UniRef50_UPI0025B53CFE
UniRef50_UPI0036DFC71E	UniRef50_UPI0036DFC71E
UniRef50_UPI0004914B93	UniRef50_UPI0004914B93
UniRef50_UPI00343D2EC2	UniRef50_UPI00343D2EC2
UniRef50_A0A0D2G502	UniRef50_A0A0D2G502
UniRef50_UPI003CF70A11	UniRef50_UPI003CF70A11
UniRef50_A0AA36J0Y7	UniRef50_A0AA36J0Y7
UniRef50_A0ABV6RFD0	UniRef50_A0ABV6RFD0
UniRef50_A0A1S6J4J2	UniRef50_A0A1S6J4J2
UniRef50_A0A1I4SGR8	UniRef50_A0A1I4SGR8
UniRef50_UPI00261BC720	UniRef50_UPI00261BC720
UniRef50_A0A2T7NLV0	UniRef50_A0A2T7NLV0
UniRef50_A0A6L5XGG4	UniRef50_A0A6L5XGG4
UniRef50_A0A9P0NWZ3	UniRef50_A0A9P0NWZ3
UniRef50_UPI003697B97A	UniRef50_UPI003697B97A
UniRef50_A0ABM1RSH5	UniRef50_A0ABM1RSH5
UniRef50_UPI0030CF66CD	UniRef50_UPI0030CF66CD
UniRef50_UPI0012E73F31	UniRef50_UPI0012E73F31
UniRef50_UPI00092810E2	UniRef50_UPI00092810E2
UniRef50_UPI0013B43372	UniRef50_UPI0013B43372
UniRef50_A0A8K0HSP2	UniRef50_A0A8K0HSP2
UniRef50_A0A1Q9CN44	UniRef50_A0A1Q9CN44
UniRef50_UPI001185EA2B	UniRef50_UPI001185EA2B
UniRef50_UPI00070367DA	UniRef50_UPI00070367DA
UniRef50_A0A7S2MJP6	UniRef50_A0A7S2MJP6
UniRef50_A0A8E0I4H9	UniRef50_A0A8E0I4H9
UniRef50_UPI003CEC73A9	UniRef50_UPI003CEC73A9
UniRef50_G3AML7	UniRef50_G3AML7
UniRef50_A0A518H5K1	UniRef50_A0A518H5K1
UniRef50_A0A8J4C9Q4	UniRef50_A0A8J4C9Q4
UniRef50_UPI003CE675D0	UniRef50_UPI003CE675D0
UniRef50_A0A8I6RMC2	UniRef50_A0A8I6RMC2
UniRef50_A0AAV2AYD4	UniRef50_A0AAV2AYD4
UniRef50_A0ABZ2CB19	UniRef50_A0ABZ2CB19
UniRef50_A0ABT8DAC7	UniRef50_A0ABT8DAC7
UniRef50_A0ABR1FQM9	UniRef50_A0ABR1FQM9
UniRef50_UPI003CC95DF6	UniRef50_UPI003CC95DF6
UniRef50_A0AAW1NYD4	UniRef50_A0AAW1NYD4
UniRef50_UPI0010C964F2	UniRef50_UPI0010C964F2
UniRef50_A2FMS3	UniRef50_A2FMS3
UniRef50_A0A645EQC0	UniRef50_A0A645EQC0
UniRef50_A0A225DTT3	UniRef50_A0A225DTT3
UniRef50_W1NK76	UniRef50_W1NK76
UniRef50_A0A7W6JX07	UniRef50_A0A7W6JX07
UniRef50_UPI002F95ED43	UniRef50_UPI002F95ED43
UniRef50_A0A6J2Y855	UniRef50_A0A6J2Y855
UniRef50_A0A2K4MU07	UniRef50_A0A2K4MU07
UniRef50_A0A7C8ZFX4	UniRef50_A0A7C8ZFX4
UniRef50_UPI002F9270E1	UniRef50_UPI002F9270E1
UniRef50_UPI003459C5DB	UniRef50_UPI003459C5DB
UniRef50_A0A7H1QBK2	UniRef50_A0A7H1QBK2
UniRef50_UPI002E255A56	UniRef50_UPI002E255A56
UniRef50_UPI00202E347D	UniRef50_UPI00202E347D
UniRef50_A0AAV9R4P4	UniRef50_A0AAV9R4P4
UniRef50_A0A3D8K1M9	UniRef50_A0A3D8K1M9
UniRef50_UPI00212387FE	UniRef50_UPI00212387FE
UniRef50_A0A645HYZ5	UniRef50_A0A645HYZ5
UniRef50_UPI001036E6CE	UniRef50_UPI001036E6CE
UniRef50_UPI0037FBC005	UniRef50_UPI0037FBC005
UniRef50_A0A3B6G384	UniRef50_A0A3B6G384
UniRef50_UPI0038D179F9	UniRef50_UPI0038D179F9
UniRef50_A0A5C7W190	UniRef50_A0A5C7W190
UniRef50_A0A0D8YB26	UniRef50_A0A0D8YB26
UniRef50_A0A2G5B114	UniRef50_A0A2G5B114
UniRef50_UPI0025516A52	UniRef50_UPI0025516A52
UniRef50_X1PP56	UniRef50_X1PP56
UniRef50_A0AAV7E7I5	UniRef50_A0AAV7E7I5
UniRef50_A0A368BZH7	UniRef50_A0A368BZH7
UniRef50_A0ABT6YWT2	UniRef50_A0ABT6YWT2
UniRef50_A0A165KGX3	UniRef50_A0A165KGX3
UniRef50_A0AAW1PQY8	UniRef50_A0AAW1PQY8
UniRef50_UPI00386CB48C	UniRef50_UPI00386CB48C
UniRef50_A0A0D3G7Z5	UniRef50_A0A0D3G7Z5
UniRef50_UPI003D66A678	UniRef50_UPI003D66A678
UniRef50_A0AAW0MTY5	UniRef50_A0AAW0MTY5
UniRef50_A0AAE0R456	UniRef50_A0AAE0R456
UniRef50_UPI0015912001	UniRef50_UPI0015912001
UniRef50_UPI0004170F77	UniRef50_UPI0004170F77
UniRef50_A0A1G2PH01	UniRef50_A0A1G2PH01
UniRef50_A0AAW1A6U2	UniRef50_A0AAW1A6U2
UniRef50_A0A6G0WGM3	UniRef50_A0A6G0WGM3
UniRef50_F6DM34	UniRef50_F6DM34
UniRef50_UPI00310983F7	UniRef50_UPI00310983F7
UniRef50_A0A286RHG5	UniRef50_A0A286RHG5
UniRef50_A0ABX8CFG6	UniRef50_A0ABX8CFG6
UniRef50_A0A971M303	UniRef50_A0A971M303
UniRef50_N8WF81	UniRef50_N8WF81
UniRef50_A0A0J6F997	UniRef50_A0A0J6F997
UniRef50_A0A5E4PJ82	UniRef50_A0A5E4PJ82
UniRef50_A0ABQ5K925	UniRef50_A0ABQ5K925
UniRef50_A0A2S5DCR4	UniRef50_A0A2S5DCR4
UniRef50_UPI000F5EBCDA	UniRef50_UPI000F5EBCDA
UniRef50_A0A7M5WS49	UniRef50_A0A7M5WS49
UniRef50_A0A426YUB8	UniRef50_A0A426YUB8
UniRef50_A0A1G6VTB0	UniRef50_A0A1G6VTB0
UniRef50_UPI0019656C18	UniRef50_UPI0019656C18
UniRef50_A0AAW1JLW9	UniRef50_A0AAW1JLW9
UniRef50_A0AAV7NK87	UniRef50_A0AAV7NK87
UniRef50_A0A7S1RCQ7	UniRef50_A0A7S1RCQ7
UniRef50_A0A0B2VUS7	UniRef50_A0A0B2VUS7
UniRef50_UPI0006BB5FA0	UniRef50_UPI0006BB5FA0
UniRef50_A0A1I3SB23	UniRef50_A0A1I3SB23
UniRef50_Q72GJ8	UniRef50_Q72GJ8
UniRef50_A0A8W8NTA0	UniRef50_A0A8W8NTA0
UniRef50_UPI001F3648EC	UniRef50_UPI001F3648EC
UniRef50_A0A6P6V0V0	UniRef50_A0A6P6V0V0
UniRef50_A0A165E2X2	UniRef50_A0A165E2X2
UniRef50_A0ABY7CAB7	UniRef50_A0ABY7CAB7
UniRef50_A0A848CW97	UniRef50_A0A848CW97
UniRef50_UPI0021D013CD	UniRef50_UPI0021D013CD
UniRef50_A0A812P7N9	UniRef50_A0A812P7N9
UniRef50_A0A845A9V2	UniRef50_A0A845A9V2
UniRef50_UPI00308505B1	UniRef50_UPI00308505B1
UniRef50_I0L8E1	UniRef50_I0L8E1
UniRef50_A0A4Y2PP70	UniRef50_A0A4Y2PP70
UniRef50_A0ABY8JXG3	UniRef50_A0ABY8JXG3
UniRef50_A0A7S2BTL0	UniRef50_A0A7S2BTL0
UniRef50_A0A127AXQ6	UniRef50_A0A127AXQ6
UniRef50_A0A1M6LI00	UniRef50_A0A1M6LI00
UniRef50_UPI001F573B1F	UniRef50_UPI001F573B1F
UniRef50_A0AAJ8B1Y3	UniRef50_A0AAJ8B1Y3
UniRef50_A0AAW0XP27	UniRef50_A0AAW0XP27
UniRef50_A0ABU3GUK1	UniRef50_A0ABU3GUK1
UniRef50_A0A518DDB7	UniRef50_A0A518DDB7
UniRef50_A0A7J7L064	UniRef50_A0A7J7L064
UniRef50_A0A8H3BS52	UniRef50_A0A8H3BS52
UniRef50_UPI0004045288	UniRef50_UPI0004045288
UniRef50_UPI00177BB716	UniRef50_UPI00177BB716
UniRef50_UPI003DA78A8D	UniRef50_UPI003DA78A8D
UniRef50_UPI001E4E2776	UniRef50_UPI001E4E2776
UniRef50_A0A3B3U089	UniRef50_A0A3B3U089
UniRef50_UPI000B29034A	UniRef50_UPI000B29034A
UniRef50_UPI001CE02A02	UniRef50_UPI001CE02A02
UniRef50_A0ABD0KCR3	UniRef50_A0ABD0KCR3
UniRef50_A6DMK2	UniRef50_A6DMK2
UniRef50_A0A183U560	UniRef50_A0A183U560
UniRef50_A0ABQ5KMY5	UniRef50_A0ABQ5KMY5
UniRef50_UPI0033D70D2E	UniRef50_UPI0033D70D2E
UniRef50_A0A8J2XJV5	UniRef50_A0A8J2XJV5
UniRef50_A0A5D3DE58	UniRef50_A0A5D3DE58
UniRef50_UPI002548119E	UniRef50_UPI002548119E
UniRef50_A0A3Q7I7Q7	UniRef50_A0A3Q7I7Q7
UniRef50_A0A3P1CIW2	UniRef50_A0A3P1CIW2
UniRef50_UPI00272B4AA4	UniRef50_UPI00272B4AA4
UniRef50_A0AAV2A647	UniRef50_A0AAV2A647
UniRef50_UPI003D130476	UniRef50_UPI003D130476
UniRef50_A0A839Y2F5	UniRef50_A0A839Y2F5
UniRef50_A0ABP0C6F1	UniRef50_A0ABP0C6F1
UniRef50_A0ABV6WR62	UniRef50_A0ABV6WR62
UniRef50_UPI00349FFFE6	UniRef50_UPI00349FFFE6
UniRef50_UPI0030C56744	UniRef50_UPI0030C56744
UniRef50_UPI000777A66F	UniRef50_UPI000777A66F
UniRef50_A0ABX4C4B9	UniRef50_A0ABX4C4B9
UniRef50_A0AAE3YGZ2	UniRef50_A0AAE3YGZ2
UniRef50_L2GMW7	UniRef50_L2GMW7
UniRef50_A0A914AN51	UniRef50_A0A914AN51
UniRef50_UPI003A8937BE	UniRef50_UPI003A8937BE
UniRef50_A0A8S8X625	UniRef50_A0A8S8X625
UniRef50_UPI003755329D	UniRef50_UPI003755329D
UniRef50_UPI003B5159D3	UniRef50_UPI003B5159D3
UniRef50_A0A7S2NI62	UniRef50_A0A7S2NI62
UniRef50_A0A813K1W6	UniRef50_A0A813K1W6
UniRef50_A0A397VSU6	UniRef50_A0A397VSU6
UniRef50_A0A1U9LCG5	UniRef50_A0A1U9LCG5
UniRef50_A0AAW2VK42	UniRef50_A0AAW2VK42
UniRef50_A0A0D8J7H9	UniRef50_A0A0D8J7H9
UniRef50_UPI0036746B1E	UniRef50_UPI0036746B1E
UniRef50_A0ABN0V8I4	UniRef50_A0ABN0V8I4
UniRef50_UPI0023571DF7	UniRef50_UPI0023571DF7
UniRef50_UPI002647B0DD	UniRef50_UPI002647B0DD
UniRef50_UPI00197BFB0D	UniRef50_UPI00197BFB0D
UniRef50_A0A7S0Q560	UniRef50_A0A7S0Q560
UniRef50_UPI00294312E4	UniRef50_UPI00294312E4
UniRef50_A0AA97PIM3	UniRef50_A0AA97PIM3
UniRef50_A0AA40EZN0	UniRef50_A0AA40EZN0
UniRef50_A0A915EFE1	UniRef50_A0A915EFE1
UniRef50_A0A0C2FV05	UniRef50_A0A0C2FV05
UniRef50_V4R9H5	UniRef50_V4R9H5
UniRef50_A0A7S0X2W7	UniRef50_A0A7S0X2W7
UniRef50_A0A173VU75	UniRef50_A0A173VU75
UniRef50_A0A212J7R9	UniRef50_A0A212J7R9
UniRef50_A0A5B6WGI3	UniRef50_A0A5B6WGI3
UniRef50_UPI00344B39FA	UniRef50_UPI00344B39FA
UniRef50_A0A433SKD7	UniRef50_A0A433SKD7
UniRef50_UPI0039B54B50	UniRef50_UPI0039B54B50
UniRef50_A0A4V3UY10	UniRef50_A0A4V3UY10
UniRef50_A0A644WJ94	UniRef50_A0A644WJ94
UniRef50_A0A7S4FDQ3	UniRef50_A0A7S4FDQ3
UniRef50_A0ABY4CMC2	UniRef50_A0ABY4CMC2
UniRef50_A0AAD6LMI7	UniRef50_A0AAD6LMI7
UniRef50_A0A0F8YRH8	UniRef50_A0A0F8YRH8
UniRef50_A0A1R1QIQ1	UniRef50_A0A1R1QIQ1
UniRef50_A0A9P5U1U5	UniRef50_A0A9P5U1U5
UniRef50_A0AAI9TXI9	UniRef50_A0AAI9TXI9
UniRef50_A0A7R9LA32	UniRef50_A0A7R9LA32
UniRef50_A0ABU6YRB1	UniRef50_A0ABU6YRB1
UniRef50_A0A3D9L2Z8	UniRef50_A0A3D9L2Z8
UniRef50_A0C5J8	UniRef50_A0C5J8
UniRef50_A0ABT2N2Z7	UniRef50_A0ABT2N2Z7
UniRef50_A0A0D8HD75	UniRef50_A0A0D8HD75
UniRef50_D4H3N8	UniRef50_D4H3N8
UniRef50_UPI0039BEDB85	UniRef50_UPI0039BEDB85
UniRef50_A0A2K8T667	UniRef50_A0A2K8T667
UniRef50_UPI0029F4AB61	UniRef50_UPI0029F4AB61
UniRef50_A0ABS9YTC4	UniRef50_A0ABS9YTC4
UniRef50_UPI0011B82548	UniRef50_UPI0011B82548
UniRef50_B8MA02	UniRef50_B8MA02
UniRef50_A0A1M4PKG3	UniRef50_A0A1M4PKG3
UniRef50_UPI000B3A7226	UniRef50_UPI000B3A7226
UniRef50_A0ABW9F5S9	UniRef50_A0ABW9F5S9
UniRef50_Q119J7	UniRef50_Q119J7
UniRef50_UPI000C268CE2	UniRef50_UPI000C268CE2
UniRef50_UPI0033A16A4D	UniRef50_UPI0033A16A4D
UniRef50_UPI002391CE71	UniRef50_UPI002391CE71
UniRef50_UPI003392FF01	UniRef50_UPI003392FF01
UniRef50_J9FWH6	UniRef50_J9FWH6
UniRef50_A0AAD7MWT4	UniRef50_A0AAD7MWT4
UniRef50_A0A836KFT6	UniRef50_A0A836KFT6
UniRef50_Q8XLM2	UniRef50_Q8XLM2
UniRef50_A0ABU5A6X8	UniRef50_A0ABU5A6X8
UniRef50_A0AAW0EC45	UniRef50_A0AAW0EC45
UniRef50_A0A8C5ESJ5	UniRef50_A0A8C5ESJ5
UniRef50_A0A7M2RGC0	UniRef50_A0A7M2RGC0
UniRef50_UPI00300B99F2	UniRef50_UPI00300B99F2
UniRef50_UPI00331DEC29	UniRef50_UPI00331DEC29
UniRef50_A0A2T4CHC2	UniRef50_A0A2T4CHC2
UniRef50_W2Q6P4	UniRef50_W2Q6P4
UniRef50_A0AAN8INT9	UniRef50_A0AAN8INT9
UniRef50_UPI0035CFF582	UniRef50_UPI0035CFF582
UniRef50_UPI003BFE755C	UniRef50_UPI003BFE755C
UniRef50_UPI0021F35D35	UniRef50_UPI0021F35D35
UniRef50_A0A7S1V3W2	UniRef50_A0A7S1V3W2
UniRef50_UPI00369ACC83	UniRef50_UPI00369ACC83
UniRef50_A0ABQ5BGZ5	UniRef50_A0ABQ5BGZ5
UniRef50_UPI001C68E976	UniRef50_UPI001C68E976
UniRef50_A0A1G2M4B7	UniRef50_A0A1G2M4B7
UniRef50_A0A1B6J8X5	UniRef50_A0A1B6J8X5
UniRef50_A0A5M3N555	UniRef50_A0A5M3N555
UniRef50_UPI003CC9F62D	UniRef50_UPI003CC9F62D
UniRef50_A0A1Y1WJ89	UniRef50_A0A1Y1WJ89
UniRef50_A0A6I3M0Y7	UniRef50_A0A6I3M0Y7
UniRef50_A0A1L9WL81	UniRef50_A0A1L9WL81
UniRef50_Q5QBM4	UniRef50_Q5QBM4
UniRef50_A0A9X4XBR4	UniRef50_A0A9X4XBR4
UniRef50_A0AAD7S5K8	UniRef50_A0AAD7S5K8
UniRef50_A0A090ZCR5	UniRef50_A0A090ZCR5
UniRef50_A0A6A6GAC3	UniRef50_A0A6A6GAC3
UniRef50_UPI0039E5DD03	UniRef50_UPI0039E5DD03
UniRef50_A0A558E277	UniRef50_A0A558E277
UniRef50_A0A2G5TR58	UniRef50_A0A2G5TR58
UniRef50_A0A2I2KLV8	UniRef50_A0A2I2KLV8
UniRef50_A0AAD6Z2U0	UniRef50_A0AAD6Z2U0
UniRef50_A0A0B8Q4C9	UniRef50_A0A0B8Q4C9
UniRef50_F9Y6K2	UniRef50_F9Y6K2
UniRef50_A0A0D2TSJ6	UniRef50_A0A0D2TSJ6
UniRef50_X6N0E0	UniRef50_X6N0E0
UniRef50_A0A7S3FBC0	UniRef50_A0A7S3FBC0
UniRef50_A0AAV5SH03	UniRef50_A0AAV5SH03
UniRef50_UPI0025D5B462	UniRef50_UPI0025D5B462
UniRef50_UPI001C12916F	UniRef50_UPI001C12916F
UniRef50_A0A6B9ZL69	UniRef50_A0A6B9ZL69
UniRef50_B7QCP7	UniRef50_B7QCP7
UniRef50_A0A5M6D3D9	UniRef50_A0A5M6D3D9
UniRef50_A0AAN4Z9V0	UniRef50_A0AAN4Z9V0
UniRef50_A0A6A0H265	UniRef50_A0A6A0H265
UniRef50_UPI0004F588CC	UniRef50_UPI0004F588CC
UniRef50_Q49757	UniRef50_Q49757
UniRef50_UPI0025FC9D28	UniRef50_UPI0025FC9D28
UniRef50_A0A8X6UTU5	UniRef50_A0A8X6UTU5
UniRef50_UPI0039B55E16	UniRef50_UPI0039B55E16
UniRef50_UPI0030D25C17	UniRef50_UPI0030D25C17
UniRef50_A0A157RLT1	UniRef50_A0A157RLT1
UniRef50_A0AAV6VP27	UniRef50_A0AAV6VP27
UniRef50_UPI0029319169	UniRef50_UPI0029319169
UniRef50_A0A7I6GVI8	UniRef50_A0A7I6GVI8
UniRef50_A0AAV5C4J1	UniRef50_A0AAV5C4J1
UniRef50_UPI0011F2EC5A	UniRef50_UPI0011F2EC5A
UniRef50_UPI003B210A09	UniRef50_UPI003B210A09
UniRef50_UPI00300A0F74	UniRef50_UPI00300A0F74
UniRef50_UPI0013040322	UniRef50_UPI0013040322
UniRef50_UPI000E3B8D1D	UniRef50_UPI000E3B8D1D
UniRef50_UPI003AB97D3C	UniRef50_UPI003AB97D3C
UniRef50_A0A011NLZ1	UniRef50_A0A011NLZ1
UniRef50_A0A6A3UWI9	UniRef50_A0A6A3UWI9
UniRef50_UPI00077B0D77	UniRef50_UPI00077B0D77
UniRef50_A0A023G580	UniRef50_A0A023G580
UniRef50_A0A1R1Y6L2	UniRef50_A0A1R1Y6L2
UniRef50_A0A2U3D6T4	UniRef50_A0A2U3D6T4
UniRef50_UPI00200DEC0A	UniRef50_UPI00200DEC0A
UniRef50_UPI0006E1A2F0	UniRef50_UPI0006E1A2F0
UniRef50_A0A7S4C4H1	UniRef50_A0A7S4C4H1
UniRef50_T0L5L1	UniRef50_T0L5L1
UniRef50_A0AAE0BPW3	UniRef50_A0AAE0BPW3
UniRef50_UPI0031352ACE	UniRef50_UPI0031352ACE
UniRef50_UPI003870D288	UniRef50_UPI003870D288
UniRef50_A0A1Y2DT25	UniRef50_A0A1Y2DT25
UniRef50_A0AAD7I2I4	UniRef50_A0AAD7I2I4
UniRef50_A0A7S0R5R0	UniRef50_A0A7S0R5R0
UniRef50_A0A8S4QSN6	UniRef50_A0A8S4QSN6
UniRef50_A0A1H7M5J3	UniRef50_A0A1H7M5J3
UniRef50_A0AAN8GII2	UniRef50_A0AAN8GII2
UniRef50_A0ABS8SUJ3	UniRef50_A0ABS8SUJ3
UniRef50_A0A699JIC6	UniRef50_A0A699JIC6
UniRef50_A0A4V1Q3A7	UniRef50_A0A4V1Q3A7
UniRef50_UPI0018E336B0	UniRef50_UPI0018E336B0
UniRef50_UPI0033FF352F	UniRef50_UPI0033FF352F
UniRef50_A0AAV3T7H3	UniRef50_A0AAV3T7H3
UniRef50_UPI001C70CB7A	UniRef50_UPI001C70CB7A
UniRef50_A0A183GDC9	UniRef50_A0A183GDC9
UniRef50_A0A8J3N5B2	UniRef50_A0A8J3N5B2
UniRef50_A0A1Z5L506	UniRef50_A0A1Z5L506
UniRef50_A0A2T0UC69	UniRef50_A0A2T0UC69
UniRef50_A0AAX6MBG2	UniRef50_A0AAX6MBG2
UniRef50_A0A1J3F7H6	UniRef50_A0A1J3F7H6
UniRef50_A0A2P6MGT4	UniRef50_A0A2P6MGT4
UniRef50_A0ABR0UKA0	UniRef50_A0ABR0UKA0
UniRef50_UPI002DBB5CA0	UniRef50_UPI002DBB5CA0
UniRef50_UPI0004622FBB	UniRef50_UPI0004622FBB
UniRef50_A0A2W2AZU3	UniRef50_A0A2W2AZU3
UniRef50_A0A7S0VMX1	UniRef50_A0A7S0VMX1
UniRef50_UPI0010945573	UniRef50_UPI0010945573
UniRef50_UPI002FEECE09	UniRef50_UPI002FEECE09
UniRef50_A0A5B8XQQ1	UniRef50_A0A5B8XQQ1
UniRef50_A0A3G5AHQ6	UniRef50_A0A3G5AHQ6
UniRef50_UPI003306C5B0	UniRef50_UPI003306C5B0
UniRef50_A0AAV3XU15	UniRef50_A0AAV3XU15
UniRef50_A0A6A6VUJ4	UniRef50_A0A6A6VUJ4
UniRef50_A0A6A5GV08	UniRef50_A0A6A5GV08
UniRef50_A0A5K7YPZ9	UniRef50_A0A5K7YPZ9
UniRef50_A0A6N2KZ81	UniRef50_A0A6N2KZ81
UniRef50_A0A2K9NQ57	UniRef50_A0A2K9NQ57
UniRef50_G0RHD9	UniRef50_G0RHD9
UniRef50_A0A6M3KWA1	UniRef50_A0A6M3KWA1
UniRef50_A0AAE1NLV2	UniRef50_A0AAE1NLV2
UniRef50_A0A2M4BZR7	UniRef50_A0A2M4BZR7
UniRef50_B9TH06	UniRef50_B9TH06
UniRef50_A0A8J4A274	UniRef50_A0A8J4A274
UniRef50_UPI003D78B613	UniRef50_UPI003D78B613
UniRef50_A0A2P2MWQ0	UniRef50_A0A2P2MWQ0
UniRef50_A0A6C0L9D5	UniRef50_A0A6C0L9D5
UniRef50_A0AAW5JQF2	UniRef50_A0AAW5JQF2
UniRef50_H3GEY6	UniRef50_H3GEY6
UniRef50_A0A2P4XBE6	UniRef50_A0A2P4XBE6
UniRef50_UPI002111F981	UniRef50_UPI002111F981
UniRef50_A0AAW1VMQ3	UniRef50_A0AAW1VMQ3
UniRef50_A0A1I3YMJ2	UniRef50_A0A1I3YMJ2
UniRef50_S3D935	UniRef50_S3D935
UniRef50_UPI001BB4621A	UniRef50_UPI001BB4621A
UniRef50_UPI001109CD12	UniRef50_UPI001109CD12
UniRef50_A0A344TCM4	UniRef50_A0A344TCM4
UniRef50_A0A151U0X0	UniRef50_A0A151U0X0
UniRef50_A0ABQ8XTC9	UniRef50_A0ABQ8XTC9
UniRef50_A0A094WMT9	UniRef50_A0A094WMT9
UniRef50_A0A075FUX6	UniRef50_A0A075FUX6
UniRef50_A0A2W4JQG7	UniRef50_A0A2W4JQG7
UniRef50_UPI00115FCAEE	UniRef50_UPI00115FCAEE
UniRef50_A0AAN4YU30	UniRef50_A0AAN4YU30
UniRef50_A0A8S1HV59	UniRef50_A0A8S1HV59
UniRef50_A0A820D5N1	UniRef50_A0A820D5N1
UniRef50_UPI00037601A1	UniRef50_UPI00037601A1
UniRef50_A0A0V0ZCI0	UniRef50_A0A0V0ZCI0
UniRef50_UPI0027309499	UniRef50_UPI0027309499
UniRef50_UPI001ABC7313	UniRef50_UPI001ABC7313
UniRef50_A0A392MTZ2	UniRef50_A0A392MTZ2
UniRef50_A0AA35SIS7	UniRef50_A0AA35SIS7
UniRef50_A0A9W8MBZ7	UniRef50_A0A9W8MBZ7
UniRef50_A0A4C1S8N2	UniRef50_A0A4C1S8N2
UniRef50_A0ABV2Q4I6	UniRef50_A0ABV2Q4I6
UniRef50_A0A1X6ZUV2	UniRef50_A0A1X6ZUV2
UniRef50_A0A336LK70	UniRef50_A0A336LK70
UniRef50_UPI003C73249D	UniRef50_UPI003C73249D
UniRef50_UPI002467FBE4	UniRef50_UPI002467FBE4
UniRef50_A0A392PYB4	UniRef50_A0A392PYB4
UniRef50_UPI003AABD17E	UniRef50_UPI003AABD17E
UniRef50_A0A0L7R274	UniRef50_A0A0L7R274
UniRef50_A0A671PT74	UniRef50_A0A671PT74
UniRef50_A0A1V9G7K2	UniRef50_A0A1V9G7K2
UniRef50_W1P0S6	UniRef50_W1P0S6
UniRef50_UPI00188C993B	UniRef50_UPI00188C993B
UniRef50_A0A7R9NZF0	UniRef50_A0A7R9NZF0
UniRef50_A0A075AGB2	UniRef50_A0A075AGB2
UniRef50_UPI002E0E7F7B	UniRef50_UPI002E0E7F7B
UniRef50_A0A9Q1IJ03	UniRef50_A0A9Q1IJ03
UniRef50_UPI0036C24288	UniRef50_UPI0036C24288
UniRef50_A0AB40CTN3	UniRef50_A0AB40CTN3
UniRef50_A0A7J0CQS2	UniRef50_A0A7J0CQS2
UniRef50_UPI002FCC3CCB	UniRef50_UPI002FCC3CCB
UniRef50_A0ABD0R407	UniRef50_A0ABD0R407
UniRef50_UPI000E7403F0	UniRef50_UPI000E7403F0
UniRef50_A0A1N7LFB3	UniRef50_A0A1N7LFB3
UniRef50_UPI0009E2BB9F	UniRef50_UPI0009E2BB9F
UniRef50_UPI000811384B	UniRef50_UPI000811384B
UniRef50_UPI000DEF0E0F	UniRef50_UPI000DEF0E0F
UniRef50_A0A095ZNZ2	UniRef50_A0A095ZNZ2
UniRef50_A0ABW9LAD8	UniRef50_A0ABW9LAD8
UniRef50_A0A7S0H457	UniRef50_A0A7S0H457
UniRef50_E4XJ55	UniRef50_E4XJ55
UniRef50_H1Q0U2	UniRef50_H1Q0U2
UniRef50_A0A7S0B1P0	UniRef50_A0A7S0B1P0
UniRef50_UPI0036AE9629	UniRef50_UPI0036AE9629
UniRef50_UPI0014859422	UniRef50_UPI0014859422
UniRef50_UPI00386DF67C	UniRef50_UPI00386DF67C
UniRef50_A0A7S2IL42	UniRef50_A0A7S2IL42
UniRef50_A0A9N9MIP1	UniRef50_A0A9N9MIP1
UniRef50_A0AA35URL0	UniRef50_A0AA35URL0
UniRef50_A0A2D1GNX2	UniRef50_A0A2D1GNX2
UniRef50_A0A4R5DUN3	UniRef50_A0A4R5DUN3
UniRef50_UPI0029ACBC02	UniRef50_UPI0029ACBC02
UniRef50_UPI003CE9D624	UniRef50_UPI003CE9D624
UniRef50_UPI003394ED1B	UniRef50_UPI003394ED1B
UniRef50_B9I4D3	UniRef50_B9I4D3
UniRef50_F7XU91	UniRef50_F7XU91
UniRef50_A0A9R1F2L6	UniRef50_A0A9R1F2L6
UniRef50_A0AB34FCJ3	UniRef50_A0AB34FCJ3
UniRef50_UPI003CED2FE8	UniRef50_UPI003CED2FE8
UniRef50_A0A7S4F6K9	UniRef50_A0A7S4F6K9
UniRef50_A0ABW8ESX6	UniRef50_A0ABW8ESX6
UniRef50_A0A1M5D4C2	UniRef50_A0A1M5D4C2
UniRef50_A0A0D1Y896	UniRef50_A0A0D1Y896
UniRef50_A0ABY9DXW9	UniRef50_A0ABY9DXW9
UniRef50_A0A8C6W7L6	UniRef50_A0A8C6W7L6
UniRef50_A0A6G0VU03	UniRef50_A0A6G0VU03
UniRef50_A0AAV1YZY8	UniRef50_A0AAV1YZY8
UniRef50_G4HHJ7	UniRef50_G4HHJ7
UniRef50_A0A0F9A9L9	UniRef50_A0A0F9A9L9
UniRef50_A0A395V863	UniRef50_A0A395V863
UniRef50_A0A833WA61	UniRef50_A0A833WA61
UniRef50_A0A095AHL2	UniRef50_A0A095AHL2
UniRef50_UPI002FF703CC	UniRef50_UPI002FF703CC
UniRef50_A0AAU7K7B9	UniRef50_A0AAU7K7B9
UniRef50_UPI003853AE01	UniRef50_UPI003853AE01
UniRef50_A0A5B8QYM3	UniRef50_A0A5B8QYM3
UniRef50_UPI002FE34D4E	UniRef50_UPI002FE34D4E
UniRef50_A0AAW0APR1	UniRef50_A0AAW0APR1
UniRef50_A0A853ID52	UniRef50_A0A853ID52
UniRef50_A0A7G2EGJ8	UniRef50_A0A7G2EGJ8
UniRef50_A0A212L4H7	UniRef50_A0A212L4H7
UniRef50_A0A9E7KSK1	UniRef50_A0A9E7KSK1
UniRef50_UPI003D7F45B0	UniRef50_UPI003D7F45B0
UniRef50_UPI003C7B0D0F	UniRef50_UPI003C7B0D0F
UniRef50_A0A645EEG2	UniRef50_A0A645EEG2
UniRef50_A0A9K3DV41	UniRef50_A0A9K3DV41
UniRef50_A0A7C8ZYC2	UniRef50_A0A7C8ZYC2
UniRef50_A0A9P4YJI4	UniRef50_A0A9P4YJI4
UniRef50_UPI002E19C751	UniRef50_UPI002E19C751
UniRef50_A0A4Y9S3B4	UniRef50_A0A4Y9S3B4
UniRef50_A0A9Q9IKW6	UniRef50_A0A9Q9IKW6
UniRef50_A0A1D8AVU0	UniRef50_A0A1D8AVU0
UniRef50_A7SG29	UniRef50_A7SG29
UniRef50_A0A6P7XDK3	UniRef50_A0A6P7XDK3
UniRef50_UPI0007BAB64E	UniRef50_UPI0007BAB64E
UniRef50_A0A3N4LS37	UniRef50_A0A3N4LS37
UniRef50_A0A8S9IKJ9	UniRef50_A0A8S9IKJ9
UniRef50_UPI001EE873CB	UniRef50_UPI001EE873CB
UniRef50_A0AA40FAQ9	UniRef50_A0AA40FAQ9
UniRef50_A0A7S0LQA4	UniRef50_A0A7S0LQA4
UniRef50_A0A401RX59	UniRef50_A0A401RX59
UniRef50_A0A7S0UYU8	UniRef50_A0A7S0UYU8
UniRef50_A0A3S9SXI8	UniRef50_A0A3S9SXI8
UniRef50_A0AAV6Q6F3	UniRef50_A0AAV6Q6F3
UniRef50_A0A0E9SML8	UniRef50_A0A0E9SML8
UniRef50_UPI00325AF74A	UniRef50_UPI00325AF74A
UniRef50_A0A6C0FEK8	UniRef50_A0A6C0FEK8
UniRef50_UPI00209DD95D	UniRef50_UPI00209DD95D
UniRef50_UPI00336A23BA	UniRef50_UPI00336A23BA
UniRef50_A0A1I8BUE6	UniRef50_A0A1I8BUE6
UniRef50_A0A820VD35	UniRef50_A0A820VD35
UniRef50_UPI00352933A9	UniRef50_UPI00352933A9
UniRef50_UPI003313A1FC	UniRef50_UPI003313A1FC
UniRef50_UPI0024364EC1	UniRef50_UPI0024364EC1
UniRef50_UPI00366D9BA1	UniRef50_UPI00366D9BA1
UniRef50_UPI000B871C94	UniRef50_UPI000B871C94
UniRef50_UPI001890EF1B	UniRef50_UPI001890EF1B
UniRef50_A0A6H5H738	UniRef50_A0A6H5H738
UniRef50_A0A6H5G7M8	UniRef50_A0A6H5G7M8
UniRef50_A0A076LJU4	UniRef50_A0A076LJU4
UniRef50_A0A1S2M0D8	UniRef50_A0A1S2M0D8
UniRef50_UPI00193A9788	UniRef50_UPI00193A9788
UniRef50_UPI0027E11F5D	UniRef50_UPI0027E11F5D
UniRef50_A0A291QBQ5	UniRef50_A0A291QBQ5
UniRef50_A0A5A8CFG1	UniRef50_A0A5A8CFG1
UniRef50_B4GRH4	UniRef50_B4GRH4
UniRef50_A0A8H3F5N6	UniRef50_A0A8H3F5N6
UniRef50_A0A419I4D4	UniRef50_A0A419I4D4
UniRef50_UPI0021B241C7	UniRef50_UPI0021B241C7
UniRef50_A0A9N9NLX1	UniRef50_A0A9N9NLX1
UniRef50_A0AAV4JKV7	UniRef50_A0AAV4JKV7
UniRef50_UPI000E1F4885	UniRef50_UPI000E1F4885
UniRef50_A0ABQ9IDE3	UniRef50_A0ABQ9IDE3
UniRef50_A0AA49Q858	UniRef50_A0AA49Q858
UniRef50_A0AA39IH33	UniRef50_A0AA39IH33
UniRef50_UPI00298EB9E0	UniRef50_UPI00298EB9E0
UniRef50_A0A0B1SV79	UniRef50_A0A0B1SV79
UniRef50_A0A3P3WEA4	UniRef50_A0A3P3WEA4
UniRef50_A0A090G4J2	UniRef50_A0A090G4J2
UniRef50_UPI00144AF5DF	UniRef50_UPI00144AF5DF
UniRef50_A0A2Z5JL40	UniRef50_A0A2Z5JL40
UniRef50_UPI003D121E23	UniRef50_UPI003D121E23
UniRef50_A0A6I4IE19	UniRef50_A0A6I4IE19
UniRef50_A0A972SHG0	UniRef50_A0A972SHG0
UniRef50_A0A9P5PHX0	UniRef50_A0A9P5PHX0
UniRef50_A0AAD9LU04	UniRef50_A0AAD9LU04
UniRef50_A0ABZ3H9E5	UniRef50_A0ABZ3H9E5
UniRef50_A0A0B6XTZ7	UniRef50_A0A0B6XTZ7
UniRef50_UPI003AF36AEC	UniRef50_UPI003AF36AEC
UniRef50_A0A4Y3M7N7	UniRef50_A0A4Y3M7N7
UniRef50_A0A2S9RR39	UniRef50_A0A2S9RR39
UniRef50_A0A1I6ZVP6	UniRef50_A0A1I6ZVP6
UniRef50_UPI0030F57E12	UniRef50_UPI0030F57E12
UniRef50_A0A1V6SN02	UniRef50_A0A1V6SN02
UniRef50_UPI002C2E68CB	UniRef50_UPI002C2E68CB
UniRef50_A0A7S0YJG5	UniRef50_A0A7S0YJG5
UniRef50_UPI00366D4A5F	UniRef50_UPI00366D4A5F
UniRef50_A0AAN8FK13	UniRef50_A0AAN8FK13
UniRef50_A0A0F8XCX8	UniRef50_A0A0F8XCX8
UniRef50_I3T697	UniRef50_I3T697
UniRef50_A0ABR3G5D9	UniRef50_A0ABR3G5D9
UniRef50_A0A0B5JF04	UniRef50_A0A0B5JF04
UniRef50_A0A0R3TV14	UniRef50_A0A0R3TV14
UniRef50_A0A7L9U7F9	UniRef50_A0A7L9U7F9
UniRef50_A0A9P6RTM9	UniRef50_A0A9P6RTM9
UniRef50_UPI0025E458CE	UniRef50_UPI0025E458CE
UniRef50_UPI001FA79D8E	UniRef50_UPI001FA79D8E
UniRef50_M2MB66	UniRef50_M2MB66
UniRef50_A0A074LM83	UniRef50_A0A074LM83
UniRef50_A0ABV7QPL6	UniRef50_A0ABV7QPL6
UniRef50_A0A0L6VKF8	UniRef50_A0A0L6VKF8
UniRef50_UPI00215B3013	UniRef50_UPI00215B3013
UniRef50_UPI002FDC4EC9	UniRef50_UPI002FDC4EC9
UniRef50_A0A4Y9XS78	UniRef50_A0A4Y9XS78
UniRef50_A0A0N4YHJ8	UniRef50_A0A0N4YHJ8
UniRef50_A0A1G6H1T0	UniRef50_A0A1G6H1T0
UniRef50_H5X3T9	UniRef50_H5X3T9
UniRef50_A0A6A6C346	UniRef50_A0A6A6C346
UniRef50_UPI003D6B95A8	UniRef50_UPI003D6B95A8
UniRef50_A0A7S2BZ70	UniRef50_A0A7S2BZ70
UniRef50_UPI000A56406B	UniRef50_UPI000A56406B
UniRef50_A0A7S3M4W2	UniRef50_A0A7S3M4W2
UniRef50_UPI000CBE9DD8	UniRef50_UPI000CBE9DD8
UniRef50_UPI000A73C789	UniRef50_UPI000A73C789
UniRef50_UPI002350ABDA	UniRef50_UPI002350ABDA
UniRef50_A0A6I9PB15	UniRef50_A0A6I9PB15
UniRef50_A0A511FFP9	UniRef50_A0A511FFP9
UniRef50_A0A3R6GWF0	UniRef50_A0A3R6GWF0
UniRef50_UPI003D7AA6B3	UniRef50_UPI003D7AA6B3
UniRef50_UPI00247AB683	UniRef50_UPI00247AB683
UniRef50_UPI003766F20B	UniRef50_UPI003766F20B
UniRef50_A0A9E2KC52	UniRef50_A0A9E2KC52
UniRef50_UPI002417EB98	UniRef50_UPI002417EB98
UniRef50_A0A1W2DCH7	UniRef50_A0A1W2DCH7
UniRef50_UPI001C46A115	UniRef50_UPI001C46A115
UniRef50_UPI000E3435A5	UniRef50_UPI000E3435A5
UniRef50_A0A9P6AUS1	UniRef50_A0A9P6AUS1
UniRef50_A0A6P6Y454	UniRef50_A0A6P6Y454
UniRef50_A0A1T4K620	UniRef50_A0A1T4K620
UniRef50_A0A8X8ZQR7	UniRef50_A0A8X8ZQR7
UniRef50_UPI002467B55D	UniRef50_UPI002467B55D
UniRef50_A0A2V4RPA2	UniRef50_A0A2V4RPA2
UniRef50_A0A7S1X3Z4	UniRef50_A0A7S1X3Z4
UniRef50_Q11FZ1	UniRef50_Q11FZ1
UniRef50_A0A7G9YV28	UniRef50_A0A7G9YV28
UniRef50_UPI002FF672BE	UniRef50_UPI002FF672BE
UniRef50_A0A2K9Z9M7	UniRef50_A0A2K9Z9M7
UniRef50_A0A163GPV2	UniRef50_A0A163GPV2
UniRef50_UPI002395253B	UniRef50_UPI002395253B
UniRef50_UPI002149D48A	UniRef50_UPI002149D48A
UniRef50_UPI000582235B	UniRef50_UPI000582235B
UniRef50_A0ABD3F346	UniRef50_A0ABD3F346
UniRef50_A0A939K159	UniRef50_A0A939K159
UniRef50_A0A9E9NU15	UniRef50_A0A9E9NU15
UniRef50_A0A8H6MQN2	UniRef50_A0A8H6MQN2
UniRef50_A0A562P9E8	UniRef50_A0A562P9E8
UniRef50_UPI0038F6E199	UniRef50_UPI0038F6E199
UniRef50_A9DP89	UniRef50_A9DP89
UniRef50_UPI0008900E77	UniRef50_UPI0008900E77
UniRef50_M1BP29	UniRef50_M1BP29
UniRef50_UPI0008A49CDC	UniRef50_UPI0008A49CDC
UniRef50_UPI003D7C926C	UniRef50_UPI003D7C926C
UniRef50_UPI001E8E85C0	UniRef50_UPI001E8E85C0
UniRef50_UPI0028915956	UniRef50_UPI0028915956
UniRef50_UPI0025B72070	UniRef50_UPI0025B72070
UniRef50_A0A6P8DQR1	UniRef50_A0A6P8DQR1
UniRef50_A0A8S1X8E0	UniRef50_A0A8S1X8E0
UniRef50_UPI00104BA6E3	UniRef50_UPI00104BA6E3
UniRef50_A0AAN6MU81	UniRef50_A0AAN6MU81
UniRef50_A0A1H9UCR8	UniRef50_A0A1H9UCR8
UniRef50_A0A8X7RI81	UniRef50_A0A8X7RI81
UniRef50_A0A9P0E065	UniRef50_A0A9P0E065
UniRef50_A0A174UQT6	UniRef50_A0A174UQT6
UniRef50_A0A7H4N0M3	UniRef50_A0A7H4N0M3
UniRef50_A0A350HC64	UniRef50_A0A350HC64
UniRef50_UPI0036D3AC15	UniRef50_UPI0036D3AC15
UniRef50_A0A8S5L784	UniRef50_A0A8S5L784
UniRef50_UPI00202858FD	UniRef50_UPI00202858FD
UniRef50_A0A2R2YAZ7	UniRef50_A0A2R2YAZ7
UniRef50_UPI001BB13DAB	UniRef50_UPI001BB13DAB
UniRef50_A0A8X6J9H7	UniRef50_A0A8X6J9H7
UniRef50_UPI000376CB17	UniRef50_UPI000376CB17
UniRef50_A0A9D3YCT7	UniRef50_A0A9D3YCT7
UniRef50_A0ABD3XZ30	UniRef50_A0ABD3XZ30
UniRef50_A0A378I0K4	UniRef50_A0A378I0K4
UniRef50_UPI003465AE81	UniRef50_UPI003465AE81
UniRef50_UPI00286E3F81	UniRef50_UPI00286E3F81
UniRef50_C3XZT2	UniRef50_C3XZT2
UniRef50_A0ABM5DNK1	UniRef50_A0ABM5DNK1
UniRef50_A0A0B8P6V3	UniRef50_A0A0B8P6V3
UniRef50_UPI0031595436	UniRef50_UPI0031595436
UniRef50_C7NKP4	UniRef50_C7NKP4
UniRef50_UPI00117D8F12	UniRef50_UPI00117D8F12
UniRef50_UPI0037BE9BEF	UniRef50_UPI0037BE9BEF
UniRef50_B3SCG5	UniRef50_B3SCG5
UniRef50_A0A7S1BEC0	UniRef50_A0A7S1BEC0
UniRef50_A0A1H3FFN4	UniRef50_A0A1H3FFN4
UniRef50_UPI00203F0E52	UniRef50_UPI00203F0E52
UniRef50_F5RFL5	UniRef50_F5RFL5
UniRef50_A0A1M7ZLM5	UniRef50_A0A1M7ZLM5
UniRef50_A0A0D0E8D1	UniRef50_A0A0D0E8D1
UniRef50_A0A0C3GGF1	UniRef50_A0A0C3GGF1
UniRef50_UPI00332E1BD8	UniRef50_UPI00332E1BD8
UniRef50_A0A179DC85	UniRef50_A0A179DC85
UniRef50_R4WDL5	UniRef50_R4WDL5
UniRef50_A0ABR4F4V4	UniRef50_A0ABR4F4V4
UniRef50_A0AA88X691	UniRef50_A0AA88X691
UniRef50_A0A2G2WKY8	UniRef50_A0A2G2WKY8
UniRef50_A0A0G4IUT1	UniRef50_A0A0G4IUT1
UniRef50_A0AB37ZDD6	UniRef50_A0AB37ZDD6
UniRef50_A0A1A3CDQ1	UniRef50_A0A1A3CDQ1
UniRef50_A0A8S1CHT7	UniRef50_A0A8S1CHT7
UniRef50_A0A6B8WP01	UniRef50_A0A6B8WP01
UniRef50_UPI000E351ED8	UniRef50_UPI000E351ED8
UniRef50_A0A6P5T2B9	UniRef50_A0A6P5T2B9
UniRef50_L1JWG9	UniRef50_L1JWG9
UniRef50_A0A413CY19	UniRef50_A0A413CY19
UniRef50_A0A0D8J7T3	UniRef50_A0A0D8J7T3
UniRef50_A0A4R6CR26	UniRef50_A0A4R6CR26
UniRef50_A0A7S1S623	UniRef50_A0A7S1S623
UniRef50_A0A7J6X1M3	UniRef50_A0A7J6X1M3
UniRef50_A0ABW4YPA9	UniRef50_A0ABW4YPA9
UniRef50_A0A7C5P2H0	UniRef50_A0A7C5P2H0
UniRef50_A0A7L1S090	UniRef50_A0A7L1S090
UniRef50_A2SI65	UniRef50_A2SI65
UniRef50_UPI0020229FB3	UniRef50_UPI0020229FB3
UniRef50_UPI0019D0D691	UniRef50_UPI0019D0D691
UniRef50_UPI0039171F5C	UniRef50_UPI0039171F5C
UniRef50_UPI002D810AEC	UniRef50_UPI002D810AEC
UniRef50_A0A1L9PUL4	UniRef50_A0A1L9PUL4
UniRef50_A0A1Y2JZX7	UniRef50_A0A1Y2JZX7
UniRef50_A0A4R1RH02	UniRef50_A0A4R1RH02
UniRef50_UPI000EB98A49	UniRef50_UPI000EB98A49
UniRef50_A0A9W8B2N9	UniRef50_A0A9W8B2N9
UniRef50_UPI0034E3E020	UniRef50_UPI0034E3E020
UniRef50_A0A147BDZ9	UniRef50_A0A147BDZ9
UniRef50_UPI0033B2FFC8	UniRef50_UPI0033B2FFC8
UniRef50_A0A7S6PV74	UniRef50_A0A7S6PV74
UniRef50_A0A5B8MF49	UniRef50_A0A5B8MF49
UniRef50_A0A371ERS8	UniRef50_A0A371ERS8
UniRef50_UPI001093902A	UniRef50_UPI001093902A
UniRef50_A0A2I4DS83	UniRef50_A0A2I4DS83
UniRef50_A0A922L8H4	UniRef50_A0A922L8H4
UniRef50_A0A2M7YFB2	UniRef50_A0A2M7YFB2
UniRef50_A0A7S0Q8Z5	UniRef50_A0A7S0Q8Z5
UniRef50_A0ABQ7TPA2	UniRef50_A0ABQ7TPA2
UniRef50_A0A556AWM8	UniRef50_A0A556AWM8
UniRef50_A0A162U9K8	UniRef50_A0A162U9K8
UniRef50_UPI0022E5E871	UniRef50_UPI0022E5E871
UniRef50_A0A7I7XE22	UniRef50_A0A7I7XE22
UniRef50_A0ABQ8LPQ1	UniRef50_A0ABQ8LPQ1
UniRef50_UPI0017807EFD	UniRef50_UPI0017807EFD
UniRef50_UPI0034E48EC5	UniRef50_UPI0034E48EC5
UniRef50_A0A1M6SCH8	UniRef50_A0A1M6SCH8
UniRef50_A0A5B6VDV3	UniRef50_A0A5B6VDV3
UniRef50_A0A4S3K5Q9	UniRef50_A0A4S3K5Q9
UniRef50_A0A6A4ZV82	UniRef50_A0A6A4ZV82
UniRef50_A0ABY6N7M8	UniRef50_A0ABY6N7M8
UniRef50_A0ABX7P9S7	UniRef50_A0ABX7P9S7
UniRef50_A0AAV9X4T8	UniRef50_A0AAV9X4T8
UniRef50_A0A0K0FPC4	UniRef50_A0A0K0FPC4
UniRef50_A0A1I9S234	UniRef50_A0A1I9S234
UniRef50_A0A8T2PTB8	UniRef50_A0A8T2PTB8
UniRef50_A0A7D9HAS6	UniRef50_A0A7D9HAS6
UniRef50_A0A1B6IHY6	UniRef50_A0A1B6IHY6
UniRef50_I0FET6	UniRef50_I0FET6
UniRef50_UPI001F5E5C09	UniRef50_UPI001F5E5C09
UniRef50_A0ABD0KEH6	UniRef50_A0ABD0KEH6
UniRef50_A0A553R8D2	UniRef50_A0A553R8D2
UniRef50_UPI001FC90A5A	UniRef50_UPI001FC90A5A
UniRef50_UPI00234F9503	UniRef50_UPI00234F9503
UniRef50_A0ABQ9X877	UniRef50_A0ABQ9X877
UniRef50_A0A4R1HTZ0	UniRef50_A0A4R1HTZ0
UniRef50_UPI003A948EC4	UniRef50_UPI003A948EC4
UniRef50_UPI001E2E0D21	UniRef50_UPI001E2E0D21
UniRef50_A0A8J8MQN6	UniRef50_A0A8J8MQN6
UniRef50_A0A3N4HFS6	UniRef50_A0A3N4HFS6
UniRef50_A0A9Q9ENV8	UniRef50_A0A9Q9ENV8
UniRef50_A0A433QXT3	UniRef50_A0A433QXT3
UniRef50_A0A8X6SGZ0	UniRef50_A0A8X6SGZ0
UniRef50_A0ABN9Q177	UniRef50_A0ABN9Q177
UniRef50_A0A8J5JRH9	UniRef50_A0A8J5JRH9
UniRef50_A0A9Q1BPN0	UniRef50_A0A9Q1BPN0
UniRef50_A0ABD3PH03	UniRef50_A0ABD3PH03
UniRef50_UPI000838F3EE	UniRef50_UPI000838F3EE
UniRef50_A0A918GU20	UniRef50_A0A918GU20
UniRef50_A0ABR1XGF4	UniRef50_A0ABR1XGF4
UniRef50_A0ABQ6IF01	UniRef50_A0ABQ6IF01
UniRef50_A0A1B8GGQ2	UniRef50_A0A1B8GGQ2
UniRef50_A0ABD2ZA55	UniRef50_A0ABD2ZA55
UniRef50_UPI002E2355E5	UniRef50_UPI002E2355E5
UniRef50_A0A5N6KTS8	UniRef50_A0A5N6KTS8
UniRef50_UPI003BB124F2	UniRef50_UPI003BB124F2
UniRef50_A0A994J4A9	UniRef50_A0A994J4A9
UniRef50_A0A4Q9BGH3	UniRef50_A0A4Q9BGH3
UniRef50_A0ABR2GRK4	UniRef50_A0ABR2GRK4
UniRef50_UPI0037DA3E47	UniRef50_UPI0037DA3E47
UniRef50_G2SQ45	UniRef50_G2SQ45
UniRef50_A0A0L8HC35	UniRef50_A0A0L8HC35
UniRef50_UPI0021D23024	UniRef50_UPI0021D23024
UniRef50_A0A5K7SDC8	UniRef50_A0A5K7SDC8
UniRef50_A0ABN8T348	UniRef50_A0ABN8T348
UniRef50_A0A0L6VIJ5	UniRef50_A0A0L6VIJ5
UniRef50_A0A1X2ZJM5	UniRef50_A0A1X2ZJM5
UniRef50_UPI00208F79E4	UniRef50_UPI00208F79E4
UniRef50_A0AA39WZK8	UniRef50_A0AA39WZK8
UniRef50_A0ABU5MT09	UniRef50_A0ABU5MT09
UniRef50_A0ABU5MT09	UniRef50_A0ABV4TVW3
UniRef50_O43954	UniRef50_O43954
UniRef50_UPI00131E5EC2	UniRef50_UPI00131E5EC2
UniRef50_A0ABW2UCB6	UniRef50_A0ABW2UCB6
UniRef50_A0A031JR17	UniRef50_A0A031JR17
UniRef50_UPI000A464161	UniRef50_UPI000A464161
UniRef50_A0A5B8MMM8	UniRef50_A0A5B8MMM8
UniRef50_A0ABV8FD61	UniRef50_A0ABV8FD61
UniRef50_A0AA35W0J7	UniRef50_A0AA35W0J7
UniRef50_A0A4U5N4B9	UniRef50_A0A4U5N4B9
UniRef50_A0A2M8PG95	UniRef50_A0A2M8PG95
UniRef50_A0AAD7U7E0	UniRef50_A0AAD7U7E0
UniRef50_A0A9P1M8F5	UniRef50_A0A9P1M8F5
UniRef50_UPI0015582A9A	UniRef50_UPI0015582A9A
UniRef50_A0A317F0V8	UniRef50_A0A317F0V8
