example_id,split,source,target,serialization,group_id,augmentation_index
train-001509715,train,CNC(=O)NCC(C(=O)Nc1ccccc1)c1ccc(C(=O)Nc2cc(-c3ccsc3)ccc2NC(=O)OC(C)(C)C)cc1.O=C([O-])O.CCOC(C)=O.[Na+].ClCCl.O=C(O)C(F)(F)F,CNC(=O)NCC(C(=O)Nc1ccccc1)c1ccc(C(=O)Nc2cc(-c3ccsc3)ccc2N)cc1,r_smiles,train-group-000301943,0
train-001509716,train,N(C(=O)c1ccc(C(CNC(=O)NC)C(=O)Nc2ccccc2)cc1)c1cc(-c2ccsc2)ccc1NC(=O)OC(C)(C)C.C(Cl)Cl.[Na+].O=C([O-])O.C(C)(=O)OCC.C(F)(F)(F)C(=O)O,N(C(=O)c1ccc(C(CNC(=O)NC)C(=O)Nc2ccccc2)cc1)c1cc(-c2ccsc2)ccc1N,r_smiles,train-group-000301943,1
train-001509717,train,OC(=O)[O-].ClCCl.O=C(C)OCC.C(=O)(O)C(F)(F)F.c1ccccc1NC(=O)C(CNC(=O)NC)c1ccc(C(=O)Nc2cc(-c3ccsc3)ccc2NC(=O)OC(C)(C)C)cc1.[Na+],c1ccccc1NC(=O)C(CNC(=O)NC)c1ccc(C(=O)Nc2cc(-c3ccsc3)ccc2N)cc1,r_smiles,train-group-000301943,2
train-001509718,train,[O-]C(=O)O.CC(=O)OCC.ClCCl.FC(F)(F)C(=O)O.C(=O)(Nc1ccc(-c2ccsc2)cc1NC(=O)c1ccc(C(CNC(=O)NC)C(=O)Nc2ccccc2)cc1)OC(C)(C)C.[Na+],Nc1ccc(-c2ccsc2)cc1NC(=O)c1ccc(C(CNC(=O)NC)C(=O)Nc2ccccc2)cc1,r_smiles,train-group-000301943,3
train-001509719,train,C(F)(F)(F)C(=O)O.OC(=O)[O-].C(C)(=O)OCC.[Na+].c1cc(C(=O)Nc2cc(-c3ccsc3)ccc2NC(=O)OC(C)(C)C)ccc1C(CNC(=O)NC)C(=O)Nc1ccccc1.C(Cl)Cl,c1cc(C(=O)Nc2cc(-c3ccsc3)ccc2N)ccc1C(CNC(=O)NC)C(=O)Nc1ccccc1,r_smiles,train-group-000301943,4
train-000625880,train,C[Si](C)(C)[N-][Si](C)(C)C.Cc1ccccn1.C1CCOC1.[Li+].CCOC(=O)c1ccc(OC2CCN(C(=O)OC(C)(C)C)CC2)cc1,C(=O)(Cc1ccccn1)c1ccc(OC2CCN(C(=O)OC(C)(C)C)CC2)cc1,r_smiles,train-group-000125176,0
train-000625881,train,[Li+].C1CCOC1.C1CC(Oc2ccc(C(=O)OCC)cc2)CCN1C(=O)OC(C)(C)C.Cc1ccccn1.[Si](C)(C)(C)[N-][Si](C)(C)C,C1CC(Oc2ccc(C(=O)Cc3ccccn3)cc2)CCN1C(=O)OC(C)(C)C,r_smiles,train-group-000125176,1
train-000625882,train,[Li+].N1(C(=O)OC(C)(C)C)CCC(Oc2ccc(C(=O)OCC)cc2)CC1.C[Si](C)(C)[N-][Si](C)(C)C.n1ccccc1C.O1CCCC1,N1(C(=O)OC(C)(C)C)CCC(Oc2ccc(C(=O)Cc3ccccn3)cc2)CC1,r_smiles,train-group-000125176,2
train-000625883,train,C1CCOC1.[Li+].C1CC(Oc2ccc(C(=O)OCC)cc2)CCN1C(=O)OC(C)(C)C.c1cccc(C)n1.[Si](C)(C)(C)[N-][Si](C)(C)C,C1CC(Oc2ccc(C(=O)Cc3ccccn3)cc2)CCN1C(=O)OC(C)(C)C,r_smiles,train-group-000125176,3
train-000625884,train,CC(C)(C)OC(=O)N1CCC(Oc2ccc(C(=O)OCC)cc2)CC1.c1ccc(C)nc1.C1CCCO1.C[Si](C)(C)[N-][Si](C)(C)C.[Li+],CC(C)(C)OC(=O)N1CCC(Oc2ccc(C(=O)Cc3ccccn3)cc2)CC1,r_smiles,train-group-000125176,4
train-000387610,train,Clc1cc(Cl)c(Cl)nc1Cl.COCC1COC(=O)N1c1ccc(C(=O)N2CCNCC2)cc1,COCC1COC(=O)N1c1ccc(C(=O)N2CCN(c3nc(Cl)c(Cl)cc3Cl)CC2)cc1,r_smiles,train-group-000077522,0
train-000387611,train,c1cc(N2C(=O)OCC2COC)ccc1C(=O)N1CCNCC1.n1c(Cl)c(Cl)cc(Cl)c1Cl,c1cc(N2C(=O)OCC2COC)ccc1C(=O)N1CCN(c2nc(Cl)c(Cl)cc2Cl)CC1,r_smiles,train-group-000077522,1
train-000387612,train,c1cc(C(=O)N2CCNCC2)ccc1N1C(=O)OCC1COC.c1(Cl)cc(Cl)c(Cl)nc1Cl,c1cc(C(=O)N2CCN(c3nc(Cl)c(Cl)cc3Cl)CC2)ccc1N1C(=O)OCC1COC,r_smiles,train-group-000077522,2
train-000387613,train,Clc1nc(Cl)c(Cl)cc1Cl.N1(C(=O)c2ccc(N3C(=O)OCC3COC)cc2)CCNCC1,N1(C(=O)c2ccc(N3C(=O)OCC3COC)cc2)CCN(c2nc(Cl)c(Cl)cc2Cl)CC1,r_smiles,train-group-000077522,3
train-000387614,train,O=C(c1ccc(N2C(=O)OCC2COC)cc1)N1CCNCC1.c1(Cl)nc(Cl)c(Cl)cc1Cl,O=C(c1ccc(N2C(=O)OCC2COC)cc1)N1CCN(c2nc(Cl)c(Cl)cc2Cl)CC1,r_smiles,train-group-000077522,4
train-000626290,train,C1CCOC1.Cl.COC(=O)c1cc(C(OC)OC)cnc1C(=O)OC,COC(=O)c1cc(C=O)cnc1C(=O)OC,r_smiles,train-group-000125258,0
train-000626291,train,c1(C(=O)OC)ncc(C(OC)OC)cc1C(=O)OC.Cl.C1CCOC1,c1(C(=O)OC)ncc(C=O)cc1C(=O)OC,r_smiles,train-group-000125258,1
train-000626292,train,Cl.C1CCCO1.COC(=O)c1cc(C(OC)OC)cnc1C(=O)OC,COC(=O)c1cc(C=O)cnc1C(=O)OC,r_smiles,train-group-000125258,2
train-000626293,train,Cl.O(C)C(=O)c1ncc(C(OC)OC)cc1C(=O)OC.C1CCOC1,O(C)C(=O)c1ncc(C=O)cc1C(=O)OC,r_smiles,train-group-000125258,3
train-000626294,train,c1nc(C(=O)OC)c(C(=O)OC)cc1C(OC)OC.O1CCCC1.Cl,c1nc(C(=O)OC)c(C(=O)OC)cc1C=O,r_smiles,train-group-000125258,4
train-000690970,train,c1ccncc1.Nc1ccc(Cl)cc1-n1nnc2ncccc21.CCOC(C)=O.CS(=O)(=O)Cl.CCOC(=O)c1ccc(S(=O)(=O)Cl)cc1F,N(c1ccc(Cl)cc1-n1nnc2ncccc21)S(=O)(=O)c1ccc(C(=O)OCC)c(F)c1,r_smiles,train-group-000138194,0
train-000690971,train,c1ccncc1.O(CC)C(C)=O.ClS(C)(=O)=O.C(=O)(OCC)c1ccc(S(=O)(=O)Cl)cc1F.c12cccnc1nnn2-c1cc(Cl)ccc1N,c12cccnc1nnn2-c1cc(Cl)ccc1NS(=O)(=O)c1ccc(C(=O)OCC)c(F)c1,r_smiles,train-group-000138194,1
train-000690972,train,S(C)(=O)(=O)Cl.O=C(OCC)c1ccc(S(=O)(=O)Cl)cc1F.c1ccncc1.CC(=O)OCC.Nc1ccc(Cl)cc1-n1nnc2ncccc21,N(c1ccc(Cl)cc1-n1nnc2ncccc21)S(=O)(=O)c1ccc(C(=O)OCC)c(F)c1,r_smiles,train-group-000138194,2
train-000690973,train,c1(N)ccc(Cl)cc1-n1nnc2ncccc21.c1ccncc1.C(C)(=O)OCC.ClS(C)(=O)=O.c1(C(=O)OCC)ccc(S(=O)(=O)Cl)cc1F,c1(NS(=O)(=O)c2ccc(C(=O)OCC)c(F)c2)ccc(Cl)cc1-n1nnc2ncccc21,r_smiles,train-group-000138194,3
train-000690974,train,C(C)OC(C)=O.O=S(=O)(Cl)c1ccc(C(=O)OCC)c(F)c1.CS(=O)(=O)Cl.c1ccccn1.c1cnc2nnn(-c3cc(Cl)ccc3N)c2c1,c1cnc2nnn(-c3cc(Cl)ccc3NS(=O)(=O)c3ccc(C(=O)OCC)c(F)c3)c2c1,r_smiles,train-group-000138194,4
train-002190270,train,C=CC(=O)OC(C)(C)C.CO.OCCCc1ccncc1,O(CCCc1ccncc1)CCC(=O)OC(C)(C)C,r_smiles,train-group-000438054,0
train-002190271,train,C(C)(C)(C)OC(=O)C=C.c1(CCCO)ccncc1.CO,c1(CCCOCCC(=O)OC(C)(C)C)ccncc1,r_smiles,train-group-000438054,1
train-002190272,train,OC.C(CO)Cc1ccncc1.C(C)(C)(C)OC(=O)C=C,C(COCCC(=O)OC(C)(C)C)Cc1ccncc1,r_smiles,train-group-000438054,2
train-002190273,train,CO.C(=C)C(=O)OC(C)(C)C.c1(CCCO)ccncc1,c1(CCCOCCC(=O)OC(C)(C)C)ccncc1,r_smiles,train-group-000438054,3
train-002190274,train,c1cnccc1CCCO.O=C(C=C)OC(C)(C)C.CO,c1cnccc1CCCOCCC(=O)OC(C)(C)C,r_smiles,train-group-000438054,4
train-000259750,train,COC(=O)C(CI)C(=O)OC(C)(C)C.FC(F)(F)c1cc(I)ccn1,COC(=O)C(Cc1ccnc(C(F)(F)F)c1)C(=O)OC(C)(C)C,r_smiles,train-group-000051950,0
train-000259751,train,COC(=O)C(CI)C(=O)OC(C)(C)C.c1(I)ccnc(C(F)(F)F)c1,COC(=O)C(Cc1ccnc(C(F)(F)F)c1)C(=O)OC(C)(C)C,r_smiles,train-group-000051950,1
train-000259752,train,FC(F)(F)c1cc(I)ccn1.COC(=O)C(CI)C(=O)OC(C)(C)C,COC(=O)C(Cc1ccnc(C(F)(F)F)c1)C(=O)OC(C)(C)C,r_smiles,train-group-000051950,2
train-000259753,train,c1(I)ccnc(C(F)(F)F)c1.O(C(=O)C(CI)C(=O)OC)C(C)(C)C,O(C(=O)C(Cc1ccnc(C(F)(F)F)c1)C(=O)OC)C(C)(C)C,r_smiles,train-group-000051950,3
train-000259754,train,ICC(C(=O)OC)C(=O)OC(C)(C)C.C(F)(F)(F)c1cc(I)ccn1,C(c1ccnc(C(F)(F)F)c1)C(C(=O)OC)C(=O)OC(C)(C)C,r_smiles,train-group-000051950,4
train-001508080,train,N#Cc1cccc(C(=O)O)c1.CN(C)C=O.Cc1ccccc1.O=S(Cl)Cl,N#Cc1cccc(C(=O)Cl)c1,r_smiles,train-group-000301616,0
train-001508081,train,c1(C(=O)O)cccc(C#N)c1.c1ccc(C)cc1.N(C)(C)C=O.ClS(=O)Cl,c1(C(=O)Cl)cccc(C#N)c1,r_smiles,train-group-000301616,1
train-001508082,train,c1cccc(C)c1.S(=O)(Cl)Cl.O=C(O)c1cccc(C#N)c1.C(=O)N(C)C,O=C(Cl)c1cccc(C#N)c1,r_smiles,train-group-000301616,2
train-001508083,train,c1ccccc1C.c1ccc(C#N)cc1C(=O)O.N(C)(C)C=O.ClS(=O)Cl,c1ccc(C#N)cc1C(=O)Cl,r_smiles,train-group-000301616,3
train-001508084,train,C(=O)N(C)C.c1cccc(C)c1.OC(=O)c1cccc(C#N)c1.ClS(=O)Cl,C(=O)(Cl)c1cccc(C#N)c1,r_smiles,train-group-000301616,4
train-000440915,train,COC=C1C(=O)NC(=O)c2ccc(Br)cc21.CC(N)(C(=O)O)c1ccc(N)cc1.CN(C)C=O,C(Nc1ccc(C(C)(N)C(=O)O)cc1)=C1C(=O)NC(=O)c2ccc(Br)cc21,r_smiles,train-group-000088183,0
train-000440916,train,CN(C)C=O.c1cc(N)ccc1C(C)(N)C(=O)O.c1c(Br)ccc2c1C(=COC)C(=O)NC2=O,c1c(Br)ccc2c1C(=CNc1ccc(C(C)(N)C(=O)O)cc1)C(=O)NC2=O,r_smiles,train-group-000088183,1
train-000440917,train,c1cc(N)ccc1C(C)(N)C(=O)O.C1(=COC)C(=O)NC(=O)c2ccc(Br)cc21.N(C)(C)C=O,C1(=CNc2ccc(C(C)(N)C(=O)O)cc2)C(=O)NC(=O)c2ccc(Br)cc21,r_smiles,train-group-000088183,2
train-000440918,train,OC(=O)C(C)(N)c1ccc(N)cc1.CN(C)C=O.c1cc(Br)cc2c1C(=O)NC(=O)C2=COC,c1cc(Br)cc2c1C(=O)NC(=O)C2=CNc1ccc(C(C)(N)C(=O)O)cc1,r_smiles,train-group-000088183,3
train-000440919,train,c1c(Br)ccc2c1C(=COC)C(=O)NC2=O.NC(C)(C(=O)O)c1ccc(N)cc1.C(=O)N(C)C,c1c(Br)ccc2c1C(=CNc1ccc(C(C)(N)C(=O)O)cc1)C(=O)NC2=O,r_smiles,train-group-000088183,4
train-001310135,train,ClC(Cl)Cl.O=C(OO)c1cccc(Cl)c1.C=C(C)Cc1c(O)c(Cl)cc(F)c1-n1c(=O)cc(C(F)(F)F)n(C)c1=O,C1OC1(C)Cc1c(O)c(Cl)cc(F)c1-n1c(=O)cc(C(F)(F)F)n(C)c1=O,r_smiles,train-group-000262027,0
train-001310136,train,O(O)C(=O)c1cccc(Cl)c1.n1(-c2c(F)cc(Cl)c(O)c2CC(=C)C)c(=O)cc(C(F)(F)F)n(C)c1=O.ClC(Cl)Cl,n1(-c2c(F)cc(Cl)c(O)c2CC2(C)CO2)c(=O)cc(C(F)(F)F)n(C)c1=O,r_smiles,train-group-000262027,1
train-001310137,train,Clc1cccc(C(=O)OO)c1.ClC(Cl)Cl.c1(-n2c(=O)cc(C(F)(F)F)n(C)c2=O)c(F)cc(Cl)c(O)c1CC(=C)C,c1(-n2c(=O)cc(C(F)(F)F)n(C)c2=O)c(F)cc(Cl)c(O)c1CC1(C)CO1,r_smiles,train-group-000262027,2
train-001310138,train,O=c1n(C)c(C(F)(F)F)cc(=O)n1-c1c(F)cc(Cl)c(O)c1CC(=C)C.ClC(Cl)Cl.c1c(Cl)cccc1C(=O)OO,O=c1n(C)c(C(F)(F)F)cc(=O)n1-c1c(F)cc(Cl)c(O)c1CC1(C)CO1,r_smiles,train-group-000262027,3
train-001310139,train,c1ccc(C(=O)OO)cc1Cl.O=c1cc(C(F)(F)F)n(C)c(=O)n1-c1c(F)cc(Cl)c(O)c1CC(=C)C.ClC(Cl)Cl,O=c1cc(C(F)(F)F)n(C)c(=O)n1-c1c(F)cc(Cl)c(O)c1CC1(C)CO1,r_smiles,train-group-000262027,4
train-000263575,train,c1ccncc1.CCOC(=O)Cc1nnc(N)s1.CC(=O)Nc1ccc(S(=O)(=O)Cl)cc1.Cl,CC(=O)Nc1ccc(S(=O)(=O)Nc2nnc(CC(=O)OCC)s2)cc1,r_smiles,train-group-000052715,0
train-000263576,train,c1cccnc1.Cl.CCOC(=O)Cc1nnc(N)s1.c1cc(S(=O)(=O)Cl)ccc1NC(C)=O,c1cc(S(=O)(=O)Nc2nnc(CC(=O)OCC)s2)ccc1NC(C)=O,r_smiles,train-group-000052715,1
train-000263577,train,C(C)(=O)Nc1ccc(S(=O)(=O)Cl)cc1.C(C(=O)OCC)c1nnc(N)s1.c1ccccn1.Cl,C(C)(=O)Nc1ccc(S(=O)(=O)Nc2nnc(CC(=O)OCC)s2)cc1,r_smiles,train-group-000052715,2
train-000263578,train,S(=O)(=O)(Cl)c1ccc(NC(C)=O)cc1.c1ccncc1.Cl.n1nc(N)sc1CC(=O)OCC,S(=O)(=O)(Nc1nnc(CC(=O)OCC)s1)c1ccc(NC(C)=O)cc1,r_smiles,train-group-000052715,3
train-000263579,train,N(C(C)=O)c1ccc(S(=O)(=O)Cl)cc1.c1cccnc1.n1nc(N)sc1CC(=O)OCC.Cl,N(C(C)=O)c1ccc(S(=O)(=O)Nc2nnc(CC(=O)OCC)s2)cc1,r_smiles,train-group-000052715,4
train-000940490,train,N#Cc1c(F)cccc1F.[Zn].C1CCOC1.CCOC(=O)CBr.[Cl-].[NH4+].[I],NC(=CC(=O)OCC)c1c(F)cccc1F,r_smiles,train-group-000188098,0
train-000940491,train,[NH4+].[Cl-].[I].C(Br)C(=O)OCC.Fc1cccc(F)c1C#N.[Zn].C1CCOC1,Fc1cccc(F)c1C(N)=CC(=O)OCC,r_smiles,train-group-000188098,1
train-000940492,train,[NH4+].C1CCOC1.[Zn].[I].C(Br)C(=O)OCC.c1(F)cccc(F)c1C#N.[Cl-],c1(F)cccc(F)c1C(N)=CC(=O)OCC,r_smiles,train-group-000188098,2
train-000940493,train,[Cl-].CCOC(=O)CBr.C1CCOC1.[I].c1(C#N)c(F)cccc1F.[Zn].[NH4+],c1(C(N)=CC(=O)OCC)c(F)cccc1F,r_smiles,train-group-000188098,3
train-000940494,train,[Zn].[Cl-].C1CCOC1.[NH4+].[I].Fc1cccc(F)c1C#N.C(C)OC(=O)CBr,Fc1cccc(F)c1C(N)=CC(=O)OCC,r_smiles,train-group-000188098,4
train-001259825,train,CC(=O)OC(C)=O.CNC(=O)C(NC(=O)c1ccc(-c2ccc3nc(N)[nH]c3c2)o1)C1CCCCC1.c1ccncc1,CNC(=O)C(NC(=O)c1ccc(-c2ccc3nc(NC(C)=O)[nH]c3c2)o1)C1CCCCC1,r_smiles,train-group-000251965,0
train-001259826,train,c1ccncc1.O(C(C)=O)C(C)=O.O=C(NC)C(NC(=O)c1ccc(-c2ccc3nc(N)[nH]c3c2)o1)C1CCCCC1,O=C(NC)C(NC(=O)c1ccc(-c2ccc3nc(NC(C)=O)[nH]c3c2)o1)C1CCCCC1,r_smiles,train-group-000251965,1
train-001259827,train,n1ccccc1.C(=O)(NC)C(NC(=O)c1ccc(-c2ccc3nc(N)[nH]c3c2)o1)C1CCCCC1.O(C(C)=O)C(C)=O,C(=O)(NC)C(NC(=O)c1ccc(-c2ccc3nc(NC(C)=O)[nH]c3c2)o1)C1CCCCC1,r_smiles,train-group-000251965,2
train-001259828,train,C1CCC(C(NC(=O)c2ccc(-c3ccc4nc(N)[nH]c4c3)o2)C(=O)NC)CC1.c1ccncc1.CC(=O)OC(C)=O,C1CCC(C(NC(=O)c2ccc(-c3ccc4nc(NC(C)=O)[nH]c4c3)o2)C(=O)NC)CC1,r_smiles,train-group-000251965,3
train-001259829,train,c1ccccn1.CC(=O)OC(C)=O.O=C(NC(C(=O)NC)C1CCCCC1)c1ccc(-c2ccc3nc(N)[nH]c3c2)o1,O=C(NC(C(=O)NC)C1CCCCC1)c1ccc(-c2ccc3nc(NC(C)=O)[nH]c3c2)o1,r_smiles,train-group-000251965,4
train-001624345,train,Cl.C1CCOC1.COc1cccc2c1COC2=O.[BH4-].[Li+],COc1cccc(CO)c1CO,r_smiles,train-group-000324869,0
train-001624346,train,Cl.[Li+].c1ccc(OC)c2c1C(=O)OC2.O1CCCC1.[BH4-],c1ccc(OC)c(CO)c1CO,r_smiles,train-group-000324869,1
train-001624347,train,O1CCCC1.[Li+].Cl.[BH4-].COc1cccc2c1COC2=O,COc1cccc(CO)c1CO,r_smiles,train-group-000324869,2
train-001624348,train,[Li+].[BH4-].O1CCCC1.C1OC(=O)c2cccc(OC)c21.Cl,C(O)c1c(CO)cccc1OC,r_smiles,train-group-000324869,3
train-001624349,train,c12c(OC)cccc1C(=O)OC2.[Li+].C1CCCO1.[BH4-].Cl,c1(CO)c(CO)cccc1OC,r_smiles,train-group-000324869,4
train-001167675,train,c1ccncc1.CCN(CC)CC.O=S(=O)=O.CS(C)=O.O=C(c1ccccc1)N1CC(O)C1,O=C(c1ccccc1)N1CC(=O)C1,r_smiles,train-group-000233535,0
train-001167676,train,OC1CN(C(=O)c2ccccc2)C1.S(C)(C)=O.O=S(=O)=O.c1ccccn1.CCN(CC)CC,O=C1CN(C(=O)c2ccccc2)C1,r_smiles,train-group-000233535,1
train-001167677,train,c1(C(=O)N2CC(O)C2)ccccc1.O=S(=O)=O.c1cccnc1.CCN(CC)CC.CS(C)=O,c1(C(=O)N2CC(=O)C2)ccccc1,r_smiles,train-group-000233535,2
train-001167678,train,CS(C)=O.c1cccc(C(=O)N2CC(O)C2)c1.c1cccnc1.C(C)N(CC)CC.O=S(=O)=O,c1cccc(C(=O)N2CC(=O)C2)c1,r_smiles,train-group-000233535,3
train-001167679,train,c1ccncc1.OC1CN(C(=O)c2ccccc2)C1.CS(C)=O.CCN(CC)CC.O=S(=O)=O,O=C1CN(C(=O)c2ccccc2)C1,r_smiles,train-group-000233535,4
train-002157355,train,NCCO.CN(C)C(On1nnc2cccnc21)=[N+](C)C.F[P-](F)(F)(F)(F)F.CCN(C(C)C)C(C)C.CC(C)(C)c1nc2cc(S(=O)(=O)n3ccc(C(=O)O)c3)ccc2n1CC1CCC(F)CC1.CN(C)C=O,CC(C)(C)c1nc2cc(S(=O)(=O)n3ccc(C(=O)NCCO)c3)ccc2n1CC1CCC(F)CC1,r_smiles,train-group-000431471,0
train-002157356,train,c1ccnc2c1nnn2OC(N(C)C)=[N+](C)C.NCCO.O=S(=O)(c1ccc2c(c1)nc(C(C)(C)C)n2CC1CCC(F)CC1)n1ccc(C(=O)O)c1.N(C)(C)C=O.C(C)(C)N(CC)C(C)C.F[P-](F)(F)(F)(F)F,O=S(=O)(c1ccc2c(c1)nc(C(C)(C)C)n2CC1CCC(F)CC1)n1ccc(C(=O)NCCO)c1,r_smiles,train-group-000431471,1
train-002157357,train,CC(C)(C)c1nc2cc(S(=O)(=O)n3ccc(C(=O)O)c3)ccc2n1CC1CCC(F)CC1.CCN(C(C)C)C(C)C.F[P-](F)(F)(F)(F)F.N(C)(C)C=O.C(O)CN.n1(OC(N(C)C)=[N+](C)C)nnc2cccnc21,CC(C)(C)c1nc2cc(S(=O)(=O)n3ccc(C(=O)NCCO)c3)ccc2n1CC1CCC(F)CC1,r_smiles,train-group-000431471,2
train-002157358,train,CC(C)(C)c1nc2cc(S(=O)(=O)n3ccc(C(=O)O)c3)ccc2n1CC1CCC(F)CC1.F[P-](F)(F)(F)(F)F.CCN(C(C)C)C(C)C.n1nc2cccnc2n1OC(N(C)C)=[N+](C)C.N(C)(C)C=O.C(O)CN,CC(C)(C)c1nc2cc(S(=O)(=O)n3ccc(C(=O)NCCO)c3)ccc2n1CC1CCC(F)CC1,r_smiles,train-group-000431471,3
train-002157359,train,n1c(C(C)(C)C)n(CC2CCC(F)CC2)c2ccc(S(=O)(=O)n3ccc(C(=O)O)c3)cc12.F[P-](F)(F)(F)(F)F.NCCO.CCN(C(C)C)C(C)C.CN(C)C=O.CN(C)C(On1nnc2cccnc21)=[N+](C)C,n1c(C(C)(C)C)n(CC2CCC(F)CC2)c2ccc(S(=O)(=O)n3ccc(C(=O)NCCO)c3)cc12,r_smiles,train-group-000431471,4
train-000357400,train,[K+].[OH-].C=CCC(C)C(O)CC(=O)OC.CO,C=CCC(C)C(O)CC(=O)O,r_smiles,train-group-000071480,0
train-000357401,train,OC.[OH-].C=CCC(C)C(O)CC(=O)OC.[K+],C=CCC(C)C(O)CC(=O)O,r_smiles,train-group-000071480,1
train-000357402,train,[K+].[OH-].OC.O=C(CC(O)C(C)CC=C)OC,O=C(O)CC(O)C(C)CC=C,r_smiles,train-group-000071480,2
train-000357403,train,C(C=C)C(C)C(O)CC(=O)OC.[K+].CO.[OH-],C(C=C)C(C)C(O)CC(=O)O,r_smiles,train-group-000071480,3
train-000357404,train,OC(CC(=O)OC)C(C)CC=C.CO.[OH-].[K+],OC(CC(=O)O)C(C)CC=C,r_smiles,train-group-000071480,4
train-000010740,train,OCCCCCCBr.ClCCl.CCO.O.CS(=O)O.CO,OCCCCCCS(C)(=O)=O,r_smiles,train-group-000002148,0
train-000010741,train,ClCCl.C(C)O.OS(C)=O.OC.C(CBr)CCCCO.O,C(CCCCO)CS(C)(=O)=O,r_smiles,train-group-000002148,1
train-000010742,train,O.C(Cl)Cl.CO.BrCCCCCCO.C(C)O.CS(=O)O,C(CCCCCO)S(C)(=O)=O,r_smiles,train-group-000002148,2
train-000010743,train,C(C)O.C(Cl)Cl.CO.C(CBr)CCCCO.O.S(C)(=O)O,C(CCCCO)CS(C)(=O)=O,r_smiles,train-group-000002148,3
train-000010744,train,O.ClCCl.BrCCCCCCO.OC.OCC.O=S(C)O,C(CCCCCO)S(C)(=O)=O,r_smiles,train-group-000002148,4
train-000147375,train,CO.[BH3-]C#N.O=C1CCCCC1.CC(=O)O.CC(O)CN,C1(NCC(C)O)CCCCC1,r_smiles,train-group-000029475,0
train-000147376,train,CC(=O)O.OC(C)CN.C1CCC(=O)CC1.OC.C([BH3-])#N,C1CCC(NCC(C)O)CC1,r_smiles,train-group-000029475,1
train-000147377,train,OC.CC(=O)O.OC(C)CN.C([BH3-])#N.C1CCCC(=O)C1,C1CCCC(NCC(C)O)C1,r_smiles,train-group-000029475,2
train-000147378,train,OC(C)CN.N#C[BH3-].O=C(C)O.O=C1CCCCC1.CO,C1(NCC(C)O)CCCCC1,r_smiles,train-group-000029475,3
train-000147379,train,CC(O)CN.OC.C([BH3-])#N.C1CCCCC1=O.CC(=O)O,C1CCCCC1NCC(C)O,r_smiles,train-group-000029475,4
train-001202255,train,CCN(CC)CC.O=[N+]([O-])c1cnc(NCc2ccccc2OC(F)(F)F)nc1NCC1CCC(N2CC(O)C2)CC1.O=S(=O)([O-])[O-].O=C(Cl)C(=O)Cl.[Na+].ClCCl.CS(C)=O.[Na+],O=[N+]([O-])c1cnc(NCc2ccccc2OC(F)(F)F)nc1NCC1CCC(N2CC(=O)C2)CC1,r_smiles,train-group-000240451,0
train-001202256,train,[O-]S(=O)(=O)[O-].CS(C)=O.c1(NCC2CCC(N3CC(O)C3)CC2)nc(NCc2ccccc2OC(F)(F)F)ncc1[N+](=O)[O-].C(Cl)Cl.[Na+].[Na+].C(C)N(CC)CC.C(=O)(Cl)C(=O)Cl,c1(NCC2CCC(N3CC(=O)C3)CC2)nc(NCc2ccccc2OC(F)(F)F)ncc1[N+](=O)[O-],r_smiles,train-group-000240451,1
train-001202257,train,[Na+].C(=O)(Cl)C(=O)Cl.S(C)(C)=O.[O-]S(=O)(=O)[O-].CCN(CC)CC.[Na+].C(Cl)Cl.C1C(O)CN1C1CCC(CNc2nc(NCc3ccccc3OC(F)(F)F)ncc2[N+](=O)[O-])CC1,C1C(=O)CN1C1CCC(CNc2nc(NCc3ccccc3OC(F)(F)F)ncc2[N+](=O)[O-])CC1,r_smiles,train-group-000240451,2
train-001202258,train,S(=O)(=O)([O-])[O-].[Na+].CS(C)=O.ClCCl.C(=O)(Cl)C(=O)Cl.CCN(CC)CC.n1c(NCc2ccccc2OC(F)(F)F)ncc([N+](=O)[O-])c1NCC1CCC(N2CC(O)C2)CC1.[Na+],n1c(NCc2ccccc2OC(F)(F)F)ncc([N+](=O)[O-])c1NCC1CCC(N2CC(=O)C2)CC1,r_smiles,train-group-000240451,3
train-001202259,train,C1(N2CC(O)C2)CCC(CNc2nc(NCc3ccccc3OC(F)(F)F)ncc2[N+](=O)[O-])CC1.O=S(=O)([O-])[O-].C(=O)(Cl)C(=O)Cl.ClCCl.CCN(CC)CC.O=S(C)C.[Na+].[Na+],C1(N2CC(=O)C2)CCC(CNc2nc(NCc3ccccc3OC(F)(F)F)ncc2[N+](=O)[O-])CC1,r_smiles,train-group-000240451,4
train-001137125,train,C[O-].Oc1ccc(OCc2ccccc2)cc1.CCOC(=O)C(C)Br.[Na+].CN(C)P(=O)(N(C)C)N(C)C,O(c1ccc(OCc2ccccc2)cc1)C(C)C(=O)OCC,r_smiles,train-group-000227425,0
train-001137126,train,[Na+].c1cccc(COc2ccc(O)cc2)c1.N(C)(C)P(=O)(N(C)C)N(C)C.[O-]C.CC(Br)C(=O)OCC,c1cccc(COc2ccc(OC(C)C(=O)OCC)cc2)c1,r_smiles,train-group-000227425,1
train-001137127,train,BrC(C)C(=O)OCC.[Na+].[O-]C.c1ccc(COc2ccc(O)cc2)cc1.N(C)(C)P(=O)(N(C)C)N(C)C,c1ccc(COc2ccc(OC(C)C(=O)OCC)cc2)cc1,r_smiles,train-group-000227425,2
train-001137128,train,C[O-].c1cccc(COc2ccc(O)cc2)c1.N(C)(C)P(=O)(N(C)C)N(C)C.CC(Br)C(=O)OCC.[Na+],c1cccc(COc2ccc(OC(C)C(=O)OCC)cc2)c1,r_smiles,train-group-000227425,3
train-001137129,train,[Na+].BrC(C)C(=O)OCC.[O-]C.N(C)(C)P(=O)(N(C)C)N(C)C.c1cccc(COc2ccc(O)cc2)c1,c1cccc(COc2ccc(OC(C)C(=O)OCC)cc2)c1,r_smiles,train-group-000227425,4
train-001036115,train,[Na+].CC(=O)O[BH-](OC(C)=O)OC(C)=O.CC(=O)O.COC(=O)c1ccsc1N.ClCCl.CC(C)C=O,COC(=O)c1ccsc1NCC(C)C,r_smiles,train-group-000207223,0
train-001036116,train,O=C(C)O.C(Cl)Cl.[Na+].O=C(C)O[BH-](OC(C)=O)OC(C)=O.O=CC(C)C.C(=O)(OC)c1ccsc1N,C(=O)(OC)c1ccsc1NCC(C)C,r_smiles,train-group-000207223,1
train-001036117,train,[Na+].ClCCl.O=CC(C)C.OC(C)=O.O([BH-](OC(C)=O)OC(C)=O)C(C)=O.C(=O)(OC)c1ccsc1N,C(=O)(OC)c1ccsc1NCC(C)C,r_smiles,train-group-000207223,2
train-001036118,train,[Na+].CC(C)C=O.O=C(C)O.C(Cl)Cl.O(C)C(=O)c1ccsc1N.O=C(C)O[BH-](OC(C)=O)OC(C)=O,O(C)C(=O)c1ccsc1NCC(C)C,r_smiles,train-group-000207223,3
train-001036119,train,s1ccc(C(=O)OC)c1N.CC(=O)O[BH-](OC(C)=O)OC(C)=O.C(C)(=O)O.[Na+].CC(C)C=O.ClCCl,s1ccc(C(=O)OC)c1NCC(C)C,r_smiles,train-group-000207223,4
train-001931515,train,c1ccncc1.O=S(=O)=O.CCN(CC)CC.O.CC(C)CC(NC(=O)c1ccc2ncccc2c1)C(=O)NC1CCC(C)N(S(=O)(=O)c2ccccn2)CC1O.CS(C)=O,CC(C)CC(NC(=O)c1ccc2ncccc2c1)C(=O)NC1CCC(C)N(S(=O)(=O)c2ccccn2)CC1=O,r_smiles,train-group-000386303,0
train-001931516,train,N(CC)(CC)CC.n1ccccc1.S(C)(C)=O.O.C(=O)(NC(CC(C)C)C(=O)NC1CCC(C)N(S(=O)(=O)c2ccccn2)CC1O)c1ccc2ncccc2c1.O=S(=O)=O,C(=O)(NC(CC(C)C)C(=O)NC1CCC(C)N(S(=O)(=O)c2ccccn2)CC1=O)c1ccc2ncccc2c1,r_smiles,train-group-000386303,1
train-001931517,train,O.CCN(CC)CC.CS(C)=O.n1ccccc1.O=S(=O)=O.O=S(=O)(c1ccccn1)N1CC(O)C(NC(=O)C(CC(C)C)NC(=O)c2ccc3ncccc3c2)CCC1C,O=S(=O)(c1ccccn1)N1CC(=O)C(NC(=O)C(CC(C)C)NC(=O)c2ccc3ncccc3c2)CCC1C,r_smiles,train-group-000386303,2
train-001931518,train,c1cccnc1.CCN(CC)CC.O.O=S(=O)(c1ccccn1)N1CC(O)C(NC(=O)C(CC(C)C)NC(=O)c2ccc3ncccc3c2)CCC1C.O=S(C)C.O=S(=O)=O,O=S(=O)(c1ccccn1)N1CC(=O)C(NC(=O)C(CC(C)C)NC(=O)c2ccc3ncccc3c2)CCC1C,r_smiles,train-group-000386303,3
train-001931519,train,O.CCN(CC)CC.O=S(=O)=O.O=S(=O)(c1ccccn1)N1CC(O)C(NC(=O)C(CC(C)C)NC(=O)c2ccc3ncccc3c2)CCC1C.c1ccncc1.CS(C)=O,O=S(=O)(c1ccccn1)N1CC(=O)C(NC(=O)C(CC(C)C)NC(=O)c2ccc3ncccc3c2)CCC1C,r_smiles,train-group-000386303,4
train-000474410,train,CS(=O)(=O)Nn1c(=O)[nH]c2cc([N+](=O)[O-])c(F)cc2c1=O.COCc1c[nH]cn1,CS(=O)(=O)Nn1c(=O)[nH]c2cc([N+](=O)[O-])c(-n3cnc(COC)c3)cc2c1=O,r_smiles,train-group-000094882,0
train-000474411,train,O=c1[nH]c2cc([N+](=O)[O-])c(F)cc2c(=O)n1NS(C)(=O)=O.[nH]1cnc(COC)c1,O=c1[nH]c2cc([N+](=O)[O-])c(-n3cnc(COC)c3)cc2c(=O)n1NS(C)(=O)=O,r_smiles,train-group-000094882,1
train-000474412,train,c1nc(COC)c[nH]1.O=c1[nH]c2cc([N+](=O)[O-])c(F)cc2c(=O)n1NS(C)(=O)=O,O=c1[nH]c2cc([N+](=O)[O-])c(-n3cnc(COC)c3)cc2c(=O)n1NS(C)(=O)=O,r_smiles,train-group-000094882,2
train-000474413,train,S(C)(=O)(=O)Nn1c(=O)[nH]c2cc([N+](=O)[O-])c(F)cc2c1=O.c1(COC)c[nH]cn1,S(C)(=O)(=O)Nn1c(=O)[nH]c2cc([N+](=O)[O-])c(-n3cnc(COC)c3)cc2c1=O,r_smiles,train-group-000094882,3
train-000474414,train,C(OC)c1c[nH]cn1.CS(=O)(=O)Nn1c(=O)[nH]c2cc([N+](=O)[O-])c(F)cc2c1=O,CS(=O)(=O)Nn1c(=O)[nH]c2cc([N+](=O)[O-])c(-n3cnc(COC)c3)cc2c1=O,r_smiles,train-group-000094882,4
train-001790665,train,CC(C)(C)OC(=O)c1ccc(CCc2ccccc2)cc1Nc1ccc(-c2ccccc2)cc1.ClCCl.O=C(O)C(F)(F)F,OC(=O)c1ccc(CCc2ccccc2)cc1Nc1ccc(-c2ccccc2)cc1,r_smiles,train-group-000358133,0
train-001790666,train,FC(F)(F)C(=O)O.ClCCl.c1(Nc2ccc(-c3ccccc3)cc2)cc(CCc2ccccc2)ccc1C(=O)OC(C)(C)C,c1(Nc2ccc(-c3ccccc3)cc2)cc(CCc2ccccc2)ccc1C(=O)O,r_smiles,train-group-000358133,1
train-001790667,train,C(F)(F)(F)C(=O)O.ClCCl.CC(C)(C)OC(=O)c1ccc(CCc2ccccc2)cc1Nc1ccc(-c2ccccc2)cc1,OC(=O)c1ccc(CCc2ccccc2)cc1Nc1ccc(-c2ccccc2)cc1,r_smiles,train-group-000358133,2
train-001790668,train,ClCCl.c1(Nc2ccc(-c3ccccc3)cc2)cc(CCc2ccccc2)ccc1C(=O)OC(C)(C)C.FC(F)(F)C(=O)O,c1(Nc2ccc(-c3ccccc3)cc2)cc(CCc2ccccc2)ccc1C(=O)O,r_smiles,train-group-000358133,3
train-001790669,train,FC(F)(F)C(=O)O.c1(CCc2ccc(C(=O)OC(C)(C)C)c(Nc3ccc(-c4ccccc4)cc3)c2)ccccc1.ClCCl,c1(CCc2ccc(C(=O)O)c(Nc3ccc(-c4ccccc4)cc3)c2)ccccc1,r_smiles,train-group-000358133,4
train-002050725,train,[I-].[Na+].[Na+].O=C([O-])[O-].Clc1cc(Nc2ncnc3sc4c(c23)CCc2nn(CCBr)cc2-4)ccc1OCc1ccccn1.CN(C)C=O.CN1CCNCC1.[Na+],Clc1cc(Nc2ncnc3sc4c(c23)CCc2nn(CCN3CCN(C)CC3)cc2-4)ccc1OCc1ccccn1,r_smiles,train-group-000410145,0
train-002050726,train,[Na+].C1CN(C)CCN1.[I-].[O-]C(=O)[O-].CN(C)C=O.[Na+].c1ccc(COc2ccc(Nc3ncnc4sc5c(c34)CCc3nn(CCBr)cc3-5)cc2Cl)nc1.[Na+],c1ccc(COc2ccc(Nc3ncnc4sc5c(c34)CCc3nn(CCN4CCN(C)CC4)cc3-5)cc2Cl)nc1,r_smiles,train-group-000410145,1
train-002050727,train,C(=O)N(C)C.c1c(Nc2ncnc3sc4c(c23)CCc2nn(CCBr)cc2-4)ccc(OCc2ccccn2)c1Cl.[Na+].[O-]C(=O)[O-].CN1CCNCC1.[Na+].[Na+].[I-],c1c(Nc2ncnc3sc4c(c23)CCc2nn(CCN3CCN(C)CC3)cc2-4)ccc(OCc2ccccn2)c1Cl,r_smiles,train-group-000410145,2
train-002050728,train,[Na+].[Na+].N1(C)CCNCC1.N(C)(C)C=O.[I-].[O-]C(=O)[O-].[Na+].n1ccccc1COc1ccc(Nc2ncnc3sc4c(c23)CCc2nn(CCBr)cc2-4)cc1Cl,n1ccccc1COc1ccc(Nc2ncnc3sc4c(c23)CCc2nn(CCN3CCN(C)CC3)cc2-4)cc1Cl,r_smiles,train-group-000410145,3
train-002050729,train,[Na+].[Na+].C(=O)N(C)C.C(Oc1ccc(Nc2ncnc3sc4c(c23)CCc2nn(CCBr)cc2-4)cc1Cl)c1ccccn1.[Na+].[I-].C1CN(C)CCN1.[O-]C(=O)[O-],C(Oc1ccc(Nc2ncnc3sc4c(c23)CCc2nn(CCN3CCN(C)CC3)cc2-4)cc1Cl)c1ccccn1,r_smiles,train-group-000410145,4
train-002038830,train,Nc1ncc(Br)s1.[K+].O=C([O-])[O-].CCOC(=O)CCS.CN(C)C=O.[K+].O,CCOC(=O)CCSc1cnc(N)s1,r_smiles,train-group-000407766,0
train-002038831,train,[K+].c1nc(N)sc1Br.C(=O)(CCS)OCC.[K+].O=C([O-])[O-].CN(C)C=O.O,C(=O)(CCSc1cnc(N)s1)OCC,r_smiles,train-group-000407766,1
train-002038832,train,O.C(=O)N(C)C.O=C([O-])[O-].[K+].C(C)OC(=O)CCS.[K+].c1(Br)cnc(N)s1,C(C)OC(=O)CCSc1cnc(N)s1,r_smiles,train-group-000407766,2
train-002038833,train,O.C(=O)([O-])[O-].Nc1ncc(Br)s1.[K+].[K+].CN(C)C=O.CCOC(=O)CCS,CCOC(=O)CCSc1cnc(N)s1,r_smiles,train-group-000407766,3
train-002038834,train,[O-]C(=O)[O-].O=CN(C)C.O.Brc1cnc(N)s1.[K+].C(=O)(CCS)OCC.[K+],C(=O)(CCSc1cnc(N)s1)OCC,r_smiles,train-group-000407766,4
train-000034430,train,O=[N+]([O-])c1ccc(Oc2c(Br)cnc3ccsc23)c(F)c1.Nc1ccc(Oc2nccc3cc[nH]c23)c(F)c1,Nc1ccc(Oc2c(Br)cnc3ccsc23)c(F)c1,r_smiles,train-group-000006886,0
train-000034431,train,c1cc(Oc2c(Br)cnc3ccsc23)c(F)cc1[N+](=O)[O-].c1(Oc2nccc3cc[nH]c23)ccc(N)cc1F,c1cc(Oc2c(Br)cnc3ccsc23)c(F)cc1N,r_smiles,train-group-000006886,1
train-000034432,train,c1cnc(Oc2ccc(N)cc2F)c2[nH]ccc12.c1cc([N+](=O)[O-])cc(F)c1Oc1c(Br)cnc2ccsc12,c1cc(N)cc(F)c1Oc1c(Br)cnc2ccsc12,r_smiles,train-group-000006886,2
train-000034433,train,c1(Oc2c(Br)cnc3ccsc23)ccc([N+](=O)[O-])cc1F.c1c[nH]c2c(Oc3ccc(N)cc3F)nccc12,c1(Oc2c(Br)cnc3ccsc23)ccc(N)cc1F,r_smiles,train-group-000006886,3
train-000034434,train,c12sccc1ncc(Br)c2Oc1ccc([N+](=O)[O-])cc1F.c1cc2cc[nH]c2c(Oc2ccc(N)cc2F)n1,c12sccc1ncc(Br)c2Oc1ccc(N)cc1F,r_smiles,train-group-000006886,4
train-001772110,train,CCO.Cl.CCC(=O)Nc1sc(Cl)cc1C(=O)c1ccccc1F,CNc1sc(Cl)cc1C(=O)c1ccccc1F,r_smiles,train-group-000354422,0
train-001772111,train,C(C)O.c1(C(=O)c2ccccc2F)cc(Cl)sc1NC(=O)CC.Cl,c1(C(=O)c2ccccc2F)cc(Cl)sc1NC,r_smiles,train-group-000354422,1
train-001772112,train,c1ccc(F)c(C(=O)c2cc(Cl)sc2NC(=O)CC)c1.Cl.OCC,c1ccc(F)c(C(=O)c2cc(Cl)sc2NC)c1,r_smiles,train-group-000354422,2
train-001772113,train,N(C(=O)CC)c1sc(Cl)cc1C(=O)c1ccccc1F.Cl.OCC,N(C)c1sc(Cl)cc1C(=O)c1ccccc1F,r_smiles,train-group-000354422,3
train-001772114,train,C(C)O.Cl.c1(C(=O)c2cc(Cl)sc2NC(=O)CC)ccccc1F,c1(C(=O)c2cc(Cl)sc2NC)ccccc1F,r_smiles,train-group-000354422,4
train-001461035,train,[Cs+].[Cs+].CN1CCCC1=O.COC(=O)C1CC(OS(=O)(=O)c2ccc(Br)cc2)CN1C(=O)OC(C)(C)C.CCOC(C)=O.O=C([O-])[O-].O.COc1ccc2cc(Br)c(=O)[nH]c2c1,COC(=O)C1CC(Oc2nc3cc(OC)ccc3cc2Br)CN1C(=O)OC(C)(C)C,r_smiles,train-group-000292207,0
train-001461036,train,[Cs+].c1(Br)ccc(S(=O)(=O)OC2CC(C(=O)OC)N(C(=O)OC(C)(C)C)C2)cc1.C1(=O)CCCN1C.[Cs+].CC(=O)OCC.[O-]C(=O)[O-].O.c1c(OC)ccc2cc(Br)c(=O)[nH]c12,C1(Oc2nc3cc(OC)ccc3cc2Br)CC(C(=O)OC)N(C(=O)OC(C)(C)C)C1,r_smiles,train-group-000292207,1
train-001461037,train,O=S(=O)(OC1CC(C(=O)OC)N(C(=O)OC(C)(C)C)C1)c1ccc(Br)cc1.C1CCC(=O)N1C.[Cs+].c12ccc(OC)cc1[nH]c(=O)c(Br)c2.[O-]C(=O)[O-].CC(=O)OCC.[Cs+].O,C1(Oc2nc3cc(OC)ccc3cc2Br)CC(C(=O)OC)N(C(=O)OC(C)(C)C)C1,r_smiles,train-group-000292207,2
train-001461038,train,CCOC(C)=O.[Cs+].C1CC(=O)N(C)C1.c1cc(OC)cc2[nH]c(=O)c(Br)cc12.[Cs+].O.c1cc(S(=O)(=O)OC2CC(C(=O)OC)N(C(=O)OC(C)(C)C)C2)ccc1Br.[O-]C(=O)[O-],C1(Oc2nc3cc(OC)ccc3cc2Br)CC(C(=O)OC)N(C(=O)OC(C)(C)C)C1,r_smiles,train-group-000292207,3
train-001461039,train,C1C(OS(=O)(=O)c2ccc(Br)cc2)CC(C(=O)OC)N1C(=O)OC(C)(C)C.C(=O)([O-])[O-].[Cs+].c1(=O)[nH]c2cc(OC)ccc2cc1Br.O.O(CC)C(C)=O.[Cs+].CN1CCCC1=O,C1C(Oc2nc3cc(OC)ccc3cc2Br)CC(C(=O)OC)N1C(=O)OC(C)(C)C,r_smiles,train-group-000292207,4
train-002137535,train,CCOC(=O)C=Cc1cccc(N)c1.O=C(O)c1cccc(-c2ccc(F)cc2)n1,C(=O)(Nc1cccc(C=CC(=O)OCC)c1)c1cccc(-c2ccc(F)cc2)n1,r_smiles,train-group-000427507,0
train-002137536,train,c1(C(=O)O)cccc(-c2ccc(F)cc2)n1.c1cc(N)cc(C=CC(=O)OCC)c1,c1(C(=O)Nc2cccc(C=CC(=O)OCC)c2)cccc(-c2ccc(F)cc2)n1,r_smiles,train-group-000427507,1
train-002137537,train,c1cc(C(=O)O)nc(-c2ccc(F)cc2)c1.C(C)OC(=O)C=Cc1cccc(N)c1,c1cc(C(=O)Nc2cccc(C=CC(=O)OCC)c2)nc(-c2ccc(F)cc2)c1,r_smiles,train-group-000427507,2
train-002137538,train,c1ccc(C(=O)O)nc1-c1ccc(F)cc1.C(=Cc1cccc(N)c1)C(=O)OCC,c1ccc(C(=O)Nc2cccc(C=CC(=O)OCC)c2)nc1-c1ccc(F)cc1,r_smiles,train-group-000427507,3
train-002137539,train,c1cc(F)ccc1-c1cccc(C(=O)O)n1.CCOC(=O)C=Cc1cccc(N)c1,c1cc(F)ccc1-c1cccc(C(=O)Nc2cccc(C=CC(=O)OCC)c2)n1,r_smiles,train-group-000427507,4
train-000482200,train,CCc1ccc(Cc2cc(Br)c(OCCO)cc2Cl)cc1.[H-].C=CCBr.CN(C)C=O.[Na+],CCc1ccc(Cc2cc(Br)c(OCCOCC=C)cc2Cl)cc1,r_smiles,train-group-000096440,0
train-000482201,train,[Na+].CCc1ccc(Cc2cc(Br)c(OCCO)cc2Cl)cc1.[H-].BrCC=C.O=CN(C)C,CCc1ccc(Cc2cc(Br)c(OCCOCC=C)cc2Cl)cc1,r_smiles,train-group-000096440,1
train-000482202,train,c1(Cc2ccc(CC)cc2)cc(Br)c(OCCO)cc1Cl.[H-].C=CCBr.N(C)(C)C=O.[Na+],c1(Cc2ccc(CC)cc2)cc(Br)c(OCCOCC=C)cc1Cl,r_smiles,train-group-000096440,2
train-000482203,train,c1(Cc2cc(Br)c(OCCO)cc2Cl)ccc(CC)cc1.[H-].[Na+].C(=O)N(C)C.C(Br)C=C,c1(Cc2cc(Br)c(OCCOCC=C)cc2Cl)ccc(CC)cc1,r_smiles,train-group-000096440,3
train-000482204,train,[Na+].[H-].c1cc(CC)ccc1Cc1cc(Br)c(OCCO)cc1Cl.C=CCBr.C(=O)N(C)C,c1cc(CC)ccc1Cc1cc(Br)c(OCCOCC=C)cc1Cl,r_smiles,train-group-000096440,4
train-000283015,train,O=P(Cl)(Cl)Cl.NC(=O)CCc1ccncc1,N#CCCc1ccncc1,r_smiles,train-group-000056603,0
train-000283016,train,ClP(=O)(Cl)Cl.c1cc(CCC(N)=O)ccn1,c1cc(CCC#N)ccn1,r_smiles,train-group-000056603,1
train-000283017,train,ClP(=O)(Cl)Cl.O=C(N)CCc1ccncc1,C(#N)CCc1ccncc1,r_smiles,train-group-000056603,2
train-000283018,train,ClP(=O)(Cl)Cl.C(N)(=O)CCc1ccncc1,C(#N)CCc1ccncc1,r_smiles,train-group-000056603,3
train-000283019,train,ClP(=O)(Cl)Cl.c1cnccc1CCC(N)=O,c1cnccc1CCC#N,r_smiles,train-group-000056603,4
train-000854040,train,Cl.CC(C)(C)OC(=O)C(N)C1NC(C(=O)OCc2ccccc2)C2(CCOCC2)S1.C[N+](=O)[O-],Cl.OC(=O)C(N)C1NC(C(=O)OCc2ccccc2)C2(CCOCC2)S1,r_smiles,train-group-000170808,0
train-000854041,train,Cl.O=C(OCc1ccccc1)C1NC(C(N)C(=O)OC(C)(C)C)SC12CCOCC2.C[N+](=O)[O-],Cl.O=C(OCc1ccccc1)C1NC(C(N)C(=O)O)SC12CCOCC2,r_smiles,train-group-000170808,1
train-000854042,train,Cl.[N+](C)(=O)[O-].c1cccc(COC(=O)C2NC(C(N)C(=O)OC(C)(C)C)SC23CCOCC3)c1,Cl.c1cccc(COC(=O)C2NC(C(N)C(=O)O)SC23CCOCC3)c1,r_smiles,train-group-000170808,2
train-000854043,train,[N+](C)(=O)[O-].C(C)(C)(C)OC(=O)C(N)C1NC(C(=O)OCc2ccccc2)C2(CCOCC2)S1.Cl,OC(=O)C(N)C1NC(C(=O)OCc2ccccc2)C2(CCOCC2)S1.Cl,r_smiles,train-group-000170808,3
train-000854044,train,O=[N+](C)[O-].Cl.C1COCCC12SC(C(N)C(=O)OC(C)(C)C)NC2C(=O)OCc1ccccc1,Cl.C1COCCC12SC(C(N)C(=O)O)NC2C(=O)OCc1ccccc1,r_smiles,train-group-000170808,4
train-001694350,train,c1ccc(P(c2ccccc2)c2ccccc2)cc1.O=C([O-])[O-].[Na+].[Pd+2].CC(=O)[O-].OB(O)c1ccccc1F.[Na+].Cc1ccccc1.CCOC(=O)CCc1ccc(Br)nc1.CC(=O)[O-].O.CCO,CCOC(=O)CCc1ccc(-c2ccccc2F)nc1,r_smiles,train-group-000338870,0
train-001694351,train,[Na+].[Pd+2].c1cccc(P(c2ccccc2)c2ccccc2)c1.O.OCC.[Na+].CC(=O)[O-].C(=O)([O-])[O-].Cc1ccccc1.OB(O)c1ccccc1F.C(C)(=O)[O-].c1nc(Br)ccc1CCC(=O)OCC,c1nc(-c2ccccc2F)ccc1CCC(=O)OCC,r_smiles,train-group-000338870,1
train-001694352,train,C(=O)(CCc1ccc(Br)nc1)OCC.[Pd+2].[Na+].CCO.O=C(C)[O-].Cc1ccccc1.[Na+].c1cccc(P(c2ccccc2)c2ccccc2)c1.B(O)(O)c1ccccc1F.O=C([O-])[O-].O.C(C)(=O)[O-],C(=O)(CCc1ccc(-c2ccccc2F)nc1)OCC,r_smiles,train-group-000338870,2
train-001694353,train,[Na+].[Na+].C(C)(=O)[O-].c1ccccc1C.O=C(C)[O-].c1cccc(P(c2ccccc2)c2ccccc2)c1.C(CC(=O)OCC)c1ccc(Br)nc1.OB(O)c1ccccc1F.[O-]C(=O)[O-].C(C)O.O.[Pd+2],C(CC(=O)OCC)c1ccc(-c2ccccc2F)nc1,r_smiles,train-group-000338870,3
train-001694354,train,[Pd+2].OCC.c1cccc(P(c2ccccc2)c2ccccc2)c1.B(O)(O)c1ccccc1F.CC(=O)[O-].O.[Na+].[Na+].[O-]C(=O)[O-].O=C(C)[O-].O=C(CCc1ccc(Br)nc1)OCC.c1ccccc1C,O=C(CCc1ccc(-c2ccccc2F)nc1)OCC,r_smiles,train-group-000338870,4
train-000683185,train,CCN(CC)CC.O=C(Cl)Cc1ccccc1.[Na+].O.C1CCOC1.Nc1n[nH]c(-c2ccc(F)cc2)c1-c1ccncc1.[OH-].CO,N(C(=O)Cc1ccccc1)c1n[nH]c(-c2ccc(F)cc2)c1-c1ccncc1,r_smiles,train-group-000136637,0
train-000683186,train,[OH-].c1(-c2ccc(F)cc2)[nH]nc(N)c1-c1ccncc1.c1cccc(CC(=O)Cl)c1.O.C1CCOC1.CO.C(C)N(CC)CC.[Na+],c1(-c2ccc(F)cc2)[nH]nc(NC(=O)Cc2ccccc2)c1-c1ccncc1,r_smiles,train-group-000136637,1
train-000683187,train,c1cccc(CC(=O)Cl)c1.[OH-].n1ccc(-c2c(N)n[nH]c2-c2ccc(F)cc2)cc1.O1CCCC1.[Na+].C(C)N(CC)CC.OC.O,n1ccc(-c2c(NC(=O)Cc3ccccc3)n[nH]c2-c2ccc(F)cc2)cc1,r_smiles,train-group-000136637,2
train-000683188,train,c1(-c2ccncc2)c(N)n[nH]c1-c1ccc(F)cc1.[OH-].C1CCCO1.CCN(CC)CC.CO.O.[Na+].c1ccccc1CC(=O)Cl,c1(-c2ccncc2)c(NC(=O)Cc2ccccc2)n[nH]c1-c1ccc(F)cc1,r_smiles,train-group-000136637,3
train-000683189,train,[OH-].C(=O)(Cl)Cc1ccccc1.c1(-c2ccc(F)cc2)[nH]nc(N)c1-c1ccncc1.N(CC)(CC)CC.O.C1CCOC1.[Na+].OC,c1(-c2ccc(F)cc2)[nH]nc(NC(=O)Cc2ccccc2)c1-c1ccncc1,r_smiles,train-group-000136637,4
train-000780905,train,NS(=O)(=O)c1cc(Br)c(F)cc1F.C#Cc1cnn2c(C(F)F)cc(-c3ccc(C(F)(F)F)cc3)nc12,C(#Cc1cnn2c(C(F)F)cc(-c3ccc(C(F)(F)F)cc3)nc12)c1cc(S(N)(=O)=O)c(F)cc1F,r_smiles,train-group-000156181,0
train-000780906,train,n1c(-c2ccc(C(F)(F)F)cc2)cc(C(F)F)n2ncc(C#C)c12.c1(F)cc(F)c(Br)cc1S(N)(=O)=O,n1c(-c2ccc(C(F)(F)F)cc2)cc(C(F)F)n2ncc(C#Cc3cc(S(N)(=O)=O)c(F)cc3F)c12,r_smiles,train-group-000156181,1
train-000780907,train,c1c(Br)c(F)cc(F)c1S(N)(=O)=O.FC(F)(F)c1ccc(-c2cc(C(F)F)n3ncc(C#C)c3n2)cc1,FC(F)(F)c1ccc(-c2cc(C(F)F)n3ncc(C#Cc4cc(S(N)(=O)=O)c(F)cc4F)c3n2)cc1,r_smiles,train-group-000156181,2
train-000780908,train,FC(F)c1cc(-c2ccc(C(F)(F)F)cc2)nc2c(C#C)cnn12.O=S(N)(=O)c1cc(Br)c(F)cc1F,FC(F)c1cc(-c2ccc(C(F)(F)F)cc2)nc2c(C#Cc3cc(S(N)(=O)=O)c(F)cc3F)cnn12,r_smiles,train-group-000156181,3
train-000780909,train,O=S(N)(=O)c1cc(Br)c(F)cc1F.c1cc(-c2cc(C(F)F)n3ncc(C#C)c3n2)ccc1C(F)(F)F,c1cc(-c2cc(C(F)F)n3ncc(C#Cc4cc(S(N)(=O)=O)c(F)cc4F)c3n2)ccc1C(F)(F)F,r_smiles,train-group-000156181,4
train-000157220,train,ClCCl.O=C(O)c1nc(-c2ccc(Cl)cc2Cl)n(-c2ccccc2Cl)n1.O=C(Cl)C(=O)Cl,C(=O)(Cl)c1nc(-c2ccc(Cl)cc2Cl)n(-c2ccccc2Cl)n1,r_smiles,train-group-000031444,0
train-000157221,train,ClCCl.c1(Cl)cc(Cl)ccc1-c1nc(C(=O)O)nn1-c1ccccc1Cl.O=C(Cl)C(=O)Cl,c1(Cl)cc(Cl)ccc1-c1nc(C(=O)Cl)nn1-c1ccccc1Cl,r_smiles,train-group-000031444,1
train-000157222,train,n1c(C(=O)O)nn(-c2ccccc2Cl)c1-c1ccc(Cl)cc1Cl.C(Cl)Cl.ClC(=O)C(=O)Cl,n1c(C(=O)Cl)nn(-c2ccccc2Cl)c1-c1ccc(Cl)cc1Cl,r_smiles,train-group-000031444,2
train-000157223,train,ClC(=O)C(=O)Cl.ClCCl.c1(-n2nc(C(=O)O)nc2-c2ccc(Cl)cc2Cl)ccccc1Cl,c1(-n2nc(C(=O)Cl)nc2-c2ccc(Cl)cc2Cl)ccccc1Cl,r_smiles,train-group-000031444,3
train-000157224,train,c1(Cl)ccc(-c2nc(C(=O)O)nn2-c2ccccc2Cl)c(Cl)c1.ClC(=O)C(=O)Cl.C(Cl)Cl,c1(Cl)ccc(-c2nc(C(=O)Cl)nn2-c2ccccc2Cl)c(Cl)c1,r_smiles,train-group-000031444,4
train-002008970,train,CCOC(=O)c1[se]c2ncccc2c1N=NN(C)C.O.CO.[Na+].Cl.[OH-],OC(=O)c1[se]c2ncccc2c1N=NN(C)C,r_smiles,train-group-000401794,0
train-002008971,train,[se]1c(C(=O)OCC)c(N=NN(C)C)c2cccnc12.[Na+].[OH-].O.OC.Cl,[se]1c(C(=O)O)c(N=NN(C)C)c2cccnc12,r_smiles,train-group-000401794,1
train-002008972,train,c1cnc2[se]c(C(=O)OCC)c(N=NN(C)C)c2c1.CO.Cl.[Na+].O.[OH-],c1cnc2[se]c(C(=O)O)c(N=NN(C)C)c2c1,r_smiles,train-group-000401794,2
train-002008973,train,n1cccc2c(N=NN(C)C)c(C(=O)OCC)[se]c12.[OH-].O.[Na+].Cl.CO,n1cccc2c(N=NN(C)C)c(C(=O)O)[se]c12,r_smiles,train-group-000401794,3
train-002008974,train,c12ncccc1c(N=NN(C)C)c(C(=O)OCC)[se]2.Cl.CO.[Na+].[OH-].O,c12ncccc1c(N=NN(C)C)c(C(=O)O)[se]2,r_smiles,train-group-000401794,4
train-002127660,train,O=C(c1ccc(-n2cncn2)cc1)N1CCC(NCc2ccccc2)CC1.[Na+].C=O.[BH3-]C#N.CO.CC(=O)O,O=C(c1ccc(-n2cncn2)cc1)N1CCC(N(C)Cc2ccccc2)CC1,r_smiles,train-group-000425532,0
train-002127661,train,C1(NCc2ccccc2)CCN(C(=O)c2ccc(-n3cncn3)cc2)CC1.C=O.[Na+].OC.N#C[BH3-].O=C(C)O,C1(N(C)Cc2ccccc2)CCN(C(=O)c2ccc(-n3cncn3)cc2)CC1,r_smiles,train-group-000425532,1
train-002127662,train,[Na+].O=C.CO.C([BH3-])#N.O=C(C)O.c1cc(C(=O)N2CCC(NCc3ccccc3)CC2)ccc1-n1cncn1,c1cc(C(=O)N2CCC(N(C)Cc3ccccc3)CC2)ccc1-n1cncn1,r_smiles,train-group-000425532,2
train-002127663,train,N1(C(=O)c2ccc(-n3cncn3)cc2)CCC(NCc2ccccc2)CC1.C(C)(=O)O.C=O.[Na+].[BH3-]C#N.CO,N1(C(=O)c2ccc(-n3cncn3)cc2)CCC(N(C)Cc2ccccc2)CC1,r_smiles,train-group-000425532,3
train-002127664,train,[Na+].CO.O=C.c1cccc(CNC2CCN(C(=O)c3ccc(-n4cncn4)cc3)CC2)c1.N#C[BH3-].O=C(C)O,c1cccc(CN(C)C2CCN(C(=O)c3ccc(-n4cncn4)cc3)CC2)c1,r_smiles,train-group-000425532,4
train-001644955,train,NN.O.CCO.COC(C)(C)C.Cc1ccccc1-c1cc(C#CCN2C(=O)c3ccccc3C2=O)ncc1C(=O)N(C)Cc1cc(C(F)(F)F)cc(C(F)(F)F)c1,Cc1ccccc1-c1cc(C#CCN)ncc1C(=O)N(C)Cc1cc(C(F)(F)F)cc(C(F)(F)F)c1,r_smiles,train-group-000328991,0
train-001644956,train,OCC.NN.O.CC(C)(C)OC.c1(-c2ccccc2C)cc(C#CCN2C(=O)c3ccccc3C2=O)ncc1C(=O)N(C)Cc1cc(C(F)(F)F)cc(C(F)(F)F)c1,c1(-c2ccccc2C)cc(C#CCN)ncc1C(=O)N(C)Cc1cc(C(F)(F)F)cc(C(F)(F)F)c1,r_smiles,train-group-000328991,1
train-001644957,train,c1(C(=O)N(C)Cc2cc(C(F)(F)F)cc(C(F)(F)F)c2)cnc(C#CCN2C(=O)c3ccccc3C2=O)cc1-c1ccccc1C.CCO.O.NN.O(C)C(C)(C)C,c1(C(=O)N(C)Cc2cc(C(F)(F)F)cc(C(F)(F)F)c2)cnc(C#CCN)cc1-c1ccccc1C,r_smiles,train-group-000328991,2
train-001644958,train,CC(C)(C)OC.C(C)O.O.c1c(CN(C)C(=O)c2cnc(C#CCN3C(=O)c4ccccc4C3=O)cc2-c2ccccc2C)cc(C(F)(F)F)cc1C(F)(F)F.NN,c1c(CN(C)C(=O)c2cnc(C#CCN)cc2-c2ccccc2C)cc(C(F)(F)F)cc1C(F)(F)F,r_smiles,train-group-000328991,3
train-001644959,train,O.NN.CCO.O(C)C(C)(C)C.O=C(c1cnc(C#CCN2C(=O)c3ccccc3C2=O)cc1-c1ccccc1C)N(C)Cc1cc(C(F)(F)F)cc(C(F)(F)F)c1,O=C(c1cnc(C#CCN)cc1-c1ccccc1C)N(C)Cc1cc(C(F)(F)F)cc(C(F)(F)F)c1,r_smiles,train-group-000328991,4
train-002117450,train,N#CCc1cc2ccccc2s1.Cl.CS(C)=O.[K+].[OH-].BrCCCBr.O,N#CC1(c2cc3ccccc3s2)CCC1,r_smiles,train-group-000423490,0
train-002117451,train,C(Br)CCBr.[K+].CS(C)=O.[OH-].Cl.c1c(CC#N)sc2ccccc12.O,c1c(C2(C#N)CCC2)sc2ccccc12,r_smiles,train-group-000423490,1
train-002117452,train,S(C)(C)=O.[K+].Cl.c1cccc2cc(CC#N)sc12.O.BrCCCBr.[OH-],c1cccc2cc(C3(C#N)CCC3)sc12,r_smiles,train-group-000423490,2
train-002117453,train,CS(C)=O.C(CBr)CBr.[K+].Cl.O.[OH-].C(C#N)c1cc2ccccc2s1,C1(C#N)(c2cc3ccccc3s2)CCC1,r_smiles,train-group-000423490,3
train-002117454,train,CS(C)=O.O.[OH-].Cl.N#CCc1cc2ccccc2s1.[K+].BrCCCBr,N#CC1(c2cc3ccccc3s2)CCC1,r_smiles,train-group-000423490,4
train-000036010,train,Cc1cc(N)ccc1F.CCOC(=O)CC#N,Cc1cc(NC(=O)CC#N)ccc1F,r_smiles,train-group-000007202,0
train-000036011,train,C(#N)CC(=O)OCC.c1cc(F)c(C)cc1N,c1cc(F)c(C)cc1NC(=O)CC#N,r_smiles,train-group-000007202,1
train-000036012,train,c1(N)ccc(F)c(C)c1.C(C#N)C(=O)OCC,c1(NC(=O)CC#N)ccc(F)c(C)c1,r_smiles,train-group-000007202,2
train-000036013,train,Cc1cc(N)ccc1F.N#CCC(=O)OCC,Cc1cc(NC(=O)CC#N)ccc1F,r_smiles,train-group-000007202,3
train-000036014,train,c1cc(N)cc(C)c1F.C(#N)CC(=O)OCC,c1cc(NC(=O)CC#N)cc(C)c1F,r_smiles,train-group-000007202,4
train-001565030,train,CCOCC.[Mg+]c1ccc(Cl)cc1.[Br-].CCOC(=O)C(C#N)=C1CCOCC1,CCOC(=O)C(C#N)C1(c2ccc(Cl)cc2)CCOCC1,r_smiles,train-group-000313006,0
train-001565031,train,O(CC)CC.[Br-].C1(=C(C#N)C(=O)OCC)CCOCC1.[Mg+]c1ccc(Cl)cc1,C1(c2ccc(Cl)cc2)(C(C#N)C(=O)OCC)CCOCC1,r_smiles,train-group-000313006,1
train-001565032,train,CCOCC.c1cc([Mg+])ccc1Cl.C(C#N)(C(=O)OCC)=C1CCOCC1.[Br-],C(C#N)(C(=O)OCC)C1(c2ccc(Cl)cc2)CCOCC1,r_smiles,train-group-000313006,2
train-001565033,train,[Mg+]c1ccc(Cl)cc1.C1COCCC1=C(C#N)C(=O)OCC.CCOCC.[Br-],C1COCCC1(c1ccc(Cl)cc1)C(C#N)C(=O)OCC,r_smiles,train-group-000313006,3
train-001565034,train,[Br-].C1(=C(C#N)C(=O)OCC)CCOCC1.[Mg+]c1ccc(Cl)cc1.CCOCC,C1(c2ccc(Cl)cc2)(C(C#N)C(=O)OCC)CCOCC1,r_smiles,train-group-000313006,4
train-002098195,train,COC(=O)c1c(Cl)ccc([N+](=O)[O-])c1N.CCOC(=O)CC(=O)OCC.O=C([O-])[O-].CN(C)C=O.[K+].[K+].Cl,COC(=O)c1c(C(C(=O)OCC)C(=O)OCC)ccc([N+](=O)[O-])c1N,r_smiles,train-group-000419639,0
train-002098196,train,Cl.O=C(CC(=O)OCC)OCC.O=C([O-])[O-].[K+].[K+].CN(C)C=O.Clc1ccc([N+](=O)[O-])c(N)c1C(=O)OC,c1(C(C(=O)OCC)C(=O)OCC)ccc([N+](=O)[O-])c(N)c1C(=O)OC,r_smiles,train-group-000419639,1
train-002098197,train,[K+].C(=O)(CC(=O)OCC)OCC.[K+].Cl.C(=O)([O-])[O-].CN(C)C=O.c1(Cl)ccc([N+](=O)[O-])c(N)c1C(=O)OC,c1(C(C(=O)OCC)C(=O)OCC)ccc([N+](=O)[O-])c(N)c1C(=O)OC,r_smiles,train-group-000419639,2
train-002098198,train,C(=O)([O-])[O-].[K+].N(C)(C)C=O.[K+].C(C(=O)OCC)C(=O)OCC.O(C)C(=O)c1c(Cl)ccc([N+](=O)[O-])c1N.Cl,O(C)C(=O)c1c(C(C(=O)OCC)C(=O)OCC)ccc([N+](=O)[O-])c1N,r_smiles,train-group-000419639,3
train-002098199,train,[K+].[K+].O=CN(C)C.[O-][N+](=O)c1ccc(Cl)c(C(=O)OC)c1N.O=C(CC(=O)OCC)OCC.O=C([O-])[O-].Cl,[O-][N+](=O)c1ccc(C(C(=O)OCC)C(=O)OCC)c(C(=O)OC)c1N,r_smiles,train-group-000419639,4
train-002127305,train,ClCCl.BrB(Br)Br.CCC(=C(c1ccccc1)c1ccc(C=CC(=O)NS(=O)(=O)c2ccc(OC)cc2)cc1)c1ccccc1,CCC(=C(c1ccccc1)c1ccc(C=CC(=O)NS(=O)(=O)c2ccc(O)cc2)cc1)c1ccccc1,r_smiles,train-group-000425461,0
train-002127306,train,B(Br)(Br)Br.C(Cl)Cl.c1(C=CC(=O)NS(=O)(=O)c2ccc(OC)cc2)ccc(C(=C(CC)c2ccccc2)c2ccccc2)cc1,c1(C=CC(=O)NS(=O)(=O)c2ccc(O)cc2)ccc(C(=C(CC)c2ccccc2)c2ccccc2)cc1,r_smiles,train-group-000425461,1
train-002127307,train,BrB(Br)Br.c1ccc(C(CC)=C(c2ccccc2)c2ccc(C=CC(=O)NS(=O)(=O)c3ccc(OC)cc3)cc2)cc1.C(Cl)Cl,c1ccc(C(CC)=C(c2ccccc2)c2ccc(C=CC(=O)NS(=O)(=O)c3ccc(O)cc3)cc2)cc1,r_smiles,train-group-000425461,2
train-002127308,train,c1cccc(C(=C(CC)c2ccccc2)c2ccc(C=CC(=O)NS(=O)(=O)c3ccc(OC)cc3)cc2)c1.B(Br)(Br)Br.ClCCl,c1cccc(C(=C(CC)c2ccccc2)c2ccc(C=CC(=O)NS(=O)(=O)c3ccc(O)cc3)cc2)c1,r_smiles,train-group-000425461,3
train-002127309,train,C(Cl)Cl.c1cccc(C(=C(CC)c2ccccc2)c2ccc(C=CC(=O)NS(=O)(=O)c3ccc(OC)cc3)cc2)c1.B(Br)(Br)Br,c1cccc(C(=C(CC)c2ccccc2)c2ccc(C=CC(=O)NS(=O)(=O)c3ccc(O)cc3)cc2)c1,r_smiles,train-group-000425461,4
train-001307110,train,Cc1ccc(S(=O)(=O)OCC(C)(O)COc2cccc(-c3noc4ccsc34)c2)cc1.[K+].CC(C)(C)[O-].C1CCOC1,O1CC1(C)COc1cccc(-c2noc3ccsc23)c1,r_smiles,train-group-000261422,0
train-001307111,train,O1CCCC1.c1cc(C)ccc1S(=O)(=O)OCC(C)(O)COc1cccc(-c2noc3ccsc23)c1.CC(C)(C)[O-].[K+],O1CC1(C)COc1cccc(-c2noc3ccsc23)c1,r_smiles,train-group-000261422,1
train-001307112,train,[O-]C(C)(C)C.[K+].o1nc(-c2cccc(OCC(C)(O)COS(=O)(=O)c3ccc(C)cc3)c2)c2sccc12.C1CCOC1,o1nc(-c2cccc(OCC3(C)CO3)c2)c2sccc12,r_smiles,train-group-000261422,2
train-001307113,train,C(OS(=O)(=O)c1ccc(C)cc1)C(C)(O)COc1cccc(-c2noc3ccsc23)c1.C1CCOC1.[K+].CC(C)(C)[O-],C1OC1(C)COc1cccc(-c2noc3ccsc23)c1,r_smiles,train-group-000261422,3
train-001307114,train,C1CCOC1.CC(C)(C)[O-].[K+].c1(-c2noc3ccsc23)cccc(OCC(C)(O)COS(=O)(=O)c2ccc(C)cc2)c1,c1(-c2noc3ccsc23)cccc(OCC2(C)CO2)c1,r_smiles,train-group-000261422,4
train-000958610,train,O=[N+]([O-])c1ccccc1C=CN1CCOCC1.[O].CS(C)=O.Cl[Cu],O=[N+]([O-])c1ccccc1C=O,r_smiles,train-group-000191722,0
train-000958611,train,S(C)(C)=O.[O].Cl[Cu].C1COCCN1C=Cc1ccccc1[N+](=O)[O-],C(=O)c1ccccc1[N+](=O)[O-],r_smiles,train-group-000191722,1
train-000958612,train,[O].O=S(C)C.c1cccc([N+](=O)[O-])c1C=CN1CCOCC1.Cl[Cu],c1cccc([N+](=O)[O-])c1C=O,r_smiles,train-group-000191722,2
train-000958613,train,Cl[Cu].O1CCN(C=Cc2ccccc2[N+](=O)[O-])CC1.[O].S(C)(C)=O,C(=O)c1ccccc1[N+](=O)[O-],r_smiles,train-group-000191722,3
train-000958614,train,c1(C=CN2CCOCC2)ccccc1[N+](=O)[O-].O=S(C)C.[O].Cl[Cu],c1(C=O)ccccc1[N+](=O)[O-],r_smiles,train-group-000191722,4
train-000346615,train,O=C(O)CONC(=O)NCc1ccc(Cl)cc1.CCOC(OCC)C(C)N(Cc1cccc2ccccc12)C(=O)C(N)CC(=O)NC(c1ccccc1)(c1ccccc1)c1ccccc1,CCOC(OCC)C(C)N(Cc1cccc2ccccc12)C(=O)C(CC(=O)NC(c1ccccc1)(c1ccccc1)c1ccccc1)NC(=O)CONC(=O)NCc1ccc(Cl)cc1,r_smiles,train-group-000069323,0
train-000346616,train,c1cc(Cl)ccc1CNC(=O)NOCC(=O)O.C(=O)(C(N)CC(=O)NC(c1ccccc1)(c1ccccc1)c1ccccc1)N(Cc1cccc2ccccc12)C(C)C(OCC)OCC,C(=O)(C(CC(=O)NC(c1ccccc1)(c1ccccc1)c1ccccc1)NC(=O)CONC(=O)NCc1ccc(Cl)cc1)N(Cc1cccc2ccccc12)C(C)C(OCC)OCC,r_smiles,train-group-000069323,1
train-000346617,train,C(NC(=O)NOCC(=O)O)c1ccc(Cl)cc1.c1ccccc1C(NC(=O)CC(N)C(=O)N(Cc1cccc2ccccc12)C(C)C(OCC)OCC)(c1ccccc1)c1ccccc1,c1ccccc1C(NC(=O)CC(NC(=O)CONC(=O)NCc1ccc(Cl)cc1)C(=O)N(Cc1cccc2ccccc12)C(C)C(OCC)OCC)(c1ccccc1)c1ccccc1,r_smiles,train-group-000069323,2
train-000346618,train,N(OCC(=O)O)C(=O)NCc1ccc(Cl)cc1.NC(CC(=O)NC(c1ccccc1)(c1ccccc1)c1ccccc1)C(=O)N(Cc1cccc2ccccc12)C(C)C(OCC)OCC,N(C(=O)CONC(=O)NCc1ccc(Cl)cc1)C(CC(=O)NC(c1ccccc1)(c1ccccc1)c1ccccc1)C(=O)N(Cc1cccc2ccccc12)C(C)C(OCC)OCC,r_smiles,train-group-000069323,3
train-000346619,train,Clc1ccc(CNC(=O)NOCC(=O)O)cc1.C(OCC)(OCC)C(C)N(Cc1cccc2ccccc12)C(=O)C(N)CC(=O)NC(c1ccccc1)(c1ccccc1)c1ccccc1,C(OCC)(OCC)C(C)N(Cc1cccc2ccccc12)C(=O)C(CC(=O)NC(c1ccccc1)(c1ccccc1)c1ccccc1)NC(=O)CONC(=O)NCc1ccc(Cl)cc1,r_smiles,train-group-000069323,4
train-001893980,train,COC(=O)C1=Cc2cc(-c3ccc(OC(C)C)cc3)ccc2S(=O)(=O)CC1.Cl.COCCOC,OC(=O)C1=Cc2cc(-c3ccc(OC(C)C)cc3)ccc2S(=O)(=O)CC1,r_smiles,train-group-000378796,0
train-001893981,train,Cl.COC(=O)C1=Cc2cc(-c3ccc(OC(C)C)cc3)ccc2S(=O)(=O)CC1.C(COC)OC,OC(=O)C1=Cc2cc(-c3ccc(OC(C)C)cc3)ccc2S(=O)(=O)CC1,r_smiles,train-group-000378796,1
train-001893982,train,C(COC)OC.Cl.c1cc(OC(C)C)ccc1-c1ccc2c(c1)C=C(C(=O)OC)CCS2(=O)=O,c1cc(OC(C)C)ccc1-c1ccc2c(c1)C=C(C(=O)O)CCS2(=O)=O,r_smiles,train-group-000378796,2
train-001893983,train,c1cc(-c2ccc(OC(C)C)cc2)cc2c1S(=O)(=O)CCC(C(=O)OC)=C2.C(COC)OC.Cl,c1cc(-c2ccc(OC(C)C)cc2)cc2c1S(=O)(=O)CCC(C(=O)O)=C2,r_smiles,train-group-000378796,3
train-001893984,train,Cl.c1cc2c(cc1-c1ccc(OC(C)C)cc1)C=C(C(=O)OC)CCS2(=O)=O.C(COC)OC,c1cc2c(cc1-c1ccc(OC(C)C)cc1)C=C(C(=O)O)CCS2(=O)=O,r_smiles,train-group-000378796,4
train-000124725,train,COc1cc2ncnc(Oc3cccc(NC(=O)Nc4cc(C(C)(C)C)on4)c3)c2cc1OCCCl.O=S1(=O)CCNCC1.[I-].CCCC[N+](CCCC)(CCCC)CCCC,COc1cc2ncnc(Oc3cccc(NC(=O)Nc4cc(C(C)(C)C)on4)c3)c2cc1OCCN1CCS(=O)(=O)CC1,r_smiles,train-group-000024945,0
train-000124726,train,c1ccc(Oc2ncnc3cc(OC)c(OCCCl)cc23)cc1NC(=O)Nc1cc(C(C)(C)C)on1.C(CC)C[N+](CCCC)(CCCC)CCCC.C1CNCCS1(=O)=O.[I-],c1ccc(Oc2ncnc3cc(OC)c(OCCN4CCS(=O)(=O)CC4)cc23)cc1NC(=O)Nc1cc(C(C)(C)C)on1,r_smiles,train-group-000024945,1
train-000124727,train,c1(Oc2cccc(NC(=O)Nc3cc(C(C)(C)C)on3)c2)ncnc2cc(OC)c(OCCCl)cc12.C(CC)C[N+](CCCC)(CCCC)CCCC.[I-].C1CNCCS1(=O)=O,c1(Oc2cccc(NC(=O)Nc3cc(C(C)(C)C)on3)c2)ncnc2cc(OC)c(OCCN3CCS(=O)(=O)CC3)cc12,r_smiles,train-group-000024945,2
train-000124728,train,c1c(NC(=O)Nc2cc(C(C)(C)C)on2)cccc1Oc1ncnc2cc(OC)c(OCCCl)cc12.[I-].C(CC)C[N+](CCCC)(CCCC)CCCC.O=S1(=O)CCNCC1,c1c(NC(=O)Nc2cc(C(C)(C)C)on2)cccc1Oc1ncnc2cc(OC)c(OCCN3CCS(=O)(=O)CC3)cc12,r_smiles,train-group-000024945,3
train-000124729,train,c1cc(NC(=O)Nc2cc(C(C)(C)C)on2)cc(Oc2ncnc3cc(OC)c(OCCCl)cc23)c1.[I-].C(CC)C[N+](CCCC)(CCCC)CCCC.S1(=O)(=O)CCNCC1,c1cc(NC(=O)Nc2cc(C(C)(C)C)on2)cc(Oc2ncnc3cc(OC)c(OCCN4CCS(=O)(=O)CC4)cc23)c1,r_smiles,train-group-000024945,4
train-001763720,train,CO.Cl.Cc1cc(COC2CCCCO2)ccc1Cc1ccccc1,Cc1cc(CO)ccc1Cc1ccccc1,r_smiles,train-group-000352744,0
train-001763721,train,Cl.CO.c1(Cc2ccccc2)ccc(COC2CCCCO2)cc1C,c1(Cc2ccccc2)ccc(CO)cc1C,r_smiles,train-group-000352744,1
train-001763722,train,Cl.OC.C(c1ccccc1)c1ccc(COC2CCCCO2)cc1C,C(c1ccccc1)c1ccc(CO)cc1C,r_smiles,train-group-000352744,2
train-001763723,train,OC.Cl.C1(OCc2ccc(Cc3ccccc3)c(C)c2)CCCCO1,OCc1ccc(Cc2ccccc2)c(C)c1,r_smiles,train-group-000352744,3
train-001763724,train,c1(Cc2ccc(COC3CCCCO3)cc2C)ccccc1.Cl.OC,c1(Cc2ccc(CO)cc2C)ccccc1,r_smiles,train-group-000352744,4
train-001982185,train,CCN(C(C)C)C(C)C.O=c1ccc2ccc(OCCCNCC3COc4cc5c(cc4O3)OCO5)cc2o1.CN(C)C=O.CCI.Cl,O=c1ccc2ccc(OCCCN(CC)CC3COc4cc5c(cc4O3)OCO5)cc2o1,r_smiles,train-group-000396437,0
train-001982186,train,Cl.O1COc2cc3c(cc21)OCC(CNCCCOc1ccc2ccc(=O)oc2c1)O3.C(C)N(C(C)C)C(C)C.N(C)(C)C=O.CCI,O1COc2cc3c(cc21)OCC(CN(CC)CCCOc1ccc2ccc(=O)oc2c1)O3,r_smiles,train-group-000396437,1
train-001982187,train,Cl.CN(C)C=O.c1cc2ccc(OCCCNCC3COc4cc5c(cc4O3)OCO5)cc2oc1=O.CC(C)N(CC)C(C)C.ICC,c1cc2ccc(OCCCN(CC)CC3COc4cc5c(cc4O3)OCO5)cc2oc1=O,r_smiles,train-group-000396437,2
train-001982188,train,O=CN(C)C.Cl.CCI.C(NCCCOc1ccc2ccc(=O)oc2c1)C1COc2cc3c(cc2O1)OCO3.CC(C)N(CC)C(C)C,C(C1COc2cc3c(cc2O1)OCO3)N(CC)CCCOc1ccc2ccc(=O)oc2c1,r_smiles,train-group-000396437,3
train-001982189,train,Cl.C(C)(C)N(CC)C(C)C.ICC.C(=O)N(C)C.c1c2c(cc3c1OC(CNCCCOc1ccc4ccc(=O)oc4c1)CO3)OCO2,c1c2c(cc3c1OC(CN(CC)CCCOc1ccc4ccc(=O)oc4c1)CO3)OCO2,r_smiles,train-group-000396437,4
train-001563510,train,[H-].[Li+].O=CN1CCCC(c2cccc(C(F)(F)F)c2)C1.C1CCOC1.[H-].[H-].[Al+3].[H-],CN1CCCC(c2cccc(C(F)(F)F)c2)C1,r_smiles,train-group-000312702,0
train-001563511,train,c1(C2CCCN(C=O)C2)cccc(C(F)(F)F)c1.[H-].C1CCCO1.[Li+].[H-].[Al+3].[H-].[H-],c1(C2CCCN(C)C2)cccc(C(F)(F)F)c1,r_smiles,train-group-000312702,1
train-001563512,train,[H-].[Li+].[H-].[Al+3].C1CCOC1.[H-].C1CCC(c2cccc(C(F)(F)F)c2)CN1C=O.[H-],C1CCC(c2cccc(C(F)(F)F)c2)CN1C,r_smiles,train-group-000312702,2
train-001563513,train,[H-].[Al+3].[Li+].C(=O)N1CCCC(c2cccc(C(F)(F)F)c2)C1.[H-].[H-].C1CCCO1.[H-],CN1CCCC(c2cccc(C(F)(F)F)c2)C1,r_smiles,train-group-000312702,3
train-001563514,train,[H-].[H-].[H-].c1c(C2CCCN(C=O)C2)cccc1C(F)(F)F.[Li+].C1CCCO1.[Al+3].[H-],c1c(C2CCCN(C)C2)cccc1C(F)(F)F,r_smiles,train-group-000312702,4
train-000173805,train,O=C([O-])[O-].O.CCO.Nc1ccncc1Br.CC(C)N(C(=O)c1ccccc1)C(C)C.Cc1ccccc1.[K+].OBO.[K+],CC(C)N(C(=O)c1ccccc1-c1cnccc1N)C(C)C,r_smiles,train-group-000034761,0
train-000173806,train,[K+].c1cncc(Br)c1N.B(O)O.C(=O)([O-])[O-].CCO.c1ccccc1C.O.c1ccccc1C(=O)N(C(C)C)C(C)C.[K+],c1cccc(-c2cnccc2N)c1C(=O)N(C(C)C)C(C)C,r_smiles,train-group-000034761,1
train-000173807,train,c1ccc(C)cc1.CCO.O=C([O-])[O-].[K+].O.c1ccccc1C(=O)N(C(C)C)C(C)C.c1(N)ccncc1Br.[K+].OBO,c1cccc(-c2cnccc2N)c1C(=O)N(C(C)C)C(C)C,r_smiles,train-group-000034761,2
train-000173808,train,B(O)O.[K+].[O-]C(=O)[O-].Brc1cnccc1N.CC(C)N(C(=O)c1ccccc1)C(C)C.O.c1ccccc1C.[K+].CCO,CC(C)N(C(=O)c1ccccc1-c1cnccc1N)C(C)C,r_smiles,train-group-000034761,3
train-000173809,train,[K+].c1ccccc1C(=O)N(C(C)C)C(C)C.[O-]C(=O)[O-].[K+].Cc1ccccc1.OBO.C(C)O.c1cc(N)c(Br)cn1.O,c1cccc(-c2cnccc2N)c1C(=O)N(C(C)C)C(C)C,r_smiles,train-group-000034761,4
train-002148915,train,CCCCCC.CCOC(C)=O.CCOC(=O)n1c(C(=O)C2CCCC(C)C2)c(N)c2ccc(Cl)cc21,[nH]1c(C(=O)C2CCCC(C)C2)c(N)c2ccc(Cl)cc12,r_smiles,train-group-000429783,0
train-002148916,train,CCCCCC.C(C)OC(C)=O.C1CC(C)CC(C(=O)c2c(N)c3ccc(Cl)cc3n2C(=O)OCC)C1,C1CC(C)CC(C(=O)c2[nH]c3cc(Cl)ccc3c2N)C1,r_smiles,train-group-000429783,1
train-002148917,train,C(C)OC(=O)n1c(C(=O)C2CCCC(C)C2)c(N)c2ccc(Cl)cc21.C(CC)CCC.C(C)OC(C)=O,[nH]1c(C(=O)C2CCCC(C)C2)c(N)c2ccc(Cl)cc12,r_smiles,train-group-000429783,2
train-002148918,train,O=C(c1c(N)c2ccc(Cl)cc2n1C(=O)OCC)C1CCCC(C)C1.CCOC(C)=O.CCCCCC,O=C(c1[nH]c2cc(Cl)ccc2c1N)C1CCCC(C)C1,r_smiles,train-group-000429783,3
train-002148919,train,Clc1ccc2c(N)c(C(=O)C3CCCC(C)C3)n(C(=O)OCC)c2c1.C(C)CCCC.CCOC(C)=O,Clc1ccc2c(N)c(C(=O)C3CCCC(C)C3)[nH]c2c1,r_smiles,train-group-000429783,4
train-000704445,train,C1CCOC1.CCOC(=O)CC(C)C.CC(C)[N-]C(C)C.[Li+].O=C(c1ccc(F)cc1)c1ccc(F)cc1,OC(c1ccc(F)cc1)(c1ccc(F)cc1)C(C(=O)OCC)C(C)C,r_smiles,train-group-000140889,0
train-000704446,train,O=C(c1ccc(F)cc1)c1ccc(F)cc1.C(C)(C)[N-]C(C)C.C1CCCO1.CC(C)CC(=O)OCC.[Li+],OC(c1ccc(F)cc1)(c1ccc(F)cc1)C(C(=O)OCC)C(C)C,r_smiles,train-group-000140889,1
train-000704447,train,O(CC)C(=O)CC(C)C.[Li+].O=C(c1ccc(F)cc1)c1ccc(F)cc1.C1CCOC1.C(C)(C)[N-]C(C)C,OC(c1ccc(F)cc1)(c1ccc(F)cc1)C(C(=O)OCC)C(C)C,r_smiles,train-group-000140889,2
train-000704448,train,C(C)(C)[N-]C(C)C.C(=O)(c1ccc(F)cc1)c1ccc(F)cc1.[Li+].C1CCOC1.C(C)OC(=O)CC(C)C,C(O)(c1ccc(F)cc1)(c1ccc(F)cc1)C(C(=O)OCC)C(C)C,r_smiles,train-group-000140889,3
train-000704449,train,c1(C(=O)c2ccc(F)cc2)ccc(F)cc1.CC(C)[N-]C(C)C.O(CC)C(=O)CC(C)C.C1CCCO1.[Li+],c1(C(O)(c2ccc(F)cc2)C(C(=O)OCC)C(C)C)ccc(F)cc1,r_smiles,train-group-000140889,4
train-001700035,train,ClC(c1ccccc1)(c1ccccc1)c1ccccc1.c1ccncc1.OCCC1CCC(O)CC1,C(OCCC1CCC(O)CC1)(c1ccccc1)(c1ccccc1)c1ccccc1,r_smiles,train-group-000340007,0
train-001700036,train,C1CC(CCO)CCC1O.c1cccnc1.ClC(c1ccccc1)(c1ccccc1)c1ccccc1,C(OCCC1CCC(O)CC1)(c1ccccc1)(c1ccccc1)c1ccccc1,r_smiles,train-group-000340007,1
train-001700037,train,c1(C(Cl)(c2ccccc2)c2ccccc2)ccccc1.OCCC1CCC(O)CC1.n1ccccc1,c1(C(OCCC2CCC(O)CC2)(c2ccccc2)c2ccccc2)ccccc1,r_smiles,train-group-000340007,2
train-001700038,train,c1cccnc1.c1ccccc1C(Cl)(c1ccccc1)c1ccccc1.C(O)CC1CCC(O)CC1,c1ccccc1C(OCCC1CCC(O)CC1)(c1ccccc1)c1ccccc1,r_smiles,train-group-000340007,3
train-001700039,train,c1ccc(C(Cl)(c2ccccc2)c2ccccc2)cc1.c1ccncc1.OCCC1CCC(O)CC1,c1ccc(C(OCCC2CCC(O)CC2)(c2ccccc2)c2ccccc2)cc1,r_smiles,train-group-000340007,4
train-000918290,train,O=C(O)C(F)(F)F.CCCCc1ccc(C(=O)Cc2ccc(Br)cc2)cc1.CC(=O)Cl,CCCCc1ccc(C(Cl)=Cc2ccc(Br)cc2)cc1,r_smiles,train-group-000183658,0
train-000918291,train,Brc1ccc(CC(=O)c2ccc(CCCC)cc2)cc1.C(F)(F)(F)C(=O)O.ClC(C)=O,Brc1ccc(C=C(Cl)c2ccc(CCCC)cc2)cc1,r_smiles,train-group-000183658,1
train-000918292,train,O=C(C)Cl.c1cc(C(=O)Cc2ccc(Br)cc2)ccc1CCCC.FC(F)(F)C(=O)O,c1cc(C(Cl)=Cc2ccc(Br)cc2)ccc1CCCC,r_smiles,train-group-000183658,2
train-000918293,train,c1(CCCC)ccc(C(=O)Cc2ccc(Br)cc2)cc1.C(F)(F)(F)C(=O)O.O=C(C)Cl,c1(CCCC)ccc(C(Cl)=Cc2ccc(Br)cc2)cc1,r_smiles,train-group-000183658,3
train-000918294,train,c1cc(CCCC)ccc1C(=O)Cc1ccc(Br)cc1.O=C(C)Cl.FC(F)(F)C(=O)O,c1cc(CCCC)ccc1C(Cl)=Cc1ccc(Br)cc1,r_smiles,train-group-000183658,4
train-001320355,train,[K+].[OH-].CCO.CCN(Cc1ccccc1F)C(=O)COc1ccc(OCc2ccccc2C(=O)OC)cc1,CCN(Cc1ccccc1F)C(=O)COc1ccc(OCc2ccccc2C(=O)O)cc1,r_smiles,train-group-000264071,0
train-001320356,train,c1(CN(CC)C(=O)COc2ccc(OCc3ccccc3C(=O)OC)cc2)ccccc1F.CCO.[OH-].[K+],c1(CN(CC)C(=O)COc2ccc(OCc3ccccc3C(=O)O)cc2)ccccc1F,r_smiles,train-group-000264071,1
train-001320357,train,[OH-].c1(OCC(=O)N(CC)Cc2ccccc2F)ccc(OCc2ccccc2C(=O)OC)cc1.[K+].CCO,c1(OCC(=O)N(CC)Cc2ccccc2F)ccc(OCc2ccccc2C(=O)O)cc1,r_smiles,train-group-000264071,2
train-001320358,train,[K+].c1(COc2ccc(OCC(=O)N(CC)Cc3ccccc3F)cc2)ccccc1C(=O)OC.CCO.[OH-],c1(COc2ccc(OCC(=O)N(CC)Cc3ccccc3F)cc2)ccccc1C(=O)O,r_smiles,train-group-000264071,3
train-001320359,train,[OH-].[K+].c1cc(OCC(=O)N(CC)Cc2ccccc2F)ccc1OCc1ccccc1C(=O)OC.OCC,c1cc(OCC(=O)N(CC)Cc2ccccc2F)ccc1OCc1ccccc1C(=O)O,r_smiles,train-group-000264071,4
train-001713630,train,CS(=O)(=O)OC1CN(c2nc(CNC(=O)c3ccco3)cs2)C1.CN(C)C=O.CC([O-])=S.[K+],C1(SC(C)=O)CN(c2nc(CNC(=O)c3ccco3)cs2)C1,r_smiles,train-group-000342726,0
train-001713631,train,c1(C(=O)NCc2csc(N3CC(OS(C)(=O)=O)C3)n2)ccco1.CN(C)C=O.[K+].C(C)([O-])=S,c1(C(=O)NCc2csc(N3CC(SC(C)=O)C3)n2)ccco1,r_smiles,train-group-000342726,1
train-001713632,train,O=CN(C)C.C(C)([O-])=S.[K+].O=S(C)(=O)OC1CN(c2nc(CNC(=O)c3ccco3)cs2)C1,C1(SC(C)=O)CN(c2nc(CNC(=O)c3ccco3)cs2)C1,r_smiles,train-group-000342726,2
train-001713633,train,CC([O-])=S.CN(C)C=O.[K+].c1(C(=O)NCc2csc(N3CC(OS(C)(=O)=O)C3)n2)ccco1,c1(C(=O)NCc2csc(N3CC(SC(C)=O)C3)n2)ccco1,r_smiles,train-group-000342726,3
train-001713634,train,c1ccc(C(=O)NCc2csc(N3CC(OS(C)(=O)=O)C3)n2)o1.[K+].C(C)([O-])=S.CN(C)C=O,c1ccc(C(=O)NCc2csc(N3CC(SC(C)=O)C3)n2)o1,r_smiles,train-group-000342726,4
train-000666555,train,CCOC(C)=O.O=C(NC(Cc1ccccc1)C(=O)O)OCc1ccccc1.CCOP(=O)(C#N)OCC.CCOC(CNCC(=O)OC(C)(C)C)OCC.CCN(CC)CC.CN(C)C=O,O=C(NC(Cc1ccccc1)C(=O)N(CC(=O)OC(C)(C)C)CC(OCC)OCC)OCc1ccccc1,r_smiles,train-group-000133311,0
train-000666556,train,C(C)N(CC)CC.CCOP(=O)(C#N)OCC.CN(C)C=O.C(NCC(OCC)OCC)C(=O)OC(C)(C)C.c1ccccc1CC(NC(=O)OCc1ccccc1)C(=O)O.CC(=O)OCC,c1ccccc1CC(NC(=O)OCc1ccccc1)C(=O)N(CC(=O)OC(C)(C)C)CC(OCC)OCC,r_smiles,train-group-000133311,1
train-000666557,train,C(C)N(CC)CC.N#CP(=O)(OCC)OCC.CC(C)(C)OC(=O)CNCC(OCC)OCC.CC(=O)OCC.C(=O)N(C)C.C(=O)(NC(Cc1ccccc1)C(=O)O)OCc1ccccc1,C(=O)(NC(Cc1ccccc1)C(=O)N(CC(=O)OC(C)(C)C)CC(OCC)OCC)OCc1ccccc1,r_smiles,train-group-000133311,2
train-000666558,train,CCOC(C)=O.CN(C)C=O.O(CC)P(=O)(C#N)OCC.C(NCC(=O)OC(C)(C)C)C(OCC)OCC.C(=O)(O)C(Cc1ccccc1)NC(=O)OCc1ccccc1.N(CC)(CC)CC,C(=O)(C(Cc1ccccc1)NC(=O)OCc1ccccc1)N(CC(=O)OC(C)(C)C)CC(OCC)OCC,r_smiles,train-group-000133311,3
train-000666559,train,c1ccccc1COC(=O)NC(Cc1ccccc1)C(=O)O.C(#N)P(=O)(OCC)OCC.C(C)N(CC)CC.O=C(C)OCC.C(=O)N(C)C.CC(C)(C)OC(=O)CNCC(OCC)OCC,c1ccccc1COC(=O)NC(Cc1ccccc1)C(=O)N(CC(=O)OC(C)(C)C)CC(OCC)OCC,r_smiles,train-group-000133311,4
train-000711515,train,Cc1noc(-c2ccc(Br)cc2)c1NC(=O)OC(C)c1cccc(F)c1F.CCOC(=O)Cc1ccc(B2OC(C)(C)C(C)(C)O2)cc1,Cc1noc(-c2ccc(-c3ccc(CC(=O)OCC)cc3)cc2)c1NC(=O)OC(C)c1cccc(F)c1F,r_smiles,train-group-000142303,0
train-000711516,train,o1nc(C)c(NC(=O)OC(C)c2cccc(F)c2F)c1-c1ccc(Br)cc1.O(CC)C(=O)Cc1ccc(B2OC(C)(C)C(C)(C)O2)cc1,o1nc(C)c(NC(=O)OC(C)c2cccc(F)c2F)c1-c1ccc(-c2ccc(CC(=O)OCC)cc2)cc1,r_smiles,train-group-000142303,1
train-000711517,train,c1(B2OC(C)(C)C(C)(C)O2)ccc(CC(=O)OCC)cc1.c1cc(Br)ccc1-c1onc(C)c1NC(=O)OC(C)c1cccc(F)c1F,c1cc(-c2ccc(CC(=O)OCC)cc2)ccc1-c1onc(C)c1NC(=O)OC(C)c1cccc(F)c1F,r_smiles,train-group-000142303,2
train-000711518,train,CC1(C)OB(c2ccc(CC(=O)OCC)cc2)OC1(C)C.n1oc(-c2ccc(Br)cc2)c(NC(=O)OC(C)c2cccc(F)c2F)c1C,n1oc(-c2ccc(-c3ccc(CC(=O)OCC)cc3)cc2)c(NC(=O)OC(C)c2cccc(F)c2F)c1C,r_smiles,train-group-000142303,3
train-000711519,train,c1(B2OC(C)(C)C(C)(C)O2)ccc(CC(=O)OCC)cc1.O(C(=O)Nc1c(C)noc1-c1ccc(Br)cc1)C(C)c1cccc(F)c1F,O(C(=O)Nc1c(C)noc1-c1ccc(-c2ccc(CC(=O)OCC)cc2)cc1)C(C)c1cccc(F)c1F,r_smiles,train-group-000142303,4
train-000516380,train,NC(CO)Cc1cccc(C(=O)O)c1.CC(C)(C)N=C=S.CCO.Cl.CCN(CC)CC,N(C(=S)NC(C)(C)C)C(CO)Cc1cccc(C(=O)O)c1,r_smiles,train-group-000103276,0
train-000516381,train,C(C)(C)(C)N=C=S.C(C)N(CC)CC.c1(C(=O)O)cccc(CC(N)CO)c1.C(C)O.Cl,c1(C(=O)O)cccc(CC(CO)NC(=S)NC(C)(C)C)c1,r_smiles,train-group-000103276,1
train-000516382,train,Cl.OCC.C(=S)=NC(C)(C)C.C(c1cccc(C(=O)O)c1)C(N)CO.CCN(CC)CC,C(c1cccc(C(=O)O)c1)C(CO)NC(=S)NC(C)(C)C,r_smiles,train-group-000103276,2
train-000516383,train,c1(CC(N)CO)cccc(C(=O)O)c1.N(CC)(CC)CC.C(=S)=NC(C)(C)C.CCO.Cl,c1(CC(CO)NC(=S)NC(C)(C)C)cccc(C(=O)O)c1,r_smiles,train-group-000103276,3
train-000516384,train,C(C)N(CC)CC.C(C)O.S=C=NC(C)(C)C.Cl.C(=O)(O)c1cccc(CC(N)CO)c1,C(=O)(O)c1cccc(CC(CO)NC(=S)NC(C)(C)C)c1,r_smiles,train-group-000103276,4
train-000291915,train,c1ccccc1.CCOC(=O)Cl.O=C([O-])[O-].CCOC(=O)c1oc2ccc(Cl)cc2c1N.[K+].[K+],CCOC(=O)c1oc2ccc(Cl)cc2c1NC(=O)OCC,r_smiles,train-group-000058383,0
train-000291916,train,[O-]C(=O)[O-].c12cc(Cl)ccc1oc(C(=O)OCC)c2N.[K+].c1ccccc1.[K+].O(CC)C(=O)Cl,c12cc(Cl)ccc1oc(C(=O)OCC)c2NC(=O)OCC,r_smiles,train-group-000058383,1
train-000291917,train,[K+].O(CC)C(=O)c1oc2ccc(Cl)cc2c1N.C(C)OC(=O)Cl.c1ccccc1.[K+].C(=O)([O-])[O-],O(CC)C(=O)c1oc2ccc(Cl)cc2c1NC(=O)OCC,r_smiles,train-group-000058383,2
train-000291918,train,c1(Cl)ccc2oc(C(=O)OCC)c(N)c2c1.[K+].C(C)OC(=O)Cl.[K+].c1ccccc1.[O-]C(=O)[O-],c1(Cl)ccc2oc(C(=O)OCC)c(NC(=O)OCC)c2c1,r_smiles,train-group-000058383,3
train-000291919,train,O=C(Cl)OCC.[K+].[K+].CCOC(=O)c1oc2ccc(Cl)cc2c1N.c1ccccc1.O=C([O-])[O-],CCOC(=O)c1oc2ccc(Cl)cc2c1NC(=O)OCC,r_smiles,train-group-000058383,4
train-001893665,train,[K+].O=C([O-])[O-].COC(=O)c1ccc(OC)c(O)c1[N+](=O)[O-].CC#N.[K+].BrC1CCCC1,COC(=O)c1ccc(OC)c(OC2CCCC2)c1[N+](=O)[O-],r_smiles,train-group-000378733,0
train-001893666,train,O=C(OC)c1ccc(OC)c(O)c1[N+](=O)[O-].[K+].C1CCCC1Br.C(C)#N.C(=O)([O-])[O-].[K+],O=C(OC)c1ccc(OC)c(OC2CCCC2)c1[N+](=O)[O-],r_smiles,train-group-000378733,1
train-001893667,train,[K+].[K+].C1CCCC1Br.CC#N.O=C([O-])[O-].c1([N+](=O)[O-])c(C(=O)OC)ccc(OC)c1O,c1([N+](=O)[O-])c(C(=O)OC)ccc(OC)c1OC1CCCC1,r_smiles,train-group-000378733,2
train-001893668,train,[K+].O=C(OC)c1ccc(OC)c(O)c1[N+](=O)[O-].[K+].C1CCC(Br)C1.N#CC.[O-]C(=O)[O-],O=C(OC)c1ccc(OC)c(OC2CCCC2)c1[N+](=O)[O-],r_smiles,train-group-000378733,3
train-001893669,train,[K+].C1(Br)CCCC1.c1cc(C(=O)OC)c([N+](=O)[O-])c(O)c1OC.[K+].C(=O)([O-])[O-].CC#N,c1cc(C(=O)OC)c([N+](=O)[O-])c(OC2CCCC2)c1OC,r_smiles,train-group-000378733,4
train-001812405,train,Cl.C1COCCO1.CCO.CN(CCN1CCC(OC(=O)Nc2ccccc2-c2ccccc2)CC1)C(=O)CCNc1ccc(C(=O)N(C)CCCN(C)C(=O)OC(C)(C)C)cc1,CN(CCN1CCC(OC(=O)Nc2ccccc2-c2ccccc2)CC1)C(=O)CCNc1ccc(C(=O)N(C)CCCNC)cc1,r_smiles,train-group-000362481,0
train-001812406,train,O1CCOCC1.Cl.c1ccc(NC(=O)OC2CCN(CCN(C)C(=O)CCNc3ccc(C(=O)N(C)CCCN(C)C(=O)OC(C)(C)C)cc3)CC2)c(-c2ccccc2)c1.OCC,c1ccc(NC(=O)OC2CCN(CCN(C)C(=O)CCNc3ccc(C(=O)N(C)CCCNC)cc3)CC2)c(-c2ccccc2)c1,r_smiles,train-group-000362481,1
train-001812407,train,Cl.C1(OC(=O)Nc2ccccc2-c2ccccc2)CCN(CCN(C)C(=O)CCNc2ccc(C(=O)N(C)CCCN(C)C(=O)OC(C)(C)C)cc2)CC1.O1CCOCC1.C(C)O,C1(OC(=O)Nc2ccccc2-c2ccccc2)CCN(CCN(C)C(=O)CCNc2ccc(C(=O)N(C)CCCNC)cc2)CC1,r_smiles,train-group-000362481,2
train-001812408,train,Cl.O1CCOCC1.C(CN(C)C(=O)CCNc1ccc(C(=O)N(C)CCCN(C)C(=O)OC(C)(C)C)cc1)N1CCC(OC(=O)Nc2ccccc2-c2ccccc2)CC1.OCC,C(CN(C)C(=O)CCNc1ccc(C(=O)N(C)CCCNC)cc1)N1CCC(OC(=O)Nc2ccccc2-c2ccccc2)CC1,r_smiles,train-group-000362481,3
train-001812409,train,OCC.c1cccc(-c2ccccc2NC(=O)OC2CCN(CCN(C)C(=O)CCNc3ccc(C(=O)N(C)CCCN(C)C(=O)OC(C)(C)C)cc3)CC2)c1.Cl.C1COCCO1,c1cccc(-c2ccccc2NC(=O)OC2CCN(CCN(C)C(=O)CCNc3ccc(C(=O)N(C)CCCNC)cc3)CC2)c1,r_smiles,train-group-000362481,4
train-000953625,train,[C].CO.O=C(OCc1ccccc1)N1CCN(c2nc(OCCC(O)CO)c3ccccc3n2)CC1.[Pd],N1CCN(c2nc(OCCC(O)CO)c3ccccc3n2)CC1,r_smiles,train-group-000190725,0
train-000953626,train,[Pd].OC.c1cccc(COC(=O)N2CCN(c3nc(OCCC(O)CO)c4ccccc4n3)CC2)c1.[C],N1CCN(c2nc(OCCC(O)CO)c3ccccc3n2)CC1,r_smiles,train-group-000190725,1
train-000953627,train,[Pd].c1ccc2c(OCCC(O)CO)nc(N3CCN(C(=O)OCc4ccccc4)CC3)nc2c1.OC.[C],c1ccc2c(OCCC(O)CO)nc(N3CCNCC3)nc2c1,r_smiles,train-group-000190725,2
train-000953628,train,[C].OC(CO)CCOc1nc(N2CCN(C(=O)OCc3ccccc3)CC2)nc2ccccc12.[Pd].CO,OC(CO)CCOc1nc(N2CCNCC2)nc2ccccc12,r_smiles,train-group-000190725,3
train-000953629,train,[C].[Pd].CO.c1ccccc1COC(=O)N1CCN(c2nc(OCCC(O)CO)c3ccccc3n2)CC1,N1CCN(c2nc(OCCC(O)CO)c3ccccc3n2)CC1,r_smiles,train-group-000190725,4
train-001173960,train,CC(CSC(=O)c1ccccc1)C(=O)Cl.O.O=C(O)C1Cc2ccccc2CN1.[OH-].ClCCl.[Na+].C1CNCCN1,CC(CSC(=O)c1ccccc1)C(=O)N1Cc2ccccc2CC1C(=O)O,r_smiles,train-group-000234792,0
train-001173961,train,N1CCNCC1.[Na+].O.C(Cl)Cl.[OH-].ClC(=O)C(C)CSC(=O)c1ccccc1.c1ccc2c(c1)CC(C(=O)O)NC2,C(=O)(C(C)CSC(=O)c1ccccc1)N1Cc2ccccc2CC1C(=O)O,r_smiles,train-group-000234792,1
train-001173962,train,O.c1ccc2c(c1)CC(C(=O)O)NC2.[Na+].C1CNCCN1.ClCCl.O=C(SCC(C)C(=O)Cl)c1ccccc1.[OH-],O=C(SCC(C)C(=O)N1Cc2ccccc2CC1C(=O)O)c1ccccc1,r_smiles,train-group-000234792,2
train-001173963,train,OC(=O)C1Cc2ccccc2CN1.[Na+].c1cccc(C(=O)SCC(C)C(=O)Cl)c1.C1CNCCN1.O.C(Cl)Cl.[OH-],c1cccc(C(=O)SCC(C)C(=O)N2Cc3ccccc3CC2C(=O)O)c1,r_smiles,train-group-000234792,3
train-001173964,train,C(Cl)Cl.N1CCNCC1.O.c1cccc(C(=O)SCC(C)C(=O)Cl)c1.[OH-].[Na+].C1c2ccccc2CNC1C(=O)O,c1cccc(C(=O)SCC(C)C(=O)N2Cc3ccccc3CC2C(=O)O)c1,r_smiles,train-group-000234792,4
train-001817365,train,C1CCOC1.C=CCBr.[H-].C=CCN(C(C)=O)c1cccc(C(F)(F)F)c1.CC(=O)OC(C)=O.[H][H].CC(=O)Nc1ccccc1.[Na+].Nc1ccccc1,N(C(C)=O)c1cccc(C(F)(F)F)c1,r_smiles,train-group-000363473,0
train-001817366,train,c1cccc(N)c1.c1(NC(C)=O)ccccc1.[H][H].[Na+].C(Br)C=C.FC(F)(F)c1cccc(N(CC=C)C(C)=O)c1.C1CCCO1.CC(=O)OC(C)=O.[H-],FC(F)(F)c1cccc(NC(C)=O)c1,r_smiles,train-group-000363473,1
train-001817367,train,C(C)(=O)OC(C)=O.[H-].Nc1ccccc1.C1CCOC1.[Na+].c1cccc(NC(C)=O)c1.[H][H].C(=C)CBr.c1(C(F)(F)F)cccc(N(CC=C)C(C)=O)c1,c1(C(F)(F)F)cccc(NC(C)=O)c1,r_smiles,train-group-000363473,2
train-001817368,train,C1CCCO1.c1cccc(N)c1.C(=C)CN(C(C)=O)c1cccc(C(F)(F)F)c1.c1ccccc1NC(C)=O.[H][H].[H-].C(Br)C=C.[Na+].CC(=O)OC(C)=O,N(C(C)=O)c1cccc(C(F)(F)F)c1,r_smiles,train-group-000363473,3
train-001817369,train,[H][H].CC(=O)OC(C)=O.[Na+].N(C(C)=O)c1ccccc1.C(Br)C=C.[H-].C1CCOC1.Nc1ccccc1.FC(F)(F)c1cccc(N(CC=C)C(C)=O)c1,FC(F)(F)c1cccc(NC(C)=O)c1,r_smiles,train-group-000363473,4
train-001279950,train,ClCCl.[NH4+].[OH-].N#CC1(N)CCCN(Cc2ccccc2)C1.[H-].CO.CC(C)C[Al+]CC(C)C,NCC1(N)CCCN(Cc2ccccc2)C1,r_smiles,train-group-000255990,0
train-001279951,train,C(Cl)Cl.[OH-].[NH4+].[H-].CO.CC(C)C[Al+]CC(C)C.C(c1ccccc1)N1CCCC(N)(C#N)C1,C(c1ccccc1)N1CCCC(N)(CN)C1,r_smiles,train-group-000255990,1
train-001279952,train,C1CCN(Cc2ccccc2)CC1(N)C#N.CC(C)C[Al+]CC(C)C.ClCCl.[NH4+].[H-].[OH-].OC,C1CCN(Cc2ccccc2)CC1(N)CN,r_smiles,train-group-000255990,2
train-001279953,train,C(Cl)Cl.[OH-].N1(Cc2ccccc2)CCCC(N)(C#N)C1.[NH4+].CC(C)C[Al+]CC(C)C.[H-].OC,N1(Cc2ccccc2)CCCC(N)(CN)C1,r_smiles,train-group-000255990,3
train-001279954,train,[OH-].CC(C)C[Al+]CC(C)C.[NH4+].[H-].c1ccccc1CN1CCCC(N)(C#N)C1.CO.C(Cl)Cl,c1ccccc1CN1CCCC(N)(CN)C1,r_smiles,train-group-000255990,4
train-001824735,train,CI.O.Cn1c(SCc2ccc(C(=O)c3ccc(Cl)cc3)cc2)nc(=O)c2cc[nH]c21.CS(C)=O,Cn1c(SCc2ccc(C(=O)c3ccc(Cl)cc3)cc2)nc(=O)c2ccn(C)c21,r_smiles,train-group-000364947,0
train-001824736,train,[nH]1ccc2c(=O)nc(SCc3ccc(C(=O)c4ccc(Cl)cc4)cc3)n(C)c12.S(C)(C)=O.CI.O,n1(C)ccc2c(=O)nc(SCc3ccc(C(=O)c4ccc(Cl)cc4)cc3)n(C)c21,r_smiles,train-group-000364947,1
train-001824737,train,O.CI.c1(CSc2nc(=O)c3cc[nH]c3n2C)ccc(C(=O)c2ccc(Cl)cc2)cc1.S(C)(C)=O,c1(CSc2nc(=O)c3ccn(C)c3n2C)ccc(C(=O)c2ccc(Cl)cc2)cc1,r_smiles,train-group-000364947,2
train-001824738,train,CI.O.c1(C(=O)c2ccc(CSc3nc(=O)c4cc[nH]c4n3C)cc2)ccc(Cl)cc1.O=S(C)C,c1(C(=O)c2ccc(CSc3nc(=O)c4ccn(C)c4n3C)cc2)ccc(Cl)cc1,r_smiles,train-group-000364947,3
train-001824739,train,O.CS(C)=O.IC.c1cc(CSc2nc(=O)c3cc[nH]c3n2C)ccc1C(=O)c1ccc(Cl)cc1,c1cc(CSc2nc(=O)c3ccn(C)c3n2C)ccc1C(=O)c1ccc(Cl)cc1,r_smiles,train-group-000364947,4
train-000956915,train,O=C1NCc2cc(Br)ccc21.CO.C1CCOC1.CC(C)(C)OC(=O)OC(C)(C)C,CC(C)(C)OC(=O)N1Cc2cc(Br)ccc2C1=O,r_smiles,train-group-000191383,0
train-000956916,train,C1CCOC1.OC.C1NC(=O)c2ccc(Br)cc21.O(C(=O)OC(C)(C)C)C(C)(C)C,O(C(=O)N1Cc2cc(Br)ccc2C1=O)C(C)(C)C,r_smiles,train-group-000191383,1
train-000956917,train,CC(C)(C)OC(=O)OC(C)(C)C.OC.c1(Br)ccc2c(c1)CNC2=O.C1CCOC1,CC(C)(C)OC(=O)N1Cc2cc(Br)ccc2C1=O,r_smiles,train-group-000191383,2
train-000956918,train,C1CCOC1.O(C(=O)OC(C)(C)C)C(C)(C)C.OC.c1(Br)ccc2c(c1)CNC2=O,O(C(=O)N1Cc2cc(Br)ccc2C1=O)C(C)(C)C,r_smiles,train-group-000191383,3
train-000956919,train,c1c(Br)ccc2c1CNC2=O.C1CCOC1.CC(C)(C)OC(=O)OC(C)(C)C.OC,CC(C)(C)OC(=O)N1Cc2cc(Br)ccc2C1=O,r_smiles,train-group-000191383,4
train-001470290,train,C1CCC2=NCCCN2CC1.CI.CC(C)=O.COc1ccccc1C1CCC(=O)C=C1C(=O)O,COc1ccccc1C1CCC(=O)C=C1C(=O)OC,r_smiles,train-group-000294058,0
train-001470291,train,C1CCCCC2=NCCCN12.C1=C(C(=O)O)C(c2ccccc2OC)CCC1=O.C(C)(C)=O.IC,C1=C(C(=O)OC)C(c2ccccc2OC)CCC1=O,r_smiles,train-group-000294058,1
train-001470292,train,CI.C1CCCCN2CCCN=C12.CC(C)=O.C1(C(=O)O)=CC(=O)CCC1c1ccccc1OC,C1(C(=O)OC)=CC(=O)CCC1c1ccccc1OC,r_smiles,train-group-000294058,2
train-001470293,train,IC.C1CCCC2=NCCCN2C1.O=C(C)C.C(=O)(O)C1=CC(=O)CCC1c1ccccc1OC,C(=O)(OC)C1=CC(=O)CCC1c1ccccc1OC,r_smiles,train-group-000294058,3
train-001470294,train,C1CCN2CCCCCC2=N1.CC(C)=O.IC.O=C(O)C1=CC(=O)CCC1c1ccccc1OC,O=C(OC)C1=CC(=O)CCC1c1ccccc1OC,r_smiles,train-group-000294058,4
train-001688650,train,ClCCl.O.CN1CC[NH+](C)C1Cl.[Cl-].Nc1ccc(Cl)cc1.CCN(CC)CC.COC1=C(OC)C(=O)C(Cc2ccc(OC(C)=O)c(C(=O)O)c2)=C(C)C1=O,COC1=C(OC)C(=O)C(Cc2ccc(OC(C)=O)c(C(=O)Nc3ccc(Cl)cc3)c2)=C(C)C1=O,r_smiles,train-group-000337730,0
train-001688651,train,C(Cl)Cl.c1(CC2=C(C)C(=O)C(OC)=C(OC)C2=O)ccc(OC(C)=O)c(C(=O)O)c1.C(C)N(CC)CC.[Cl-].[NH+]1(C)CCN(C)C1Cl.O.c1cc(N)ccc1Cl,c1(CC2=C(C)C(=O)C(OC)=C(OC)C2=O)ccc(OC(C)=O)c(C(=O)Nc2ccc(Cl)cc2)c1,r_smiles,train-group-000337730,1
train-001688652,train,c1cc(N)ccc1Cl.N(CC)(CC)CC.ClCCl.O.[Cl-].C1(OC)=C(OC)C(=O)C(Cc2ccc(OC(C)=O)c(C(=O)O)c2)=C(C)C1=O.C1C[NH+](C)C(Cl)N1C,C1(OC)=C(OC)C(=O)C(Cc2ccc(OC(C)=O)c(C(=O)Nc3ccc(Cl)cc3)c2)=C(C)C1=O,r_smiles,train-group-000337730,2
train-001688653,train,C(Cl)Cl.C1C[NH+](C)C(Cl)N1C.Clc1ccc(N)cc1.C(C)N(CC)CC.O.[Cl-].O=C(C)Oc1ccc(CC2=C(C)C(=O)C(OC)=C(OC)C2=O)cc1C(=O)O,O=C(C)Oc1ccc(CC2=C(C)C(=O)C(OC)=C(OC)C2=O)cc1C(=O)Nc1ccc(Cl)cc1,r_smiles,train-group-000337730,3
train-001688654,train,CN1CC[NH+](C)C1Cl.c1cc(N)ccc1Cl.C(Cl)Cl.[Cl-].CCN(CC)CC.O(C(C)=O)c1ccc(CC2=C(C)C(=O)C(OC)=C(OC)C2=O)cc1C(=O)O.O,O(C(C)=O)c1ccc(CC2=C(C)C(=O)C(OC)=C(OC)C2=O)cc1C(=O)Nc1ccc(Cl)cc1,r_smiles,train-group-000337730,4
train-001073410,train,CC(C)C(=O)Nc1cccc(C2CCN(CCCN)CC2)c1.COC(C(=O)O)c1ccc(Cl)c(Cl)c1,CC(C)C(=O)Nc1cccc(C2CCN(CCCNC(=O)C(OC)c3ccc(Cl)c(Cl)c3)CC2)c1,r_smiles,train-group-000214682,0
train-001073411,train,c1(NC(=O)C(C)C)cccc(C2CCN(CCCN)CC2)c1.C(=O)(O)C(OC)c1ccc(Cl)c(Cl)c1,c1(NC(=O)C(C)C)cccc(C2CCN(CCCNC(=O)C(OC)c3ccc(Cl)c(Cl)c3)CC2)c1,r_smiles,train-group-000214682,1
train-001073412,train,c1(NC(=O)C(C)C)cccc(C2CCN(CCCN)CC2)c1.O=C(O)C(OC)c1ccc(Cl)c(Cl)c1,c1(NC(=O)C(C)C)cccc(C2CCN(CCCNC(=O)C(OC)c3ccc(Cl)c(Cl)c3)CC2)c1,r_smiles,train-group-000214682,2
train-001073413,train,OC(=O)C(OC)c1ccc(Cl)c(Cl)c1.CC(C)C(=O)Nc1cccc(C2CCN(CCCN)CC2)c1,CC(C)C(=O)Nc1cccc(C2CCN(CCCNC(=O)C(OC)c3ccc(Cl)c(Cl)c3)CC2)c1,r_smiles,train-group-000214682,3
train-001073414,train,c1c(NC(=O)C(C)C)cccc1C1CCN(CCCN)CC1.C(=O)(O)C(OC)c1ccc(Cl)c(Cl)c1,c1c(NC(=O)C(C)C)cccc1C1CCN(CCCNC(=O)C(OC)c2ccc(Cl)c(Cl)c2)CC1,r_smiles,train-group-000214682,4
train-001003740,train,CC1CNC(C)CN1.NS(N)(=O)=O.C1COCCO1,CC1CNC(C)CN1S(N)(=O)=O,r_smiles,train-group-000200748,0
train-001003741,train,C1COCCO1.NS(N)(=O)=O.C1(C)CNC(C)CN1,C1(C)CNC(C)CN1S(N)(=O)=O,r_smiles,train-group-000200748,1
train-001003742,train,O1CCOCC1.C1(C)CNC(C)CN1.O=S(N)(N)=O,C1(C)CNC(C)CN1S(N)(=O)=O,r_smiles,train-group-000200748,2
train-001003743,train,S(N)(N)(=O)=O.C1(C)CNC(C)CN1.O1CCOCC1,C1(C)CNC(C)CN1S(N)(=O)=O,r_smiles,train-group-000200748,3
train-001003744,train,CC1CNC(C)CN1.C1COCCO1.S(N)(N)(=O)=O,CC1CNC(C)CN1S(N)(=O)=O,r_smiles,train-group-000200748,4
train-000828320,train,NCC1CCCCC1.C#CCOc1c(OC)cc(C(=O)Cl)cc1OC.CCOC(C)=O.CCN(CC)CC,C#CCOc1c(OC)cc(C(=O)NCC2CCCCC2)cc1OC,r_smiles,train-group-000165664,0
train-000828321,train,c1(OC)cc(C(=O)Cl)cc(OC)c1OCC#C.C(C)OC(C)=O.C(N)C1CCCCC1.C(C)N(CC)CC,c1(OC)cc(C(=O)NCC2CCCCC2)cc(OC)c1OCC#C,r_smiles,train-group-000165664,1
train-000828322,train,ClC(=O)c1cc(OC)c(OCC#C)c(OC)c1.CCOC(C)=O.CCN(CC)CC.C1CCC(CN)CC1,C(=O)(NCC1CCCCC1)c1cc(OC)c(OCC#C)c(OC)c1,r_smiles,train-group-000165664,2
train-000828323,train,C(=O)(Cl)c1cc(OC)c(OCC#C)c(OC)c1.C1CCCC(CN)C1.N(CC)(CC)CC.CC(=O)OCC,C(=O)(NCC1CCCCC1)c1cc(OC)c(OCC#C)c(OC)c1,r_smiles,train-group-000165664,3
train-000828324,train,CCN(CC)CC.C(C)OC(C)=O.C1CCCCC1CN.ClC(=O)c1cc(OC)c(OCC#C)c(OC)c1,C(=O)(NCC1CCCCC1)c1cc(OC)c(OCC#C)c(OC)c1,r_smiles,train-group-000165664,4
train-000137890,train,N#[N+]c1cccc([N+](=O)[O-])c1.Nc1cccc([N+](=O)[O-])c1.[Cl-].CC(=O)O.CC(C)=O.Cl.O.C=C(Cl)C#N,c1(CC(Cl)(Cl)C#N)cccc([N+](=O)[O-])c1,r_smiles,train-group-000027578,0
train-000137891,train,Cl.CC(=O)O.O.ClC(=C)C#N.[Cl-].[N+](#N)c1cccc([N+](=O)[O-])c1.c1cc(N)cc([N+](=O)[O-])c1.C(C)(C)=O,c1cc(CC(Cl)(Cl)C#N)cc([N+](=O)[O-])c1,r_smiles,train-group-000027578,1
train-000137892,train,O=C(C)O.c1ccc([N+](=O)[O-])cc1N.Cl.O.C(=C)(Cl)C#N.N#[N+]c1cccc([N+](=O)[O-])c1.[Cl-].CC(C)=O,c1ccc([N+](=O)[O-])cc1CC(Cl)(Cl)C#N,r_smiles,train-group-000027578,2
train-000137893,train,[Cl-].c1c(N)cccc1[N+](=O)[O-].Cl.O.C(C)(=O)O.c1ccc([N+](=O)[O-])cc1[N+]#N.C(#N)C(=C)Cl.O=C(C)C,c1c(CC(Cl)(Cl)C#N)cccc1[N+](=O)[O-],r_smiles,train-group-000027578,3
train-000137894,train,C(C)(=O)O.[Cl-].Cl.O=C(C)C.O.c1ccc(N)cc1[N+](=O)[O-].N#[N+]c1cccc([N+](=O)[O-])c1.C=C(Cl)C#N,c1ccc(CC(Cl)(Cl)C#N)cc1[N+](=O)[O-],r_smiles,train-group-000027578,4
train-001105720,train,C1CCOC1.c1ccc(P(c2ccccc2)c2ccccc2)cc1.COC(=O)c1cc(F)ccc1O.CCOC(=O)N=NC(=O)OCC.OCCc1ccc(C(F)(F)F)cc1,C(Cc1ccc(C(F)(F)F)cc1)Oc1ccc(F)cc1C(=O)OC,r_smiles,train-group-000221144,0
train-001105721,train,O1CCCC1.O=C(N=NC(=O)OCC)OCC.c1ccc(P(c2ccccc2)c2ccccc2)cc1.c1cc(C(F)(F)F)ccc1CCO.O=C(OC)c1cc(F)ccc1O,c1cc(C(F)(F)F)ccc1CCOc1ccc(F)cc1C(=O)OC,r_smiles,train-group-000221144,1
train-001105722,train,c1cc(CCO)ccc1C(F)(F)F.C1CCOC1.c1(C(=O)OC)cc(F)ccc1O.c1cccc(P(c2ccccc2)c2ccccc2)c1.CCOC(=O)N=NC(=O)OCC,c1cc(CCOc2ccc(F)cc2C(=O)OC)ccc1C(F)(F)F,r_smiles,train-group-000221144,2
train-001105723,train,c1cc(CCO)ccc1C(F)(F)F.COC(=O)c1cc(F)ccc1O.O1CCCC1.c1(P(c2ccccc2)c2ccccc2)ccccc1.C(=O)(N=NC(=O)OCC)OCC,c1cc(CCOc2ccc(F)cc2C(=O)OC)ccc1C(F)(F)F,r_smiles,train-group-000221144,3
train-001105724,train,C1CCCO1.OCCc1ccc(C(F)(F)F)cc1.C(=O)(N=NC(=O)OCC)OCC.c1ccccc1P(c1ccccc1)c1ccccc1.c1c(F)ccc(O)c1C(=O)OC,C(Cc1ccc(C(F)(F)F)cc1)Oc1ccc(F)cc1C(=O)OC,r_smiles,train-group-000221144,4
train-001778120,train,CS(=O)(=O)CCC(N)C(=O)O.COC(=O)Cl.[OH-].[Na+].O.C1CCOC1,CS(=O)(=O)CCC(NC(=O)OC)C(=O)O,r_smiles,train-group-000355624,0
train-001778121,train,[OH-].[Na+].C1CCOC1.OC(=O)C(N)CCS(C)(=O)=O.C(=O)(Cl)OC.O,OC(=O)C(CCS(C)(=O)=O)NC(=O)OC,r_smiles,train-group-000355624,1
train-001778122,train,C1CCOC1.O.[Na+].[OH-].C(=O)(Cl)OC.CS(=O)(=O)CCC(N)C(=O)O,CS(=O)(=O)CCC(NC(=O)OC)C(=O)O,r_smiles,train-group-000355624,2
train-001778123,train,C1CCCO1.S(C)(=O)(=O)CCC(N)C(=O)O.[Na+].ClC(=O)OC.O.[OH-],S(C)(=O)(=O)CCC(NC(=O)OC)C(=O)O,r_smiles,train-group-000355624,3
train-001778124,train,C1CCOC1.O(C)C(=O)Cl.[OH-].NC(CCS(C)(=O)=O)C(=O)O.[Na+].O,N(C(=O)OC)C(CCS(C)(=O)=O)C(=O)O,r_smiles,train-group-000355624,4
train-001473490,train,F[P-](F)(F)(F)(F)F.NC1CCc2cc([N+](=O)[O-])ccc2NC1=O.CN(C)[P+](On1nnc2ccccc21)(N(C)C)N(C)C.CC(C)(NC(=O)OCc1ccccc1)C(=O)O,CC(C)(NC(=O)OCc1ccccc1)C(=O)NC1CCc2cc([N+](=O)[O-])ccc2NC1=O,r_smiles,train-group-000294698,0
train-001473491,train,CN(C)[P+](On1nnc2ccccc21)(N(C)C)N(C)C.OC(=O)C(C)(C)NC(=O)OCc1ccccc1.NC1CCc2cc([N+](=O)[O-])ccc2NC1=O.F[P-](F)(F)(F)(F)F,O=C(NC1CCc2cc([N+](=O)[O-])ccc2NC1=O)C(C)(C)NC(=O)OCc1ccccc1,r_smiles,train-group-000294698,1
train-001473492,train,[P-](F)(F)(F)(F)(F)F.c1cc([N+](=O)[O-])cc2c1NC(=O)C(N)CC2.c1ccccc1COC(=O)NC(C)(C)C(=O)O.O(n1nnc2ccccc21)[P+](N(C)C)(N(C)C)N(C)C,c1ccccc1COC(=O)NC(C)(C)C(=O)NC1CCc2cc([N+](=O)[O-])ccc2NC1=O,r_smiles,train-group-000294698,2
train-001473493,train,CN(C)[P+](On1nnc2ccccc21)(N(C)C)N(C)C.F[P-](F)(F)(F)(F)F.O=C(NC(C)(C)C(=O)O)OCc1ccccc1.O=C1Nc2ccc([N+](=O)[O-])cc2CCC1N,O=C(NC(C)(C)C(=O)NC1CCc2cc([N+](=O)[O-])ccc2NC1=O)OCc1ccccc1,r_smiles,train-group-000294698,3
train-001473494,train,NC1CCc2cc([N+](=O)[O-])ccc2NC1=O.c1cccc(COC(=O)NC(C)(C)C(=O)O)c1.F[P-](F)(F)(F)(F)F.n1nc2ccccc2n1O[P+](N(C)C)(N(C)C)N(C)C,c1cccc(COC(=O)NC(C)(C)C(=O)NC2CCc3cc([N+](=O)[O-])ccc3NC2=O)c1,r_smiles,train-group-000294698,4
train-001870975,train,CCCc1c(CNC)ccc2ccccc12.Cl.Cl.COc1cccc(CCN)c1OC(C)C.CN1CC(=O)Nc2ncc(C=CC(=O)O)cc2C1.O=C(O)C=Cc1cnc2c(c1)CN(CCCN1CCOCC1)CC(=O)N2,Cl.O=C(C=Cc1cnc2c(c1)CN(CCCN1CCOCC1)CC(=O)N2)N(C)Cc1cccc(OC)c1OC(C)C,r_smiles,train-group-000374195,0
train-001870976,train,Cl.c1(OC)cccc(CCN)c1OC(C)C.Cl.N(C)Cc1ccc2ccccc2c1CCC.C1c2cc(C=CC(=O)O)cnc2NC(=O)CN1CCCN1CCOCC1.N1(C)CC(=O)Nc2ncc(C=CC(=O)O)cc2C1,Cl.C1c2cc(C=CC(=O)N(C)Cc3cccc(OC)c3OC(C)C)cnc2NC(=O)CN1CCCN1CCOCC1,r_smiles,train-group-000374195,1
train-001870977,train,c1c(C=CC(=O)O)cnc2c1CN(C)CC(=O)N2.c1cccc2c(CCC)c(CNC)ccc12.NCCc1cccc(OC)c1OC(C)C.N1(CCCN2CC(=O)Nc3ncc(C=CC(=O)O)cc3C2)CCOCC1.Cl.Cl,N1(CCCN2CC(=O)Nc3ncc(C=CC(=O)N(C)Cc4cccc(OC)c4OC(C)C)cc3C2)CCOCC1.Cl,r_smiles,train-group-000374195,2
train-001870978,train,c1ccc(CCN)c(OC(C)C)c1OC.Cl.C(=O)(O)C=Cc1cnc2c(c1)CN(C)CC(=O)N2.Cl.c12ccccc1ccc(CNC)c2CCC.c12cc(C=CC(=O)O)cnc1NC(=O)CN(CCCN1CCOCC1)C2,Cl.c12cc(C=CC(=O)N(C)Cc3cccc(OC)c3OC(C)C)cnc1NC(=O)CN(CCCN1CCOCC1)C2,r_smiles,train-group-000374195,3
train-001870979,train,Cl.c12cc(C=CC(=O)O)cnc1NC(=O)CN(C)C2.Cl.COc1cccc(CCN)c1OC(C)C.c1ccc2c(CCC)c(CNC)ccc2c1.n1cc(C=CC(=O)O)cc2c1NC(=O)CN(CCCN1CCOCC1)C2,Cl.n1cc(C=CC(=O)N(C)Cc2cccc(OC)c2OC(C)C)cc2c1NC(=O)CN(CCCN1CCOCC1)C2,r_smiles,train-group-000374195,4
train-000986460,train,C1CCOC1.CO.Clc1nc2ncnn2c(Cl)c1-c1ccccc1.CC(=O)O,Clc1nc2ncnn2cc1-c1ccccc1,r_smiles,train-group-000197292,0
train-000986461,train,CC(=O)O.C1CCCO1.CO.c1(Cl)nc2ncnn2c(Cl)c1-c1ccccc1,c1(Cl)nc2ncnn2cc1-c1ccccc1,r_smiles,train-group-000197292,1
train-000986462,train,O1CCCC1.OC(C)=O.CO.n12ncnc1nc(Cl)c(-c1ccccc1)c2Cl,n12cc(-c3ccccc3)c(Cl)nc1ncn2,r_smiles,train-group-000197292,2
train-000986463,train,n1cnn2c(Cl)c(-c3ccccc3)c(Cl)nc12.O1CCCC1.CO.OC(C)=O,n1cnn2cc(-c3ccccc3)c(Cl)nc12,r_smiles,train-group-000197292,3
train-000986464,train,c1ccccc1-c1c(Cl)nc2ncnn2c1Cl.C(C)(=O)O.C1CCCO1.CO,c1ccccc1-c1cn2ncnc2nc1Cl,r_smiles,train-group-000197292,4
train-000970950,train,O=C(O)CCc1ccc(COc2ccccc2)cc1.c1ccc(-c2cnco2)nc1,O=C(CCc1ccc(COc2ccccc2)cc1)c1ncc(-c2ccccn2)o1,r_smiles,train-group-000194190,0
train-000970951,train,c1cccnc1-c1cnco1.c1cc(COc2ccccc2)ccc1CCC(=O)O,c1cc(COc2ccccc2)ccc1CCC(=O)c1ncc(-c2ccccn2)o1,r_smiles,train-group-000194190,1
train-000970952,train,o1cncc1-c1ccccn1.O=C(O)CCc1ccc(COc2ccccc2)cc1,O=C(CCc1ccc(COc2ccccc2)cc1)c1ncc(-c2ccccn2)o1,r_smiles,train-group-000194190,2
train-000970953,train,c1ccc(OCc2ccc(CCC(=O)O)cc2)cc1.o1cncc1-c1ccccn1,c1ccc(OCc2ccc(CCC(=O)c3ncc(-c4ccccn4)o3)cc2)cc1,r_smiles,train-group-000194190,3
train-000970954,train,c1cc(COc2ccccc2)ccc1CCC(=O)O.c1ncoc1-c1ccccn1,c1cc(COc2ccccc2)ccc1CCC(=O)c1ncc(-c2ccccn2)o1,r_smiles,train-group-000194190,4
train-001259365,train,FC(F)(F)Cn1ncnc1-c1nc2c(s1)CCOc1cc(Br)ccc1-2.NNCCO.NC(=O)c1nc2c(s1)CCOc1cc(Br)ccc1-2,C(O)Cn1ncnc1-c1nc2c(s1)CCOc1cc(Br)ccc1-2,r_smiles,train-group-000251873,0
train-001259366,train,NNCCO.c1(Br)ccc2c(c1)OCCc1sc(-c3ncnn3CC(F)(F)F)nc1-2.O1CCc2sc(C(N)=O)nc2-c2ccc(Br)cc21,c1(Br)ccc2c(c1)OCCc1sc(-c3ncnn3CCO)nc1-2,r_smiles,train-group-000251873,1
train-001259367,train,C1Cc2sc(C(N)=O)nc2-c2ccc(Br)cc2O1.n1c(-c2ncnn2CC(F)(F)F)sc2c1-c1ccc(Br)cc1OCC2.NNCCO,n1c(-c2ncnn2CCO)sc2c1-c1ccc(Br)cc1OCC2,r_smiles,train-group-000251873,2
train-001259368,train,c1(-c2nc3c(s2)CCOc2cc(Br)ccc2-3)ncnn1CC(F)(F)F.C1Cc2sc(C(N)=O)nc2-c2ccc(Br)cc2O1.NNCCO,c1(-c2nc3c(s2)CCOc2cc(Br)ccc2-3)ncnn1CCO,r_smiles,train-group-000251873,3
train-001259369,train,N(N)CCO.c1(Br)ccc2c(c1)OCCc1sc(-c3ncnn3CC(F)(F)F)nc1-2.n1c(C(N)=O)sc2c1-c1ccc(Br)cc1OCC2,c1(Br)ccc2c(c1)OCCc1sc(-c3ncnn3CCO)nc1-2,r_smiles,train-group-000251873,4
train-000221020,train,C#CC1(O)CCC2C3CCC4=CC(=O)C=CC4(C)C3CCC21C.c1ccccc1,C#CC1=CCC2C3CCC4=CC(=O)C=CC4(C)C3CCC12C,r_smiles,train-group-000044204,0
train-000221021,train,c1ccccc1.CC12C=CC(=O)C=C1CCC1C2CCC2(C)C1CCC2(O)C#C,CC12C=CC(=O)C=C1CCC1C2CCC2(C)C(C#C)=CCC12,r_smiles,train-group-000044204,1
train-000221022,train,C#CC1(O)CCC2C3CCC4=CC(=O)C=CC4(C)C3CCC21C.c1ccccc1,C#CC1=CCC2C3CCC4=CC(=O)C=CC4(C)C3CCC12C,r_smiles,train-group-000044204,2
train-000221023,train,c1ccccc1.O=C1C=CC2(C)C(=C1)CCC1C2CCC2(C)C1CCC2(O)C#C,O=C1C=CC2(C)C(=C1)CCC1C2CCC2(C)C(C#C)=CCC12,r_smiles,train-group-000044204,3
train-000221024,train,c1ccccc1.C12=CC(=O)C=CC1(C)C1CCC3(C)C(CCC3(O)C#C)C1CC2,C12=CC(=O)C=CC1(C)C1CCC3(C)C(C#C)=CCC3C1CC2,r_smiles,train-group-000044204,4
train-001302950,train,Cc1cc(C)c(CNC(=O)c2cc(C(O)CO)cc3c2cnn3C2CCCC2)c(=O)[nH]1.O.C1CCOC1,Cc1cc(C)c(CNC(=O)c2cc(C=O)cc3c2cnn3C2CCCC2)c(=O)[nH]1,r_smiles,train-group-000260590,0
train-001302951,train,c12cnn(C3CCCC3)c1cc(C(O)CO)cc2C(=O)NCc1c(C)cc(C)[nH]c1=O.O.C1CCCO1,c12cnn(C3CCCC3)c1cc(C=O)cc2C(=O)NCc1c(C)cc(C)[nH]c1=O,r_smiles,train-group-000260590,1
train-001302952,train,C1CCCO1.[nH]1c(C)cc(C)c(CNC(=O)c2cc(C(O)CO)cc3c2cnn3C2CCCC2)c1=O.O,[nH]1c(C)cc(C)c(CNC(=O)c2cc(C=O)cc3c2cnn3C2CCCC2)c1=O,r_smiles,train-group-000260590,2
train-001302953,train,O1CCCC1.O.C(=O)(NCc1c(C)cc(C)[nH]c1=O)c1cc(C(O)CO)cc2c1cnn2C1CCCC1,C(=O)(NCc1c(C)cc(C)[nH]c1=O)c1cc(C=O)cc2c1cnn2C1CCCC1,r_smiles,train-group-000260590,3
train-001302954,train,OCC(O)c1cc(C(=O)NCc2c(C)cc(C)[nH]c2=O)c2cnn(C3CCCC3)c2c1.O.C1CCCO1,C(=O)c1cc(C(=O)NCc2c(C)cc(C)[nH]c2=O)c2cnn(C3CCCC3)c2c1,r_smiles,train-group-000260590,4
train-000554335,train,C1CNCCN1.Nc1nc2c(Oc3cc(-c4ccc(C(F)(F)F)cc4)nc(Cl)n3)cccc2[nH]c1=O,Nc1nc2c(Oc3cc(-c4ccc(C(F)(F)F)cc4)nc(N4CCNCC4)n3)cccc2[nH]c1=O,r_smiles,train-group-000110867,0
train-000554336,train,FC(F)(F)c1ccc(-c2cc(Oc3cccc4[nH]c(=O)c(N)nc34)nc(Cl)n2)cc1.N1CCNCC1,FC(F)(F)c1ccc(-c2cc(Oc3cccc4[nH]c(=O)c(N)nc34)nc(N3CCNCC3)n2)cc1,r_smiles,train-group-000110867,1
train-000554337,train,c1(-c2cc(Oc3cccc4[nH]c(=O)c(N)nc34)nc(Cl)n2)ccc(C(F)(F)F)cc1.C1CNCCN1,c1(-c2cc(Oc3cccc4[nH]c(=O)c(N)nc34)nc(N3CCNCC3)n2)ccc(C(F)(F)F)cc1,r_smiles,train-group-000110867,2
train-000554338,train,Clc1nc(Oc2cccc3[nH]c(=O)c(N)nc23)cc(-c2ccc(C(F)(F)F)cc2)n1.N1CCNCC1,c1(N2CCNCC2)nc(Oc2cccc3[nH]c(=O)c(N)nc23)cc(-c2ccc(C(F)(F)F)cc2)n1,r_smiles,train-group-000110867,3
train-000554339,train,C1CNCCN1.c12nc(N)c(=O)[nH]c1cccc2Oc1cc(-c2ccc(C(F)(F)F)cc2)nc(Cl)n1,c12nc(N)c(=O)[nH]c1cccc2Oc1cc(-c2ccc(C(F)(F)F)cc2)nc(N2CCNCC2)n1,r_smiles,train-group-000110867,4
train-001228660,train,CN(CCN)CCC(c1ccc(Cl)cc1)c1ccccn1.O=C(n1ccnc1)n1ccnc1.CCOC(C)=O.NCCCOc1cccc(CN2CCCCC2)c1,CN(CCNC(=O)NCCCOc1cccc(CN2CCCCC2)c1)CCC(c1ccc(Cl)cc1)c1ccccn1,r_smiles,train-group-000245732,0
train-001228661,train,c1(OCCCN)cccc(CN2CCCCC2)c1.O=C(C)OCC.O=C(n1ccnc1)n1ccnc1.c1(C(CCN(C)CCN)c2ccc(Cl)cc2)ccccn1,c1(C(CCN(C)CCNC(=O)NCCCOc2cccc(CN3CCCCC3)c2)c2ccc(Cl)cc2)ccccn1,r_smiles,train-group-000245732,1
train-001228662,train,NCCCOc1cccc(CN2CCCCC2)c1.N(C)(CCN)CCC(c1ccc(Cl)cc1)c1ccccn1.O=C(C)OCC.n1(C(=O)n2ccnc2)ccnc1,N(C)(CCNC(=O)NCCCOc1cccc(CN2CCCCC2)c1)CCC(c1ccc(Cl)cc1)c1ccccn1,r_smiles,train-group-000245732,2
train-001228663,train,C1CCCCN1Cc1cccc(OCCCN)c1.n1ccn(C(=O)n2ccnc2)c1.c1cc(C(CCN(C)CCN)c2ccccn2)ccc1Cl.O=C(C)OCC,c1cc(C(CCN(C)CCNC(=O)NCCCOc2cccc(CN3CCCCC3)c2)c2ccccn2)ccc1Cl,r_smiles,train-group-000245732,3
train-001228664,train,CCOC(C)=O.n1(C(=O)n2ccnc2)ccnc1.C1CCN(Cc2cccc(OCCCN)c2)CC1.C(N)CN(C)CCC(c1ccc(Cl)cc1)c1ccccn1,C(CN(C)CCC(c1ccc(Cl)cc1)c1ccccn1)NC(=O)NCCCOc1cccc(CN2CCCCC2)c1,r_smiles,train-group-000245732,4
train-001509515,train,[C].[Pd].C1CCOC1.[H][H].COC(CCCCCOCC(COCc1ccccc1)OC(C)=O)OC,COC(CCCCCOCC(CO)OC(C)=O)OC,r_smiles,train-group-000301903,0
train-001509516,train,[C].[Pd].C(CCCCC(OC)OC)OCC(COCc1ccccc1)OC(C)=O.O1CCCC1.[H][H],C(CCCCC(OC)OC)OCC(CO)OC(C)=O,r_smiles,train-group-000301903,1
train-001509517,train,C1CCCO1.[C].[Pd].[H][H].C(CCCC(OC)OC)COCC(COCc1ccccc1)OC(C)=O,C(CCCC(OC)OC)COCC(CO)OC(C)=O,r_smiles,train-group-000301903,2
train-001509518,train,[C].C(OCC(COCCCCCC(OC)OC)OC(C)=O)c1ccccc1.[Pd].C1CCCO1.[H][H],OCC(COCCCCCC(OC)OC)OC(C)=O,r_smiles,train-group-000301903,3
train-001509519,train,C1CCCO1.[Pd].[C].[H][H].C(CCCC(OC)OC)COCC(COCc1ccccc1)OC(C)=O,C(CCCC(OC)OC)COCC(CO)OC(C)=O,r_smiles,train-group-000301903,4
train-000584320,train,C1CCOC1.[Li]CCCC.CC(C)OC(=O)C=O.CCCC=NO,CC(C)OC(=O)C(O)C(C=NO)CC,r_smiles,train-group-000116864,0
train-000584321,train,[Li]CCCC.ON=CCCC.C(C)(C)OC(=O)C=O.C1CCCO1,C(C)(C)OC(=O)C(O)C(C=NO)CC,r_smiles,train-group-000116864,1
train-000584322,train,C([Li])CCC.CC(C)OC(=O)C=O.C(CCC)=NO.O1CCCC1,CC(C)OC(=O)C(O)C(C=NO)CC,r_smiles,train-group-000116864,2
train-000584323,train,C1CCCO1.C(C)CC[Li].C(=O)C(=O)OC(C)C.C(C)CC=NO,C(O)(C(=O)OC(C)C)C(C=NO)CC,r_smiles,train-group-000116864,3
train-000584324,train,ON=CCCC.C1CCCO1.O=CC(=O)OC(C)C.C(C)CC[Li],OC(C(=O)OC(C)C)C(C=NO)CC,r_smiles,train-group-000116864,4
train-000484760,train,[Na+].COC(=O)CN(C(=O)CCc1nc2c(F)c(F)cc(F)c2s1)c1ccccc1.[OH-].O.C1COCCO1,O=C(O)CN(C(=O)CCc1nc2c(F)c(F)cc(F)c2s1)c1ccccc1,r_smiles,train-group-000096952,0
train-000484761,train,[OH-].Fc1cc(F)c(F)c2nc(CCC(=O)N(CC(=O)OC)c3ccccc3)sc12.C1COCCO1.O.[Na+],Fc1cc(F)c(F)c2nc(CCC(=O)N(CC(=O)O)c3ccccc3)sc12,r_smiles,train-group-000096952,1
train-000484762,train,O1CCOCC1.[OH-].C(=O)(CN(C(=O)CCc1nc2c(F)c(F)cc(F)c2s1)c1ccccc1)OC.O.[Na+],C(=O)(O)CN(C(=O)CCc1nc2c(F)c(F)cc(F)c2s1)c1ccccc1,r_smiles,train-group-000096952,2
train-000484763,train,O=C(CN(C(=O)CCc1nc2c(F)c(F)cc(F)c2s1)c1ccccc1)OC.C1COCCO1.[OH-].O.[Na+],OC(=O)CN(C(=O)CCc1nc2c(F)c(F)cc(F)c2s1)c1ccccc1,r_smiles,train-group-000096952,3
train-000484764,train,[OH-].c1cccc(N(CC(=O)OC)C(=O)CCc2nc3c(F)c(F)cc(F)c3s2)c1.O.[Na+].C1COCCO1,c1cccc(N(CC(=O)O)C(=O)CCc2nc3c(F)c(F)cc(F)c3s2)c1,r_smiles,train-group-000096952,4
train-001246685,train,[Na+].COCOc1nn(-c2ccccc2)cc1C=O.CCOP(=O)(Cc1coc(C(C)(C)C)n1)OCC.C1CCOC1.O.[H-],C(=Cc1cn(-c2ccccc2)nc1OCOC)c1coc(C(C)(C)C)n1,r_smiles,train-group-000249337,0
train-001246686,train,c1ccc(-n2cc(C=O)c(OCOC)n2)cc1.c1(C(C)(C)C)nc(CP(=O)(OCC)OCC)co1.[Na+].O.O1CCCC1.[H-],c1(C(C)(C)C)nc(C=Cc2cn(-c3ccccc3)nc2OCOC)co1,r_smiles,train-group-000249337,1
train-001246687,train,O.C1CCOC1.c1c(C=O)c(OCOC)nn1-c1ccccc1.CCOP(=O)(Cc1coc(C(C)(C)C)n1)OCC.[Na+].[H-],C(=Cc1cn(-c2ccccc2)nc1OCOC)c1coc(C(C)(C)C)n1,r_smiles,train-group-000249337,2
train-001246688,train,C1CCCO1.[Na+].[H-].O.CCOP(=O)(Cc1coc(C(C)(C)C)n1)OCC.c1ccccc1-n1cc(C=O)c(OCOC)n1,C(=Cc1cn(-c2ccccc2)nc1OCOC)c1coc(C(C)(C)C)n1,r_smiles,train-group-000249337,3
train-001246689,train,[Na+].[H-].C1CCCO1.n1(-c2ccccc2)cc(C=O)c(OCOC)n1.CC(C)(C)c1nc(CP(=O)(OCC)OCC)co1.O,CC(C)(C)c1nc(C=Cc2cn(-c3ccccc3)nc2OCOC)co1,r_smiles,train-group-000249337,4
train-001874520,train,CCN(CC)CCO.CC(OCc1ccc2ccccc2c1)(C(=O)Cl)C(F)(F)F,CC(OCc1ccc2ccccc2c1)(C(=O)OCCN(CC)CC)C(F)(F)F,r_smiles,train-group-000374904,0
train-001874521,train,N(CC)(CC)CCO.c12ccccc1ccc(COC(C)(C(=O)Cl)C(F)(F)F)c2,c12ccccc1ccc(COC(C)(C(=O)OCCN(CC)CC)C(F)(F)F)c2,r_smiles,train-group-000374904,1
train-001874522,train,C(=O)(Cl)C(C)(OCc1ccc2ccccc2c1)C(F)(F)F.CCN(CC)CCO,C(=O)(OCCN(CC)CC)C(C)(OCc1ccc2ccccc2c1)C(F)(F)F,r_smiles,train-group-000374904,2
train-001874523,train,c1cc2ccccc2cc1COC(C)(C(=O)Cl)C(F)(F)F.C(O)CN(CC)CC,c1cc2ccccc2cc1COC(C)(C(=O)OCCN(CC)CC)C(F)(F)F,r_smiles,train-group-000374904,3
train-001874524,train,c1cccc2ccc(COC(C)(C(=O)Cl)C(F)(F)F)cc12.C(O)CN(CC)CC,c1cccc2ccc(COC(C)(C(=O)OCCN(CC)CC)C(F)(F)F)cc12,r_smiles,train-group-000374904,4
train-000303520,train,[Na+].[OH-].CCOC(=O)c1c(-c2ccc(F)cc2)noc1C.CCO,O=C(O)c1c(-c2ccc(F)cc2)noc1C,r_smiles,train-group-000060704,0
train-000303521,train,[OH-].CCO.[Na+].c1cc(-c2noc(C)c2C(=O)OCC)ccc1F,c1cc(-c2noc(C)c2C(=O)O)ccc1F,r_smiles,train-group-000060704,1
train-000303522,train,[Na+].C(C)O.[OH-].c1cc(-c2noc(C)c2C(=O)OCC)ccc1F,c1cc(-c2noc(C)c2C(=O)O)ccc1F,r_smiles,train-group-000060704,2
train-000303523,train,Fc1ccc(-c2noc(C)c2C(=O)OCC)cc1.CCO.[OH-].[Na+],Fc1ccc(-c2noc(C)c2C(=O)O)cc1,r_smiles,train-group-000060704,3
train-000303524,train,c1cc(-c2noc(C)c2C(=O)OCC)ccc1F.[OH-].C(C)O.[Na+],c1cc(-c2noc(C)c2C(=O)O)ccc1F,r_smiles,train-group-000060704,4
train-000143420,train,O.[Na+].O=[N+]([O-])O.O=N[O-].CC(=O)O.O=C(O)c1cc(-c2ccccc2)cc2c(-c3ccccc3)c(Br)oc12,O=C(O)c1cc(-c2ccccc2)cc2c(-c3ccccc3)c([N+](=O)[O-])oc12,r_smiles,train-group-000028684,0
train-000143421,train,O=C(C)O.o1c(Br)c(-c2ccccc2)c2cc(-c3ccccc3)cc(C(=O)O)c12.O.O[N+](=O)[O-].N(=O)[O-].[Na+],o1c([N+](=O)[O-])c(-c2ccccc2)c2cc(-c3ccccc3)cc(C(=O)O)c12,r_smiles,train-group-000028684,1
train-000143422,train,c1cccc(-c2cc(C(=O)O)c3oc(Br)c(-c4ccccc4)c3c2)c1.[Na+].N(=O)[O-].O=C(C)O.O=[N+]([O-])O.O,c1cccc(-c2cc(C(=O)O)c3oc([N+](=O)[O-])c(-c4ccccc4)c3c2)c1,r_smiles,train-group-000028684,2
train-000143423,train,[Na+].O.[O-][N+](=O)O.c1ccc(-c2cc(C(=O)O)c3oc(Br)c(-c4ccccc4)c3c2)cc1.N(=O)[O-].CC(=O)O,c1ccc(-c2cc(C(=O)O)c3oc([N+](=O)[O-])c(-c4ccccc4)c3c2)cc1,r_smiles,train-group-000028684,3
train-000143424,train,C(C)(=O)O.O.[O-][N+](=O)O.o1c(Br)c(-c2ccccc2)c2cc(-c3ccccc3)cc(C(=O)O)c12.[Na+].O=N[O-],o1c([N+](=O)[O-])c(-c2ccccc2)c2cc(-c3ccccc3)cc(C(=O)O)c12,r_smiles,train-group-000028684,4
train-001296930,train,CO.O=Cc1nc2nc(Cl)nc(N3CCOCC3)c2s1,OCc1nc2nc(Cl)nc(N3CCOCC3)c2s1,r_smiles,train-group-000259386,0
train-001296931,train,c1(C=O)nc2nc(Cl)nc(N3CCOCC3)c2s1.CO,c1(CO)nc2nc(Cl)nc(N3CCOCC3)c2s1,r_smiles,train-group-000259386,1
train-001296932,train,CO.C1COCCN1c1nc(Cl)nc2nc(C=O)sc12,C1COCCN1c1nc(Cl)nc2nc(CO)sc12,r_smiles,train-group-000259386,2
train-001296933,train,OC.c12nc(Cl)nc(N3CCOCC3)c1sc(C=O)n2,c12nc(Cl)nc(N3CCOCC3)c1sc(CO)n2,r_smiles,train-group-000259386,3
train-001296934,train,s1c(C=O)nc2nc(Cl)nc(N3CCOCC3)c12.OC,s1c(CO)nc2nc(Cl)nc(N3CCOCC3)c12,r_smiles,train-group-000259386,4
train-001659430,train,CC(=O)O.O.COc1ccc(CNC(=O)c2cc(C#N)ccc2NC2CCNC2)cc1OC.N#CO[K],COc1ccc(CNC(=O)c2cc(C#N)ccc2NC2CCN(C(N)=O)C2)cc1OC,r_smiles,train-group-000331886,0
train-001659431,train,OC(C)=O.O([K])C#N.O.COc1cc(CNC(=O)c2cc(C#N)ccc2NC2CCNC2)ccc1OC,COc1cc(CNC(=O)c2cc(C#N)ccc2NC2CCN(C(N)=O)C2)ccc1OC,r_smiles,train-group-000331886,1
train-001659432,train,O.CC(=O)O.C(#N)O[K].C(=O)(NCc1ccc(OC)c(OC)c1)c1cc(C#N)ccc1NC1CCNC1,C(=O)(NCc1ccc(OC)c(OC)c1)c1cc(C#N)ccc1NC1CCN(C(N)=O)C1,r_smiles,train-group-000331886,2
train-001659433,train,O.CC(=O)O.C(#N)O[K].N(Cc1ccc(OC)c(OC)c1)C(=O)c1cc(C#N)ccc1NC1CCNC1,N(Cc1ccc(OC)c(OC)c1)C(=O)c1cc(C#N)ccc1NC1CCN(C(N)=O)C1,r_smiles,train-group-000331886,3
train-001659434,train,O([K])C#N.O.O=C(C)O.c1cc(NC2CCNC2)c(C(=O)NCc2ccc(OC)c(OC)c2)cc1C#N,c1cc(NC2CCN(C(N)=O)C2)c(C(=O)NCc2ccc(OC)c(OC)c2)cc1C#N,r_smiles,train-group-000331886,4
train-001634065,train,COc1ccc(C2(O)c3c(C)c(N4CCC(c5ccc(OC)c(OC)c5)CC4)c(C)c(C)c3OC2(C)C)cc1.CO.CCCCCC,COc1ccc(C2c3c(C)c(N4CCC(c5ccc(OC)c(OC)c5)CC4)c(C)c(C)c3OC2(C)C)cc1,r_smiles,train-group-000326813,0
train-001634066,train,CCCCCC.O(C)c1ccc(C2(O)c3c(C)c(N4CCC(c5ccc(OC)c(OC)c5)CC4)c(C)c(C)c3OC2(C)C)cc1.OC,O(C)c1ccc(C2c3c(C)c(N4CCC(c5ccc(OC)c(OC)c5)CC4)c(C)c(C)c3OC2(C)C)cc1,r_smiles,train-group-000326813,1
train-001634067,train,c1(OC)cc(C2CCN(c3c(C)c(C)c4c(c3C)C(O)(c3ccc(OC)cc3)C(C)(C)O4)CC2)ccc1OC.C(CC)CCC.OC,c1(OC)cc(C2CCN(c3c(C)c(C)c4c(c3C)C(c3ccc(OC)cc3)C(C)(C)O4)CC2)ccc1OC,r_smiles,train-group-000326813,2
train-001634068,train,OC.c1(C)c(C)c(N2CCC(c3ccc(OC)c(OC)c3)CC2)c(C)c2c1OC(C)(C)C2(O)c1ccc(OC)cc1.C(CC)CCC,c1(C)c(C)c(N2CCC(c3ccc(OC)c(OC)c3)CC2)c(C)c2c1OC(C)(C)C2c1ccc(OC)cc1,r_smiles,train-group-000326813,3
train-001634069,train,c1(OC)ccc(C2(O)c3c(C)c(N4CCC(c5ccc(OC)c(OC)c5)CC4)c(C)c(C)c3OC2(C)C)cc1.CO.C(C)CCCC,c1(OC)ccc(C2c3c(C)c(N4CCC(c5ccc(OC)c(OC)c5)CC4)c(C)c(C)c3OC2(C)C)cc1,r_smiles,train-group-000326813,4
train-001317695,train,O=C([O-])O.CS(=O)(=O)Cl.C#Cc1ccc(N)cc1.[Na+].c1ccncc1,C#Cc1ccc(NS(C)(=O)=O)cc1,r_smiles,train-group-000263539,0
train-001317696,train,Nc1ccc(C#C)cc1.CS(=O)(=O)Cl.[Na+].c1cccnc1.O=C([O-])O,N(c1ccc(C#C)cc1)S(C)(=O)=O,r_smiles,train-group-000263539,1
train-001317697,train,O=S(C)(=O)Cl.C(=O)([O-])O.n1ccccc1.C#Cc1ccc(N)cc1.[Na+],C#Cc1ccc(NS(C)(=O)=O)cc1,r_smiles,train-group-000263539,2
train-001317698,train,C#Cc1ccc(N)cc1.[Na+].[O-]C(=O)O.c1ccccn1.O=S(C)(=O)Cl,C#Cc1ccc(NS(C)(=O)=O)cc1,r_smiles,train-group-000263539,3
train-001317699,train,c1cccnc1.Nc1ccc(C#C)cc1.O=C([O-])O.[Na+].ClS(C)(=O)=O,N(c1ccc(C#C)cc1)S(C)(=O)=O,r_smiles,train-group-000263539,4
train-000779690,train,c1ccncc1.CC(=O)OC(C)=O.CCOC(C)=O.COc1ccc(OCCOC2CCCCO2)c(CNc2cc(F)ccc2Oc2ccccc2)c1,COc1ccc(OCCOC2CCCCO2)c(CN(C(C)=O)c2cc(F)ccc2Oc2ccccc2)c1,r_smiles,train-group-000155938,0
train-000779691,train,CC(=O)OC(C)=O.c1(OC)ccc(OCCOC2CCCCO2)c(CNc2cc(F)ccc2Oc2ccccc2)c1.c1cccnc1.O=C(C)OCC,c1(OC)ccc(OCCOC2CCCCO2)c(CN(C(C)=O)c2cc(F)ccc2Oc2ccccc2)c1,r_smiles,train-group-000155938,1
train-000779692,train,O(C)c1ccc(OCCOC2CCCCO2)c(CNc2cc(F)ccc2Oc2ccccc2)c1.c1ccccn1.O=C(C)OC(C)=O.CC(=O)OCC,O(C)c1ccc(OCCOC2CCCCO2)c(CN(C(C)=O)c2cc(F)ccc2Oc2ccccc2)c1,r_smiles,train-group-000155938,2
train-000779693,train,O=C(C)OC(C)=O.CCOC(C)=O.c1cccnc1.c1(OCCOC2CCCCO2)ccc(OC)cc1CNc1cc(F)ccc1Oc1ccccc1,c1(OCCOC2CCCCO2)ccc(OC)cc1CN(C(C)=O)c1cc(F)ccc1Oc1ccccc1,r_smiles,train-group-000155938,3
train-000779694,train,CCOC(C)=O.c1cccnc1.C1CCCOC1OCCOc1ccc(OC)cc1CNc1cc(F)ccc1Oc1ccccc1.O(C(C)=O)C(C)=O,C1CCCOC1OCCOc1ccc(OC)cc1CN(C(C)=O)c1cc(F)ccc1Oc1ccccc1,r_smiles,train-group-000155938,4
train-001394780,train,[C-]#[N+]C1C(=O)N(C(C(=O)OC)=C(C)C)C1CC=C.CC(=O)O.C1CCOC1.CC(C)=O.[Li]CCCC.CCOC(C)=O,[C-]#[N+]C1(C(C)(C)O)C(=O)N(C(C(=O)OC)=C(C)C)C1CC=C,r_smiles,train-group-000278956,0
train-001394781,train,C1CCOC1.C(C[Li])CC.C(C)OC(C)=O.C(C)(C)=C(C(=O)OC)N1C(=O)C([N+]#[C-])C1CC=C.CC(C)=O.O=C(C)O,C(C)(C)=C(C(=O)OC)N1C(=O)C([N+]#[C-])(C(C)(C)O)C1CC=C,r_smiles,train-group-000278956,1
train-001394782,train,C(C[Li])CC.CC(=O)O.CC(C)=O.C(C)(=O)OCC.O1CCCC1.CC(C)=C(C(=O)OC)N1C(=O)C([N+]#[C-])C1CC=C,CC(C)=C(C(=O)OC)N1C(=O)C([N+]#[C-])(C(C)(C)O)C1CC=C,r_smiles,train-group-000278956,2
train-001394783,train,C(C[Li])CC.O=C1C([N+]#[C-])C(CC=C)N1C(C(=O)OC)=C(C)C.CC(C)=O.OC(C)=O.C(C)(=O)OCC.C1CCOC1,O=C1N(C(C(=O)OC)=C(C)C)C(CC=C)C1([N+]#[C-])C(C)(C)O,r_smiles,train-group-000278956,3
train-001394784,train,[Li]CCCC.C(C)(=O)OCC.OC(C)=O.N1(C(C(=O)OC)=C(C)C)C(=O)C([N+]#[C-])C1CC=C.C(C)(C)=O.C1CCCO1,N1(C(C(=O)OC)=C(C)C)C(=O)C([N+]#[C-])(C(C)(C)O)C1CC=C,r_smiles,train-group-000278956,4
train-001264475,train,COc1ccc(CCl)cc1.[I-].[K+].[Cs+].CCC(C)=O.[Cs+].O=C1Nc2ccccc2C12COc1cc3c(cc12)OCO3.O=C([O-])[O-].CCOC(C)=O,O=C1N(Cc2ccc(OC)cc2)c2ccccc2C12COc1cc3c(cc12)OCO3,r_smiles,train-group-000252895,0
train-001264476,train,[I-].O(CC)C(C)=O.[K+].O1CC2(C(=O)Nc3ccccc32)c2cc3c(cc21)OCO3.C(=O)([O-])[O-].C(Cl)c1ccc(OC)cc1.[Cs+].[Cs+].C(C)C(C)=O,O1CC2(C(=O)N(Cc3ccc(OC)cc3)c3ccccc32)c2cc3c(cc21)OCO3,r_smiles,train-group-000252895,1
train-001264477,train,[K+].[I-].O=C([O-])[O-].O1CC2(C(=O)Nc3ccccc32)c2cc3c(cc21)OCO3.c1cc(CCl)ccc1OC.[Cs+].CCOC(C)=O.[Cs+].CCC(C)=O,O1CC2(C(=O)N(Cc3ccc(OC)cc3)c3ccccc32)c2cc3c(cc21)OCO3,r_smiles,train-group-000252895,2
train-001264478,train,[Cs+].[O-]C(=O)[O-].[K+].C(Cl)c1ccc(OC)cc1.[Cs+].c1c2c(cc3c1OCC31C(=O)Nc3ccccc31)OCO2.CCOC(C)=O.[I-].C(C)C(C)=O,c1c2c(cc3c1OCC31C(=O)N(Cc3ccc(OC)cc3)c3ccccc31)OCO2,r_smiles,train-group-000252895,3
train-001264479,train,[I-].[K+].[Cs+].C(C)C(C)=O.[Cs+].CCOC(C)=O.C(=O)([O-])[O-].O(C)c1ccc(CCl)cc1.C12(COc3cc4c(cc31)OCO4)C(=O)Nc1ccccc12,C12(COc3cc4c(cc31)OCO4)C(=O)N(Cc1ccc(OC)cc1)c1ccccc12,r_smiles,train-group-000252895,4
train-001539550,train,ClCCl.Cl.Cl.CCN(CC)CC.NCC#CCO.O=C(Cl)C(Cl)(c1ccccc1)C1CCCCC1,O=C(NCC#CCO)C(Cl)(c1ccccc1)C1CCCCC1,r_smiles,train-group-000307910,0
train-001539551,train,C1CCCCC1C(Cl)(C(=O)Cl)c1ccccc1.C(O)C#CCN.C(C)N(CC)CC.Cl.Cl.C(Cl)Cl,C1CCCCC1C(Cl)(C(=O)NCC#CCO)c1ccccc1,r_smiles,train-group-000307910,1
train-001539552,train,C(Cl)Cl.N(CC)(CC)CC.Cl.C1(C(Cl)(C(=O)Cl)c2ccccc2)CCCCC1.Cl.NCC#CCO,C1(C(Cl)(C(=O)NCC#CCO)c2ccccc2)CCCCC1,r_smiles,train-group-000307910,2
train-001539553,train,C(C)N(CC)CC.Cl.C(#CCO)CN.C1CCCCC1C(Cl)(C(=O)Cl)c1ccccc1.Cl.ClCCl,C1CCCCC1C(Cl)(C(=O)NCC#CCO)c1ccccc1,r_smiles,train-group-000307910,3
train-001539554,train,ClCCl.C(C)N(CC)CC.C(N)C#CCO.Cl.c1(C(Cl)(C(=O)Cl)C2CCCCC2)ccccc1.Cl,c1(C(Cl)(C(=O)NCC#CCO)C2CCCCC2)ccccc1,r_smiles,train-group-000307910,4
train-001214465,train,C1CCOC1.CC[Mg+].Cc1nn(-c2ccccn2)c2nc3ccccc3c(Cl)c12.O.[Br-].CCOCC,Cc1nn(-c2ccccn2)c2nc3ccccc3c(CC)c12,r_smiles,train-group-000242893,0
train-001214466,train,O.C1CCCO1.[Br-].C(C)OCC.c1(Cl)c2ccccc2nc2c1c(C)nn2-c1ccccn1.C(C)[Mg+],c1(CC)c2ccccc2nc2c1c(C)nn2-c1ccccn1,r_smiles,train-group-000242893,1
train-001214467,train,C(C)[Mg+].C(C)OCC.[Br-].C1CCOC1.O.Cc1nn(-c2ccccn2)c2nc3ccccc3c(Cl)c12,Cc1nn(-c2ccccn2)c2nc3ccccc3c(CC)c12,r_smiles,train-group-000242893,2
train-001214468,train,O1CCCC1.O.[Mg+]CC.CCOCC.c1(C)nn(-c2ccccn2)c2nc3ccccc3c(Cl)c12.[Br-],c1(C)nn(-c2ccccn2)c2nc3ccccc3c(CC)c12,r_smiles,train-group-000242893,3
train-001214469,train,C1CCOC1.C(C)[Mg+].O.CCOCC.n1ccccc1-n1nc(C)c2c(Cl)c3ccccc3nc21.[Br-],n1ccccc1-n1nc(C)c2c(CC)c3ccccc3nc21,r_smiles,train-group-000242893,4
train-000268165,train,C=CCCCCO.CCN(CC)CC.ClCCl.CS(=O)(=O)Cl,C=CCCCCOS(C)(=O)=O,r_smiles,train-group-000053633,0
train-000268166,train,ClCCl.C(O)CCCC=C.CCN(CC)CC.O=S(C)(=O)Cl,C(CCCC=C)OS(C)(=O)=O,r_smiles,train-group-000053633,1
train-000268167,train,CCN(CC)CC.CS(=O)(=O)Cl.C(O)CCCC=C.ClCCl,C(CCCC=C)OS(C)(=O)=O,r_smiles,train-group-000053633,2
train-000268168,train,ClCCl.C(CO)CCC=C.O=S(C)(=O)Cl.N(CC)(CC)CC,C(CCC=C)COS(C)(=O)=O,r_smiles,train-group-000053633,3
train-000268169,train,CCN(CC)CC.ClCCl.C(CC=C)CCO.CS(=O)(=O)Cl,C(CC=C)CCOS(C)(=O)=O,r_smiles,train-group-000053633,4
train-001954115,train,CC(C)(C)OC(=O)NCCCO.[Na+].[Na+].O.[Na+].O=C([O-])O.O=S([O-])([O-])=S,CC(C)(C)OC(=O)NCCC=O,r_smiles,train-group-000390823,0
train-001954116,train,[Na+].O.O=C([O-])O.S(=O)([O-])([O-])=S.O(C(=O)NCCCO)C(C)(C)C.[Na+].[Na+],O(C(=O)NCCC=O)C(C)(C)C,r_smiles,train-group-000390823,1
train-001954117,train,C(O)CCNC(=O)OC(C)(C)C.[Na+].S(=O)([O-])([O-])=S.[Na+].O.OC(=O)[O-].[Na+],C(=O)CCNC(=O)OC(C)(C)C,r_smiles,train-group-000390823,2
train-001954118,train,OC(=O)[O-].[Na+].[Na+].[Na+].O.OCCCNC(=O)OC(C)(C)C.O=S([O-])([O-])=S,O=CCCNC(=O)OC(C)(C)C,r_smiles,train-group-000390823,3
train-001954119,train,O.O=C(NCCCO)OC(C)(C)C.[O-]S(=O)([O-])=S.C(=O)([O-])O.[Na+].[Na+].[Na+],O=C(NCCC=O)OC(C)(C)C,r_smiles,train-group-000390823,4
train-000752440,train,O=C([O-])[O-].Fc1cccc(-c2csc(Br)n2)c1.CN(C)C=O.[K+].[K+].CC(C)(C)OC(=O)N1CCNCC1.O,Fc1cccc(-c2csc(N3CCN(C(=O)OC(C)(C)C)CC3)n2)c1,r_smiles,train-group-000150488,0
train-000752441,train,[K+].CC(C)(C)OC(=O)N1CCNCC1.O.c1cc(F)cc(-c2csc(Br)n2)c1.[K+].[O-]C(=O)[O-].C(=O)N(C)C,CC(C)(C)OC(=O)N1CCN(c2nc(-c3cccc(F)c3)cs2)CC1,r_smiles,train-group-000150488,1
train-000752442,train,CN(C)C=O.c1(F)cccc(-c2csc(Br)n2)c1.O.[K+].[O-]C(=O)[O-].[K+].C(C)(C)(C)OC(=O)N1CCNCC1,c1(F)cccc(-c2csc(N3CCN(C(=O)OC(C)(C)C)CC3)n2)c1,r_smiles,train-group-000150488,2
train-000752443,train,C(C)(C)(C)OC(=O)N1CCNCC1.O.c1(Br)nc(-c2cccc(F)c2)cs1.[K+].[K+].[O-]C(=O)[O-].C(=O)N(C)C,C(C)(C)(C)OC(=O)N1CCN(c2nc(-c3cccc(F)c3)cs2)CC1,r_smiles,train-group-000150488,3
train-000752444,train,[K+].C1CN(C(=O)OC(C)(C)C)CCN1.[K+].O.CN(C)C=O.c1ccc(-c2csc(Br)n2)cc1F.[O-]C(=O)[O-],C1CN(C(=O)OC(C)(C)C)CCN1c1nc(-c2cccc(F)c2)cs1,r_smiles,train-group-000150488,4
train-000087165,train,c1ccncc1.CC(c1ccc(O)cc1Cl)C(O)(c1ccc2c(c1)N(C)C(=O)CO2)C(F)(F)F.CC(=O)[O-].[Cu+2].COC(=O)c1ccc(B(O)O)cc1F.CC(=O)[O-],CC(c1ccc(Oc2ccc(C(=O)OC)c(F)c2)cc1Cl)C(O)(c1ccc2c(c1)N(C)C(=O)CO2)C(F)(F)F,r_smiles,train-group-000017433,0
train-000087166,train,c1ccccn1.Oc1ccc(C(C)C(O)(c2ccc3c(c2)N(C)C(=O)CO3)C(F)(F)F)c(Cl)c1.CC(=O)[O-].O=C(C)[O-].Fc1cc(B(O)O)ccc1C(=O)OC.[Cu+2],O(c1ccc(C(=O)OC)c(F)c1)c1ccc(C(C)C(O)(c2ccc3c(c2)N(C)C(=O)CO3)C(F)(F)F)c(Cl)c1,r_smiles,train-group-000017433,1
train-000087167,train,c1(O)ccc(C(C)C(O)(c2ccc3c(c2)N(C)C(=O)CO3)C(F)(F)F)c(Cl)c1.CC(=O)[O-].O=C(C)[O-].c1ccncc1.[Cu+2].C(=O)(OC)c1ccc(B(O)O)cc1F,c1(Oc2ccc(C(=O)OC)c(F)c2)ccc(C(C)C(O)(c2ccc3c(c2)N(C)C(=O)CO3)C(F)(F)F)c(Cl)c1,r_smiles,train-group-000017433,2
train-000087168,train,c1ccccn1.[Cu+2].COC(=O)c1ccc(B(O)O)cc1F.[O-]C(C)=O.CC(=O)[O-].C1Oc2ccc(C(O)(C(C)c3ccc(O)cc3Cl)C(F)(F)F)cc2N(C)C1=O,C1Oc2ccc(C(O)(C(C)c3ccc(Oc4ccc(C(=O)OC)c(F)c4)cc3Cl)C(F)(F)F)cc2N(C)C1=O,r_smiles,train-group-000017433,3
train-000087169,train,C(C)(=O)[O-].[O-]C(C)=O.c1cc(C(C)C(O)(c2ccc3c(c2)N(C)C(=O)CO3)C(F)(F)F)c(Cl)cc1O.OB(O)c1ccc(C(=O)OC)c(F)c1.[Cu+2].c1ccncc1,c1cc(C(C)C(O)(c2ccc3c(c2)N(C)C(=O)CO3)C(F)(F)F)c(Cl)cc1Oc1ccc(C(=O)OC)c(F)c1,r_smiles,train-group-000017433,4
train-000601115,train,CCO.O=C(O)CC(O)(CC(=O)O)C(=O)O.[Na+].C1CCOC1.[OH-].CCC(C(=O)[O-])C1CN=C(c2cc3cc(OC(F)(F)F)cc(N(C)S(=O)(=O)c4cccs4)c3[nH]2)S1,C(C(=O)O)C1CN=C(c2cc3cc(OC(F)(F)F)cc(N(C)S(=O)(=O)c4cccs4)c3[nH]2)S1,r_smiles,train-group-000120223,0
train-000601116,train,C(C(=O)O)C(O)(CC(=O)O)C(=O)O.c1(N(C)S(=O)(=O)c2cccs2)cc(OC(F)(F)F)cc2cc(C3=NCC(C(CC)C(=O)[O-])S3)[nH]c12.[OH-].OCC.C1CCOC1.[Na+],c1(N(C)S(=O)(=O)c2cccs2)cc(OC(F)(F)F)cc2cc(C3=NCC(CC(=O)O)S3)[nH]c12,r_smiles,train-group-000120223,1
train-000601117,train,c1csc(S(=O)(=O)N(C)c2cc(OC(F)(F)F)cc3cc(C4=NCC(C(CC)C(=O)[O-])S4)[nH]c23)c1.[OH-].[Na+].OC(=O)CC(O)(CC(=O)O)C(=O)O.C(C)O.C1CCOC1,c1csc(S(=O)(=O)N(C)c2cc(OC(F)(F)F)cc3cc(C4=NCC(CC(=O)O)S4)[nH]c23)c1,r_smiles,train-group-000120223,2
train-000601118,train,[OH-].S1C(c2cc3cc(OC(F)(F)F)cc(N(C)S(=O)(=O)c4cccs4)c3[nH]2)=NCC1C(CC)C(=O)[O-].[Na+].C1CCCO1.C(C)O.OC(=O)CC(O)(CC(=O)O)C(=O)O,S1C(c2cc3cc(OC(F)(F)F)cc(N(C)S(=O)(=O)c4cccs4)c3[nH]2)=NCC1CC(=O)O,r_smiles,train-group-000120223,3
train-000601119,train,c12[nH]c(C3=NCC(C(CC)C(=O)[O-])S3)cc1cc(OC(F)(F)F)cc2N(C)S(=O)(=O)c1cccs1.C1CCOC1.[OH-].CCO.[Na+].OC(=O)C(O)(CC(=O)O)CC(=O)O,c12[nH]c(C3=NCC(CC(=O)O)S3)cc1cc(OC(F)(F)F)cc2N(C)S(=O)(=O)c1cccs1,r_smiles,train-group-000120223,4
train-000595500,train,O.CO.CC(=O)OCCOc1ccnc(N2CCN(c3ccc(NC(=O)C(=O)c4c(-c5ccccc5)cc5ccccn45)cc3)CC2)c1.[Li+].[OH-],OCCOc1ccnc(N2CCN(c3ccc(NC(=O)C(=O)c4c(-c5ccccc5)cc5ccccn45)cc3)CC2)c1,r_smiles,train-group-000119100,0
train-000595501,train,[Li+].O.OC.O(CCOc1ccnc(N2CCN(c3ccc(NC(=O)C(=O)c4c(-c5ccccc5)cc5ccccn45)cc3)CC2)c1)C(C)=O.[OH-],OCCOc1ccnc(N2CCN(c3ccc(NC(=O)C(=O)c4c(-c5ccccc5)cc5ccccn45)cc3)CC2)c1,r_smiles,train-group-000119100,1
train-000595502,train,[Li+].OC.O.[OH-].c1ccccc1-c1cc2ccccn2c1C(=O)C(=O)Nc1ccc(N2CCN(c3cc(OCCOC(C)=O)ccn3)CC2)cc1,c1ccccc1-c1cc2ccccn2c1C(=O)C(=O)Nc1ccc(N2CCN(c3cc(OCCO)ccn3)CC2)cc1,r_smiles,train-group-000119100,2
train-000595503,train,CO.[OH-].[Li+].O.c1(-c2ccccc2)cc2ccccn2c1C(=O)C(=O)Nc1ccc(N2CCN(c3cc(OCCOC(C)=O)ccn3)CC2)cc1,c1(-c2ccccc2)cc2ccccn2c1C(=O)C(=O)Nc1ccc(N2CCN(c3cc(OCCO)ccn3)CC2)cc1,r_smiles,train-group-000119100,3
train-000595504,train,[Li+].OC.c1cc(NC(=O)C(=O)c2c(-c3ccccc3)cc3ccccn23)ccc1N1CCN(c2cc(OCCOC(C)=O)ccn2)CC1.O.[OH-],c1cc(NC(=O)C(=O)c2c(-c3ccccc3)cc3ccccn23)ccc1N1CCN(c2cc(OCCO)ccn2)CC1,r_smiles,train-group-000119100,4
train-000310065,train,[Na+].N#Cc1cc(C=O)c2oc(-c3ccc(NC(=O)CN4CCN(c5ccc(C(F)(F)F)cc5)CC4)cc3)nc2c1.[BH4-],N#Cc1cc(CO)c2oc(-c3ccc(NC(=O)CN4CCN(c5ccc(C(F)(F)F)cc5)CC4)cc3)nc2c1,r_smiles,train-group-000062013,0
train-000310066,train,N#Cc1cc(C=O)c2oc(-c3ccc(NC(=O)CN4CCN(c5ccc(C(F)(F)F)cc5)CC4)cc3)nc2c1.[BH4-].[Na+],N#Cc1cc(CO)c2oc(-c3ccc(NC(=O)CN4CCN(c5ccc(C(F)(F)F)cc5)CC4)cc3)nc2c1,r_smiles,train-group-000062013,1
train-000310067,train,FC(F)(F)c1ccc(N2CCN(CC(=O)Nc3ccc(-c4nc5cc(C#N)cc(C=O)c5o4)cc3)CC2)cc1.[Na+].[BH4-],FC(F)(F)c1ccc(N2CCN(CC(=O)Nc3ccc(-c4nc5cc(C#N)cc(CO)c5o4)cc3)CC2)cc1,r_smiles,train-group-000062013,2
train-000310068,train,c12cc(C#N)cc(C=O)c1oc(-c1ccc(NC(=O)CN3CCN(c4ccc(C(F)(F)F)cc4)CC3)cc1)n2.[BH4-].[Na+],c12cc(C#N)cc(CO)c1oc(-c1ccc(NC(=O)CN3CCN(c4ccc(C(F)(F)F)cc4)CC3)cc1)n2,r_smiles,train-group-000062013,3
train-000310069,train,[Na+].c1(-c2ccc(NC(=O)CN3CCN(c4ccc(C(F)(F)F)cc4)CC3)cc2)nc2cc(C#N)cc(C=O)c2o1.[BH4-],c1(-c2ccc(NC(=O)CN3CCN(c4ccc(C(F)(F)F)cc4)CC3)cc2)nc2cc(C#N)cc(CO)c2o1,r_smiles,train-group-000062013,4
train-000950100,train,C=CCCC(N=Cc1ccccc1)C(=O)OC.CCOCC.Cl.O,C=CCCC(N)C(=O)OC,r_smiles,train-group-000190020,0
train-000950101,train,O.c1ccccc1C=NC(CCC=C)C(=O)OC.Cl.C(C)OCC,NC(CCC=C)C(=O)OC,r_smiles,train-group-000190020,1
train-000950102,train,O.c1ccccc1C=NC(CCC=C)C(=O)OC.Cl.C(C)OCC,NC(CCC=C)C(=O)OC,r_smiles,train-group-000190020,2
train-000950103,train,Cl.c1cccc(C=NC(CCC=C)C(=O)OC)c1.C(C)OCC.O,NC(CCC=C)C(=O)OC,r_smiles,train-group-000190020,3
train-000950104,train,c1(C=NC(CCC=C)C(=O)OC)ccccc1.Cl.O.CCOCC,NC(CCC=C)C(=O)OC,r_smiles,train-group-000190020,4
train-000430725,train,[Na+].Cl.O.[Mg+]C1CC1.O=C([O-])[O-].CCOCC.N#Cc1c(N)nc(Sc2ccccc2)c(C#N)c1-c1ccc2c(c1)OCO2.[Br-].[Na+].C1CCOC1,N#Cc1c(N)nc(C2CC2)c(C#N)c1-c1ccc2c(c1)OCO2,r_smiles,train-group-000086145,0
train-000430726,train,O.Cl.[Na+].N#Cc1c(Sc2ccccc2)nc(N)c(C#N)c1-c1ccc2c(c1)OCO2.[Na+].C(C)OCC.C(=O)([O-])[O-].[Br-].C1CC1[Mg+].C1CCCO1,N#Cc1c(C2CC2)nc(N)c(C#N)c1-c1ccc2c(c1)OCO2,r_smiles,train-group-000086145,1
train-000430727,train,[Na+].O.Cl.C(C)OCC.[Na+].[O-]C(=O)[O-].n1c(N)c(C#N)c(-c2ccc3c(c2)OCO3)c(C#N)c1Sc1ccccc1.C1CCOC1.[Br-].C1CC1[Mg+],n1c(N)c(C#N)c(-c2ccc3c(c2)OCO3)c(C#N)c1C1CC1,r_smiles,train-group-000086145,2
train-000430728,train,O.C1CCCO1.c1ccccc1Sc1nc(N)c(C#N)c(-c2ccc3c(c2)OCO3)c1C#N.C1CC1[Mg+].[Na+].C(C)OCC.[O-]C(=O)[O-].[Na+].[Br-].Cl,c1(C2CC2)nc(N)c(C#N)c(-c2ccc3c(c2)OCO3)c1C#N,r_smiles,train-group-000086145,3
train-000430729,train,CCOCC.c1cc2c(cc1-c1c(C#N)c(N)nc(Sc3ccccc3)c1C#N)OCO2.O1CCCC1.[Br-].[O-]C(=O)[O-].C1([Mg+])CC1.O.[Na+].[Na+].Cl,c1cc2c(cc1-c1c(C#N)c(N)nc(C3CC3)c1C#N)OCO2,r_smiles,train-group-000086145,4
train-000718570,train,CS(=O)(=O)OCCC1OCCc2cc(C#N)ccc21.CC1CN(c2cccc3cc(F)ccc23)CCN1,C(CC1OCCc2cc(C#N)ccc21)N1CCN(c2cccc3cc(F)ccc23)CC1C,r_smiles,train-group-000143714,0
train-000718571,train,O=S(C)(=O)OCCC1OCCc2cc(C#N)ccc21.c1cc2c(N3CCNC(C)C3)cccc2cc1F,C(CC1OCCc2cc(C#N)ccc21)N1CCN(c2cccc3cc(F)ccc23)CC1C,r_smiles,train-group-000143714,1
train-000718572,train,c1(C#N)ccc2c(c1)CCOC2CCOS(C)(=O)=O.c12cccc(N3CCNC(C)C3)c1ccc(F)c2,c1(C#N)ccc2c(c1)CCOC2CCN1CCN(c2cccc3cc(F)ccc23)CC1C,r_smiles,train-group-000143714,2
train-000718573,train,C1(CCOS(C)(=O)=O)OCCc2cc(C#N)ccc21.CC1CN(c2cccc3cc(F)ccc23)CCN1,C1(CCN2CCN(c3cccc4cc(F)ccc34)CC2C)OCCc2cc(C#N)ccc21,r_smiles,train-group-000143714,3
train-000718574,train,c1cc(F)cc2cccc(N3CCNC(C)C3)c12.c1cc(C#N)cc2c1C(CCOS(C)(=O)=O)OCC2,c1cc(C#N)cc2c1C(CCN1CCN(c3cccc4cc(F)ccc34)CC1C)OCC2,r_smiles,train-group-000143714,4
train-001656140,train,c1ccccc1.COC(=O)c1ccc(N)cn1.O.O=Cc1ccccc1,COC(=O)c1ccc(N=Cc2ccccc2)cn1,r_smiles,train-group-000331228,0
train-001656141,train,O.O=C(OC)c1ccc(N)cn1.c1ccccc1.O=Cc1ccccc1,O=C(OC)c1ccc(N=Cc2ccccc2)cn1,r_smiles,train-group-000331228,1
train-001656142,train,c1(C(=O)OC)ccc(N)cn1.O.c1ccccc1.c1ccccc1C=O,c1(C(=O)OC)ccc(N=Cc2ccccc2)cn1,r_smiles,train-group-000331228,2
train-001656143,train,O=C(OC)c1ccc(N)cn1.c1ccccc1.c1ccccc1C=O.O,O=C(OC)c1ccc(N=Cc2ccccc2)cn1,r_smiles,train-group-000331228,3
train-001656144,train,c1ccccc1.c1cccc(C=O)c1.O.c1nc(C(=O)OC)ccc1N,c1nc(C(=O)OC)ccc1N=Cc1ccccc1,r_smiles,train-group-000331228,4
train-000970470,train,C1CCOC1.CC(C)CC(NC(=O)c1ccc(CBr)cc1)C(=O)NC(C)(C)C#N.c1c[nH]cn1.[Na],CC(C)CC(NC(=O)c1ccc(Cn2ccnc2)cc1)C(=O)NC(C)(C)C#N,r_smiles,train-group-000194094,0
train-000970471,train,c1cnc[nH]1.N#CC(C)(C)NC(=O)C(CC(C)C)NC(=O)c1ccc(CBr)cc1.[Na].O1CCCC1,N#CC(C)(C)NC(=O)C(CC(C)C)NC(=O)c1ccc(Cn2ccnc2)cc1,r_smiles,train-group-000194094,1
train-000970472,train,c1cnc[nH]1.O1CCCC1.[Na].c1cc(C(=O)NC(CC(C)C)C(=O)NC(C)(C)C#N)ccc1CBr,c1cc(C(=O)NC(CC(C)C)C(=O)NC(C)(C)C#N)ccc1Cn1ccnc1,r_smiles,train-group-000194094,2
train-000970473,train,C1CCCO1.c1(CBr)ccc(C(=O)NC(CC(C)C)C(=O)NC(C)(C)C#N)cc1.[Na].c1c[nH]cn1,c1(Cn2ccnc2)ccc(C(=O)NC(CC(C)C)C(=O)NC(C)(C)C#N)cc1,r_smiles,train-group-000194094,3
train-000970474,train,C1CCOC1.[Na].CC(C)(C#N)NC(=O)C(CC(C)C)NC(=O)c1ccc(CBr)cc1.[nH]1ccnc1,CC(C)(C#N)NC(=O)C(CC(C)C)NC(=O)c1ccc(Cn2ccnc2)cc1,r_smiles,train-group-000194094,4
train-001144930,train,CCN(CC)CC(O)CN.[Cl-].COc1c(C(=O)O)n(-c2ccccc2)c2ccc(C)cc12,COc1c(C(=O)NCC(O)CN(CC)CC)n(-c2ccccc2)c2ccc(C)cc12,r_smiles,train-group-000228986,0
train-001144931,train,NCC(O)CN(CC)CC.[Cl-].COc1c(C(=O)O)n(-c2ccccc2)c2ccc(C)cc12,COc1c(C(=O)NCC(O)CN(CC)CC)n(-c2ccccc2)c2ccc(C)cc12,r_smiles,train-group-000228986,1
train-001144932,train,[Cl-].c1cccc(-n2c(C(=O)O)c(OC)c3cc(C)ccc32)c1.CCN(CC)CC(O)CN,c1cccc(-n2c(C(=O)NCC(O)CN(CC)CC)c(OC)c3cc(C)ccc32)c1,r_smiles,train-group-000228986,2
train-001144933,train,C(O)(CN)CN(CC)CC.c12cc(C)ccc1n(-c1ccccc1)c(C(=O)O)c2OC.[Cl-],c12cc(C)ccc1n(-c1ccccc1)c(C(=O)NCC(O)CN(CC)CC)c2OC,r_smiles,train-group-000228986,3
train-001144934,train,C(C(O)CN)N(CC)CC.c1cc2c(cc1C)c(OC)c(C(=O)O)n2-c1ccccc1.[Cl-],c1cc2c(cc1C)c(OC)c(C(=O)NCC(O)CN(CC)CC)n2-c1ccccc1,r_smiles,train-group-000228986,4
train-001595015,train,CC(C)c1cccc(C(C)C)c1N.CC(C)=O.O.O.O.[Na+].O=C(Br)CBr.CC(=O)[O-].O,CC(C)c1cccc(C(C)C)c1NC(=O)CBr,r_smiles,train-group-000319003,0
train-001595016,train,C(C)(=O)[O-].[Na+].O=C(Br)CBr.O=C(C)C.O.O.O.CC(C)c1cccc(C(C)C)c1N.O,CC(C)c1cccc(C(C)C)c1NC(=O)CBr,r_smiles,train-group-000319003,1
train-001595017,train,[Na+].O.[O-]C(C)=O.CC(C)=O.O.BrCC(=O)Br.Nc1c(C(C)C)cccc1C(C)C.O.O,N(C(=O)CBr)c1c(C(C)C)cccc1C(C)C,r_smiles,train-group-000319003,2
train-001595018,train,O.O=C(C)C.[O-]C(C)=O.C(=O)(Br)CBr.O.[Na+].O.C(C)(C)c1cccc(C(C)C)c1N.O,C(C)(C)c1cccc(C(C)C)c1NC(=O)CBr,r_smiles,train-group-000319003,3
train-001595019,train,O.O.O.O=C(C)C.O.C(Br)C(=O)Br.[Na+].[O-]C(C)=O.CC(C)c1cccc(C(C)C)c1N,CC(C)c1cccc(C(C)C)c1NC(=O)CBr,r_smiles,train-group-000319003,4
train-000504445,train,c1c[nH]cn1.CCOC(=O)C(F)(F)F.C1CCOC1.[K].FC(F)C(F)(F)n1ccnc1,FC(F)=C(F)n1ccnc1,r_smiles,train-group-000100889,0
train-000504446,train,[K].C1CCOC1.FC(F)C(F)(F)n1ccnc1.FC(F)(F)C(=O)OCC.n1cc[nH]c1,FC(F)=C(F)n1ccnc1,r_smiles,train-group-000100889,1
train-000504447,train,c1cncn1C(F)(F)C(F)F.[K].CCOC(=O)C(F)(F)F.c1ncc[nH]1.C1CCCO1,c1cncn1C(F)=C(F)F,r_smiles,train-group-000100889,2
train-000504448,train,c1nccn1C(F)(F)C(F)F.FC(F)(F)C(=O)OCC.[nH]1ccnc1.[K].C1CCCO1,c1nccn1C(F)=C(F)F,r_smiles,train-group-000100889,3
train-000504449,train,c1cn(C(F)(F)C(F)F)cn1.C1CCOC1.FC(F)(F)C(=O)OCC.[K].[nH]1ccnc1,c1cn(C(F)=C(F)F)cn1,r_smiles,train-group-000100889,4
train-001492640,train,Cl.ClCCl.CCCCOC(=O)CC#N.[OH-].O=C(Cl)c1ccc(Cl)cc1[N+](=O)[O-].C1CCOC1.CCN(CC)CC.[Na+],O=C(c1ccc(Cl)cc1[N+](=O)[O-])C(C#N)C(=O)OCCCC,r_smiles,train-group-000298528,0
train-001492641,train,CCN(CC)CC.[OH-].[Na+].C(Cl)Cl.Cl.N#CCC(=O)OCCCC.O=[N+]([O-])c1cc(Cl)ccc1C(=O)Cl.C1CCOC1,O=[N+]([O-])c1cc(Cl)ccc1C(=O)C(C#N)C(=O)OCCCC,r_smiles,train-group-000298528,1
train-001492642,train,C(#N)CC(=O)OCCCC.Cl.[Na+].c1cc(C(=O)Cl)c([N+](=O)[O-])cc1Cl.CCN(CC)CC.C(Cl)Cl.[OH-].C1CCOC1,c1cc(C(=O)C(C#N)C(=O)OCCCC)c([N+](=O)[O-])cc1Cl,r_smiles,train-group-000298528,2
train-001492643,train,Cl.[OH-].[Na+].C(=O)(Cl)c1ccc(Cl)cc1[N+](=O)[O-].C(Cl)Cl.C(C)N(CC)CC.C1CCOC1.C(CCC)OC(=O)CC#N,C(=O)(c1ccc(Cl)cc1[N+](=O)[O-])C(C#N)C(=O)OCCCC,r_smiles,train-group-000298528,3
train-001492644,train,C1CCCO1.O=C(Cl)c1ccc(Cl)cc1[N+](=O)[O-].C(C#N)C(=O)OCCCC.[OH-].CCN(CC)CC.Cl.[Na+].ClCCl,O=C(c1ccc(Cl)cc1[N+](=O)[O-])C(C#N)C(=O)OCCCC,r_smiles,train-group-000298528,4
train-001967010,train,ClCCl.O=C(Cl)C1CC1.CCNCc1cc2ccccc2nc1-c1cc(CC(=O)OCC)ccc1OC.CCN(C(C)C)C(C)C,CCN(Cc1cc2ccccc2nc1-c1cc(CC(=O)OCC)ccc1OC)C(=O)C1CC1,r_smiles,train-group-000393402,0
train-001967011,train,C1CC1C(=O)Cl.C(C)N(C(C)C)C(C)C.C(Cl)Cl.n1c(-c2cc(CC(=O)OCC)ccc2OC)c(CNCC)cc2ccccc12,n1c(-c2cc(CC(=O)OCC)ccc2OC)c(CN(CC)C(=O)C2CC2)cc2ccccc12,r_smiles,train-group-000393402,1
train-001967012,train,ClCCl.c1cc(CC(=O)OCC)cc(-c2nc3ccccc3cc2CNCC)c1OC.C(C)(C)N(CC)C(C)C.C(=O)(Cl)C1CC1,c1cc(CC(=O)OCC)cc(-c2nc3ccccc3cc2CN(CC)C(=O)C2CC2)c1OC,r_smiles,train-group-000393402,2
train-001967013,train,C1CC1C(=O)Cl.C(=O)(Cc1ccc(OC)c(-c2nc3ccccc3cc2CNCC)c1)OCC.N(CC)(C(C)C)C(C)C.C(Cl)Cl,C(=O)(Cc1ccc(OC)c(-c2nc3ccccc3cc2CN(CC)C(=O)C2CC2)c1)OCC,r_smiles,train-group-000393402,3
train-001967014,train,C1CC1C(=O)Cl.c1(-c2cc(CC(=O)OCC)ccc2OC)nc2ccccc2cc1CNCC.ClCCl.C(C)(C)N(CC)C(C)C,c1(-c2cc(CC(=O)OCC)ccc2OC)nc2ccccc2cc1CN(CC)C(=O)C1CC1,r_smiles,train-group-000393402,4
train-000857445,train,[Na].Nc1cccc2c(S(=O)(=O)[O-])cccc12.[Na+].N.[NH2-],Nc1cccc2c(N)cccc12,r_smiles,train-group-000171489,0
train-000857446,train,c1cc(N)c2cccc(S(=O)(=O)[O-])c2c1.[Na].[Na+].N.[NH2-],c1cc(N)c2cccc(N)c2c1,r_smiles,train-group-000171489,1
train-000857447,train,c1(N)cccc2c(S(=O)(=O)[O-])cccc12.[Na].[Na+].N.[NH2-],c1(N)cccc2c(N)cccc12,r_smiles,train-group-000171489,2
train-000857448,train,[NH2-].N.[Na+].c1(S(=O)(=O)[O-])cccc2c(N)cccc12.[Na],c1(N)cccc2c(N)cccc12,r_smiles,train-group-000171489,3
train-000857449,train,[NH2-].[Na].[Na+].N.c1ccc(N)c2cccc(S(=O)(=O)[O-])c12,c1ccc(N)c2cccc(N)c12,r_smiles,train-group-000171489,4
train-001876535,train,c1cc[nH+]cc1.O=S(Cl)Cl.Cl.CCO[Si](OCC)(c1c(F)c(F)c(F)c(F)c1F)c1c(F)c(F)c(F)c(F)c1F,[Si](Cl)(Cl)(c1c(F)c(F)c(F)c(F)c1F)c1c(F)c(F)c(F)c(F)c1F,r_smiles,train-group-000375307,0
train-001876536,train,S(=O)(Cl)Cl.c1ccc[nH+]c1.Fc1c(F)c(F)c(F)c([Si](OCC)(OCC)c2c(F)c(F)c(F)c(F)c2F)c1F.Cl,Fc1c(F)c(F)c(F)c([Si](Cl)(Cl)c2c(F)c(F)c(F)c(F)c2F)c1F,r_smiles,train-group-000375307,1
train-001876537,train,Cl.c1(F)c(F)c(F)c(F)c(F)c1[Si](OCC)(OCC)c1c(F)c(F)c(F)c(F)c1F.O=S(Cl)Cl.c1cccc[nH+]1,c1(F)c(F)c(F)c(F)c(F)c1[Si](Cl)(Cl)c1c(F)c(F)c(F)c(F)c1F,r_smiles,train-group-000375307,2
train-001876538,train,Cl.c1cccc[nH+]1.S(=O)(Cl)Cl.c1(F)c(F)c(F)c([Si](OCC)(OCC)c2c(F)c(F)c(F)c(F)c2F)c(F)c1F,c1(F)c(F)c(F)c([Si](Cl)(Cl)c2c(F)c(F)c(F)c(F)c2F)c(F)c1F,r_smiles,train-group-000375307,3
train-001876539,train,Cl.S(=O)(Cl)Cl.c1cccc[nH+]1.c1(F)c(F)c(F)c(F)c(F)c1[Si](OCC)(OCC)c1c(F)c(F)c(F)c(F)c1F,c1(F)c(F)c(F)c(F)c(F)c1[Si](Cl)(Cl)c1c(F)c(F)c(F)c(F)c1F,r_smiles,train-group-000375307,4
train-000572905,train,CC(=O)[O-].O.NO.CC(=O)c1nc(-c2ccncc2)[nH]c1C.[Na+].Cl,CC(=NO)c1nc(-c2ccncc2)[nH]c1C,r_smiles,train-group-000114581,0
train-000572906,train,NO.[Na+].Cl.C(C)(=O)[O-].O.c1cnccc1-c1nc(C(C)=O)c(C)[nH]1,c1cnccc1-c1nc(C(C)=NO)c(C)[nH]1,r_smiles,train-group-000114581,1
train-000572907,train,C(C)(=O)c1nc(-c2ccncc2)[nH]c1C.ON.O.Cl.O=C(C)[O-].[Na+],C(C)(=NO)c1nc(-c2ccncc2)[nH]c1C,r_smiles,train-group-000114581,2
train-000572908,train,ON.O.[Na+].Cl.C(C)(=O)[O-].c1cnccc1-c1nc(C(C)=O)c(C)[nH]1,c1cnccc1-c1nc(C(C)=NO)c(C)[nH]1,r_smiles,train-group-000114581,3
train-000572909,train,[Na+].CC(=O)[O-].c1cnccc1-c1nc(C(C)=O)c(C)[nH]1.Cl.NO.O,c1cnccc1-c1nc(C(C)=NO)c(C)[nH]1,r_smiles,train-group-000114581,4
train-000863955,train,COC(=O)c1c(OCCCCN)cccc1OCc1ccccc1.CC(=O)NC(Cc1ccc(N2CC(=O)NS2(=O)=O)c(OCc2ccccc2)c1)C(=O)O,CC(=O)NC(Cc1ccc(N2CC(=O)NS2(=O)=O)c(OCc2ccccc2)c1)C(=O)NCCCCOc1cccc(OCc2ccccc2)c1C(=O)OC,r_smiles,train-group-000172791,0
train-000863956,train,C(c1ccc(N2CC(=O)NS2(=O)=O)c(OCc2ccccc2)c1)C(NC(C)=O)C(=O)O.C(CN)CCOc1cccc(OCc2ccccc2)c1C(=O)OC,C(c1ccc(N2CC(=O)NS2(=O)=O)c(OCc2ccccc2)c1)C(NC(C)=O)C(=O)NCCCCOc1cccc(OCc2ccccc2)c1C(=O)OC,r_smiles,train-group-000172791,1
train-000863957,train,c1(N2CC(=O)NS2(=O)=O)ccc(CC(NC(C)=O)C(=O)O)cc1OCc1ccccc1.O=C(OC)c1c(OCCCCN)cccc1OCc1ccccc1,c1(N2CC(=O)NS2(=O)=O)ccc(CC(NC(C)=O)C(=O)NCCCCOc2cccc(OCc3ccccc3)c2C(=O)OC)cc1OCc1ccccc1,r_smiles,train-group-000172791,2
train-000863958,train,c1ccc(OCCCCN)c(C(=O)OC)c1OCc1ccccc1.O(Cc1ccccc1)c1cc(CC(NC(C)=O)C(=O)O)ccc1N1CC(=O)NS1(=O)=O,O(Cc1ccccc1)c1cc(CC(NC(C)=O)C(=O)NCCCCOc2cccc(OCc3ccccc3)c2C(=O)OC)ccc1N1CC(=O)NS1(=O)=O,r_smiles,train-group-000172791,3
train-000863959,train,c1cccc(COc2cccc(OCCCCN)c2C(=O)OC)c1.N(C(C)=O)C(Cc1ccc(N2CC(=O)NS2(=O)=O)c(OCc2ccccc2)c1)C(=O)O,N(C(C)=O)C(Cc1ccc(N2CC(=O)NS2(=O)=O)c(OCc2ccccc2)c1)C(=O)NCCCCOc1cccc(OCc2ccccc2)c1C(=O)OC,r_smiles,train-group-000172791,4
train-000568835,train,[K+].CCC(C)=O.ClCCCBr.O=C([O-])[O-].[K+].NC(=O)c1ccc(O)cc1,NC(=O)c1ccc(OCCCCl)cc1,r_smiles,train-group-000113767,0
train-000568836,train,[K+].[K+].[O-]C(=O)[O-].c1cc(C(N)=O)ccc1O.C(Cl)CCBr.C(C)(=O)CC,c1cc(C(N)=O)ccc1OCCCCl,r_smiles,train-group-000113767,1
train-000568837,train,[K+].O=C(C)CC.[O-]C(=O)[O-].ClCCCBr.NC(=O)c1ccc(O)cc1.[K+],NC(=O)c1ccc(OCCCCl)cc1,r_smiles,train-group-000113767,2
train-000568838,train,C(N)(=O)c1ccc(O)cc1.ClCCCBr.[O-]C(=O)[O-].O=C(C)CC.[K+].[K+],C(N)(=O)c1ccc(OCCCCl)cc1,r_smiles,train-group-000113767,3
train-000568839,train,[K+].[K+].O=C(C)CC.C(N)(=O)c1ccc(O)cc1.C(Br)CCCl.C(=O)([O-])[O-],C(N)(=O)c1ccc(OCCCCl)cc1,r_smiles,train-group-000113767,4
train-001754720,train,C=CC(C)=O.O=c1[nH][nH]c(=O)c2ccccc12.CCO,O=c1[nH]n(CCC(C)=O)c(=O)c2ccccc12,r_smiles,train-group-000350944,0
train-001754721,train,OCC.c1(=O)[nH][nH]c(=O)c2ccccc12.C(C)(=O)C=C,c1(=O)[nH]n(CCC(C)=O)c(=O)c2ccccc12,r_smiles,train-group-000350944,1
train-001754722,train,c12ccccc1c(=O)[nH][nH]c2=O.O=C(C)C=C.C(C)O,c12ccccc1c(=O)[nH]n(CCC(C)=O)c2=O,r_smiles,train-group-000350944,2
train-001754723,train,CC(=O)C=C.c1ccc2c(=O)[nH][nH]c(=O)c2c1.OCC,c1ccc2c(=O)[nH]n(CCC(C)=O)c(=O)c2c1,r_smiles,train-group-000350944,3
train-001754724,train,[nH]1[nH]c(=O)c2ccccc2c1=O.O=C(C)C=C.CCO,[nH]1c(=O)c2ccccc2c(=O)n1CCC(C)=O,r_smiles,train-group-000350944,4
train-000032730,train,[Zn].O=N[O-].[OH-].[Na+].CC(=O)c1c(C)nn2ccsc12.Cl.[Na+],c1(N)c(C)nn2ccsc12,r_smiles,train-group-000006546,0
train-000032731,train,[Na+].[Na+].Cl.N(=O)[O-].[Zn].[OH-].c1csc2c(C(C)=O)c(C)nn12,c1csc2c(N)c(C)nn12,r_smiles,train-group-000006546,1
train-000032732,train,[O-]N=O.c1cn2nc(C)c(C(C)=O)c2s1.[OH-].Cl.[Na+].[Na+].[Zn],c1cn2nc(C)c(N)c2s1,r_smiles,train-group-000006546,2
train-000032733,train,N(=O)[O-].[OH-].[Zn].[Na+].[Na+].C(C)(=O)c1c(C)nn2ccsc12.Cl,c1(N)c(C)nn2ccsc12,r_smiles,train-group-000006546,3
train-000032734,train,[Na+].c1cn2nc(C)c(C(C)=O)c2s1.[Na+].O=N[O-].Cl.[OH-].[Zn],c1cn2nc(C)c(N)c2s1,r_smiles,train-group-000006546,4
train-001005880,train,On1nnc2ccccc21.O=C(O)CC1CCCCC1.NC(C(=O)NC1C(=O)Nc2ccccc2OC1c1ccccc1)c1ccc(F)cc1.ClCCl,N(C(=O)CC1CCCCC1)C(C(=O)NC1C(=O)Nc2ccccc2OC1c1ccccc1)c1ccc(F)cc1,r_smiles,train-group-000201176,0
train-001005881,train,n1nc2ccccc2n1O.O=C(O)CC1CCCCC1.c1ccccc1C1Oc2ccccc2NC(=O)C1NC(=O)C(N)c1ccc(F)cc1.ClCCl,c1ccccc1C1Oc2ccccc2NC(=O)C1NC(=O)C(NC(=O)CC1CCCCC1)c1ccc(F)cc1,r_smiles,train-group-000201176,1
train-001005882,train,c1cccc2c1OC(c1ccccc1)C(NC(=O)C(N)c1ccc(F)cc1)C(=O)N2.ClCCl.C1(CC(=O)O)CCCCC1.n1nn(O)c2ccccc12,c1cccc2c1OC(c1ccccc1)C(NC(=O)C(NC(=O)CC1CCCCC1)c1ccc(F)cc1)C(=O)N2,r_smiles,train-group-000201176,2
train-001005883,train,c1cccc2nnn(O)c12.C1CCCC(CC(=O)O)C1.ClCCl.c12ccccc1OC(c1ccccc1)C(NC(=O)C(N)c1ccc(F)cc1)C(=O)N2,c12ccccc1OC(c1ccccc1)C(NC(=O)C(NC(=O)CC1CCCCC1)c1ccc(F)cc1)C(=O)N2,r_smiles,train-group-000201176,3
train-001005884,train,n1nc2ccccc2n1O.c1cc(F)ccc1C(N)C(=O)NC1C(=O)Nc2ccccc2OC1c1ccccc1.C1CCCCC1CC(=O)O.ClCCl,c1cc(F)ccc1C(NC(=O)CC1CCCCC1)C(=O)NC1C(=O)Nc2ccccc2OC1c1ccccc1,r_smiles,train-group-000201176,4
train-000182635,train,O=C(O)CNC(=O)OCc1ccccc1.CCN(CC)CC.C1CCOC1.NC(=O)C1CCNCC1.CC(C)COC(=O)Cl,C(=O)(CNC(=O)OCc1ccccc1)N1CCC(C(N)=O)CC1,r_smiles,train-group-000036527,0
train-000182636,train,C(C)N(CC)CC.N(CC(=O)O)C(=O)OCc1ccccc1.CC(C)COC(=O)Cl.C1CCOC1.C1(C(N)=O)CCNCC1,N(CC(=O)N1CCC(C(N)=O)CC1)C(=O)OCc1ccccc1,r_smiles,train-group-000036527,1
train-000182637,train,C1CNCCC1C(N)=O.c1cccc(COC(=O)NCC(=O)O)c1.CCN(CC)CC.C1CCCO1.O(CC(C)C)C(=O)Cl,c1cccc(COC(=O)NCC(=O)N2CCC(C(N)=O)CC2)c1,r_smiles,train-group-000036527,2
train-000182638,train,C(OC(=O)NCC(=O)O)c1ccccc1.N1CCC(C(N)=O)CC1.C1CCCO1.CCN(CC)CC.C(=O)(Cl)OCC(C)C,C(OC(=O)NCC(=O)N1CCC(C(N)=O)CC1)c1ccccc1,r_smiles,train-group-000036527,3
train-000182639,train,C(OC(=O)Cl)C(C)C.C(C)N(CC)CC.OC(=O)CNC(=O)OCc1ccccc1.C1CCCO1.C(N)(=O)C1CCNCC1,O=C(CNC(=O)OCc1ccccc1)N1CCC(C(N)=O)CC1,r_smiles,train-group-000036527,4
train-000625025,train,CCOC(C)=O.COc1cc([N+](=O)[O-])c(O)cc1C,COc1cc(N)c(O)cc1C,r_smiles,train-group-000125005,0
train-000625026,train,O=[N+]([O-])c1cc(OC)c(C)cc1O.C(C)OC(C)=O,Nc1cc(OC)c(C)cc1O,r_smiles,train-group-000125005,1
train-000625027,train,COc1cc([N+](=O)[O-])c(O)cc1C.C(C)OC(C)=O,COc1cc(N)c(O)cc1C,r_smiles,train-group-000125005,2
train-000625028,train,c1c(OC)c(C)cc(O)c1[N+](=O)[O-].O=C(C)OCC,c1c(N)c(O)cc(C)c1OC,r_smiles,train-group-000125005,3
train-000625029,train,Cc1cc(O)c([N+](=O)[O-])cc1OC.O=C(C)OCC,Cc1cc(O)c(N)cc1OC,r_smiles,train-group-000125005,4
train-000052465,train,CI.[K+].CC(C)(C)[O-].C(=Nc1ncc[nH]1)c1ccccc1.CN(C)C=O,C(=Nc1nccn1C)c1ccccc1,r_smiles,train-group-000010493,0
train-000052466,train,IC.CC(C)(C)[O-].O=CN(C)C.[K+].c1cnc(N=Cc2ccccc2)[nH]1,c1cn(C)c(N=Cc2ccccc2)n1,r_smiles,train-group-000010493,1
train-000052467,train,c1cccc(C=Nc2ncc[nH]2)c1.IC.CC(C)(C)[O-].[K+].N(C)(C)C=O,c1cccc(C=Nc2nccn2C)c1,r_smiles,train-group-000010493,2
train-000052468,train,CI.[K+].C(=O)N(C)C.[nH]1ccnc1N=Cc1ccccc1.CC(C)(C)[O-],n1(C)ccnc1N=Cc1ccccc1,r_smiles,train-group-000010493,3
train-000052469,train,O=CN(C)C.[K+].c1cccc(C=Nc2ncc[nH]2)c1.CC(C)(C)[O-].IC,c1cccc(C=Nc2nccn2C)c1,r_smiles,train-group-000010493,4
train-000462415,train,O.[Li+].C1CCOC1.O.COC(=O)C1(C(=O)Nc2ccc(-c3ccccc3)cc2)CC1.[OH-].CO,O=C(O)C1(C(=O)Nc2ccc(-c3ccccc3)cc2)CC1,r_smiles,train-group-000092483,0
train-000462416,train,O.c1cc(-c2ccccc2)ccc1NC(=O)C1(C(=O)OC)CC1.C1CCCO1.O.[OH-].[Li+].CO,c1cc(-c2ccccc2)ccc1NC(=O)C1(C(=O)O)CC1,r_smiles,train-group-000092483,1
train-000462417,train,[OH-].O.O.OC.C1(C(=O)Nc2ccc(-c3ccccc3)cc2)(C(=O)OC)CC1.[Li+].C1CCCO1,C1(C(=O)O)(C(=O)Nc2ccc(-c3ccccc3)cc2)CC1,r_smiles,train-group-000092483,2
train-000462418,train,O.[OH-].CO.O.c1ccc(-c2ccc(NC(=O)C3(C(=O)OC)CC3)cc2)cc1.O1CCCC1.[Li+],c1ccc(-c2ccc(NC(=O)C3(C(=O)O)CC3)cc2)cc1,r_smiles,train-group-000092483,3
train-000462419,train,O.O.COC(=O)C1(C(=O)Nc2ccc(-c3ccccc3)cc2)CC1.CO.[OH-].[Li+].C1CCCO1,O=C(O)C1(C(=O)Nc2ccc(-c3ccccc3)cc2)CC1,r_smiles,train-group-000092483,4
train-000756895,train,O.CCN=C=NCCCN(C)C.NCc1ccc(OC(F)(F)F)cc1.CN(C)C=O.On1nnc2ccccc21.Cl.CC(C)(C)OC(=O)N1CCN(S(=O)(=O)c2ccc(C3CC3)cc2)C(C(=O)O)C1,CC(C)(C)OC(=O)N1CCN(S(=O)(=O)c2ccc(C3CC3)cc2)C(C(=O)NCc2ccc(OC(F)(F)F)cc2)C1,r_smiles,train-group-000151379,0
train-000756896,train,c12ccccc1n(O)nn2.O.Cl.FC(F)(F)Oc1ccc(CN)cc1.N1(S(=O)(=O)c2ccc(C3CC3)cc2)CCN(C(=O)OC(C)(C)C)CC1C(=O)O.CN(C)CCCN=C=NCC.O=CN(C)C,N1(S(=O)(=O)c2ccc(C3CC3)cc2)CCN(C(=O)OC(C)(C)C)CC1C(=O)NCc1ccc(OC(F)(F)F)cc1,r_smiles,train-group-000151379,1
train-000756897,train,FC(F)(F)Oc1ccc(CN)cc1.CN(C)C=O.Cl.O.C(C)N=C=NCCCN(C)C.CC(C)(C)OC(=O)N1CCN(S(=O)(=O)c2ccc(C3CC3)cc2)C(C(=O)O)C1.n1(O)nnc2ccccc21,CC(C)(C)OC(=O)N1CCN(S(=O)(=O)c2ccc(C3CC3)cc2)C(C(=O)NCc2ccc(OC(F)(F)F)cc2)C1,r_smiles,train-group-000151379,2
train-000756898,train,c1(S(=O)(=O)N2CCN(C(=O)OC(C)(C)C)CC2C(=O)O)ccc(C2CC2)cc1.N(=C=NCCCN(C)C)CC.CN(C)C=O.c1cccc2nnn(O)c12.c1(CN)ccc(OC(F)(F)F)cc1.O.Cl,c1(S(=O)(=O)N2CCN(C(=O)OC(C)(C)C)CC2C(=O)NCc2ccc(OC(F)(F)F)cc2)ccc(C2CC2)cc1,r_smiles,train-group-000151379,3
train-000756899,train,FC(F)(F)Oc1ccc(CN)cc1.c1ccc2nnn(O)c2c1.C(=O)N(C)C.O(C(=O)N1CCN(S(=O)(=O)c2ccc(C3CC3)cc2)C(C(=O)O)C1)C(C)(C)C.Cl.O.N(=C=NCCCN(C)C)CC,O(C(=O)N1CCN(S(=O)(=O)c2ccc(C3CC3)cc2)C(C(=O)NCc2ccc(OC(F)(F)F)cc2)C1)C(C)(C)C,r_smiles,train-group-000151379,4
train-000781430,train,O=C(O)c1scc2c1nc(C(=O)NC1CCN(C3CC3)CC1)n2Cc1cc(-c2ccc(Cl)s2)on1.NCCO,O=C(O)c1scc2c1nc(C(=O)O)n2Cc1cc(-c2ccc(Cl)s2)on1,r_smiles,train-group-000156286,0
train-000781431,train,C(N)CO.c1sc(C(=O)O)c2nc(C(=O)NC3CCN(C4CC4)CC3)n(Cc3cc(-c4ccc(Cl)s4)on3)c12,c1sc(C(=O)O)c2nc(C(=O)O)n(Cc3cc(-c4ccc(Cl)s4)on3)c12,r_smiles,train-group-000156286,1
train-000781432,train,NCCO.s1cc2c(nc(C(=O)NC3CCN(C4CC4)CC3)n2Cc2cc(-c3ccc(Cl)s3)on2)c1C(=O)O,s1cc2c(nc(C(=O)O)n2Cc2cc(-c3ccc(Cl)s3)on2)c1C(=O)O,r_smiles,train-group-000156286,2
train-000781433,train,C(N)CO.N1(C2CC2)CCC(NC(=O)c2nc3c(C(=O)O)scc3n2Cc2cc(-c3ccc(Cl)s3)on2)CC1,C(=O)(O)c1nc2c(C(=O)O)scc2n1Cc1cc(-c2ccc(Cl)s2)on1,r_smiles,train-group-000156286,3
train-000781434,train,NCCO.C1CC1N1CCC(NC(=O)c2nc3c(C(=O)O)scc3n2Cc2cc(-c3ccc(Cl)s3)on2)CC1,C(=O)(O)c1nc2c(C(=O)O)scc2n1Cc1cc(-c2ccc(Cl)s2)on1,r_smiles,train-group-000156286,4
train-001302055,train,Cc1ccccc1Br.O.COc1ccc(S(=O)(=O)[O-])c(OC)c1-c1ccccc1P(C1CCCCC1)C1CCCCC1.CC(=O)[O-].O=C([O-])[O-].CC(=O)[O-].[Pd+2].Cc1cccc(C)c1B(O)O.[K+].[Na+].[K+],Cc1cccc(C)c1-c1ccccc1C,r_smiles,train-group-000260411,0
train-001302056,train,c1cc(C)c(B(O)O)c(C)c1.[K+].[Na+].C1CCCC(P(c2ccccc2-c2c(OC)ccc(S(=O)(=O)[O-])c2OC)C2CCCCC2)C1.O.[Pd+2].CC(=O)[O-].C(=O)([O-])[O-].[K+].[O-]C(C)=O.c1(C)ccccc1Br,c1cc(C)c(-c2ccccc2C)c(C)c1,r_smiles,train-group-000260411,1
train-001302057,train,O.[Na+].CC(=O)[O-].[K+].COc1ccc(S(=O)(=O)[O-])c(OC)c1-c1ccccc1P(C1CCCCC1)C1CCCCC1.C(=O)([O-])[O-].[Pd+2].[O-]C(C)=O.[K+].c1cccc(Br)c1C.OB(O)c1c(C)cccc1C,c1(-c2ccccc2C)c(C)cccc1C,r_smiles,train-group-000260411,2
train-001302058,train,[Na+].[K+].c1ccc(Br)c(C)c1.[O-]C(C)=O.[Pd+2].[O-]C(C)=O.C(=O)([O-])[O-].[K+].O.C1CCCC(P(c2ccccc2-c2c(OC)ccc(S(=O)(=O)[O-])c2OC)C2CCCCC2)C1.c1ccc(C)c(B(O)O)c1C,c1ccc(C)c(-c2ccccc2C)c1C,r_smiles,train-group-000260411,3
train-001302059,train,[Pd+2].CC(=O)[O-].c1cccc(Br)c1C.[Na+].OB(O)c1c(C)cccc1C.[K+].[O-]C(=O)[O-].O.[K+].c1cccc(-c2c(OC)ccc(S(=O)(=O)[O-])c2OC)c1P(C1CCCCC1)C1CCCCC1.C(C)(=O)[O-],c1(-c2ccccc2C)c(C)cccc1C,r_smiles,train-group-000260411,4
train-001090685,train,C1COCCO1.CC(C)c1cc(C(C)C)c(-c2ccccc2P(C(C)(C)C)C(C)(C)C)c(C(C)C)c1.[Cl-].CC1C(Nc2cnn(C3CCCCO3)c(=O)c2Br)CC2CC1C2(C)C.[Pd].[NH4+].[Pd].O=C(C=Cc1ccccc1)C=Cc1ccccc1.[K+].O=C(C=Cc1ccccc1)C=Cc1ccccc1.O=C(C=Cc1ccccc1)C=Cc1ccccc1.[OH-].O,CC1C(Nc2cnn(C3CCCCO3)c(=O)c2O)CC2CC1C2(C)C,r_smiles,train-group-000218137,0
train-001090686,train,[OH-].O=C(C=Cc1ccccc1)C=Cc1ccccc1.[Pd].[Pd].C(C)(C)c1cc(C(C)C)cc(C(C)C)c1-c1ccccc1P(C(C)(C)C)C(C)(C)C.O.C1C(Nc2cnn(C3CCCCO3)c(=O)c2Br)C(C)C2CC1C2(C)C.[Cl-].C1COCCO1.c1ccccc1C=CC(=O)C=Cc1ccccc1.C(=Cc1ccccc1)C(=O)C=Cc1ccccc1.[NH4+].[K+],C1C(Nc2cnn(C3CCCCO3)c(=O)c2O)C(C)C2CC1C2(C)C,r_smiles,train-group-000218137,1
train-001090687,train,[NH4+].[K+].C1COCCO1.N(c1cnn(C2CCCCO2)c(=O)c1Br)C1CC2CC(C1C)C2(C)C.[OH-].[Cl-].c1ccc(C=CC(=O)C=Cc2ccccc2)cc1.c1(C=CC(=O)C=Cc2ccccc2)ccccc1.O=C(C=Cc1ccccc1)C=Cc1ccccc1.[Pd].[Pd].CC(C)(C)P(c1ccccc1-c1c(C(C)C)cc(C(C)C)cc1C(C)C)C(C)(C)C.O,N(c1cnn(C2CCCCO2)c(=O)c1O)C1CC2CC(C1C)C2(C)C,r_smiles,train-group-000218137,2
train-001090688,train,[Pd].[Pd].[K+].CC(C)(C)P(c1ccccc1-c1c(C(C)C)cc(C(C)C)cc1C(C)C)C(C)(C)C.[OH-].[NH4+].C1CCC(n2ncc(NC3CC4CC(C3C)C4(C)C)c(Br)c2=O)OC1.O1CCOCC1.C(=Cc1ccccc1)C(=O)C=Cc1ccccc1.O=C(C=Cc1ccccc1)C=Cc1ccccc1.c1ccc(C=CC(=O)C=Cc2ccccc2)cc1.[Cl-].O,C1CCC(n2ncc(NC3CC4CC(C3C)C4(C)C)c(O)c2=O)OC1,r_smiles,train-group-000218137,3
train-001090689,train,c1ccc(C=CC(=O)C=Cc2ccccc2)cc1.c1ccc(C=CC(=O)C=Cc2ccccc2)cc1.C1COCCO1.[Pd].[K+].c1ccccc1C=CC(=O)C=Cc1ccccc1.[Pd].c1c(C(C)C)cc(C(C)C)c(-c2ccccc2P(C(C)(C)C)C(C)(C)C)c1C(C)C.[OH-].C1CCCOC1n1ncc(NC2CC3CC(C2C)C3(C)C)c(Br)c1=O.O.[Cl-].[NH4+],C1CCCOC1n1ncc(NC2CC3CC(C2C)C3(C)C)c(O)c1=O,r_smiles,train-group-000218137,4
train-000564260,train,CCO.CCOC(=O)c1cc(-c2ccccc2)sc1Cl.[Na+].[OH-],O=C(O)c1cc(-c2ccccc2)sc1Cl,r_smiles,train-group-000112852,0
train-000564261,train,C(=O)(OCC)c1cc(-c2ccccc2)sc1Cl.[OH-].OCC.[Na+],C(=O)(O)c1cc(-c2ccccc2)sc1Cl,r_smiles,train-group-000112852,1
train-000564262,train,CCO.c1(-c2cc(C(=O)OCC)c(Cl)s2)ccccc1.[Na+].[OH-],c1(-c2cc(C(=O)O)c(Cl)s2)ccccc1,r_smiles,train-group-000112852,2
train-000564263,train,[Na+].c1c(-c2ccccc2)sc(Cl)c1C(=O)OCC.C(C)O.[OH-],c1c(-c2ccccc2)sc(Cl)c1C(=O)O,r_smiles,train-group-000112852,3
train-000564264,train,C(=O)(OCC)c1cc(-c2ccccc2)sc1Cl.CCO.[Na+].[OH-],C(=O)(O)c1cc(-c2ccccc2)sc1Cl,r_smiles,train-group-000112852,4
train-000320325,train,N#C[Cu].C1CCOC1.[Cu]I.Cc1cc(I)cc2c(=O)oc(-c3cc(Cl)nn3-c3ncccc3Cl)nc12.CCOC(C)=O,Cc1cc(C#N)cc2c(=O)oc(-c3cc(Cl)nn3-c3ncccc3Cl)nc12,r_smiles,train-group-000064065,0
train-000320326,train,c1c(Cl)nn(-c2ncccc2Cl)c1-c1nc2c(C)cc(I)cc2c(=O)o1.O1CCCC1.CC(=O)OCC.I[Cu].N#C[Cu],c1c(Cl)nn(-c2ncccc2Cl)c1-c1nc2c(C)cc(C#N)cc2c(=O)o1,r_smiles,train-group-000064065,1
train-000320327,train,[Cu]I.C(C)(=O)OCC.C1CCOC1.n1cccc(Cl)c1-n1nc(Cl)cc1-c1nc2c(C)cc(I)cc2c(=O)o1.C(#N)[Cu],n1cccc(Cl)c1-n1nc(Cl)cc1-c1nc2c(C)cc(C#N)cc2c(=O)o1,r_smiles,train-group-000064065,2
train-000320328,train,C1CCOC1.[Cu]I.c1ccnc(-n2nc(Cl)cc2-c2nc3c(C)cc(I)cc3c(=O)o2)c1Cl.C(C)OC(C)=O.N#C[Cu],c1ccnc(-n2nc(Cl)cc2-c2nc3c(C)cc(C#N)cc3c(=O)o2)c1Cl,r_smiles,train-group-000064065,3
train-000320329,train,C1CCCO1.n1cccc(Cl)c1-n1nc(Cl)cc1-c1nc2c(C)cc(I)cc2c(=O)o1.O(CC)C(C)=O.[Cu]I.[Cu]C#N,n1cccc(Cl)c1-n1nc(Cl)cc1-c1nc2c(C)cc(C#N)cc2c(=O)o1,r_smiles,train-group-000064065,4
train-001667440,train,C1CCOC1.[C].CCO.[Pd].Cc1ccc(-c2c(NS(=O)(=O)c3ccc(C(C)(C)C)cc3)ncnc2OCCOc2ncc(C=Cc3ccccc3)cn2)cc1,Cc1ccc(-c2c(NS(=O)(=O)c3ccc(C(C)(C)C)cc3)ncnc2OCCOc2ncc(CCc3ccccc3)cn2)cc1,r_smiles,train-group-000333488,0
train-001667441,train,[Pd].n1cc(C=Cc2ccccc2)cnc1OCCOc1ncnc(NS(=O)(=O)c2ccc(C(C)(C)C)cc2)c1-c1ccc(C)cc1.[C].CCO.C1CCCO1,n1cc(CCc2ccccc2)cnc1OCCOc1ncnc(NS(=O)(=O)c2ccc(C(C)(C)C)cc2)c1-c1ccc(C)cc1,r_smiles,train-group-000333488,1
train-001667442,train,[Pd].c1ccccc1C=Cc1cnc(OCCOc2ncnc(NS(=O)(=O)c3ccc(C(C)(C)C)cc3)c2-c2ccc(C)cc2)nc1.C(C)O.O1CCCC1.[C],c1ccccc1CCc1cnc(OCCOc2ncnc(NS(=O)(=O)c3ccc(C(C)(C)C)cc3)c2-c2ccc(C)cc2)nc1,r_smiles,train-group-000333488,2
train-001667443,train,CC(C)(C)c1ccc(S(=O)(=O)Nc2ncnc(OCCOc3ncc(C=Cc4ccccc4)cn3)c2-c2ccc(C)cc2)cc1.[C].[Pd].C(C)O.C1CCOC1,CC(C)(C)c1ccc(S(=O)(=O)Nc2ncnc(OCCOc3ncc(CCc4ccccc4)cn3)c2-c2ccc(C)cc2)cc1,r_smiles,train-group-000333488,3
train-001667444,train,CC(C)(C)c1ccc(S(=O)(=O)Nc2ncnc(OCCOc3ncc(C=Cc4ccccc4)cn3)c2-c2ccc(C)cc2)cc1.C1CCOC1.OCC.[Pd].[C],CC(C)(C)c1ccc(S(=O)(=O)Nc2ncnc(OCCOc3ncc(CCc4ccccc4)cn3)c2-c2ccc(C)cc2)cc1,r_smiles,train-group-000333488,4
train-000165670,train,O.CC#N.Nc1ccc(F)cc1.Cc1ccc(S(=O)(=O)Cl)cc1.c1ccncc1,Cc1ccc(S(=O)(=O)Nc2ccc(F)cc2)cc1,r_smiles,train-group-000033134,0
train-000165671,train,c1cc(F)ccc1N.C(C)#N.O.c1(C)ccc(S(=O)(=O)Cl)cc1.c1ccccn1,c1(C)ccc(S(=O)(=O)Nc2ccc(F)cc2)cc1,r_smiles,train-group-000033134,1
train-000165672,train,O.O=S(=O)(Cl)c1ccc(C)cc1.N#CC.c1cc(F)ccc1N.c1ccccn1,O=S(=O)(Nc1ccc(F)cc1)c1ccc(C)cc1,r_smiles,train-group-000033134,2
train-000165673,train,O.c1(C)ccc(S(=O)(=O)Cl)cc1.N#CC.c1cc(F)ccc1N.c1ccncc1,c1(C)ccc(S(=O)(=O)Nc2ccc(F)cc2)cc1,r_smiles,train-group-000033134,3
train-000165674,train,c1cc(N)ccc1F.O.c1cc(S(=O)(=O)Cl)ccc1C.c1cccnc1.CC#N,c1cc(S(=O)(=O)Nc2ccc(F)cc2)ccc1C,r_smiles,train-group-000033134,4
train-002159175,train,Cl.CCOC(C)=O.CC(C)(C)C(=O)Cl.c1ccccc1.c1ccncc1.Nc1c(O)cc(Br)cc1C(=O)O,N(C(=O)C(C)(C)C)c1c(O)cc(Br)cc1C(=O)O,r_smiles,train-group-000431835,0
train-002159176,train,c1ccncc1.CC(C)(C)C(=O)Cl.O=C(C)OCC.O=C(O)c1cc(Br)cc(O)c1N.c1ccccc1.Cl,O=C(O)c1cc(Br)cc(O)c1NC(=O)C(C)(C)C,r_smiles,train-group-000431835,1
train-002159177,train,n1ccccc1.C(C)(=O)OCC.c1ccccc1.CC(C)(C)C(=O)Cl.c1(C(=O)O)cc(Br)cc(O)c1N.Cl,c1(C(=O)O)cc(Br)cc(O)c1NC(=O)C(C)(C)C,r_smiles,train-group-000431835,2
train-002159178,train,ClC(=O)C(C)(C)C.Brc1cc(O)c(N)c(C(=O)O)c1.Cl.c1cccnc1.C(C)OC(C)=O.c1ccccc1,Brc1cc(O)c(NC(=O)C(C)(C)C)c(C(=O)O)c1,r_smiles,train-group-000431835,3
train-002159179,train,O=C(C)OCC.Oc1cc(Br)cc(C(=O)O)c1N.n1ccccc1.c1ccccc1.Cl.CC(C)(C)C(=O)Cl,Oc1cc(Br)cc(C(=O)O)c1NC(=O)C(C)(C)C,r_smiles,train-group-000431835,4
train-001854600,train,O=C=Nc1cccc(F)c1.COc1ccc(N(C(=O)CN2C(=O)C(N)C(C)(C)Sc3ccccc32)C(C)C)cc1.ClCCl,COc1ccc(N(C(=O)CN2C(=O)C(NC(=O)Nc3cccc(F)c3)C(C)(C)Sc3ccccc32)C(C)C)cc1,r_smiles,train-group-000370920,0
train-001854601,train,CC(C)N(C(=O)CN1C(=O)C(N)C(C)(C)Sc2ccccc21)c1ccc(OC)cc1.C(Cl)Cl.c1(F)cccc(N=C=O)c1,CC(C)N(C(=O)CN1C(=O)C(NC(=O)Nc2cccc(F)c2)C(C)(C)Sc2ccccc21)c1ccc(OC)cc1,r_smiles,train-group-000370920,1
train-001854602,train,c1ccc2c(c1)SC(C)(C)C(N)C(=O)N2CC(=O)N(c1ccc(OC)cc1)C(C)C.N(=C=O)c1cccc(F)c1.ClCCl,c1ccc2c(c1)SC(C)(C)C(NC(=O)Nc1cccc(F)c1)C(=O)N2CC(=O)N(c1ccc(OC)cc1)C(C)C,r_smiles,train-group-000370920,2
train-001854603,train,C1(N)C(=O)N(CC(=O)N(c2ccc(OC)cc2)C(C)C)c2ccccc2SC1(C)C.ClCCl.N(=C=O)c1cccc(F)c1,C1(NC(=O)Nc2cccc(F)c2)C(=O)N(CC(=O)N(c2ccc(OC)cc2)C(C)C)c2ccccc2SC1(C)C,r_smiles,train-group-000370920,3
train-001854604,train,c1cccc2c1SC(C)(C)C(N)C(=O)N2CC(=O)N(c1ccc(OC)cc1)C(C)C.ClCCl.O=C=Nc1cccc(F)c1,c1cccc2c1SC(C)(C)C(NC(=O)Nc1cccc(F)c1)C(=O)N2CC(=O)N(c1ccc(OC)cc1)C(C)C,r_smiles,train-group-000370920,4
train-001730545,train,c1ccc([P](c2ccccc2)(c2ccccc2)[Pd]([P](c2ccccc2)(c2ccccc2)c2ccccc2)([P](c2ccccc2)(c2ccccc2)c2ccccc2)[P](c2ccccc2)(c2ccccc2)c2ccccc2)cc1.[K+].C1COCCO1.O.O=C([O-])[O-].CC(C)(C)OC(=O)NCC(Cc1ccccc1)NC(=O)c1cc(Br)sc1-c1ccoc1.[K+].Cn1nccc1B1OCC(C)(C)CO1,CC(C)(C)OC(=O)NCC(Cc1ccccc1)NC(=O)c1cc(-c2ccnn2C)sc1-c1ccoc1,r_smiles,train-group-000346109,0
train-001730546,train,c1cocc1-c1sc(Br)cc1C(=O)NC(CNC(=O)OC(C)(C)C)Cc1ccccc1.O.[K+].C(=O)([O-])[O-].c1ccc([P](c2ccccc2)(c2ccccc2)[Pd]([P](c2ccccc2)(c2ccccc2)c2ccccc2)([P](c2ccccc2)(c2ccccc2)c2ccccc2)[P](c2ccccc2)(c2ccccc2)c2ccccc2)cc1.[K+].Cn1nccc1B1OCC(C)(C)CO1.C1COCCO1,c1cocc1-c1sc(-c2ccnn2C)cc1C(=O)NC(CNC(=O)OC(C)(C)C)Cc1ccccc1,r_smiles,train-group-000346109,1
train-001730547,train,[K+].C1COCCO1.[O-]C(=O)[O-].c1occc1-c1sc(Br)cc1C(=O)NC(CNC(=O)OC(C)(C)C)Cc1ccccc1.c1ccccc1[P](c1ccccc1)(c1ccccc1)[Pd]([P](c1ccccc1)(c1ccccc1)c1ccccc1)([P](c1ccccc1)(c1ccccc1)c1ccccc1)[P](c1ccccc1)(c1ccccc1)c1ccccc1.O.[K+].n1ccc(B2OCC(C)(C)CO2)n1C,c1occc1-c1sc(-c2ccnn2C)cc1C(=O)NC(CNC(=O)OC(C)(C)C)Cc1ccccc1,r_smiles,train-group-000346109,2
train-001730548,train,O1CCOCC1.c1cc(-c2sc(Br)cc2C(=O)NC(CNC(=O)OC(C)(C)C)Cc2ccccc2)co1.O.c1ccccc1[P](c1ccccc1)(c1ccccc1)[Pd]([P](c1ccccc1)(c1ccccc1)c1ccccc1)([P](c1ccccc1)(c1ccccc1)c1ccccc1)[P](c1ccccc1)(c1ccccc1)c1ccccc1.[K+].[K+].[O-]C(=O)[O-].c1cc(B2OCC(C)(C)CO2)n(C)n1,c1cc(-c2sc(-c3ccnn3C)cc2C(=O)NC(CNC(=O)OC(C)(C)C)Cc2ccccc2)co1,r_smiles,train-group-000346109,3
train-001730549,train,O.C1COCCO1.[K+].c1cc(B2OCC(C)(C)CO2)n(C)n1.c1cccc([P](c2ccccc2)(c2ccccc2)[Pd]([P](c2ccccc2)(c2ccccc2)c2ccccc2)([P](c2ccccc2)(c2ccccc2)c2ccccc2)[P](c2ccccc2)(c2ccccc2)c2ccccc2)c1.c1ccc(CC(CNC(=O)OC(C)(C)C)NC(=O)c2cc(Br)sc2-c2ccoc2)cc1.O=C([O-])[O-].[K+],c1ccc(CC(CNC(=O)OC(C)(C)C)NC(=O)c2cc(-c3ccnn3C)sc2-c2ccoc2)cc1,r_smiles,train-group-000346109,4
train-000721890,train,C[O-].[Na+].Cc1cc(-c2cc3ncccc3c(Cl)n2)ccc1N(C)C.CC(=O)N(C)C,Cc1cc(-c2cc3ncccc3c(OC)n2)ccc1N(C)C,r_smiles,train-group-000144378,0
train-000721891,train,[Na+].C(C)(=O)N(C)C.c1c(-c2ccc(N(C)C)c(C)c2)nc(Cl)c2cccnc12.C[O-],c1c(-c2ccc(N(C)C)c(C)c2)nc(OC)c2cccnc12,r_smiles,train-group-000144378,1
train-000721892,train,[Na+].O=C(C)N(C)C.n1cccc2c(Cl)nc(-c3ccc(N(C)C)c(C)c3)cc12.C[O-],n1cccc2c(OC)nc(-c3ccc(N(C)C)c(C)c3)cc12,r_smiles,train-group-000144378,2
train-000721893,train,CN(C)C(C)=O.[Na+].Cc1cc(-c2cc3ncccc3c(Cl)n2)ccc1N(C)C.C[O-],Cc1cc(-c2cc3ncccc3c(OC)n2)ccc1N(C)C,r_smiles,train-group-000144378,3
train-000721894,train,[Na+].C[O-].n1cccc2c(Cl)nc(-c3ccc(N(C)C)c(C)c3)cc12.CC(=O)N(C)C,n1cccc2c(OC)nc(-c3ccc(N(C)C)c(C)c3)cc12,r_smiles,train-group-000144378,4
train-000494775,train,COC(=O)c1cc(S(C)(=O)=O)c(Nc2ccc(S(F)(F)(F)(F)F)cc2)cc1C.O.[Na+].Cl.[OH-].CO,OC(=O)c1cc(S(C)(=O)=O)c(Nc2ccc(S(F)(F)(F)(F)F)cc2)cc1C,r_smiles,train-group-000098955,0
train-000494776,train,Cl.CO.Cc1cc(Nc2ccc(S(F)(F)(F)(F)F)cc2)c(S(C)(=O)=O)cc1C(=O)OC.[OH-].[Na+].O,Cc1cc(Nc2ccc(S(F)(F)(F)(F)F)cc2)c(S(C)(=O)=O)cc1C(=O)O,r_smiles,train-group-000098955,1
train-000494777,train,[Na+].CO.c1cc(S(F)(F)(F)(F)F)ccc1Nc1cc(C)c(C(=O)OC)cc1S(C)(=O)=O.Cl.O.[OH-],c1cc(S(F)(F)(F)(F)F)ccc1Nc1cc(C)c(C(=O)O)cc1S(C)(=O)=O,r_smiles,train-group-000098955,2
train-000494778,train,[Na+].c1(C(=O)OC)cc(S(C)(=O)=O)c(Nc2ccc(S(F)(F)(F)(F)F)cc2)cc1C.CO.[OH-].Cl.O,c1(C(=O)O)cc(S(C)(=O)=O)c(Nc2ccc(S(F)(F)(F)(F)F)cc2)cc1C,r_smiles,train-group-000098955,3
train-000494779,train,[Na+].O.[OH-].Cl.c1(S(F)(F)(F)(F)F)ccc(Nc2cc(C)c(C(=O)OC)cc2S(C)(=O)=O)cc1.CO,c1(S(F)(F)(F)(F)F)ccc(Nc2cc(C)c(C(=O)O)cc2S(C)(=O)=O)cc1,r_smiles,train-group-000098955,4
train-001649465,train,C1CCOC1.CCOC(=O)C(C)(C)C(=O)c1ccc2cc(O[Si](C)(C)C(C)(C)C)ccc2c1.CCOC(C)=O,CCOC(=O)C(C)(C)C(=O)c1ccc2cc(O)ccc2c1,r_smiles,train-group-000329893,0
train-001649466,train,C(C)OC(C)=O.c1cc2cc(C(=O)C(C)(C)C(=O)OCC)ccc2cc1O[Si](C)(C)C(C)(C)C.C1CCOC1,c1cc2cc(C(=O)C(C)(C)C(=O)OCC)ccc2cc1O,r_smiles,train-group-000329893,1
train-001649467,train,C(C)(=O)OCC.C[Si](C)(Oc1ccc2cc(C(=O)C(C)(C)C(=O)OCC)ccc2c1)C(C)(C)C.C1CCOC1,Oc1ccc2cc(C(=O)C(C)(C)C(=O)OCC)ccc2c1,r_smiles,train-group-000329893,2
train-001649468,train,C1CCCO1.c1cc2cc(C(=O)C(C)(C)C(=O)OCC)ccc2cc1O[Si](C)(C)C(C)(C)C.C(C)OC(C)=O,c1cc2cc(C(=O)C(C)(C)C(=O)OCC)ccc2cc1O,r_smiles,train-group-000329893,3
train-001649469,train,c1c(C(=O)C(C)(C)C(=O)OCC)ccc2cc(O[Si](C)(C)C(C)(C)C)ccc12.C1CCOC1.C(C)OC(C)=O,c1c(C(=O)C(C)(C)C(=O)OCC)ccc2cc(O)ccc12,r_smiles,train-group-000329893,4
train-000104195,train,CN(C)c1ccncc1.CO.ClCCCl.CN(C)C=O.CCCCOC(=O)N1CCN(C(=O)C(CCC(=O)O)NC(=O)c2cc(OCC(=O)N3CCCC3C(=O)NC3CCC3)n(-c3ccccc3)n2)CC1,CCCCOC(=O)N1CCN(C(=O)C(CCC(=O)OC)NC(=O)c2cc(OCC(=O)N3CCCC3C(=O)NC3CCC3)n(-c3ccccc3)n2)CC1,r_smiles,train-group-000020839,0
train-000104196,train,OC.n1ccc(N(C)C)cc1.N(C)(C)C=O.C(=O)(NC1CCC1)C1CCCN1C(=O)COc1cc(C(=O)NC(CCC(=O)O)C(=O)N2CCN(C(=O)OCCCC)CC2)nn1-c1ccccc1.ClCCCl,C(=O)(NC1CCC1)C1CCCN1C(=O)COc1cc(C(=O)NC(CCC(=O)OC)C(=O)N2CCN(C(=O)OCCCC)CC2)nn1-c1ccccc1,r_smiles,train-group-000020839,1
train-000104197,train,C(Cl)CCl.c1ccccc1-n1nc(C(=O)NC(CCC(=O)O)C(=O)N2CCN(C(=O)OCCCC)CC2)cc1OCC(=O)N1CCCC1C(=O)NC1CCC1.N(C)(C)c1ccncc1.CN(C)C=O.CO,c1ccccc1-n1nc(C(=O)NC(CCC(=O)OC)C(=O)N2CCN(C(=O)OCCCC)CC2)cc1OCC(=O)N1CCCC1C(=O)NC1CCC1,r_smiles,train-group-000020839,2
train-000104198,train,c1(N(C)C)ccncc1.C(=O)N(C)C.N1(C(=O)C(CCC(=O)O)NC(=O)c2cc(OCC(=O)N3CCCC3C(=O)NC3CCC3)n(-c3ccccc3)n2)CCN(C(=O)OCCCC)CC1.CO.C(Cl)CCl,N1(C(=O)C(CCC(=O)OC)NC(=O)c2cc(OCC(=O)N3CCCC3C(=O)NC3CCC3)n(-c3ccccc3)n2)CCN(C(=O)OCCCC)CC1,r_smiles,train-group-000020839,3
train-000104199,train,CO.c1cnccc1N(C)C.CN(C)C=O.ClCCCl.C1CC(C(=O)NC2CCC2)N(C(=O)COc2cc(C(=O)NC(CCC(=O)O)C(=O)N3CCN(C(=O)OCCCC)CC3)nn2-c2ccccc2)C1,C1CC(C(=O)NC2CCC2)N(C(=O)COc2cc(C(=O)NC(CCC(=O)OC)C(=O)N3CCN(C(=O)OCCCC)CC3)nn2-c2ccccc2)C1,r_smiles,train-group-000020839,4
train-001228770,train,CCCN=C=O.CCCN(c1ccncc1)n1ccc2cc(O)ccc21.C1CCOC1.[K+].[K+].O=C([O-])[O-],CCCN(c1ccncc1)n1ccc2cc(OC(=O)NCCC)ccc21,r_smiles,train-group-000245754,0
train-001228771,train,C1CCCO1.[K+].[K+].c12ccc(O)cc1ccn2N(CCC)c1ccncc1.C(=O)=NCCC.[O-]C(=O)[O-],c12ccc(OC(=O)NCCC)cc1ccn2N(CCC)c1ccncc1,r_smiles,train-group-000245754,1
train-001228772,train,C(C)CN=C=O.[K+].C1CCCO1.[O-]C(=O)[O-].C(CC)N(c1ccncc1)n1ccc2cc(O)ccc21.[K+],C(CC)N(c1ccncc1)n1ccc2cc(OC(=O)NCCC)ccc21,r_smiles,train-group-000245754,2
train-001228773,train,O1CCCC1.c1cnccc1N(CCC)n1ccc2cc(O)ccc21.O=C=NCCC.[K+].[O-]C(=O)[O-].[K+],c1cnccc1N(CCC)n1ccc2cc(OC(=O)NCCC)ccc21,r_smiles,train-group-000245754,3
train-001228774,train,C(=O)=NCCC.C1CCOC1.[K+].[K+].[O-]C(=O)[O-].c12ccc(O)cc1ccn2N(CCC)c1ccncc1,c12ccc(OC(=O)NCCC)cc1ccn2N(CCC)c1ccncc1,r_smiles,train-group-000245754,4
train-001242780,train,CC(C)(C)OC(=O)c1ccc(-c2ccccc2F)cc1NC(=O)c1ccccc1.O=C(O)C(F)(F)F,OC(=O)c1ccc(-c2ccccc2F)cc1NC(=O)c1ccccc1,r_smiles,train-group-000248556,0
train-001242781,train,C(C)(C)(C)OC(=O)c1ccc(-c2ccccc2F)cc1NC(=O)c1ccccc1.C(F)(F)(F)C(=O)O,OC(=O)c1ccc(-c2ccccc2F)cc1NC(=O)c1ccccc1,r_smiles,train-group-000248556,1
train-001242782,train,FC(F)(F)C(=O)O.c1(-c2ccccc2F)ccc(C(=O)OC(C)(C)C)c(NC(=O)c2ccccc2)c1,c1(-c2ccccc2F)ccc(C(=O)O)c(NC(=O)c2ccccc2)c1,r_smiles,train-group-000248556,2
train-001242783,train,FC(F)(F)C(=O)O.CC(C)(C)OC(=O)c1ccc(-c2ccccc2F)cc1NC(=O)c1ccccc1,OC(=O)c1ccc(-c2ccccc2F)cc1NC(=O)c1ccccc1,r_smiles,train-group-000248556,3
train-001242784,train,c1(-c2ccc(C(=O)OC(C)(C)C)c(NC(=O)c3ccccc3)c2)ccccc1F.O=C(O)C(F)(F)F,c1(-c2ccc(C(=O)O)c(NC(=O)c3ccccc3)c2)ccccc1F,r_smiles,train-group-000248556,4
train-001791645,train,NC1c2ccccc2CC1O.C1CCOC1.CO.CC(C)c1cc2c(c(-c3ccc(F)cc3)c1C(=O)c1ccc(C(C)(C)C)cc1)C(=O)CC1(CCC1)O2.CCN(CC)c1ccccc1.B,CC(C)c1cc2c(c(-c3ccc(F)cc3)c1C(=O)c1ccc(C(C)(C)C)cc1)C(O)CC1(CCC1)O2,r_smiles,train-group-000358329,0
train-001791646,train,B.C1CCCO1.C(C)N(CC)c1ccccc1.c1(C(=O)c2c(C(C)C)cc3c(c2-c2ccc(F)cc2)C(=O)CC2(CCC2)O3)ccc(C(C)(C)C)cc1.C1(N)c2ccccc2CC1O.CO,c1(C(=O)c2c(C(C)C)cc3c(c2-c2ccc(F)cc2)C(O)CC2(CCC2)O3)ccc(C(C)(C)C)cc1,r_smiles,train-group-000358329,1
train-001791647,train,c1cccc2c1C(N)C(O)C2.OC.c1cc(-c2c3c(cc(C(C)C)c2C(=O)c2ccc(C(C)(C)C)cc2)OC2(CCC2)CC3=O)ccc1F.c1ccccc1N(CC)CC.C1CCCO1.B,c1cc(-c2c(C(=O)c3ccc(C(C)(C)C)cc3)c(C(C)C)cc3c2C(O)CC2(CCC2)O3)ccc1F,r_smiles,train-group-000358329,2
train-001791648,train,c1cc(-c2c3c(cc(C(C)C)c2C(=O)c2ccc(C(C)(C)C)cc2)OC2(CCC2)CC3=O)ccc1F.CO.C(C)N(CC)c1ccccc1.B.NC1c2ccccc2CC1O.C1CCOC1,c1cc(-c2c(C(=O)c3ccc(C(C)(C)C)cc3)c(C(C)C)cc3c2C(O)CC2(CCC2)O3)ccc1F,r_smiles,train-group-000358329,3
train-001791649,train,C1CCCO1.B.c12ccccc1CC(O)C2N.C1C(=O)c2c(cc(C(C)C)c(C(=O)c3ccc(C(C)(C)C)cc3)c2-c2ccc(F)cc2)OC12CCC2.OC.c1cccc(N(CC)CC)c1,C1C(O)c2c(cc(C(C)C)c(C(=O)c3ccc(C(C)(C)C)cc3)c2-c2ccc(F)cc2)OC12CCC2,r_smiles,train-group-000358329,4
train-000269245,train,CCOC(=O)Cl.CC(=O)O.[Na+].CCC(N)Cc1cccs1.CCOC(=O)C=O.CC(=O)O[BH-](OC(C)=O)OC(C)=O.[Na+].ClCCl.O=C([O-])O,CCC(Cc1cccs1)N(CC(=O)OCC)C(=O)OCC,r_smiles,train-group-000053849,0
train-000269246,train,[Na+].O=C([O-])O.[Na+].C(C)(=O)O[BH-](OC(C)=O)OC(C)=O.C(Cl)Cl.OC(C)=O.C(C)C(N)Cc1cccs1.ClC(=O)OCC.O=CC(=O)OCC,C(C)C(Cc1cccs1)N(CC(=O)OCC)C(=O)OCC,r_smiles,train-group-000053849,1
train-000269247,train,[Na+].ClCCl.O=C([O-])O.[Na+].O(CC)C(=O)Cl.O=C(C=O)OCC.OC(C)=O.O=C(C)O[BH-](OC(C)=O)OC(C)=O.c1ccc(CC(N)CC)s1,c1ccc(CC(CC)N(CC(=O)OCC)C(=O)OCC)s1,r_smiles,train-group-000053849,2
train-000269248,train,OC(=O)[O-].[Na+].ClCCl.[Na+].CC(=O)O.C(C)C(N)Cc1cccs1.O=CC(=O)OCC.C(=O)(Cl)OCC.C(C)(=O)O[BH-](OC(C)=O)OC(C)=O,C(C)C(Cc1cccs1)N(CC(=O)OCC)C(=O)OCC,r_smiles,train-group-000053849,3
train-000269249,train,OC(C)=O.[BH-](OC(C)=O)(OC(C)=O)OC(C)=O.ClCCl.O=C([O-])O.[Na+].C(=O)C(=O)OCC.O(CC)C(=O)Cl.[Na+].CCC(N)Cc1cccs1,CCC(Cc1cccs1)N(CC(=O)OCC)C(=O)OCC,r_smiles,train-group-000053849,4
train-001806095,train,NCCO.CNc1ncnc2c(N3CCS(=O)CC3)nc(Cl)nc12,CNc1ncnc2c(N3CCS(=O)CC3)nc(NCCO)nc12,r_smiles,train-group-000361219,0
train-001806096,train,C1CN(c2nc(Cl)nc3c(NC)ncnc23)CCS1=O.OCCN,C1CN(c2nc(NCCO)nc3c(NC)ncnc23)CCS1=O,r_smiles,train-group-000361219,1
train-001806097,train,N(C)c1ncnc2c(N3CCS(=O)CC3)nc(Cl)nc12.OCCN,N(C)c1ncnc2c(N3CCS(=O)CC3)nc(NCCO)nc12,r_smiles,train-group-000361219,2
train-001806098,train,C(N)CO.n1c(Cl)nc(N2CCS(=O)CC2)c2ncnc(NC)c12,n1c(NCCO)nc(N2CCS(=O)CC2)c2ncnc(NC)c12,r_smiles,train-group-000361219,3
train-001806099,train,c1(Cl)nc(N2CCS(=O)CC2)c2ncnc(NC)c2n1.OCCN,c1(NCCO)nc(N2CCS(=O)CC2)c2ncnc(NC)c2n1,r_smiles,train-group-000361219,4
train-001243510,train,Cl.ClCCl.CCN(CC)CC.Cc1oc(-c2ccccc2)nc1CC(=O)O.Nc1ccc(CC2SC(=O)NC2=O)cc1.CCOC(=O)Cl.CCOC(C)=O,Cc1oc(-c2ccccc2)nc1CC(=O)Nc1ccc(CC2SC(=O)NC2=O)cc1,r_smiles,train-group-000248702,0
train-001243511,train,ClCCl.Cl.c1ccccc1-c1nc(CC(=O)O)c(C)o1.N(CC)(CC)CC.O=C(C)OCC.C1(=O)NC(=O)C(Cc2ccc(N)cc2)S1.O=C(Cl)OCC,c1ccccc1-c1nc(CC(=O)Nc2ccc(CC3SC(=O)NC3=O)cc2)c(C)o1,r_smiles,train-group-000248702,1
train-001243512,train,C1(Cc2ccc(N)cc2)SC(=O)NC1=O.C(C)(=O)OCC.Cl.CCOC(=O)Cl.C(=O)(O)Cc1nc(-c2ccccc2)oc1C.CCN(CC)CC.ClCCl,C(=O)(Cc1nc(-c2ccccc2)oc1C)Nc1ccc(CC2SC(=O)NC2=O)cc1,r_smiles,train-group-000248702,2
train-001243513,train,ClCCl.C(C)OC(=O)Cl.Cl.CCN(CC)CC.c1(-c2ccccc2)nc(CC(=O)O)c(C)o1.CCOC(C)=O.N1C(=O)SC(Cc2ccc(N)cc2)C1=O,c1(-c2ccccc2)nc(CC(=O)Nc2ccc(CC3SC(=O)NC3=O)cc2)c(C)o1,r_smiles,train-group-000248702,3
train-001243514,train,O=C(Cl)OCC.C(Cl)Cl.C1(Cc2ccc(N)cc2)SC(=O)NC1=O.c1ccccc1-c1nc(CC(=O)O)c(C)o1.CCOC(C)=O.Cl.CCN(CC)CC,c1ccccc1-c1nc(CC(=O)Nc2ccc(CC3SC(=O)NC3=O)cc2)c(C)o1,r_smiles,train-group-000248702,4
train-001221150,train,CCOC(=O)C(C)(C)Oc1ccc(OCCc2nc(-c3ccc(-c4ncccn4)cc3)oc2C)cc1.C1CCOC1.[Na+].[OH-].CCO,O=C(O)C(C)(C)Oc1ccc(OCCc2nc(-c3ccc(-c4ncccn4)cc3)oc2C)cc1,r_smiles,train-group-000244230,0
train-001221151,train,CCO.C1CCCO1.[OH-].c1(C)oc(-c2ccc(-c3ncccn3)cc2)nc1CCOc1ccc(OC(C)(C)C(=O)OCC)cc1.[Na+],c1(C)oc(-c2ccc(-c3ncccn3)cc2)nc1CCOc1ccc(OC(C)(C)C(=O)O)cc1,r_smiles,train-group-000244230,1
train-001221152,train,OCC.[Na+].n1c(-c2ccc(-c3ncccn3)cc2)oc(C)c1CCOc1ccc(OC(C)(C)C(=O)OCC)cc1.C1CCOC1.[OH-],n1c(-c2ccc(-c3ncccn3)cc2)oc(C)c1CCOc1ccc(OC(C)(C)C(=O)O)cc1,r_smiles,train-group-000244230,2
train-001221153,train,[OH-].C1CCOC1.[Na+].C(C)OC(=O)C(C)(C)Oc1ccc(OCCc2nc(-c3ccc(-c4ncccn4)cc3)oc2C)cc1.CCO,O=C(O)C(C)(C)Oc1ccc(OCCc2nc(-c3ccc(-c4ncccn4)cc3)oc2C)cc1,r_smiles,train-group-000244230,3
train-001221154,train,C1CCOC1.n1c(-c2ccc(-c3ncccn3)cc2)oc(C)c1CCOc1ccc(OC(C)(C)C(=O)OCC)cc1.[OH-].CCO.[Na+],n1c(-c2ccc(-c3ncccn3)cc2)oc(C)c1CCOc1ccc(OC(C)(C)C(=O)O)cc1,r_smiles,train-group-000244230,4
train-000426630,train,BrCC1CCCCO1.O=C1Nc2ccccc2C12COc1cc3c(cc12)OCCO3.N#Cc1cccc(CBr)c1,O=C1N(Cc2cccc(C#N)c2)c2ccccc2C12COc1cc3c(cc12)OCCO3,r_smiles,train-group-000085326,0
train-000426631,train,c1(C#N)cccc(CBr)c1.c1cccc2c1C1(COc3cc4c(cc31)OCCO4)C(=O)N2.C1CCOC(CBr)C1,c1cccc2c1C1(COc3cc4c(cc31)OCCO4)C(=O)N2Cc1cccc(C#N)c1,r_smiles,train-group-000085326,1
train-000426632,train,c1(CBr)cccc(C#N)c1.c12ccccc1NC(=O)C21COc2cc3c(cc21)OCCO3.C1CCC(CBr)OC1,c12ccccc1N(Cc1cccc(C#N)c1)C(=O)C21COc2cc3c(cc21)OCCO3,r_smiles,train-group-000085326,2
train-000426633,train,BrCC1CCCCO1.c1cc(C#N)cc(CBr)c1.O=C1Nc2ccccc2C12COc1cc3c(cc12)OCCO3,O=C1N(Cc2cccc(C#N)c2)c2ccccc2C12COc1cc3c(cc12)OCCO3,r_smiles,train-group-000085326,3
train-000426634,train,N#Cc1cccc(CBr)c1.C(Br)C1CCCCO1.C1(=O)Nc2ccccc2C12COc1cc3c(cc12)OCCO3,C1(=O)N(Cc2cccc(C#N)c2)c2ccccc2C12COc1cc3c(cc12)OCCO3,r_smiles,train-group-000085326,4
train-000741540,train,O=S(=O)(Cl)c1cc(S(=O)(=O)c2ccccc2)cs1.CCOC(=O)Cc1csc(N)n1,O=S(=O)(Nc1nc(CC(=O)OCC)cs1)c1cc(S(=O)(=O)c2ccccc2)cs1,r_smiles,train-group-000148308,0
train-000741541,train,Nc1nc(CC(=O)OCC)cs1.c1ccc(S(=O)(=O)c2csc(S(=O)(=O)Cl)c2)cc1,c1ccc(S(=O)(=O)c2csc(S(=O)(=O)Nc3nc(CC(=O)OCC)cs3)c2)cc1,r_smiles,train-group-000148308,1
train-000741542,train,CCOC(=O)Cc1csc(N)n1.c1ccccc1S(=O)(=O)c1csc(S(=O)(=O)Cl)c1,c1ccccc1S(=O)(=O)c1csc(S(=O)(=O)Nc2nc(CC(=O)OCC)cs2)c1,r_smiles,train-group-000148308,2
train-000741543,train,O=C(Cc1csc(N)n1)OCC.O=S(=O)(Cl)c1cc(S(=O)(=O)c2ccccc2)cs1,O=S(=O)(Nc1nc(CC(=O)OCC)cs1)c1cc(S(=O)(=O)c2ccccc2)cs1,r_smiles,train-group-000148308,3
train-000741544,train,s1cc(S(=O)(=O)c2ccccc2)cc1S(=O)(=O)Cl.O(CC)C(=O)Cc1csc(N)n1,s1cc(S(=O)(=O)c2ccccc2)cc1S(=O)(=O)Nc1nc(CC(=O)OCC)cs1,r_smiles,train-group-000148308,4
train-001031910,train,BrCc1ccccc1.CCCCCC.O.Cc1onc(-c2ccccc2)c1C(=O)O.C1CCOC1.Cl,C(Cc1ccccc1)c1onc(-c2ccccc2)c1C(=O)O,r_smiles,train-group-000206382,0
train-001031911,train,C1CCCO1.Cl.O.BrCc1ccccc1.n1oc(C)c(C(=O)O)c1-c1ccccc1.C(CC)CCC,n1oc(CCc2ccccc2)c(C(=O)O)c1-c1ccccc1,r_smiles,train-group-000206382,1
train-001031912,train,Cl.C(CC)CCC.O.c1cccc(CBr)c1.O1CCCC1.c1ccc(-c2noc(C)c2C(=O)O)cc1,c1ccc(-c2noc(CCc3ccccc3)c2C(=O)O)cc1,r_smiles,train-group-000206382,2
train-001031913,train,C1CCCO1.c1ccccc1CBr.C(C)CCCC.c1cccc(-c2noc(C)c2C(=O)O)c1.O.Cl,c1cccc(-c2noc(CCc3ccccc3)c2C(=O)O)c1,r_smiles,train-group-000206382,3
train-001031914,train,O.Cl.C(CC)CCC.C1CCOC1.c1ccccc1CBr.c1cccc(-c2noc(C)c2C(=O)O)c1,c1cccc(-c2noc(CCc3ccccc3)c2C(=O)O)c1,r_smiles,train-group-000206382,4
train-002153660,train,CC(=O)O.COc1ccc(-c2nc3cccnc3[nH]2)cc1[N+](=O)[O-].[Zn],COc1ccc(-c2nc3cccnc3[nH]2)cc1N,r_smiles,train-group-000430732,0
train-002153661,train,COc1ccc(-c2nc3cccnc3[nH]2)cc1[N+](=O)[O-].[Zn].CC(=O)O,COc1ccc(-c2nc3cccnc3[nH]2)cc1N,r_smiles,train-group-000430732,1
train-002153662,train,OC(C)=O.[Zn].[O-][N+](=O)c1cc(-c2nc3cccnc3[nH]2)ccc1OC,Nc1cc(-c2nc3cccnc3[nH]2)ccc1OC,r_smiles,train-group-000430732,2
train-002153663,train,[Zn].c1ccc2nc(-c3ccc(OC)c([N+](=O)[O-])c3)[nH]c2n1.C(C)(=O)O,c1ccc2nc(-c3ccc(OC)c(N)c3)[nH]c2n1,r_smiles,train-group-000430732,3
train-002153664,train,c1cc(OC)c([N+](=O)[O-])cc1-c1nc2cccnc2[nH]1.OC(C)=O.[Zn],c1cc(OC)c(N)cc1-c1nc2cccnc2[nH]1,r_smiles,train-group-000430732,4
train-000861480,train,COC(=O)c1ccc(S(=O)(=O)Cl)c(OCc2ccccc2)c1.CCOC(C)=O.ClCCl.CC(C)(C)OC(=O)CC(N)C(N)=O.c1ccncc1,COC(=O)c1ccc(S(=O)(=O)NC(CC(=O)OC(C)(C)C)C(N)=O)c(OCc2ccccc2)c1,r_smiles,train-group-000172296,0
train-000861481,train,C(Cl)Cl.c1cc(S(=O)(=O)Cl)c(OCc2ccccc2)cc1C(=O)OC.O(CC)C(C)=O.C(C(=O)OC(C)(C)C)C(N)C(N)=O.c1cccnc1,c1cc(S(=O)(=O)NC(CC(=O)OC(C)(C)C)C(N)=O)c(OCc2ccccc2)cc1C(=O)OC,r_smiles,train-group-000172296,1
train-000861482,train,CCOC(C)=O.c1cccnc1.NC(CC(=O)OC(C)(C)C)C(N)=O.ClCCl.O(Cc1ccccc1)c1cc(C(=O)OC)ccc1S(=O)(=O)Cl,O(Cc1ccccc1)c1cc(C(=O)OC)ccc1S(=O)(=O)NC(CC(=O)OC(C)(C)C)C(N)=O,r_smiles,train-group-000172296,2
train-000861483,train,c1(COc2cc(C(=O)OC)ccc2S(=O)(=O)Cl)ccccc1.c1ccncc1.CCOC(C)=O.O=C(CC(N)C(N)=O)OC(C)(C)C.ClCCl,c1(COc2cc(C(=O)OC)ccc2S(=O)(=O)NC(CC(=O)OC(C)(C)C)C(N)=O)ccccc1,r_smiles,train-group-000172296,3
train-000861484,train,c1(COc2cc(C(=O)OC)ccc2S(=O)(=O)Cl)ccccc1.c1ccccn1.O(CC)C(C)=O.O=C(CC(N)C(N)=O)OC(C)(C)C.ClCCl,c1(COc2cc(C(=O)OC)ccc2S(=O)(=O)NC(CC(=O)OC(C)(C)C)C(N)=O)ccccc1,r_smiles,train-group-000172296,4
train-001081225,train,[OH-].CO.[Na+].CNC(=O)c1c(-c2ccc(F)cc2)oc2ccc(-c3cc(C(=O)OC)ccc3C)cc12.C1CCOC1,CNC(=O)c1c(-c2ccc(F)cc2)oc2ccc(-c3cc(C(=O)O)ccc3C)cc12,r_smiles,train-group-000216245,0
train-001081226,train,[Na+].C1CCCO1.CO.[OH-].Cc1ccc(C(=O)OC)cc1-c1ccc2oc(-c3ccc(F)cc3)c(C(=O)NC)c2c1,Cc1ccc(C(=O)O)cc1-c1ccc2oc(-c3ccc(F)cc3)c(C(=O)NC)c2c1,r_smiles,train-group-000216245,1
train-001081227,train,[OH-].CO.C1CCCO1.[Na+].c1(-c2oc3ccc(-c4cc(C(=O)OC)ccc4C)cc3c2C(=O)NC)ccc(F)cc1,c1(-c2oc3ccc(-c4cc(C(=O)O)ccc4C)cc3c2C(=O)NC)ccc(F)cc1,r_smiles,train-group-000216245,2
train-001081228,train,OC.c1(-c2ccc3oc(-c4ccc(F)cc4)c(C(=O)NC)c3c2)cc(C(=O)OC)ccc1C.[OH-].[Na+].C1CCOC1,c1(-c2ccc3oc(-c4ccc(F)cc4)c(C(=O)NC)c3c2)cc(C(=O)O)ccc1C,r_smiles,train-group-000216245,3
train-001081229,train,C1CCOC1.c1cc(-c2cc(C(=O)OC)ccc2C)cc2c(C(=O)NC)c(-c3ccc(F)cc3)oc12.OC.[OH-].[Na+],c1cc(-c2cc(C(=O)O)ccc2C)cc2c(C(=O)NC)c(-c3ccc(F)cc3)oc12,r_smiles,train-group-000216245,4
train-000562135,train,c1ccccc1.O=C1CCN2c3ccccc3Cc3ccccc3C2C1.CC#N,C1(=CC#N)CCN2c3ccccc3Cc3ccccc3C2C1,r_smiles,train-group-000112427,0
train-000562136,train,CC#N.c1ccccc1.C12CC(=O)CCN1c1ccccc1Cc1ccccc12,C12CC(=CC#N)CCN1c1ccccc1Cc1ccccc12,r_smiles,train-group-000112427,1
train-000562137,train,C1C(=O)CCN2c3ccccc3Cc3ccccc3C12.CC#N.c1ccccc1,C1C(=CC#N)CCN2c3ccccc3Cc3ccccc3C12,r_smiles,train-group-000112427,2
train-000562138,train,c1ccc2c(c1)C1CC(=O)CCN1c1ccccc1C2.N#CC.c1ccccc1,c1ccc2c(c1)C1CC(=CC#N)CCN1c1ccccc1C2,r_smiles,train-group-000112427,3
train-000562139,train,c1ccccc1.O=C1CCN2c3ccccc3Cc3ccccc3C2C1.C(C)#N,C1(=CC#N)CCN2c3ccccc3Cc3ccccc3C2C1,r_smiles,train-group-000112427,4
train-001001660,train,CN1C=C(O)C2=CC=CN(c3ccc(Cl)c(Cl)c3)C2=N1.[Na+].[OH-].O=P(Cl)(Cl)Cl,CN1C=C(Cl)C2=CC=CN(c3ccc(Cl)c(Cl)c3)C2=N1,r_smiles,train-group-000200332,0
train-001001661,train,ClP(=O)(Cl)Cl.[OH-].[Na+].C12=CC=CN(c3ccc(Cl)c(Cl)c3)C1=NN(C)C=C2O,C12=CC=CN(c3ccc(Cl)c(Cl)c3)C1=NN(C)C=C2Cl,r_smiles,train-group-000200332,1
train-001001662,train,P(=O)(Cl)(Cl)Cl.[OH-].[Na+].c1c(N2C=CC=C3C(O)=CN(C)N=C32)ccc(Cl)c1Cl,c1c(N2C=CC=C3C(Cl)=CN(C)N=C32)ccc(Cl)c1Cl,r_smiles,train-group-000200332,2
train-001001663,train,[Na+].O=P(Cl)(Cl)Cl.N1(c2ccc(Cl)c(Cl)c2)C=CC=C2C(O)=CN(C)N=C21.[OH-],N1(c2ccc(Cl)c(Cl)c2)C=CC=C2C(Cl)=CN(C)N=C21,r_smiles,train-group-000200332,3
train-001001664,train,c1(Cl)ccc(N2C=CC=C3C(O)=CN(C)N=C32)cc1Cl.ClP(=O)(Cl)Cl.[OH-].[Na+],c1(Cl)ccc(N2C=CC=C3C(Cl)=CN(C)N=C32)cc1Cl,r_smiles,train-group-000200332,4
train-001970415,train,[Li]CCCC.CCc1ccc(F)c(O[Si](C)(C)C(C)(C)C)c1.CN(C)C=O.C1CCOC1,CCc1cc(C=O)c(F)c(O[Si](C)(C)C(C)(C)C)c1,r_smiles,train-group-000394083,0
train-001970416,train,C(=O)N(C)C.C1CCOC1.[Li]CCCC.C[Si](C)(Oc1cc(CC)ccc1F)C(C)(C)C,C[Si](C)(Oc1cc(CC)cc(C=O)c1F)C(C)(C)C,r_smiles,train-group-000394083,1
train-001970417,train,O=CN(C)C.C1CCOC1.CCCC[Li].O(c1cc(CC)ccc1F)[Si](C)(C)C(C)(C)C,O(c1cc(CC)cc(C=O)c1F)[Si](C)(C)C(C)(C)C,r_smiles,train-group-000394083,2
train-001970418,train,[Li]CCCC.c1(O[Si](C)(C)C(C)(C)C)cc(CC)ccc1F.C1CCOC1.CN(C)C=O,c1(O[Si](C)(C)C(C)(C)C)cc(CC)cc(C=O)c1F,r_smiles,train-group-000394083,3
train-001970419,train,C[Si](C)(Oc1cc(CC)ccc1F)C(C)(C)C.C1CCOC1.[Li]CCCC.C(=O)N(C)C,C[Si](C)(Oc1cc(CC)cc(C=O)c1F)C(C)(C)C,r_smiles,train-group-000394083,4
train-000369675,train,O=C(O)C(F)(F)F.CC(C)(C)OC(=O)Nc1cc(N2CCOC2=O)c(-c2ccc(F)cc2)cc1NC(=O)CC(=O)c1cccc(-n2ccnc2)c1.ClCCl,N1=C(c2cccc(-n3ccnc3)c2)CC(=O)Nc2cc(-c3ccc(F)cc3)c(N3CCOC3=O)cc21,r_smiles,train-group-000073935,0
train-000369676,train,C(=O)(O)C(F)(F)F.c1c(NC(=O)OC(C)(C)C)c(NC(=O)CC(=O)c2cccc(-n3ccnc3)c2)cc(-c2ccc(F)cc2)c1N1CCOC1=O.ClCCl,c1c2c(cc(-c3ccc(F)cc3)c1N1CCOC1=O)NC(=O)CC(c1cccc(-n3ccnc3)c1)=N2,r_smiles,train-group-000073935,1
train-000369677,train,C(=O)(O)C(F)(F)F.c1(N2CCOC2=O)cc(NC(=O)OC(C)(C)C)c(NC(=O)CC(=O)c2cccc(-n3ccnc3)c2)cc1-c1ccc(F)cc1.ClCCl,c1(N2CCOC2=O)cc2c(cc1-c1ccc(F)cc1)NC(=O)CC(c1cccc(-n3ccnc3)c1)=N2,r_smiles,train-group-000073935,2
train-000369678,train,c1(C(=O)CC(=O)Nc2cc(-c3ccc(F)cc3)c(N3CCOC3=O)cc2NC(=O)OC(C)(C)C)cccc(-n2ccnc2)c1.C(Cl)Cl.C(=O)(O)C(F)(F)F,c1(C2=Nc3cc(N4CCOC4=O)c(-c4ccc(F)cc4)cc3NC(=O)C2)cccc(-n2ccnc2)c1,r_smiles,train-group-000073935,3
train-000369679,train,C(=O)(O)C(F)(F)F.C(Cl)Cl.C(C)(C)(C)OC(=O)Nc1cc(N2CCOC2=O)c(-c2ccc(F)cc2)cc1NC(=O)CC(=O)c1cccc(-n2ccnc2)c1,N1=C(c2cccc(-n3ccnc3)c2)CC(=O)Nc2cc(-c3ccc(F)cc3)c(N3CCOC3=O)cc21,r_smiles,train-group-000073935,4
train-001876655,train,Cn1c(CC=O)nc2c(N3CCOCC3)nc(Cl)nc21.CC(=O)O[BH-](OC(C)=O)OC(C)=O.CC(C)C1(O)CNC1.Cn1cnc2c(Cl)nc(Cl)nc21.[Na+],Cn1c(CCN2CC(O)(C(C)C)C2)nc2c(N3CCOCC3)nc(Cl)nc21,r_smiles,train-group-000375331,0
train-001876656,train,c1(Cl)nc(N2CCOCC2)c2nc(CC=O)n(C)c2n1.C1(O)(C(C)C)CNC1.[Na+].n1c(Cl)nc2c(ncn2C)c1Cl.C(C)(=O)O[BH-](OC(C)=O)OC(C)=O,c1(Cl)nc(N2CCOCC2)c2nc(CCN3CC(O)(C(C)C)C3)n(C)c2n1,r_smiles,train-group-000375331,1
train-001876657,train,[Na+].C(C)(=O)O[BH-](OC(C)=O)OC(C)=O.c12ncn(C)c1nc(Cl)nc2Cl.CC(C)C1(O)CNC1.N1(c2nc(Cl)nc3c2nc(CC=O)n3C)CCOCC1,N1(c2nc(Cl)nc3c2nc(CCN2CC(O)(C(C)C)C2)n3C)CCOCC1,r_smiles,train-group-000375331,2
train-001876658,train,CC(=O)O[BH-](OC(C)=O)OC(C)=O.OC1(C(C)C)CNC1.c1(N2CCOCC2)nc(Cl)nc2c1nc(CC=O)n2C.[Na+].Clc1nc(Cl)nc2c1ncn2C,c1(N2CCOCC2)nc(Cl)nc2c1nc(CCN1CC(O)(C(C)C)C1)n2C,r_smiles,train-group-000375331,3
train-001876659,train,n1(C)c(CC=O)nc2c(N3CCOCC3)nc(Cl)nc21.Clc1nc(Cl)c2ncn(C)c2n1.C1(O)(C(C)C)CNC1.CC(=O)O[BH-](OC(C)=O)OC(C)=O.[Na+],n1(C)c(CCN2CC(O)(C(C)C)C2)nc2c(N3CCOCC3)nc(Cl)nc21,r_smiles,train-group-000375331,4
train-001043240,train,[Na+].[OH-].O.CCNC(=O)N1N=C(c2ccc(NC(C)=O)cc2)c2cc(SC)ccc2C1C.CO,CCNC(=O)N1N=C(c2ccc(N)cc2)c2cc(SC)ccc2C1C,r_smiles,train-group-000208648,0
train-001043241,train,CO.[Na+].O.N1(C(=O)NCC)N=C(c2ccc(NC(C)=O)cc2)c2cc(SC)ccc2C1C.[OH-],N1(C(=O)NCC)N=C(c2ccc(N)cc2)c2cc(SC)ccc2C1C,r_smiles,train-group-000208648,1
train-001043242,train,OC.O.c1(NC(C)=O)ccc(C2=NN(C(=O)NCC)C(C)c3ccc(SC)cc32)cc1.[Na+].[OH-],c1(N)ccc(C2=NN(C(=O)NCC)C(C)c3ccc(SC)cc32)cc1,r_smiles,train-group-000208648,2
train-001043243,train,C(C)NC(=O)N1N=C(c2ccc(NC(C)=O)cc2)c2cc(SC)ccc2C1C.O.[Na+].OC.[OH-],C(C)NC(=O)N1N=C(c2ccc(N)cc2)c2cc(SC)ccc2C1C,r_smiles,train-group-000208648,3
train-001043244,train,[OH-].O.[Na+].OC.c1cc(SC)cc2c1C(C)N(C(=O)NCC)N=C2c1ccc(NC(C)=O)cc1,c1cc(SC)cc2c1C(C)N(C(=O)NCC)N=C2c1ccc(N)cc1,r_smiles,train-group-000208648,4
train-000322780,train,ClCCl.CC(=O)OC(C)=O.CCN(CC)CC.Nc1cccc(Br)c1.CN(C)c1ccncc1,N(C(C)=O)c1cccc(Br)c1,r_smiles,train-group-000064556,0
train-000322781,train,O(C(C)=O)C(C)=O.c1c(N)cccc1Br.CCN(CC)CC.ClCCl.c1cnccc1N(C)C,c1c(Br)cccc1NC(C)=O,r_smiles,train-group-000064556,1
train-000322782,train,C(C)N(CC)CC.C(Cl)Cl.c1(Br)cccc(N)c1.CC(=O)OC(C)=O.c1cnccc1N(C)C,c1(Br)cccc(NC(C)=O)c1,r_smiles,train-group-000064556,2
train-000322783,train,c1cc(N(C)C)ccn1.c1cc(N)cc(Br)c1.ClCCl.C(C)N(CC)CC.O(C(C)=O)C(C)=O,c1cc(Br)cc(NC(C)=O)c1,r_smiles,train-group-000064556,3
train-000322784,train,C(Cl)Cl.c1cc(N(C)C)ccn1.c1c(N)cccc1Br.C(C)N(CC)CC.O=C(C)OC(C)=O,c1c(Br)cccc1NC(C)=O,r_smiles,train-group-000064556,4
train-000012015,train,O=C(O)c1n[nH]c2ccccc12.CN(C)C=O.O=C(Cl)C(=O)Cl.CN1CCCC1=O.C1CCOC1.Nc1cccc(Oc2ccc3nc(NC(=O)C4CC4)cn3n2)c1,N(C(=O)c1n[nH]c2ccccc12)c1cccc(Oc2ccc3nc(NC(=O)C4CC4)cn3n2)c1,r_smiles,train-group-000002403,0
train-000012016,train,ClC(=O)C(=O)Cl.C1CC(=O)N(C)C1.O=C(O)c1n[nH]c2ccccc12.C(=O)N(C)C.C1CCCO1.c12ccc(Oc3cccc(N)c3)nn1cc(NC(=O)C1CC1)n2,c12ccc(Oc3cccc(NC(=O)c4n[nH]c5ccccc45)c3)nn1cc(NC(=O)C1CC1)n2,r_smiles,train-group-000002403,1
train-000012017,train,C1CCN(C)C1=O.C(=O)(Cl)C(=O)Cl.C1CC1C(=O)Nc1cn2nc(Oc3cccc(N)c3)ccc2n1.O=CN(C)C.c1(C(=O)O)n[nH]c2ccccc12.C1CCCO1,C1CC1C(=O)Nc1cn2nc(Oc3cccc(NC(=O)c4n[nH]c5ccccc45)c3)ccc2n1,r_smiles,train-group-000002403,2
train-000012018,train,C(=O)(O)c1n[nH]c2ccccc12.CN(C)C=O.C(=O)(Cl)C(=O)Cl.O1CCCC1.N1(C)CCCC1=O.c1cc(Oc2cccc(N)c2)nn2cc(NC(=O)C3CC3)nc12,c1cc(Oc2cccc(NC(=O)c3n[nH]c4ccccc34)c2)nn2cc(NC(=O)C3CC3)nc12,r_smiles,train-group-000002403,3
train-000012019,train,C1CCOC1.N(C)(C)C=O.C1CC1C(=O)Nc1cn2nc(Oc3cccc(N)c3)ccc2n1.O=C1CCCN1C.C(=O)(Cl)C(=O)Cl.OC(=O)c1n[nH]c2ccccc12,C1CC1C(=O)Nc1cn2nc(Oc3cccc(NC(=O)c4n[nH]c5ccccc45)c3)ccc2n1,r_smiles,train-group-000002403,4
train-000936570,train,CCN(CC)CC.ClCCl.O=C(Cl)c1ccc(Cl)cc1.CCOC(=O)Cc1ccc(OC)c(Oc2ccc(N)cc2CSc2ccccc2)c1,CCOC(=O)Cc1ccc(OC)c(Oc2ccc(NC(=O)c3ccc(Cl)cc3)cc2CSc2ccccc2)c1,r_smiles,train-group-000187314,0
train-000936571,train,COc1ccc(CC(=O)OCC)cc1Oc1ccc(N)cc1CSc1ccccc1.C(C)N(CC)CC.c1cc(Cl)ccc1C(=O)Cl.ClCCl,COc1ccc(CC(=O)OCC)cc1Oc1ccc(NC(=O)c2ccc(Cl)cc2)cc1CSc1ccccc1,r_smiles,train-group-000187314,1
train-000936572,train,ClCCl.CCN(CC)CC.C(C)OC(=O)Cc1ccc(OC)c(Oc2ccc(N)cc2CSc2ccccc2)c1.c1cc(Cl)ccc1C(=O)Cl,C(C)OC(=O)Cc1ccc(OC)c(Oc2ccc(NC(=O)c3ccc(Cl)cc3)cc2CSc2ccccc2)c1,r_smiles,train-group-000187314,2
train-000936573,train,O=C(Cl)c1ccc(Cl)cc1.N(CC)(CC)CC.c1cccc(SCc2cc(N)ccc2Oc2cc(CC(=O)OCC)ccc2OC)c1.C(Cl)Cl,c1cccc(SCc2cc(NC(=O)c3ccc(Cl)cc3)ccc2Oc2cc(CC(=O)OCC)ccc2OC)c1,r_smiles,train-group-000187314,3
train-000936574,train,c1(Oc2ccc(N)cc2CSc2ccccc2)cc(CC(=O)OCC)ccc1OC.CCN(CC)CC.c1(Cl)ccc(C(=O)Cl)cc1.ClCCl,c1(Oc2ccc(NC(=O)c3ccc(Cl)cc3)cc2CSc2ccccc2)cc(CC(=O)OCC)ccc1OC,r_smiles,train-group-000187314,4
train-000775240,train,N#Cc1cc(F)cc(F)c1.CO.[Na+].C[O-].CN(C)C=O,N#Cc1cc(F)cc(OC)c1,r_smiles,train-group-000155048,0
train-000775241,train,OC.CN(C)C=O.c1(F)cc(F)cc(C#N)c1.C[O-].[Na+],c1(F)cc(C#N)cc(OC)c1,r_smiles,train-group-000155048,1
train-000775242,train,[Na+].N(C)(C)C=O.C[O-].OC.c1c(F)cc(F)cc1C#N,c1c(F)cc(OC)cc1C#N,r_smiles,train-group-000155048,2
train-000775243,train,CO.[Na+].CN(C)C=O.Fc1cc(F)cc(C#N)c1.C[O-],Fc1cc(C#N)cc(OC)c1,r_smiles,train-group-000155048,3
train-000775244,train,c1(F)cc(F)cc(C#N)c1.[O-]C.O=CN(C)C.OC.[Na+],c1(F)cc(C#N)cc(OC)c1,r_smiles,train-group-000155048,4
train-002102780,train,[Li]CCCC.O=[N+]([O-])c1ccc(-c2nccs2)cc1.CCCCCC.O=CN1CCOCC1,O=[N+]([O-])c1ccc(-c2ncc(C=O)s2)cc1,r_smiles,train-group-000420556,0
train-002102781,train,CCCCCC.O=CN1CCOCC1.C(C)CC[Li].n1ccsc1-c1ccc([N+](=O)[O-])cc1,n1cc(C=O)sc1-c1ccc([N+](=O)[O-])cc1,r_smiles,train-group-000420556,1
train-002102782,train,[N+](=O)([O-])c1ccc(-c2nccs2)cc1.C(C)CCCC.C1CN(C=O)CCO1.[Li]CCCC,[N+](=O)([O-])c1ccc(-c2ncc(C=O)s2)cc1,r_smiles,train-group-000420556,2
train-002102783,train,CCCCCC.C1COCCN1C=O.[N+](=O)([O-])c1ccc(-c2nccs2)cc1.C(C)CC[Li],[N+](=O)([O-])c1ccc(-c2ncc(C=O)s2)cc1,r_smiles,train-group-000420556,3
train-002102784,train,C([Li])CCC.c1csc(-c2ccc([N+](=O)[O-])cc2)n1.C1COCCN1C=O.CCCCCC,c1nc(-c2ccc([N+](=O)[O-])cc2)sc1C=O,r_smiles,train-group-000420556,4
train-001854675,train,O=C([O-])[O-].[Na+].C1COCCO1.COc1c(B2OC(C)(C)C(C)(C)O2)cccc1[N+](=O)[O-].c1ccc([P](c2ccccc2)(c2ccccc2)[Pd]([P](c2ccccc2)(c2ccccc2)c2ccccc2)([P](c2ccccc2)(c2ccccc2)c2ccccc2)[P](c2ccccc2)(c2ccccc2)c2ccccc2)cc1.O=C(O)c1ccc(Br)s1.[Na+].O,COc1c(-c2ccc(C(=O)O)s2)cccc1[N+](=O)[O-],r_smiles,train-group-000370935,0
train-001854676,train,[Na+].c1cc(Br)sc1C(=O)O.O1B(c2cccc([N+](=O)[O-])c2OC)OC(C)(C)C1(C)C.c1([P](c2ccccc2)(c2ccccc2)[Pd]([P](c2ccccc2)(c2ccccc2)c2ccccc2)([P](c2ccccc2)(c2ccccc2)c2ccccc2)[P](c2ccccc2)(c2ccccc2)c2ccccc2)ccccc1.O1CCOCC1.O.C(=O)([O-])[O-].[Na+],c1(-c2ccc(C(=O)O)s2)cccc([N+](=O)[O-])c1OC,r_smiles,train-group-000370935,1
train-001854677,train,OC(=O)c1ccc(Br)s1.c1cccc([P](c2ccccc2)(c2ccccc2)[Pd]([P](c2ccccc2)(c2ccccc2)c2ccccc2)([P](c2ccccc2)(c2ccccc2)c2ccccc2)[P](c2ccccc2)(c2ccccc2)c2ccccc2)c1.c1ccc([N+](=O)[O-])c(OC)c1B1OC(C)(C)C(C)(C)O1.C1COCCO1.[Na+].C(=O)([O-])[O-].O.[Na+],c1ccc([N+](=O)[O-])c(OC)c1-c1ccc(C(=O)O)s1,r_smiles,train-group-000370935,2
train-001854678,train,[O-]C(=O)[O-].O.c1cc(Br)sc1C(=O)O.c1ccccc1[P](c1ccccc1)(c1ccccc1)[Pd]([P](c1ccccc1)(c1ccccc1)c1ccccc1)([P](c1ccccc1)(c1ccccc1)c1ccccc1)[P](c1ccccc1)(c1ccccc1)c1ccccc1.C1COCCO1.[Na+].CC1(C)OB(c2cccc([N+](=O)[O-])c2OC)OC1(C)C.[Na+],c1(-c2ccc(C(=O)O)s2)cccc([N+](=O)[O-])c1OC,r_smiles,train-group-000370935,3
train-001854679,train,CC1(C)OB(c2cccc([N+](=O)[O-])c2OC)OC1(C)C.C(=O)([O-])[O-].c1ccccc1[P](c1ccccc1)(c1ccccc1)[Pd]([P](c1ccccc1)(c1ccccc1)c1ccccc1)([P](c1ccccc1)(c1ccccc1)c1ccccc1)[P](c1ccccc1)(c1ccccc1)c1ccccc1.O.[Na+].c1(Br)ccc(C(=O)O)s1.[Na+].C1COCCO1,c1(-c2ccc(C(=O)O)s2)cccc([N+](=O)[O-])c1OC,r_smiles,train-group-000370935,4
train-001296330,train,CO.O=C(NOCc1ccccc1)C1CC2(CC2)CN(C(=O)OC2CCOCC2)C1C(=O)N1CCN(c2ccccc2)CC1,O=C(NO)C1CC2(CC2)CN(C(=O)OC2CCOCC2)C1C(=O)N1CCN(c2ccccc2)CC1,r_smiles,train-group-000259266,0
train-001296331,train,OC.O(Cc1ccccc1)NC(=O)C1CC2(CC2)CN(C(=O)OC2CCOCC2)C1C(=O)N1CCN(c2ccccc2)CC1,ONC(=O)C1CC2(CC2)CN(C(=O)OC2CCOCC2)C1C(=O)N1CCN(c2ccccc2)CC1,r_smiles,train-group-000259266,1
train-001296332,train,CO.c1ccccc1CONC(=O)C1CC2(CC2)CN(C(=O)OC2CCOCC2)C1C(=O)N1CCN(c2ccccc2)CC1,ONC(=O)C1CC2(CC2)CN(C(=O)OC2CCOCC2)C1C(=O)N1CCN(c2ccccc2)CC1,r_smiles,train-group-000259266,2
train-001296333,train,c1cccc(N2CCN(C(=O)C3C(C(=O)NOCc4ccccc4)CC4(CC4)CN3C(=O)OC3CCOCC3)CC2)c1.OC,c1cccc(N2CCN(C(=O)C3C(C(=O)NO)CC4(CC4)CN3C(=O)OC3CCOCC3)CC2)c1,r_smiles,train-group-000259266,3
train-001296334,train,C1CN(C(=O)C2C(C(=O)NOCc3ccccc3)CC3(CC3)CN2C(=O)OC2CCOCC2)CCN1c1ccccc1.OC,C1CN(C(=O)C2C(C(=O)NO)CC3(CC3)CN2C(=O)OC2CCOCC2)CCN1c1ccccc1,r_smiles,train-group-000259266,4
train-000392555,train,CCOC(COC(=O)c1ccc(OC)cc1)OCC.O.O=C(O)C(F)(F)F,C(=O)COC(=O)c1ccc(OC)cc1,r_smiles,train-group-000078511,0
train-000392556,train,O.c1cc(C(=O)OCC(OCC)OCC)ccc1OC.OC(=O)C(F)(F)F,c1cc(C(=O)OCC=O)ccc1OC,r_smiles,train-group-000078511,1
train-000392557,train,c1cc(OC)ccc1C(=O)OCC(OCC)OCC.O.FC(F)(F)C(=O)O,c1cc(OC)ccc1C(=O)OCC=O,r_smiles,train-group-000078511,2
train-000392558,train,C(C)OC(COC(=O)c1ccc(OC)cc1)OCC.O=C(O)C(F)(F)F.O,O=CCOC(=O)c1ccc(OC)cc1,r_smiles,train-group-000078511,3
train-000392559,train,O.FC(F)(F)C(=O)O.C(OC(=O)c1ccc(OC)cc1)C(OCC)OCC,C(C=O)OC(=O)c1ccc(OC)cc1,r_smiles,train-group-000078511,4
train-001380430,train,ClC(Cl)Cl.[K+].[I-].[K+].[K+].O=C([O-])[O-].N#CC(c1ccc(F)cc1)(c1ccc(F)cc1)C1CCNC1.COc1cc(C(C)=O)ccc1OCCCCl.CCCCO,N#CC(c1ccc(F)cc1)(c1ccc(F)cc1)C1CCN(CCCOc2ccc(C(C)=O)cc2OC)C1,r_smiles,train-group-000276086,0
train-001380431,train,[K+].[K+].[O-]C(=O)[O-].CC(=O)c1ccc(OCCCCl)c(OC)c1.C(CC)CO.ClC(Cl)Cl.c1(F)ccc(C(C#N)(c2ccc(F)cc2)C2CCNC2)cc1.[K+].[I-],c1(F)ccc(C(C#N)(c2ccc(F)cc2)C2CCN(CCCOc3ccc(C(C)=O)cc3OC)C2)cc1,r_smiles,train-group-000276086,1
train-001380432,train,c1c(C(C)=O)ccc(OCCCCl)c1OC.O=C([O-])[O-].[K+].[K+].[I-].[K+].C(Cl)(Cl)Cl.OCCCC.C1CNCC1C(C#N)(c1ccc(F)cc1)c1ccc(F)cc1,C1CN(CCCOc2ccc(C(C)=O)cc2OC)CC1C(C#N)(c1ccc(F)cc1)c1ccc(F)cc1,r_smiles,train-group-000276086,2
train-001380433,train,[O-]C(=O)[O-].[I-].C(Cl)(Cl)Cl.C(Cl)CCOc1ccc(C(C)=O)cc1OC.c1(F)ccc(C(C#N)(c2ccc(F)cc2)C2CCNC2)cc1.[K+].[K+].C(O)CCC.[K+],c1(F)ccc(C(C#N)(c2ccc(F)cc2)C2CCN(CCCOc3ccc(C(C)=O)cc3OC)C2)cc1,r_smiles,train-group-000276086,3
train-001380434,train,[K+].N#CC(c1ccc(F)cc1)(c1ccc(F)cc1)C1CCNC1.[K+].[I-].C(=O)([O-])[O-].ClC(Cl)Cl.C(CCCl)Oc1ccc(C(C)=O)cc1OC.CCCCO.[K+],N#CC(c1ccc(F)cc1)(c1ccc(F)cc1)C1CCN(CCCOc2ccc(C(C)=O)cc2OC)C1,r_smiles,train-group-000276086,4
train-001661700,train,CC(=O)CCCc1ccc([N+](=O)[O-])cc1.[Na+].[BH3-]C#N.Cl.CCN.CO.Cl,CC(CCCc1ccc([N+](=O)[O-])cc1)NCC,r_smiles,train-group-000332340,0
train-001661701,train,Cl.C(C)N.[Na+].Cl.[BH3-]C#N.OC.c1cc(CCCC(C)=O)ccc1[N+](=O)[O-],c1cc(CCCC(C)NCC)ccc1[N+](=O)[O-],r_smiles,train-group-000332340,1
train-001661702,train,C(C)N.C(CC(C)=O)Cc1ccc([N+](=O)[O-])cc1.CO.[Na+].Cl.Cl.N#C[BH3-],C(Cc1ccc([N+](=O)[O-])cc1)CC(C)NCC,r_smiles,train-group-000332340,2
train-001661703,train,[BH3-]C#N.NCC.c1cc(CCCC(C)=O)ccc1[N+](=O)[O-].[Na+].CO.Cl.Cl,c1cc(CCCC(C)NCC)ccc1[N+](=O)[O-],r_smiles,train-group-000332340,3
train-001661704,train,OC.Cl.c1(CCCC(C)=O)ccc([N+](=O)[O-])cc1.N#C[BH3-].[Na+].C(C)N.Cl,c1(CCCC(C)NCC)ccc([N+](=O)[O-])cc1,r_smiles,train-group-000332340,4
train-002049330,train,C1=C(c2c[nH]cn2)c2ccccc2C1Cc1ccccc1.CCO,C1C(Cc2ccccc2)c2ccccc2C1c1c[nH]cn1,r_smiles,train-group-000409866,0
train-002049331,train,n1c[nH]cc1C1=CC(Cc2ccccc2)c2ccccc21.CCO,n1c[nH]cc1C1CC(Cc2ccccc2)c2ccccc21,r_smiles,train-group-000409866,1
train-002049332,train,C(C)O.c12ccccc1C(c1c[nH]cn1)=CC2Cc1ccccc1,c12ccccc1C(c1c[nH]cn1)CC2Cc1ccccc1,r_smiles,train-group-000409866,2
train-002049333,train,c1ccccc1CC1C=C(c2c[nH]cn2)c2ccccc21.OCC,c1ccccc1CC1CC(c2c[nH]cn2)c2ccccc21,r_smiles,train-group-000409866,3
train-002049334,train,CCO.c1cccc(CC2C=C(c3c[nH]cn3)c3ccccc32)c1,c1cccc(CC2CC(c3c[nH]cn3)c3ccccc32)c1,r_smiles,train-group-000409866,4
train-002018325,train,CNCCO.Clc1cc(Br)c(Cl)nn1.CC(C)O,Clc1cc(N(C)CCO)c(Cl)nn1,r_smiles,train-group-000403665,0
train-002018326,train,C(C)(C)O.Brc1cc(Cl)nnc1Cl.CNCCO,c1(N(C)CCO)cc(Cl)nnc1Cl,r_smiles,train-group-000403665,1
train-002018327,train,N(C)CCO.OC(C)C.c1c(Cl)nnc(Cl)c1Br,c1c(Cl)nnc(Cl)c1N(C)CCO,r_smiles,train-group-000403665,2
train-002018328,train,C(C)(C)O.c1(Cl)cc(Br)c(Cl)nn1.N(C)CCO,c1(Cl)cc(N(C)CCO)c(Cl)nn1,r_smiles,train-group-000403665,3
train-002018329,train,Brc1cc(Cl)nnc1Cl.CC(C)O.OCCNC,c1(N(C)CCO)cc(Cl)nnc1Cl,r_smiles,train-group-000403665,4
train-000967760,train,CC#N.CC1(N)CCNC1.O=C(O)c1cn(C2CC2)c2c(F)c(F)c(F)c(F)c2c1=O,O=C(O)c1cn(C2CC2)c2c(F)c(N3CCC(C)(N)C3)c(F)c(F)c2c1=O,r_smiles,train-group-000193552,0
train-000967761,train,C1CC(C)(N)CN1.CC#N.c1(F)c(F)c(F)c2c(=O)c(C(=O)O)cn(C3CC3)c2c1F,c1(N2CCC(C)(N)C2)c(F)c(F)c2c(=O)c(C(=O)O)cn(C3CC3)c2c1F,r_smiles,train-group-000193552,1
train-000967762,train,C1CC(C)(N)CN1.C1CC1n1cc(C(=O)O)c(=O)c2c(F)c(F)c(F)c(F)c21.N#CC,C1CC1n1cc(C(=O)O)c(=O)c2c(F)c(F)c(N3CCC(C)(N)C3)c(F)c21,r_smiles,train-group-000193552,2
train-000967763,train,C1NCCC1(C)N.c1c(C(=O)O)c(=O)c2c(F)c(F)c(F)c(F)c2n1C1CC1.CC#N,c1c(C(=O)O)c(=O)c2c(F)c(F)c(N3CCC(C)(N)C3)c(F)c2n1C1CC1,r_smiles,train-group-000193552,3
train-000967764,train,N1CCC(C)(N)C1.Fc1c(F)c(F)c2c(c1F)c(=O)c(C(=O)O)cn2C1CC1.N#CC,Fc1c(N2CCC(C)(N)C2)c(F)c2c(c1F)c(=O)c(C(=O)O)cn2C1CC1,r_smiles,train-group-000193552,4
train-001468175,train,[Na+].C=CCC1CCCC(OCc2nc(-c3cccc(C)c3)oc2C)C1.O.[O-][I+3]([O-])([O-])[O-].CCOCC.COC(C)(C)C,C(=O)CC1CCCC(OCc2nc(-c3cccc(C)c3)oc2C)C1,r_smiles,train-group-000293635,0
train-001468176,train,CCOCC.COC(C)(C)C.Cc1oc(-c2cccc(C)c2)nc1COC1CCCC(CC=C)C1.[O-][I+3]([O-])([O-])[O-].O.[Na+],Cc1oc(-c2cccc(C)c2)nc1COC1CCCC(CC=O)C1,r_smiles,train-group-000293635,1
train-001468177,train,CCOCC.COC(C)(C)C.O.C1CCC(OCc2nc(-c3cccc(C)c3)oc2C)CC1CC=C.[O-][I+3]([O-])([O-])[O-].[Na+],C1CCC(OCc2nc(-c3cccc(C)c3)oc2C)CC1CC=O,r_smiles,train-group-000293635,2
train-001468178,train,c1ccc(C)cc1-c1nc(COC2CCCC(CC=C)C2)c(C)o1.[Na+].O(CC)CC.[O-][I+3]([O-])([O-])[O-].CC(C)(C)OC.O,c1ccc(C)cc1-c1nc(COC2CCCC(CC=O)C2)c(C)o1,r_smiles,train-group-000293635,3
train-001468179,train,O.C1(OCc2nc(-c3cccc(C)c3)oc2C)CCCC(CC=C)C1.CCOCC.[Na+].[O-][I+3]([O-])([O-])[O-].COC(C)(C)C,C1(OCc2nc(-c3cccc(C)c3)oc2C)CCCC(CC=O)C1,r_smiles,train-group-000293635,4
train-000521275,train,CCO.CC(C)(C)OC(=O)N1CCN(c2cccc([N+](=O)[O-])c2C#N)CC1,CC(C)(C)OC(=O)N1CCN(c2cccc(N)c2C#N)CC1,r_smiles,train-group-000104255,0
train-000521276,train,C(C)O.N1(C(=O)OC(C)(C)C)CCN(c2cccc([N+](=O)[O-])c2C#N)CC1,N1(C(=O)OC(C)(C)C)CCN(c2cccc(N)c2C#N)CC1,r_smiles,train-group-000104255,1
train-000521277,train,c1([N+](=O)[O-])cccc(N2CCN(C(=O)OC(C)(C)C)CC2)c1C#N.C(C)O,c1(N)cccc(N2CCN(C(=O)OC(C)(C)C)CC2)c1C#N,r_smiles,train-group-000104255,2
train-000521278,train,c1ccc(N2CCN(C(=O)OC(C)(C)C)CC2)c(C#N)c1[N+](=O)[O-].C(C)O,c1ccc(N2CCN(C(=O)OC(C)(C)C)CC2)c(C#N)c1N,r_smiles,train-group-000104255,3
train-000521279,train,N1(C(=O)OC(C)(C)C)CCN(c2cccc([N+](=O)[O-])c2C#N)CC1.OCC,N1(C(=O)OC(C)(C)C)CCN(c2cccc(N)c2C#N)CC1,r_smiles,train-group-000104255,4
train-002193815,train,C1COCCO1.O=S(=O)([O-])O.C[Si](C)(C)CCOC(=O)ON1C(=O)CCC1=O.[Na+].CC(C)C(N)C(=O)O.CCN(CC)CC.O,C[Si](C)(C)CCOC(=O)NC(C(=O)O)C(C)C,r_smiles,train-group-000438763,0
train-002193816,train,OC(=O)C(N)C(C)C.C1COCCO1.CCN(CC)CC.[O-]S(=O)(=O)O.O.[Na+].O(C(=O)OCC[Si](C)(C)C)N1C(=O)CCC1=O,O=C(NC(C(=O)O)C(C)C)OCC[Si](C)(C)C,r_smiles,train-group-000438763,1
train-002193817,train,C1COCCO1.N(CC)(CC)CC.C1(=O)CCC(=O)N1OC(=O)OCC[Si](C)(C)C.[Na+].O.O=C(O)C(N)C(C)C.O=S(=O)([O-])O,O=C(NC(C(=O)O)C(C)C)OCC[Si](C)(C)C,r_smiles,train-group-000438763,2
train-002193818,train,C[Si](C)(C)CCOC(=O)ON1C(=O)CCC1=O.C(C)N(CC)CC.C1COCCO1.O.C(N)(C(=O)O)C(C)C.[Na+].[O-]S(=O)(=O)O,C[Si](C)(C)CCOC(=O)NC(C(=O)O)C(C)C,r_smiles,train-group-000438763,3
train-002193819,train,O(CC[Si](C)(C)C)C(=O)ON1C(=O)CCC1=O.O.[Na+].CC(C)C(N)C(=O)O.C1COCCO1.OS(=O)(=O)[O-].CCN(CC)CC,O(CC[Si](C)(C)C)C(=O)NC(C(=O)O)C(C)C,r_smiles,train-group-000438763,4
train-001169150,train,CC(C)S(=O)(=O)n1c(N)nc2ccc(-c3nc(C=O)n(COCC[Si](C)(C)C)c3-c3ccccc3)cc21.O.CCO,CC(C)S(=O)(=O)n1c(N)nc2ccc(-c3nc(C=O)[nH]c3-c3ccccc3)cc21,r_smiles,train-group-000233830,0
train-001169151,train,OCC.O.c1c(-c2nc(C=O)n(COCC[Si](C)(C)C)c2-c2ccccc2)ccc2nc(N)n(S(=O)(=O)C(C)C)c12,c1c(-c2nc(C=O)[nH]c2-c2ccccc2)ccc2nc(N)n(S(=O)(=O)C(C)C)c12,r_smiles,train-group-000233830,1
train-001169152,train,C(C)O.O.n1(COCC[Si](C)(C)C)c(C=O)nc(-c2ccc3nc(N)n(S(=O)(=O)C(C)C)c3c2)c1-c1ccccc1,[nH]1c(C=O)nc(-c2ccc3nc(N)n(S(=O)(=O)C(C)C)c3c2)c1-c1ccccc1,r_smiles,train-group-000233830,2
train-001169153,train,C(C)O.C(C[Si](C)(C)C)OCn1c(C=O)nc(-c2ccc3nc(N)n(S(=O)(=O)C(C)C)c3c2)c1-c1ccccc1.O,[nH]1c(C=O)nc(-c2ccc3nc(N)n(S(=O)(=O)C(C)C)c3c2)c1-c1ccccc1,r_smiles,train-group-000233830,3
train-001169154,train,OCC.C(C[Si](C)(C)C)OCn1c(C=O)nc(-c2ccc3nc(N)n(S(=O)(=O)C(C)C)c3c2)c1-c1ccccc1.O,[nH]1c(C=O)nc(-c2ccc3nc(N)n(S(=O)(=O)C(C)C)c3c2)c1-c1ccccc1,r_smiles,train-group-000233830,4
train-001707415,train,ClCCl.CC(C)(C)OC(=O)N1CCCC1COc1cncc(N2CCC(CCOc3ccc(OCc4ccccc4)cc3)CC2)c1.CO,CC(C)(C)OC(=O)N1CCCC1COc1cncc(N2CCC(CCOc3ccc(O)cc3)CC2)c1,r_smiles,train-group-000341483,0
train-001707416,train,c1(OCC2CCCN2C(=O)OC(C)(C)C)cncc(N2CCC(CCOc3ccc(OCc4ccccc4)cc3)CC2)c1.ClCCl.CO,c1(OCC2CCCN2C(=O)OC(C)(C)C)cncc(N2CCC(CCOc3ccc(O)cc3)CC2)c1,r_smiles,train-group-000341483,1
train-001707417,train,c1cc(OCCC2CCN(c3cncc(OCC4CCCN4C(=O)OC(C)(C)C)c3)CC2)ccc1OCc1ccccc1.ClCCl.CO,c1cc(OCCC2CCN(c3cncc(OCC4CCCN4C(=O)OC(C)(C)C)c3)CC2)ccc1O,r_smiles,train-group-000341483,2
train-001707418,train,CO.ClCCl.CC(C)(C)OC(=O)N1CCCC1COc1cncc(N2CCC(CCOc3ccc(OCc4ccccc4)cc3)CC2)c1,CC(C)(C)OC(=O)N1CCCC1COc1cncc(N2CCC(CCOc3ccc(O)cc3)CC2)c1,r_smiles,train-group-000341483,3
train-001707419,train,CO.C(Cl)Cl.O(CC1CCCN1C(=O)OC(C)(C)C)c1cncc(N2CCC(CCOc3ccc(OCc4ccccc4)cc3)CC2)c1,O(CC1CCCN1C(=O)OC(C)(C)C)c1cncc(N2CCC(CCOc3ccc(O)cc3)CC2)c1,r_smiles,train-group-000341483,4
train-000156030,train,CS(=O)(=O)O.CCO.NC(=O)c1nc[nH]c1N,C(=O)(OCC)c1nc[nH]c1N,r_smiles,train-group-000031206,0
train-000156031,train,CCO.c1(N)[nH]cnc1C(N)=O.CS(=O)(=O)O,c1(N)[nH]cnc1C(=O)OCC,r_smiles,train-group-000031206,1
train-000156032,train,OCC.c1(C(N)=O)nc[nH]c1N.CS(=O)(=O)O,c1(C(=O)OCC)nc[nH]c1N,r_smiles,train-group-000031206,2
train-000156033,train,NC(=O)c1nc[nH]c1N.S(C)(=O)(=O)O.OCC,C(=O)(OCC)c1nc[nH]c1N,r_smiles,train-group-000031206,3
train-000156034,train,c1(N)[nH]cnc1C(N)=O.CCO.O=S(C)(=O)O,c1(N)[nH]cnc1C(=O)OCC,r_smiles,train-group-000031206,4
train-000406275,train,CO.Cl.CC(C)(C)OC(=O)N1CCC(N2CCSc3cc(NC(=N)c4cccs4)ccc32)C1,N1CCC(N2CCSc3cc(NC(=N)c4cccs4)ccc32)C1,r_smiles,train-group-000081255,0
train-000406276,train,OC.C1CSc2cc(NC(=N)c3cccs3)ccc2N1C1CCN(C(=O)OC(C)(C)C)C1.Cl,C1CSc2cc(NC(=N)c3cccs3)ccc2N1C1CCNC1,r_smiles,train-group-000081255,1
train-000406277,train,c1(C(=N)Nc2ccc3c(c2)SCCN3C2CCN(C(=O)OC(C)(C)C)C2)cccs1.Cl.CO,c1(C(=N)Nc2ccc3c(c2)SCCN3C2CCNC2)cccs1,r_smiles,train-group-000081255,2
train-000406278,train,CC(C)(C)OC(=O)N1CCC(N2CCSc3cc(NC(=N)c4cccs4)ccc32)C1.OC.Cl,N1CCC(N2CCSc3cc(NC(=N)c4cccs4)ccc32)C1,r_smiles,train-group-000081255,3
train-000406279,train,O=C(OC(C)(C)C)N1CCC(N2CCSc3cc(NC(=N)c4cccs4)ccc32)C1.OC.Cl,N1CCC(N2CCSc3cc(NC(=N)c4cccs4)ccc32)C1,r_smiles,train-group-000081255,4
train-001266815,train,COC(=O)C1CCCCN1S(=O)(=O)N1CCC(c2ccn([Si](C(C)C)(C(C)C)C(C)C)c2)CC1.C1CCOC1.[F-].CCCC[N+](CCCC)(CCCC)CCCC.CCOC(C)=O,COC(=O)C1CCCCN1S(=O)(=O)N1CCC(c2cc[nH]c2)CC1,r_smiles,train-group-000253363,0
train-001266816,train,[F-].O=C(C)OCC.C(C)(C)[Si](C(C)C)(C(C)C)n1ccc(C2CCN(S(=O)(=O)N3CCCCC3C(=O)OC)CC2)c1.C(CC)C[N+](CCCC)(CCCC)CCCC.C1CCCO1,[nH]1ccc(C2CCN(S(=O)(=O)N3CCCCC3C(=O)OC)CC2)c1,r_smiles,train-group-000253363,1
train-001266817,train,C1CCCO1.CCCC[N+](CCCC)(CCCC)CCCC.C(C)(=O)OCC.CC(C)[Si](C(C)C)(C(C)C)n1ccc(C2CCN(S(=O)(=O)N3CCCCC3C(=O)OC)CC2)c1.[F-],[nH]1ccc(C2CCN(S(=O)(=O)N3CCCCC3C(=O)OC)CC2)c1,r_smiles,train-group-000253363,2
train-001266818,train,CCCC[N+](CCCC)(CCCC)CCCC.COC(=O)C1CCCCN1S(=O)(=O)N1CCC(c2ccn([Si](C(C)C)(C(C)C)C(C)C)c2)CC1.CCOC(C)=O.O1CCCC1.[F-],COC(=O)C1CCCCN1S(=O)(=O)N1CCC(c2cc[nH]c2)CC1,r_smiles,train-group-000253363,3
train-001266819,train,[F-].O1CCCC1.C(C)(C)[Si](C(C)C)(C(C)C)n1ccc(C2CCN(S(=O)(=O)N3CCCCC3C(=O)OC)CC2)c1.C(CC)C[N+](CCCC)(CCCC)CCCC.C(C)OC(C)=O,[nH]1ccc(C2CCN(S(=O)(=O)N3CCCCC3C(=O)OC)CC2)c1,r_smiles,train-group-000253363,4
train-001481695,train,[OH-].COC(=O)c1cc(F)c(C)cc1Cl.[Na+].CO,O=C(O)c1cc(F)c(C)cc1Cl,r_smiles,train-group-000296339,0
train-001481696,train,[OH-].Cc1cc(Cl)c(C(=O)OC)cc1F.[Na+].OC,Cc1cc(Cl)c(C(=O)O)cc1F,r_smiles,train-group-000296339,1
train-001481697,train,OC.[Na+].[OH-].c1(Cl)cc(C)c(F)cc1C(=O)OC,c1(Cl)cc(C)c(F)cc1C(=O)O,r_smiles,train-group-000296339,2
train-001481698,train,OC.[Na+].COC(=O)c1cc(F)c(C)cc1Cl.[OH-],O=C(O)c1cc(F)c(C)cc1Cl,r_smiles,train-group-000296339,3
train-001481699,train,Clc1cc(C)c(F)cc1C(=O)OC.[OH-].[Na+].CO,Clc1cc(C)c(F)cc1C(=O)O,r_smiles,train-group-000296339,4
train-001333610,train,[Li]C(C)CC.CSSC.C1CCOC1.CCCc1ccc(C(=O)N(CC)CC)cc1,CCCc1ccc(C(=O)N(CC)CC)c(SC)c1,r_smiles,train-group-000266722,0
train-001333611,train,S(C)SC.C([Li])(C)CC.O1CCCC1.C(=O)(c1ccc(CCC)cc1)N(CC)CC,C(=O)(c1ccc(CCC)cc1SC)N(CC)CC,r_smiles,train-group-000266722,1
train-001333612,train,[Li]C(C)CC.S(C)SC.C1CCOC1.C(C)N(CC)C(=O)c1ccc(CCC)cc1,C(C)N(CC)C(=O)c1ccc(CCC)cc1SC,r_smiles,train-group-000266722,2
train-001333613,train,C([Li])(C)CC.O1CCCC1.CSSC.CCN(CC)C(=O)c1ccc(CCC)cc1,CCN(CC)C(=O)c1ccc(CCC)cc1SC,r_smiles,train-group-000266722,3
train-001333614,train,CSSC.CCN(CC)C(=O)c1ccc(CCC)cc1.O1CCCC1.C(C)C([Li])C,CCN(CC)C(=O)c1ccc(CCC)cc1SC,r_smiles,train-group-000266722,4
train-000611940,train,CCN(CC)CC.CC(=O)OC(C)=O.Nc1ccc(Oc2ccc(-c3c[nH]c(COc4ccccc4)n3)cc2)cc1.O.CCOC(C)=O.ClCCl,N(C)c1ccc(Oc2ccc(-c3c[nH]c(COc4ccccc4)n3)cc2)cc1,r_smiles,train-group-000122388,0
train-000611941,train,CCN(CC)CC.O.O=C(C)OC(C)=O.C(Cl)Cl.C(C)(=O)OCC.Nc1ccc(Oc2ccc(-c3c[nH]c(COc4ccccc4)n3)cc2)cc1,N(C)c1ccc(Oc2ccc(-c3c[nH]c(COc4ccccc4)n3)cc2)cc1,r_smiles,train-group-000122388,1
train-000611942,train,C(Cl)Cl.c1cccc(OCc2nc(-c3ccc(Oc4ccc(N)cc4)cc3)c[nH]2)c1.O.C(C)N(CC)CC.O=C(C)OC(C)=O.C(C)OC(C)=O,c1cccc(OCc2nc(-c3ccc(Oc4ccc(NC)cc4)cc3)c[nH]2)c1,r_smiles,train-group-000122388,2
train-000611943,train,c1cc(-c2c[nH]c(COc3ccccc3)n2)ccc1Oc1ccc(N)cc1.O=C(C)OC(C)=O.C(Cl)Cl.C(C)OC(C)=O.CCN(CC)CC.O,c1cc(-c2c[nH]c(COc3ccccc3)n2)ccc1Oc1ccc(NC)cc1,r_smiles,train-group-000122388,3
train-000611944,train,O.C(Oc1ccccc1)c1nc(-c2ccc(Oc3ccc(N)cc3)cc2)c[nH]1.C(C)N(CC)CC.CC(=O)OCC.C(C)(=O)OC(C)=O.ClCCl,C(Oc1ccccc1)c1nc(-c2ccc(Oc3ccc(NC)cc3)cc2)c[nH]1,r_smiles,train-group-000122388,4
train-001732180,train,COc1cc(NC(=O)CC#N)c(Cl)cc1Cl.CCOC(OCC)OCC.CC(C)O.COc1cc(N)ccc1Br,COc1cc(NC(=O)C(C#N)=CNc2ccc(Br)c(OC)c2)c(Cl)cc1Cl,r_smiles,train-group-000346436,0
train-001732181,train,c1(N)ccc(Br)c(OC)c1.CC(C)O.O(CC)C(OCC)OCC.Clc1cc(Cl)c(OC)cc1NC(=O)CC#N,Clc1cc(Cl)c(OC)cc1NC(=O)C(C#N)=CNc1ccc(Br)c(OC)c1,r_smiles,train-group-000346436,1
train-001732182,train,C(C)(C)O.c1(N)ccc(Br)c(OC)c1.C(C)OC(OCC)OCC.c1(OC)cc(NC(=O)CC#N)c(Cl)cc1Cl,c1(OC)cc(NC(=O)C(C#N)=CNc2ccc(Br)c(OC)c2)c(Cl)cc1Cl,r_smiles,train-group-000346436,2
train-001732183,train,C(C)(C)O.O(C)c1cc(N)ccc1Br.c1c(NC(=O)CC#N)c(Cl)cc(Cl)c1OC.O(CC)C(OCC)OCC,c1c(NC(=O)C(C#N)=CNc2ccc(Br)c(OC)c2)c(Cl)cc(Cl)c1OC,r_smiles,train-group-000346436,3
train-001732184,train,Nc1ccc(Br)c(OC)c1.C(C)OC(OCC)OCC.CC(C)O.Clc1cc(Cl)c(NC(=O)CC#N)cc1OC,Clc1cc(Cl)c(NC(=O)C(C#N)=CNc2ccc(Br)c(OC)c2)cc1OC,r_smiles,train-group-000346436,4
train-000888625,train,CCCOc1ccc(-c2ccc(-c3ccccc3Cl)n2Cc2ccc(OCCO)c([N+](=O)[O-])n2)cc1.[Na+].O=C([O-])O.CCO.CC(=O)O,CCCOc1ccc(-c2ccc(-c3ccccc3Cl)n2Cc2ccc(OCCO)c(N)n2)cc1,r_smiles,train-group-000177725,0
train-000888626,train,c1cc(OCCC)ccc1-c1ccc(-c2ccccc2Cl)n1Cc1ccc(OCCO)c([N+](=O)[O-])n1.C(C)O.C(=O)([O-])O.O=C(C)O.[Na+],c1cc(OCCC)ccc1-c1ccc(-c2ccccc2Cl)n1Cc1ccc(OCCO)c(N)n1,r_smiles,train-group-000177725,1
train-000888627,train,n1c(Cn2c(-c3ccc(OCCC)cc3)ccc2-c2ccccc2Cl)ccc(OCCO)c1[N+](=O)[O-].C(=O)([O-])O.[Na+].O=C(C)O.CCO,n1c(Cn2c(-c3ccc(OCCC)cc3)ccc2-c2ccccc2Cl)ccc(OCCO)c1N,r_smiles,train-group-000177725,2
train-000888628,train,C(C)O.[O-]C(=O)O.c1(OCCO)ccc(Cn2c(-c3ccc(OCCC)cc3)ccc2-c2ccccc2Cl)nc1[N+](=O)[O-].OC(C)=O.[Na+],c1(OCCO)ccc(Cn2c(-c3ccc(OCCC)cc3)ccc2-c2ccccc2Cl)nc1N,r_smiles,train-group-000177725,3
train-000888629,train,CC(=O)O.[O-]C(=O)O.[N+](=O)([O-])c1nc(Cn2c(-c3ccc(OCCC)cc3)ccc2-c2ccccc2Cl)ccc1OCCO.OCC.[Na+],Nc1nc(Cn2c(-c3ccc(OCCC)cc3)ccc2-c2ccccc2Cl)ccc1OCCO,r_smiles,train-group-000177725,4
train-000661725,train,CCOC(=O)CBr.[H-].C1CCOC1.[Na+].O=Cc1ccc(O)c([N+](=O)[O-])c1.CN(C)C=O,O=Cc1ccc(OCC(=O)OCC)c([N+](=O)[O-])c1,r_smiles,train-group-000132345,0
train-000661726,train,[H-].[Na+].C1CCOC1.O=C(CBr)OCC.Oc1ccc(C=O)cc1[N+](=O)[O-].CN(C)C=O,O(CC(=O)OCC)c1ccc(C=O)cc1[N+](=O)[O-],r_smiles,train-group-000132345,1
train-000661727,train,CN(C)C=O.C(=O)(CBr)OCC.C1CCOC1.[Na+].c1(C=O)ccc(O)c([N+](=O)[O-])c1.[H-],c1(C=O)ccc(OCC(=O)OCC)c([N+](=O)[O-])c1,r_smiles,train-group-000132345,2
train-000661728,train,[Na+].CN(C)C=O.C(=O)(CBr)OCC.Oc1ccc(C=O)cc1[N+](=O)[O-].C1CCCO1.[H-],O(CC(=O)OCC)c1ccc(C=O)cc1[N+](=O)[O-],r_smiles,train-group-000132345,3
train-000661729,train,[H-].[Na+].C(C)OC(=O)CBr.C1CCOC1.C(=O)N(C)C.[N+](=O)([O-])c1cc(C=O)ccc1O,[N+](=O)([O-])c1cc(C=O)ccc1OCC(=O)OCC,r_smiles,train-group-000132345,4
train-001591920,train,C1CCOC1.c1ccc(P(c2ccccc2)c2ccccc2)cc1.O=S(=O)(Cl)c1ccc(-c2ccccc2)cc1.CC(C)(C)OC(=O)N1CC(O)C(N=[N+]=[N-])C1.CCN(CC)CC,O=S(=O)(NC1CN(C(=O)OC(C)(C)C)CC1O)c1ccc(-c2ccccc2)cc1,r_smiles,train-group-000318384,0
train-001591921,train,C(C)(C)(C)OC(=O)N1CC(O)C(N=[N+]=[N-])C1.C1CCCO1.C(C)N(CC)CC.O=S(=O)(Cl)c1ccc(-c2ccccc2)cc1.c1(P(c2ccccc2)c2ccccc2)ccccc1,C(C)(C)(C)OC(=O)N1CC(O)C(NS(=O)(=O)c2ccc(-c3ccccc3)cc2)C1,r_smiles,train-group-000318384,1
train-001591922,train,O=S(=O)(Cl)c1ccc(-c2ccccc2)cc1.C(C)N(CC)CC.c1cccc(P(c2ccccc2)c2ccccc2)c1.CC(C)(C)OC(=O)N1CC(O)C(N=[N+]=[N-])C1.C1CCOC1,O=S(=O)(NC1CN(C(=O)OC(C)(C)C)CC1O)c1ccc(-c2ccccc2)cc1,r_smiles,train-group-000318384,2
train-001591923,train,N1(C(=O)OC(C)(C)C)CC(O)C(N=[N+]=[N-])C1.C1CCOC1.c1cccc(P(c2ccccc2)c2ccccc2)c1.O=S(=O)(Cl)c1ccc(-c2ccccc2)cc1.N(CC)(CC)CC,N1(C(=O)OC(C)(C)C)CC(O)C(NS(=O)(=O)c2ccc(-c3ccccc3)cc2)C1,r_smiles,train-group-000318384,3
train-001591924,train,c1cccc(P(c2ccccc2)c2ccccc2)c1.C(C)N(CC)CC.N(=[N+]=[N-])C1CN(C(=O)OC(C)(C)C)CC1O.c1(-c2ccccc2)ccc(S(=O)(=O)Cl)cc1.C1CCOC1,N(C1CN(C(=O)OC(C)(C)C)CC1O)S(=O)(=O)c1ccc(-c2ccccc2)cc1,r_smiles,train-group-000318384,4
train-000539920,train,CC(C)OC(C)C.NC1CCCCC1N.S.CC(CN1CCCC1CO)N1c2ccccc2Sc2ccc(C(N)=S)cc21.CCOC(C)=O,CC(CN1CCCC1CO)N1c2ccccc2Sc2ccc(C3=NC4CCCCC4N3)cc21,r_smiles,train-group-000107984,0
train-000539921,train,OCC1CCCN1CC(C)N1c2ccccc2Sc2ccc(C(N)=S)cc21.CC(C)OC(C)C.C1CCCC(N)C1N.S.CC(=O)OCC,OCC1CCCN1CC(C)N1c2ccccc2Sc2ccc(C3=NC4CCCCC4N3)cc21,r_smiles,train-group-000107984,1
train-000539922,train,C1CCC(N)C(N)C1.S.O(CC)C(C)=O.C(C)(C)OC(C)C.C1CCC(CO)N1CC(C)N1c2ccccc2Sc2ccc(C(N)=S)cc21,C1CCC(CO)N1CC(C)N1c2ccccc2Sc2ccc(C3=NC4CCCCC4N3)cc21,r_smiles,train-group-000107984,2
train-000539923,train,OCC1CCCN1CC(C)N1c2ccccc2Sc2ccc(C(N)=S)cc21.C(C)(C)OC(C)C.NC1CCCCC1N.S.CCOC(C)=O,OCC1CCCN1CC(C)N1c2ccccc2Sc2ccc(C3=NC4CCCCC4N3)cc21,r_smiles,train-group-000107984,3
train-000539924,train,C(C)(C)OC(C)C.C1CCC(CO)N1CC(C)N1c2ccccc2Sc2ccc(C(N)=S)cc21.S.C(C)(=O)OCC.C1CCCC(N)C1N,C1CCC(CO)N1CC(C)N1c2ccccc2Sc2ccc(C3=NC4CCCCC4N3)cc21,r_smiles,train-group-000107984,4
train-001819895,train,CCN(CC)CC.ClCCl.COC(=O)c1ccc(C=CC2CC(NS(=O)(=O)c3ccc(Cl)cc3)CN2)cc1.O=S(=O)(Cl)c1ccc(Cl)cc1,COC(=O)c1ccc(C=CC2CC(NS(=O)(=O)c3ccc(Cl)cc3)CN2S(=O)(=O)c2ccc(Cl)cc2)cc1,r_smiles,train-group-000363979,0
train-001819896,train,C(C)N(CC)CC.C(Cl)Cl.c1cc(Cl)ccc1S(=O)(=O)Cl.c1(S(=O)(=O)NC2CNC(C=Cc3ccc(C(=O)OC)cc3)C2)ccc(Cl)cc1,c1(S(=O)(=O)NC2CC(C=Cc3ccc(C(=O)OC)cc3)N(S(=O)(=O)c3ccc(Cl)cc3)C2)ccc(Cl)cc1,r_smiles,train-group-000363979,1
train-001819897,train,C1NC(C=Cc2ccc(C(=O)OC)cc2)CC1NS(=O)(=O)c1ccc(Cl)cc1.N(CC)(CC)CC.c1(S(=O)(=O)Cl)ccc(Cl)cc1.C(Cl)Cl,C1C(NS(=O)(=O)c2ccc(Cl)cc2)CC(C=Cc2ccc(C(=O)OC)cc2)N1S(=O)(=O)c1ccc(Cl)cc1,r_smiles,train-group-000363979,2
train-001819898,train,ClS(=O)(=O)c1ccc(Cl)cc1.CCN(CC)CC.C(Cl)Cl.c1cc(C=CC2CC(NS(=O)(=O)c3ccc(Cl)cc3)CN2)ccc1C(=O)OC,c1cc(C=CC2CC(NS(=O)(=O)c3ccc(Cl)cc3)CN2S(=O)(=O)c2ccc(Cl)cc2)ccc1C(=O)OC,r_smiles,train-group-000363979,3
train-001819899,train,C(Cl)Cl.ClS(=O)(=O)c1ccc(Cl)cc1.C(C)N(CC)CC.c1cc(Cl)ccc1S(=O)(=O)NC1CNC(C=Cc2ccc(C(=O)OC)cc2)C1,c1cc(Cl)ccc1S(=O)(=O)NC1CC(C=Cc2ccc(C(=O)OC)cc2)N(S(=O)(=O)c2ccc(Cl)cc2)C1,r_smiles,train-group-000363979,4
train-001185605,train,N=C1NC(=N)c2ccccc21.N=C1CSC(N2CCCCC2)=N1.Cl.N=C1CSC(NCc2ccccc2)=N1.Cc1c2c(c(-c3ccccc3)c(-c3ccccc3)c1-c1ccccc1)C(=N)NC2=N.Cl,Cc1c2c(c(-c3ccccc3)c(-c3ccccc3)c1-c1ccccc1)C(=N)NC2=C1SC(NCc2ccccc2)=NC1=N.Cl,r_smiles,train-group-000237121,0
train-001185606,train,C1SC(N2CCCCC2)=NC1=N.c12c(c(C)c(-c3ccccc3)c(-c3ccccc3)c1-c1ccccc1)C(=N)NC2=N.Cl.c1cccc2c1C(=N)NC2=N.Cl.c1cccc(CNC2=NC(=N)CS2)c1,c12c(c(C)c(-c3ccccc3)c(-c3ccccc3)c1-c1ccccc1)C(=C1SC(NCc3ccccc3)=NC1=N)NC2=N.Cl,r_smiles,train-group-000237121,1
train-001185607,train,C1CCCN(C2=NC(=N)CS2)C1.N=C1NC(=N)c2ccccc21.Cl.N=C1CSC(NCc2ccccc2)=N1.Cl.c1(C)c2c(c(-c3ccccc3)c(-c3ccccc3)c1-c1ccccc1)C(=N)NC2=N,Cl.c1(C)c2c(c(-c3ccccc3)c(-c3ccccc3)c1-c1ccccc1)C(=N)NC2=C1SC(NCc2ccccc2)=NC1=N,r_smiles,train-group-000237121,2
train-001185608,train,c1cccc2c1C(=N)NC2=N.N=C1NC(=N)c2c1c(C)c(-c1ccccc1)c(-c1ccccc1)c2-c1ccccc1.Cl.C1SC(NCc2ccccc2)=NC1=N.N=C1CSC(N2CCCCC2)=N1.Cl,C1(=C2SC(NCc3ccccc3)=NC2=N)NC(=N)c2c1c(C)c(-c1ccccc1)c(-c1ccccc1)c2-c1ccccc1.Cl,r_smiles,train-group-000237121,3
train-001185609,train,N=C1CSC(N2CCCCC2)=N1.c1ccc2c(c1)C(=N)NC2=N.Cl.N=C1CSC(NCc2ccccc2)=N1.c1ccccc1-c1c(C)c2c(c(-c3ccccc3)c1-c1ccccc1)C(=N)NC2=N.Cl,Cl.c1ccccc1-c1c(C)c2c(c(-c3ccccc3)c1-c1ccccc1)C(=N)NC2=C1SC(NCc2ccccc2)=NC1=N,r_smiles,train-group-000237121,4
train-001735570,train,[Na+].N#Cc1ccnc(Cl)c1.O=C(O)c1cccc(S)c1.[H-].Cl.CN(C)C=O,O=C(O)c1cccc(Sc2cc(C#N)ccn2)c1,r_smiles,train-group-000347114,0
train-001735571,train,[Na+].c1c(C#N)ccnc1Cl.CN(C)C=O.c1ccc(C(=O)O)cc1S.[H-].Cl,c1ccc(C(=O)O)cc1Sc1cc(C#N)ccn1,r_smiles,train-group-000347114,1
train-001735572,train,O=CN(C)C.[Na+].OC(=O)c1cccc(S)c1.C(#N)c1ccnc(Cl)c1.Cl.[H-],OC(=O)c1cccc(Sc2cc(C#N)ccn2)c1,r_smiles,train-group-000347114,2
train-001735573,train,Cl.[Na+].CN(C)C=O.C(=O)(O)c1cccc(S)c1.c1(C#N)ccnc(Cl)c1.[H-],C(=O)(O)c1cccc(Sc2cc(C#N)ccn2)c1,r_smiles,train-group-000347114,3
train-001735574,train,[Na+].Cl.C(=O)(O)c1cccc(S)c1.n1ccc(C#N)cc1Cl.[H-].O=CN(C)C,C(=O)(O)c1cccc(Sc2cc(C#N)ccn2)c1,r_smiles,train-group-000347114,4
train-001472640,train,[H-].CC(=O)[O-].[Pd+2].O.[H-].CCOC(=O)c1ccc(-c2cc(OC)ccc2F)c(C2=CCCC2(C)C)c1.CCOCC.[K+].[Al+3].CC(=O)[O-].CN(C)C=O.[OH-].C1CCOC1.[K+].[Li+].[Na+].[K+].CCOC(=O)c1ccc(-c2cc(OC)ccc2F)c(Cl)c1.CC1(C)CCC=C1B1OC(C)(C)C(C)(C)O1.[H-].O=P([O-])([O-])[O-].[H-],C(O)c1ccc(-c2cc(OC)ccc2F)c(C2=CCCC2(C)C)c1,r_smiles,train-group-000294528,0
train-001472641,train,C(C)OCC.[K+].[H-].c1c(OC)ccc(F)c1-c1ccc(C(=O)OCC)cc1Cl.[Li+].O=CN(C)C.[H-].[Al+3].[K+].C1CCCO1.[H-].CC1(C)OB(C2=CCCC2(C)C)OC1(C)C.[Na+].C1=C(c2cc(C(=O)OCC)ccc2-c2cc(OC)ccc2F)C(C)(C)CC1.O=C(C)[O-].[OH-].[H-].[K+].[Pd+2].C(C)(=O)[O-].[O-]P(=O)([O-])[O-].O,C1=C(c2cc(CO)ccc2-c2cc(OC)ccc2F)C(C)(C)CC1,r_smiles,train-group-000294528,1
train-001472642,train,[O-]P(=O)([O-])[O-].C1CCCO1.O.C(C)OCC.[Na+].[K+].[Pd+2].[H-].CC1(C)CCC=C1B1OC(C)(C)C(C)(C)O1.[Li+].CN(C)C=O.[H-].CC(=O)[O-].[K+].[K+].[OH-].[Al+3].C1CC=C(c2cc(C(=O)OCC)ccc2-c2cc(OC)ccc2F)C1(C)C.O=C(C)[O-].[H-].[H-].c1c(C(=O)OCC)ccc(-c2cc(OC)ccc2F)c1Cl,C1CC=C(c2cc(CO)ccc2-c2cc(OC)ccc2F)C1(C)C,r_smiles,train-group-000294528,2
train-001472643,train,CC1(C)OB(C2=CCCC2(C)C)OC1(C)C.[OH-].[Al+3].CCOCC.[H-].c1cc(OC)cc(-c2ccc(C(=O)OCC)cc2C2=CCCC2(C)C)c1F.[Pd+2].[K+].C1CCCO1.[H-].[Na+].[H-].c1(-c2cc(OC)ccc2F)ccc(C(=O)OCC)cc1Cl.O.CC(=O)[O-].[O-]P(=O)([O-])[O-].C(=O)N(C)C.[K+].[Li+].CC(=O)[O-].[K+].[H-],c1cc(OC)cc(-c2ccc(CO)cc2C2=CCCC2(C)C)c1F,r_smiles,train-group-000294528,3
train-001472644,train,[K+].C(C)OC(=O)c1ccc(-c2cc(OC)ccc2F)c(Cl)c1.[Al+3].CC1(C)CCC=C1B1OC(C)(C)C(C)(C)O1.[K+].[H-].[Na+].CCOCC.[H-].[O-]P(=O)([O-])[O-].O=C(C)[O-].[Li+].[H-].C(=O)N(C)C.CC(=O)[O-].[OH-].[K+].O.[Pd+2].[H-].C1=C(c2cc(C(=O)OCC)ccc2-c2cc(OC)ccc2F)C(C)(C)CC1.C1CCCO1,C1=C(c2cc(CO)ccc2-c2cc(OC)ccc2F)C(C)(C)CC1,r_smiles,train-group-000294528,4
train-000572225,train,CO.COC(=O)c1ccc(C(=O)N2Cc3ccc(C(=O)NCc4cccnc4)n3Cc3ccccc32)cc1.[OH-].[Li+].O,OC(=O)c1ccc(C(=O)N2Cc3ccc(C(=O)NCc4cccnc4)n3Cc3ccccc32)cc1,r_smiles,train-group-000114445,0
train-000572226,train,O.[Li+].CO.[OH-].c1cc(C(=O)N2Cc3ccc(C(=O)NCc4cccnc4)n3Cc3ccccc32)ccc1C(=O)OC,c1cc(C(=O)N2Cc3ccc(C(=O)NCc4cccnc4)n3Cc3ccccc32)ccc1C(=O)O,r_smiles,train-group-000114445,1
train-000572227,train,[Li+].O.OC.[OH-].O(C)C(=O)c1ccc(C(=O)N2Cc3ccc(C(=O)NCc4cccnc4)n3Cc3ccccc32)cc1,OC(=O)c1ccc(C(=O)N2Cc3ccc(C(=O)NCc4cccnc4)n3Cc3ccccc32)cc1,r_smiles,train-group-000114445,2
train-000572228,train,O.C(=O)(c1ccc(C(=O)OC)cc1)N1Cc2ccc(C(=O)NCc3cccnc3)n2Cc2ccccc21.[OH-].OC.[Li+],C(=O)(c1ccc(C(=O)O)cc1)N1Cc2ccc(C(=O)NCc3cccnc3)n2Cc2ccccc21,r_smiles,train-group-000114445,3
train-000572229,train,OC.[OH-].c1(CNC(=O)c2ccc3n2Cc2ccccc2N(C(=O)c2ccc(C(=O)OC)cc2)C3)cccnc1.O.[Li+],c1(CNC(=O)c2ccc3n2Cc2ccccc2N(C(=O)c2ccc(C(=O)O)cc2)C3)cccnc1,r_smiles,train-group-000114445,4
train-000444800,train,[K+].[K].[C-]#N.O.OCCO.[OH-].Brc1ccc(C(c2ccccc2)(c2ccccc2)c2ccccc2)cn1.CN(C)C=O,c1(C(=O)O)ccc(C(c2ccccc2)(c2ccccc2)c2ccccc2)cn1,r_smiles,train-group-000088960,0
train-000444801,train,N#[C-].c1ccccc1C(c1ccccc1)(c1ccccc1)c1ccc(Br)nc1.CN(C)C=O.[K].[K+].O.[OH-].C(O)CO,c1ccccc1C(c1ccccc1)(c1ccccc1)c1ccc(C(=O)O)nc1,r_smiles,train-group-000088960,1
train-000444802,train,c1ccccc1C(c1ccccc1)(c1ccccc1)c1ccc(Br)nc1.O.[OH-].[K].[C-]#N.[K+].N(C)(C)C=O.OCCO,c1ccccc1C(c1ccccc1)(c1ccccc1)c1ccc(C(=O)O)nc1,r_smiles,train-group-000088960,2
train-000444803,train,[OH-].O.c1(C(c2ccccc2)(c2ccccc2)c2ccc(Br)nc2)ccccc1.OCCO.[K+].[K].CN(C)C=O.[C-]#N,c1(C(c2ccccc2)(c2ccccc2)c2ccc(C(=O)O)nc2)ccccc1,r_smiles,train-group-000088960,3
train-000444804,train,[K].[K+].[OH-].c1ccccc1C(c1ccccc1)(c1ccccc1)c1ccc(Br)nc1.O.OCCO.[C-]#N.CN(C)C=O,c1ccccc1C(c1ccccc1)(c1ccccc1)c1ccc(C(=O)O)nc1,r_smiles,train-group-000088960,4
train-002135890,train,[K+].O=Cc1cccc(-c2ccsc2)c1.CC(C)=O.[K+].O=C([O-])[O-],OC(CC(C)=O)c1cccc(-c2ccsc2)c1,r_smiles,train-group-000427178,0
train-002135891,train,O=C(C)C.[K+].[K+].c1cscc1-c1cccc(C=O)c1.[O-]C(=O)[O-],c1cscc1-c1cccc(C(O)CC(C)=O)c1,r_smiles,train-group-000427178,1
train-002135892,train,c1ccc(-c2ccsc2)cc1C=O.O=C([O-])[O-].[K+].C(C)(C)=O.[K+],c1ccc(-c2ccsc2)cc1C(O)CC(C)=O,r_smiles,train-group-000427178,2
train-002135893,train,[K+].[K+].c1(C=O)cccc(-c2ccsc2)c1.O=C([O-])[O-].CC(C)=O,c1(C(O)CC(C)=O)cccc(-c2ccsc2)c1,r_smiles,train-group-000427178,3
train-002135894,train,c1cc(C=O)cc(-c2ccsc2)c1.CC(C)=O.O=C([O-])[O-].[K+].[K+],c1cc(-c2ccsc2)cc(C(O)CC(C)=O)c1,r_smiles,train-group-000427178,4
train-000158010,train,O.Cl.COc1nnccc1-c1c(-c2ccccc2)nn2ccccc12,O=c1[nH]nccc1-c1c(-c2ccccc2)nn2ccccc12,r_smiles,train-group-000031602,0
train-000158011,train,Cl.c1cccc(-c2nn3ccccc3c2-c2ccnnc2OC)c1.O,c1cccc(-c2nn3ccccc3c2-c2ccn[nH]c2=O)c1,r_smiles,train-group-000031602,1
train-000158012,train,O.Cl.c1(-c2nn3ccccc3c2-c2ccnnc2OC)ccccc1,c1(-c2nn3ccccc3c2-c2ccn[nH]c2=O)ccccc1,r_smiles,train-group-000031602,2
train-000158013,train,O(C)c1nnccc1-c1c(-c2ccccc2)nn2ccccc12.O.Cl,O=c1[nH]nccc1-c1c(-c2ccccc2)nn2ccccc12,r_smiles,train-group-000031602,3
train-000158014,train,c1ccccc1-c1nn2ccccc2c1-c1ccnnc1OC.Cl.O,c1ccccc1-c1nn2ccccc2c1-c1ccn[nH]c1=O,r_smiles,train-group-000031602,4
train-000358710,train,O.O=C(O)CCC1CCN(C(=O)OCc2ccccc2)CC1.CC(C)COC(=O)Cl.CN(C)C=O.CCOC(=O)CCNC(=O)C1CNc2ccccc2C1.CN1CCOCC1.C1CCOC1,C(=O)(CCC1CCN(C(=O)OCc2ccccc2)CC1)N1CC(C(=O)NCCC(=O)OCC)Cc2ccccc21,r_smiles,train-group-000071742,0
train-000358711,train,O.O1CCN(C)CC1.C(=O)N(C)C.C(C)OC(=O)CCNC(=O)C1CNc2ccccc2C1.c1cccc(COC(=O)N2CCC(CCC(=O)O)CC2)c1.C1CCOC1.ClC(=O)OCC(C)C,c1cccc(COC(=O)N2CCC(CCC(=O)N3CC(C(=O)NCCC(=O)OCC)Cc4ccccc43)CC2)c1,r_smiles,train-group-000071742,1
train-000358712,train,O.c1cccc2c1CC(C(=O)NCCC(=O)OCC)CN2.C1CCCO1.CC(C)COC(=O)Cl.C1COCCN1C.CN(C)C=O.C(=O)(O)CCC1CCN(C(=O)OCc2ccccc2)CC1,C(=O)(CCC1CCN(C(=O)OCc2ccccc2)CC1)N1CC(C(=O)NCCC(=O)OCC)Cc2ccccc21,r_smiles,train-group-000071742,2
train-000358713,train,C1COCCN1C.C(=O)(Cl)OCC(C)C.C(C)OC(=O)CCNC(=O)C1CNc2ccccc2C1.O=CN(C)C.C(CC1CCN(C(=O)OCc2ccccc2)CC1)C(=O)O.C1CCOC1.O,C(CC1CCN(C(=O)OCc2ccccc2)CC1)C(=O)N1CC(C(=O)NCCC(=O)OCC)Cc2ccccc21,r_smiles,train-group-000071742,3
train-000358714,train,C1COCCN1C.C1CCCO1.O=C(Cl)OCC(C)C.CN(C)C=O.C1Nc2ccccc2CC1C(=O)NCCC(=O)OCC.c1ccccc1COC(=O)N1CCC(CCC(=O)O)CC1.O,c1ccccc1COC(=O)N1CCC(CCC(=O)N2CC(C(=O)NCCC(=O)OCC)Cc3ccccc32)CC1,r_smiles,train-group-000071742,4
train-000746910,train,O=C(O)CC(O)(CC(=O)O)C(=O)O.FC(F)(F)c1ccccc1-n1ncc2c(Cl)ncnc21.[H-].CCOCC(O)C(=O)Nc1cnc(C)cn1.[Na+].C1CCOC1,FC(F)(F)c1ccccc1-n1ncc2c(OC(COCC)C(=O)Nc3cnc(C)cn3)ncnc21,r_smiles,train-group-000149382,0
train-000746911,train,FC(F)(F)c1ccccc1-n1ncc2c(Cl)ncnc21.C1CCOC1.C(O)(CC(=O)O)(CC(=O)O)C(=O)O.O(CC)CC(O)C(=O)Nc1cnc(C)cn1.[H-].[Na+],FC(F)(F)c1ccccc1-n1ncc2c(OC(COCC)C(=O)Nc3cnc(C)cn3)ncnc21,r_smiles,train-group-000149382,1
train-000746912,train,C(O)(COCC)C(=O)Nc1cnc(C)cn1.[Na+].c1nn(-c2ccccc2C(F)(F)F)c2ncnc(Cl)c12.[H-].OC(=O)CC(O)(CC(=O)O)C(=O)O.C1CCOC1,c1nn(-c2ccccc2C(F)(F)F)c2ncnc(OC(COCC)C(=O)Nc3cnc(C)cn3)c12,r_smiles,train-group-000149382,2
train-000746913,train,[H-].[Na+].n1(-c2ccccc2C(F)(F)F)ncc2c(Cl)ncnc21.c1nc(NC(=O)C(O)COCC)cnc1C.OC(=O)CC(O)(CC(=O)O)C(=O)O.C1CCOC1,n1(-c2ccccc2C(F)(F)F)ncc2c(OC(COCC)C(=O)Nc3cnc(C)cn3)ncnc21,r_smiles,train-group-000149382,3
train-000746914,train,[H-].C1CCOC1.c1(NC(=O)C(O)COCC)cnc(C)cn1.[Na+].C(C(=O)O)C(O)(CC(=O)O)C(=O)O.c1ccc(-n2ncc3c(Cl)ncnc32)c(C(F)(F)F)c1,c1ccc(-n2ncc3c(OC(COCC)C(=O)Nc4cnc(C)cn4)ncnc32)c(C(F)(F)F)c1,r_smiles,train-group-000149382,4
train-001971330,train,O=C([O-])[O-].O=C1OCCC1Br.[Na+].Cl.[Na+].O.Nc1ccccc1C(=O)O,N(c1ccccc1C(=O)O)C1CCOC1=O,r_smiles,train-group-000394266,0
train-001971331,train,[Na+].C1(Br)CCOC1=O.[Na+].c1cccc(C(=O)O)c1N.O=C([O-])[O-].O.Cl,c1cccc(C(=O)O)c1NC1CCOC1=O,r_smiles,train-group-000394266,1
train-001971332,train,O=C([O-])[O-].[Na+].O.c1cccc(N)c1C(=O)O.Cl.[Na+].O=C1OCCC1Br,c1cccc(NC2CCOC2=O)c1C(=O)O,r_smiles,train-group-000394266,2
train-001971333,train,Cl.C1(Br)CCOC1=O.[Na+].O=C([O-])[O-].c1(N)ccccc1C(=O)O.O.[Na+],c1(NC2CCOC2=O)ccccc1C(=O)O,r_smiles,train-group-000394266,3
train-001971334,train,C1(Br)CCOC1=O.[Na+].c1(N)ccccc1C(=O)O.O.[O-]C(=O)[O-].Cl.[Na+],c1(NC2CCOC2=O)ccccc1C(=O)O,r_smiles,train-group-000394266,4
train-001961070,train,O=C(O)C1CCCN1.O=Cc1cccc(Br)n1,C(c1cccc(Br)n1)N1CCCC1C(=O)O,r_smiles,train-group-000392214,0
train-001961071,train,c1(C=O)cccc(Br)n1.N1CCCC1C(=O)O,c1(CN2CCCC2C(=O)O)cccc(Br)n1,r_smiles,train-group-000392214,1
train-001961072,train,Brc1cccc(C=O)n1.O=C(O)C1CCCN1,Brc1cccc(CN2CCCC2C(=O)O)n1,r_smiles,train-group-000392214,2
train-001961073,train,c1(Br)cccc(C=O)n1.N1CCCC1C(=O)O,c1(Br)cccc(CN2CCCC2C(=O)O)n1,r_smiles,train-group-000392214,3
train-001961074,train,C1CCNC1C(=O)O.c1(Br)cccc(C=O)n1,c1(Br)cccc(CN2CCCC2C(=O)O)n1,r_smiles,train-group-000392214,4
train-001873185,train,CO.Cl.CNCC(=O)c1ccc(O)c2[nH]c(C(=O)OC)cc12,Cl.CNCC(O)c1ccc(O)c2[nH]c(C(=O)OC)cc12,r_smiles,train-group-000374637,0
train-001873186,train,Cl.C(=O)(OC)c1cc2c(C(=O)CNC)ccc(O)c2[nH]1.OC,Cl.C(=O)(OC)c1cc2c(C(O)CNC)ccc(O)c2[nH]1,r_smiles,train-group-000374637,1
train-001873187,train,Cl.c12cc(C(=O)OC)[nH]c1c(O)ccc2C(=O)CNC.OC,Cl.c12cc(C(=O)OC)[nH]c1c(O)ccc2C(O)CNC,r_smiles,train-group-000374637,2
train-001873188,train,Cl.CO.C(NC)C(=O)c1ccc(O)c2[nH]c(C(=O)OC)cc12,Cl.C(NC)C(O)c1ccc(O)c2[nH]c(C(=O)OC)cc12,r_smiles,train-group-000374637,3
train-001873189,train,c1(O)ccc(C(=O)CNC)c2cc(C(=O)OC)[nH]c12.CO.Cl,c1(O)ccc(C(O)CNC)c2cc(C(=O)OC)[nH]c12.Cl,r_smiles,train-group-000374637,4
train-000346840,train,NCC(O)COc1ccc(O)cc1.CN(C)C(=N)NC1=NC(=O)C(=Cc2ccc(N3CCC(=O)CC3)cc2)S1,CN(C)C(=N)NC1=NC(=O)C(=Cc2ccc(N3CCC(NCC(O)COc4ccc(O)cc4)CC3)cc2)S1,r_smiles,train-group-000069368,0
train-000346841,train,N(C(=N)N(C)C)C1=NC(=O)C(=Cc2ccc(N3CCC(=O)CC3)cc2)S1.C(Oc1ccc(O)cc1)C(O)CN,N(C(=N)N(C)C)C1=NC(=O)C(=Cc2ccc(N3CCC(NCC(O)COc4ccc(O)cc4)CC3)cc2)S1,r_smiles,train-group-000069368,1
train-000346842,train,c1(O)ccc(OCC(O)CN)cc1.CN(C)C(=N)NC1=NC(=O)C(=Cc2ccc(N3CCC(=O)CC3)cc2)S1,CN(C)C(=N)NC1=NC(=O)C(=Cc2ccc(N3CCC(NCC(O)COc4ccc(O)cc4)CC3)cc2)S1,r_smiles,train-group-000069368,2
train-000346843,train,c1cc(N2CCC(=O)CC2)ccc1C=C1SC(NC(=N)N(C)C)=NC1=O.C(O)(CN)COc1ccc(O)cc1,c1cc(N2CCC(NCC(O)COc3ccc(O)cc3)CC2)ccc1C=C1SC(NC(=N)N(C)C)=NC1=O,r_smiles,train-group-000069368,3
train-000346844,train,NCC(O)COc1ccc(O)cc1.CN(C)C(=N)NC1=NC(=O)C(=Cc2ccc(N3CCC(=O)CC3)cc2)S1,CN(C)C(=N)NC1=NC(=O)C(=Cc2ccc(N3CCC(NCC(O)COc4ccc(O)cc4)CC3)cc2)S1,r_smiles,train-group-000069368,4
train-000763695,train,O=C(O)C=CC(=O)c1ccccc1.O=S(Cl)Cl.ClCCl,C(=O)(Cl)C=CC(=O)c1ccccc1,r_smiles,train-group-000152739,0
train-000763696,train,ClCCl.c1ccc(C(=O)C=CC(=O)O)cc1.O=S(Cl)Cl,c1ccc(C(=O)C=CC(=O)Cl)cc1,r_smiles,train-group-000152739,1
train-000763697,train,C(=O)(C=CC(=O)O)c1ccccc1.ClCCl.S(=O)(Cl)Cl,C(=O)(C=CC(=O)Cl)c1ccccc1,r_smiles,train-group-000152739,2
train-000763698,train,ClCCl.C(=O)(O)C=CC(=O)c1ccccc1.S(=O)(Cl)Cl,C(=O)(Cl)C=CC(=O)c1ccccc1,r_smiles,train-group-000152739,3
train-000763699,train,ClS(=O)Cl.C(Cl)Cl.O=C(O)C=CC(=O)c1ccccc1,C(=O)(Cl)C=CC(=O)c1ccccc1,r_smiles,train-group-000152739,4
train-001642825,train,O=S([O-])([O-])=S.[Na+].O=Cc1cc(Br)cc(F)c1O.[OH-].OO.[Na+].[Na+],c1(O)cc(Br)cc(F)c1O,r_smiles,train-group-000328565,0
train-001642826,train,[Na+].[Na+].OO.S=S(=O)([O-])[O-].[OH-].c1c(Br)cc(C=O)c(O)c1F.[Na+],c1c(Br)cc(O)c(O)c1F,r_smiles,train-group-000328565,1
train-001642827,train,[Na+].[OH-].OO.[Na+].[Na+].c1(Br)cc(F)c(O)c(C=O)c1.[O-]S(=O)([O-])=S,c1(Br)cc(O)c(O)c(F)c1,r_smiles,train-group-000328565,2
train-001642828,train,[OH-].[Na+].OO.Brc1cc(F)c(O)c(C=O)c1.[Na+].[O-]S(=O)([O-])=S.[Na+],Brc1cc(O)c(O)c(F)c1,r_smiles,train-group-000328565,3
train-001642829,train,[Na+].S(=O)([O-])([O-])=S.OO.[OH-].[Na+].Fc1cc(Br)cc(C=O)c1O.[Na+],Fc1cc(Br)cc(O)c1O,r_smiles,train-group-000328565,4
train-001179165,train,[OH-].[Na+].CCOC(=O)Cc1ccc(N2CCOCC2=O)cc1.CCO,OC(=O)Cc1ccc(N2CCOCC2=O)cc1,r_smiles,train-group-000235833,0
train-001179166,train,[Na+].O1CCN(c2ccc(CC(=O)OCC)cc2)C(=O)C1.[OH-].CCO,O1CCN(c2ccc(CC(=O)O)cc2)C(=O)C1,r_smiles,train-group-000235833,1
train-001179167,train,[Na+].CCOC(=O)Cc1ccc(N2CCOCC2=O)cc1.OCC.[OH-],OC(=O)Cc1ccc(N2CCOCC2=O)cc1,r_smiles,train-group-000235833,2
train-001179168,train,[OH-].OCC.[Na+].C(=O)(Cc1ccc(N2CCOCC2=O)cc1)OCC,C(=O)(O)Cc1ccc(N2CCOCC2=O)cc1,r_smiles,train-group-000235833,3
train-001179169,train,CCO.CCOC(=O)Cc1ccc(N2CCOCC2=O)cc1.[OH-].[Na+],OC(=O)Cc1ccc(N2CCOCC2=O)cc1,r_smiles,train-group-000235833,4
train-002108230,train,Cl.O.CCCCc1c2c(nn1C(C)(C)C)c(N)nc1ccccc12,Cl.CCCCc1[nH]nc2c(N)nc3ccccc3c12,r_smiles,train-group-000421646,0
train-002108231,train,O.Cl.C(CC)Cc1c2c(nn1C(C)(C)C)c(N)nc1ccccc12,Cl.C(CC)Cc1[nH]nc2c(N)nc3ccccc3c12,r_smiles,train-group-000421646,1
train-002108232,train,Cl.c12ccccc1nc(N)c1nn(C(C)(C)C)c(CCCC)c12.O,Cl.c12ccccc1nc(N)c1n[nH]c(CCCC)c12,r_smiles,train-group-000421646,2
train-002108233,train,c1ccc2c(c1)nc(N)c1nn(C(C)(C)C)c(CCCC)c12.O.Cl,c1ccc2c(c1)nc(N)c1n[nH]c(CCCC)c12.Cl,r_smiles,train-group-000421646,3
train-002108234,train,Cl.O.Nc1nc2ccccc2c2c(CCCC)n(C(C)(C)C)nc12,Cl.Nc1nc2ccccc2c2c(CCCC)[nH]nc12,r_smiles,train-group-000421646,4
train-000680635,train,CCOC(=O)C(C)(C)Br.[K+].CN(C)C=O.Oc1ccnn1-c1cccc2ccccc12.[K+].O=C([O-])[O-].O,O(c1ccnn1-c1cccc2ccccc12)C(C)(C)C(=O)OCC,r_smiles,train-group-000136127,0
train-000680636,train,[K+].CC(C)(Br)C(=O)OCC.CN(C)C=O.[K+].[O-]C(=O)[O-].c12ccccc1cccc2-n1nccc1O.O,c12ccccc1cccc2-n1nccc1OC(C)(C)C(=O)OCC,r_smiles,train-group-000136127,1
train-000680637,train,[K+].[K+].O=C([O-])[O-].O(CC)C(=O)C(C)(C)Br.O.CN(C)C=O.c1ccc2c(-n3nccc3O)cccc2c1,c1ccc2c(-n3nccc3OC(C)(C)C(=O)OCC)cccc2c1,r_smiles,train-group-000136127,2
train-000680638,train,O=C(OCC)C(C)(C)Br.O.[O-]C(=O)[O-].[K+].[K+].c1cccc2cccc(-n3nccc3O)c12.C(=O)N(C)C,c1cccc2cccc(-n3nccc3OC(C)(C)C(=O)OCC)c12,r_smiles,train-group-000136127,3
train-000680639,train,BrC(C)(C)C(=O)OCC.n1(-c2cccc3ccccc23)nccc1O.O=C([O-])[O-].[K+].O.CN(C)C=O.[K+],n1(-c2cccc3ccccc23)nccc1OC(C)(C)C(=O)OCC,r_smiles,train-group-000136127,4
train-000346085,train,[Cu]I.Cc1ccccc1.CC(C)(C)P(C(C)(C)C)C(C)(C)C.CC(C)(C)OC(=O)NC1(c2ccc(-c3c(-c4ccccc4)oc4c(Br)cccc4c3=O)cc2)CCC1.C#C[Si](C)(C)C.CC(C)NC(C)C,CC(C)(C)OC(=O)NC1(c2ccc(-c3c(-c4ccccc4)oc4c(C#C[Si](C)(C)C)cccc4c3=O)cc2)CCC1,r_smiles,train-group-000069217,0
train-000346086,train,C#C[Si](C)(C)C.c1(-c2oc3c(Br)cccc3c(=O)c2-c2ccc(C3(NC(=O)OC(C)(C)C)CCC3)cc2)ccccc1.[Cu]I.CC(C)(C)P(C(C)(C)C)C(C)(C)C.CC(C)NC(C)C.c1ccccc1C,c1(-c2oc3c(C#C[Si](C)(C)C)cccc3c(=O)c2-c2ccc(C3(NC(=O)OC(C)(C)C)CCC3)cc2)ccccc1,r_smiles,train-group-000069217,1
train-000346087,train,C(C)(C)NC(C)C.CC(C)(C)P(C(C)(C)C)C(C)(C)C.C[Si](C)(C)C#C.c1(C)ccccc1.[Cu]I.c1ccccc1-c1oc2c(Br)cccc2c(=O)c1-c1ccc(C2(NC(=O)OC(C)(C)C)CCC2)cc1,c1ccccc1-c1oc2c(C#C[Si](C)(C)C)cccc2c(=O)c1-c1ccc(C2(NC(=O)OC(C)(C)C)CCC2)cc1,r_smiles,train-group-000069217,2
train-000346088,train,I[Cu].C[Si](C)(C)C#C.Cc1ccccc1.c1cccc(-c2oc3c(Br)cccc3c(=O)c2-c2ccc(C3(NC(=O)OC(C)(C)C)CCC3)cc2)c1.C(C)(C)(C)P(C(C)(C)C)C(C)(C)C.CC(C)NC(C)C,c1cccc(-c2oc3c(C#C[Si](C)(C)C)cccc3c(=O)c2-c2ccc(C3(NC(=O)OC(C)(C)C)CCC3)cc2)c1,r_smiles,train-group-000069217,3
train-000346089,train,c1ccc(C)cc1.[Cu]I.CC(C)NC(C)C.C(C)(C)(C)OC(=O)NC1(c2ccc(-c3c(-c4ccccc4)oc4c(Br)cccc4c3=O)cc2)CCC1.C[Si](C)(C)C#C.P(C(C)(C)C)(C(C)(C)C)C(C)(C)C,C(C)(C)(C)OC(=O)NC1(c2ccc(-c3c(-c4ccccc4)oc4c(C#C[Si](C)(C)C)cccc4c3=O)cc2)CCC1,r_smiles,train-group-000069217,4
train-000663455,train,Cc1ccccc1.[OH-].O.O=S(=O)([O-])O.CCCC[N+](CCCC)(CCCC)CCCC.O=C(CCl)N1CCCC1.CC(C)(C)OC(=O)N1CCC(O)CC1.[Na+],CC(C)(C)OC(=O)N1CCC(OCC(=O)N2CCCC2)CC1,r_smiles,train-group-000132691,0
train-000663456,train,Cc1ccccc1.C(CCC)[N+](CCCC)(CCCC)CCCC.O.C(Cl)C(=O)N1CCCC1.[Na+].C(C)(C)(C)OC(=O)N1CCC(O)CC1.[OH-].O=S(=O)([O-])O,C(C)(C)(C)OC(=O)N1CCC(OCC(=O)N2CCCC2)CC1,r_smiles,train-group-000132691,1
train-000663457,train,OS(=O)(=O)[O-].[Na+].OC1CCN(C(=O)OC(C)(C)C)CC1.O.[OH-].C(C)CC[N+](CCCC)(CCCC)CCCC.O=C(CCl)N1CCCC1.c1(C)ccccc1,O(CC(=O)N1CCCC1)C1CCN(C(=O)OC(C)(C)C)CC1,r_smiles,train-group-000132691,2
train-000663458,train,C1(O)CCN(C(=O)OC(C)(C)C)CC1.[N+](CCCC)(CCCC)(CCCC)CCCC.O.[Na+].c1ccccc1C.C1CCCN1C(=O)CCl.[OH-].O=S(=O)([O-])O,C1(OCC(=O)N2CCCC2)CCN(C(=O)OC(C)(C)C)CC1,r_smiles,train-group-000132691,3
train-000663459,train,O.[OH-].N1(C(=O)CCl)CCCC1.C1CN(C(=O)OC(C)(C)C)CCC1O.C(CCC)[N+](CCCC)(CCCC)CCCC.O=S(=O)([O-])O.[Na+].c1cccc(C)c1,C1CN(C(=O)OC(C)(C)C)CCC1OCC(=O)N1CCCC1,r_smiles,train-group-000132691,4
train-000447590,train,N#Cc1ccc(C=C2CCN(Cc3ccccc3)CC2)cc1.CCO.Cl.ClC(Cl)Cl,N=C(OCC)c1ccc(C=C2CCN(Cc3ccccc3)CC2)cc1,r_smiles,train-group-000089518,0
train-000447591,train,Cl.c1cccc(CN2CCC(=Cc3ccc(C#N)cc3)CC2)c1.OCC.ClC(Cl)Cl,c1cccc(CN2CCC(=Cc3ccc(C(=N)OCC)cc3)CC2)c1,r_smiles,train-group-000089518,1
train-000447592,train,ClC(Cl)Cl.OCC.c1(CN2CCC(=Cc3ccc(C#N)cc3)CC2)ccccc1.Cl,c1(CN2CCC(=Cc3ccc(C(=N)OCC)cc3)CC2)ccccc1,r_smiles,train-group-000089518,2
train-000447593,train,ClC(Cl)Cl.C(C)O.Cl.c1ccc(CN2CCC(=Cc3ccc(C#N)cc3)CC2)cc1,c1ccc(CN2CCC(=Cc3ccc(C(=N)OCC)cc3)CC2)cc1,r_smiles,train-group-000089518,3
train-000447594,train,c1(C#N)ccc(C=C2CCN(Cc3ccccc3)CC2)cc1.C(C)O.Cl.ClC(Cl)Cl,c1(C(=N)OCC)ccc(C=C2CCN(Cc3ccccc3)CC2)cc1,r_smiles,train-group-000089518,4
train-000728995,train,O=CN1CCNCC1.O=C(O)C=C(c1cccc(Cl)c1)c1cccc(Cl)c1.ClCCl.[N-]=[N+]=NP(=O)(c1ccccc1)c1ccccc1.CCN(CC)CC,C(C(=O)N1CCNCC1)=C(c1cccc(Cl)c1)c1cccc(Cl)c1,r_smiles,train-group-000145799,0
train-000728996,train,C1CN(C=O)CCN1.c1ccccc1P(=O)(N=[N+]=[N-])c1ccccc1.C(=O)(O)C=C(c1cccc(Cl)c1)c1cccc(Cl)c1.C(Cl)Cl.CCN(CC)CC,C(C(=O)N1CCNCC1)=C(c1cccc(Cl)c1)c1cccc(Cl)c1,r_smiles,train-group-000145799,1
train-000728997,train,c1cc(Cl)cc(C(=CC(=O)O)c2cccc(Cl)c2)c1.ClCCl.[N-]=[N+]=NP(=O)(c1ccccc1)c1ccccc1.N1CCN(C=O)CC1.C(C)N(CC)CC,c1cc(Cl)cc(C(=CC(=O)N2CCNCC2)c2cccc(Cl)c2)c1,r_smiles,train-group-000145799,2
train-000728998,train,C1CNCCN1C=O.ClCCl.C(C)N(CC)CC.c1c(Cl)cccc1C(=CC(=O)O)c1cccc(Cl)c1.[N-]=[N+]=NP(=O)(c1ccccc1)c1ccccc1,c1c(Cl)cccc1C(=CC(=O)N1CCNCC1)c1cccc(Cl)c1,r_smiles,train-group-000145799,3
train-000728999,train,C(C)N(CC)CC.c1c(Cl)cccc1C(=CC(=O)O)c1cccc(Cl)c1.C1CNCCN1C=O.ClCCl.O=P(N=[N+]=[N-])(c1ccccc1)c1ccccc1,c1c(Cl)cccc1C(=CC(=O)N1CCNCC1)c1cccc(Cl)c1,r_smiles,train-group-000145799,4
train-001950360,train,CC(C)(C)OC(=O)N1CCCC1=O.Br[Mg]c1ccccc1.C1CCOC1.Cl,CC(C)(C)OC(=O)NCCCC(=O)c1ccccc1,r_smiles,train-group-000390072,0
train-001950361,train,Cl.CC(C)(C)OC(=O)N1CCCC1=O.c1cccc([Mg]Br)c1.O1CCCC1,CC(C)(C)OC(=O)NCCCC(=O)c1ccccc1,r_smiles,train-group-000390072,1
train-001950362,train,Cl.CC(C)(C)OC(=O)N1CCCC1=O.O1CCCC1.c1([Mg]Br)ccccc1,CC(C)(C)OC(=O)NCCCC(=O)c1ccccc1,r_smiles,train-group-000390072,2
train-001950363,train,Cl.C1CCN(C(=O)OC(C)(C)C)C1=O.C1CCCO1.c1ccccc1[Mg]Br,C(CCNC(=O)OC(C)(C)C)C(=O)c1ccccc1,r_smiles,train-group-000390072,3
train-001950364,train,c1cccc([Mg]Br)c1.Cl.C1CCCO1.CC(C)(C)OC(=O)N1CCCC1=O,CC(C)(C)OC(=O)NCCCC(=O)c1ccccc1,r_smiles,train-group-000390072,4
train-000466110,train,CCCC(=O)OCCC(C)c1ccc(OCc2ccccc2)cc1.CO.[H][H],CCCC(=O)OCCC(C)c1ccc(O)cc1,r_smiles,train-group-000093222,0
train-000466111,train,[H][H].C(Oc1ccc(C(C)CCOC(=O)CCC)cc1)c1ccccc1.OC,Oc1ccc(C(C)CCOC(=O)CCC)cc1,r_smiles,train-group-000093222,1
train-000466112,train,OC.[H][H].C(Oc1ccc(C(C)CCOC(=O)CCC)cc1)c1ccccc1,Oc1ccc(C(C)CCOC(=O)CCC)cc1,r_smiles,train-group-000093222,2
train-000466113,train,CO.[H][H].c1(OCc2ccccc2)ccc(C(C)CCOC(=O)CCC)cc1,c1(O)ccc(C(C)CCOC(=O)CCC)cc1,r_smiles,train-group-000093222,3
train-000466114,train,c1cc(C(C)CCOC(=O)CCC)ccc1OCc1ccccc1.OC.[H][H],c1cc(C(C)CCOC(=O)CCC)ccc1O,r_smiles,train-group-000093222,4
train-000014115,train,O=C(COCc1ccccc1)Nc1ccc2cc(-c3ccccc3)[nH]c(=O)c2c1.ClCCl.CO,O=C(CO)Nc1ccc2cc(-c3ccccc3)[nH]c(=O)c2c1,r_smiles,train-group-000002823,0
train-000014116,train,ClCCl.CO.c1ccccc1COCC(=O)Nc1ccc2cc(-c3ccccc3)[nH]c(=O)c2c1,OCC(=O)Nc1ccc2cc(-c3ccccc3)[nH]c(=O)c2c1,r_smiles,train-group-000002823,1
train-000014117,train,O=c1[nH]c(-c2ccccc2)cc2ccc(NC(=O)COCc3ccccc3)cc12.OC.ClCCl,O=c1[nH]c(-c2ccccc2)cc2ccc(NC(=O)CO)cc12,r_smiles,train-group-000002823,2
train-000014118,train,ClCCl.OC.c1ccccc1COCC(=O)Nc1ccc2cc(-c3ccccc3)[nH]c(=O)c2c1,OCC(=O)Nc1ccc2cc(-c3ccccc3)[nH]c(=O)c2c1,r_smiles,train-group-000002823,3
train-000014119,train,ClCCl.OC.c1(-c2cc3ccc(NC(=O)COCc4ccccc4)cc3c(=O)[nH]2)ccccc1,c1(-c2cc3ccc(NC(=O)CO)cc3c(=O)[nH]2)ccccc1,r_smiles,train-group-000002823,4
train-001743630,train,OCCCC12CC(c3ccccc31)c1ccccc12.ClCCl.O=[Cr](=O)=O.c1ccncc1,O=CCCC12CC(c3ccccc31)c1ccccc12,r_smiles,train-group-000348726,0
train-001743631,train,OCCCC12CC(c3ccccc31)c1ccccc12.c1cccnc1.ClCCl.[Cr](=O)(=O)=O,O=CCCC12CC(c3ccccc31)c1ccccc12,r_smiles,train-group-000348726,1
train-001743632,train,C(Cl)Cl.[Cr](=O)(=O)=O.c1cccnc1.C12CC(CCCO)(c3ccccc31)c1ccccc12,C12CC(CCC=O)(c3ccccc31)c1ccccc12,r_smiles,train-group-000348726,2
train-001743633,train,c1cccc2c1C1CC2(CCCO)c2ccccc21.C(Cl)Cl.O=[Cr](=O)=O.c1cccnc1,c1cccc2c1C1CC2(CCC=O)c2ccccc21,r_smiles,train-group-000348726,3
train-001743634,train,O=[Cr](=O)=O.c12ccccc1C1CC2(CCCO)c2ccccc21.C(Cl)Cl.c1ccncc1,c12ccccc1C1CC2(CCC=O)c2ccccc21,r_smiles,train-group-000348726,4
train-000697130,train,CN1CCOCC1.C1CCOC1.ClCCl.CC(C)COC(=O)Cl.Nc1ccc2ncnc(Nc3cccc(Br)c3)c2c1.CO.CSSC(C)C(=O)O,N(C(=O)C(C)SSC)c1ccc2ncnc(Nc3cccc(Br)c3)c2c1,r_smiles,train-group-000139426,0
train-000697131,train,C(=O)(Cl)OCC(C)C.CC(SSC)C(=O)O.c1cc(N)cc2c(Nc3cccc(Br)c3)ncnc12.C1CCCO1.CO.C1COCCN1C.ClCCl,c1cc(NC(=O)C(C)SSC)cc2c(Nc3cccc(Br)c3)ncnc12,r_smiles,train-group-000139426,1
train-000697132,train,C1CN(C)CCO1.C(=O)(Cl)OCC(C)C.ClCCl.CO.n1cnc(Nc2cccc(Br)c2)c2cc(N)ccc12.C1CCOC1.OC(=O)C(C)SSC,n1cnc(Nc2cccc(Br)c2)c2cc(NC(=O)C(C)SSC)ccc12,r_smiles,train-group-000139426,2
train-000697133,train,C(C)(C)COC(=O)Cl.O1CCCC1.ClCCl.OC.Nc1ccc2ncnc(Nc3cccc(Br)c3)c2c1.CN1CCOCC1.C(C)(SSC)C(=O)O,N(C(=O)C(C)SSC)c1ccc2ncnc(Nc3cccc(Br)c3)c2c1,r_smiles,train-group-000139426,3
train-000697134,train,C(C)(SSC)C(=O)O.CO.O1CCN(C)CC1.ClCCl.Brc1cccc(Nc2ncnc3ccc(N)cc23)c1.C(=O)(Cl)OCC(C)C.C1CCOC1,Brc1cccc(Nc2ncnc3ccc(NC(=O)C(C)SSC)cc23)c1,r_smiles,train-group-000139426,4
train-000251010,train,Nc1ccc2ncccc2c1.Cl.[Na+].O=N[O-],N(N)c1ccc2ncccc2c1.Cl,r_smiles,train-group-000050202,0
train-000251011,train,N(=O)[O-].Cl.c1c(N)ccc2ncccc12.[Na+],Cl.c1c(NN)ccc2ncccc12,r_smiles,train-group-000050202,1
train-000251012,train,N(=O)[O-].c1(N)ccc2ncccc2c1.Cl.[Na+],c1(NN)ccc2ncccc2c1.Cl,r_smiles,train-group-000050202,2
train-000251013,train,Cl.[O-]N=O.[Na+].Nc1ccc2ncccc2c1,Cl.N(N)c1ccc2ncccc2c1,r_smiles,train-group-000050202,3
train-000251014,train,[Na+].Cl.[O-]N=O.n1cccc2cc(N)ccc12,Cl.n1cccc2cc(NN)ccc12,r_smiles,train-group-000050202,4
train-000254525,train,O=C(Cl)C1CCC1.CC(N)C(Oc1ccc2c(cnn2-c2ccc(F)cc2)c1)c1ccccc1,CC(NC(=O)C1CCC1)C(Oc1ccc2c(cnn2-c2ccc(F)cc2)c1)c1ccccc1,r_smiles,train-group-000050905,0
train-000254526,train,c1cc(-n2ncc3cc(OC(c4ccccc4)C(C)N)ccc32)ccc1F.C1CC(C(=O)Cl)C1,c1cc(-n2ncc3cc(OC(c4ccccc4)C(C)NC(=O)C4CCC4)ccc32)ccc1F,r_smiles,train-group-000050905,1
train-000254527,train,C(=O)(Cl)C1CCC1.c1cc(OC(c2ccccc2)C(C)N)cc2cnn(-c3ccc(F)cc3)c12,c1cc(OC(c2ccccc2)C(C)NC(=O)C2CCC2)cc2cnn(-c3ccc(F)cc3)c12,r_smiles,train-group-000050905,2
train-000254528,train,c1cccc(C(Oc2ccc3c(cnn3-c3ccc(F)cc3)c2)C(C)N)c1.C(=O)(Cl)C1CCC1,c1cccc(C(Oc2ccc3c(cnn3-c3ccc(F)cc3)c2)C(C)NC(=O)C2CCC2)c1,r_smiles,train-group-000050905,3
train-000254529,train,Fc1ccc(-n2ncc3cc(OC(c4ccccc4)C(C)N)ccc32)cc1.O=C(Cl)C1CCC1,Fc1ccc(-n2ncc3cc(OC(c4ccccc4)C(C)NC(=O)C4CCC4)ccc32)cc1,r_smiles,train-group-000050905,4
train-000147065,train,ClCCl.CCO.O=C1OCCN1Cc1ccc([N+](=O)[O-])cc1.[OH-].[Na+],O=C1OCCN1Cc1ccc(N)cc1,r_smiles,train-group-000029413,0
train-000147066,train,[OH-].[Na+].OCC.N1(Cc2ccc([N+](=O)[O-])cc2)CCOC1=O.C(Cl)Cl,N1(Cc2ccc(N)cc2)CCOC1=O,r_smiles,train-group-000029413,1
train-000147067,train,N1(Cc2ccc([N+](=O)[O-])cc2)CCOC1=O.[OH-].[Na+].C(C)O.C(Cl)Cl,N1(Cc2ccc(N)cc2)CCOC1=O,r_smiles,train-group-000029413,2
train-000147068,train,[OH-].CCO.C(Cl)Cl.[N+](=O)([O-])c1ccc(CN2CCOC2=O)cc1.[Na+],Nc1ccc(CN2CCOC2=O)cc1,r_smiles,train-group-000029413,3
train-000147069,train,N1(Cc2ccc([N+](=O)[O-])cc2)CCOC1=O.ClCCl.[Na+].OCC.[OH-],N1(Cc2ccc(N)cc2)CCOC1=O,r_smiles,train-group-000029413,4
train-000639160,train,C[Si](C)(C)C#Cc1c(OCc2ccccc2)ccn(Cc2cccc(F)c2)c1=O.[F-].CCCC[N+](CCCC)(CCCC)CCCC.CC#N,C#Cc1c(OCc2ccccc2)ccn(Cc2cccc(F)c2)c1=O,r_smiles,train-group-000127832,0
train-000639161,train,[F-].CC#N.c1(C#C[Si](C)(C)C)c(OCc2ccccc2)ccn(Cc2cccc(F)c2)c1=O.C(CC)C[N+](CCCC)(CCCC)CCCC,c1(C#C)c(OCc2ccccc2)ccn(Cc2cccc(F)c2)c1=O,r_smiles,train-group-000127832,1
train-000639162,train,CC#N.C(C)CC[N+](CCCC)(CCCC)CCCC.C[Si](C)(C)C#Cc1c(OCc2ccccc2)ccn(Cc2cccc(F)c2)c1=O.[F-],C#Cc1c(OCc2ccccc2)ccn(Cc2cccc(F)c2)c1=O,r_smiles,train-group-000127832,2
train-000639163,train,[F-].c1cccc(COc2ccn(Cc3cccc(F)c3)c(=O)c2C#C[Si](C)(C)C)c1.C(CCC)[N+](CCCC)(CCCC)CCCC.C(C)#N,c1cccc(COc2ccn(Cc3cccc(F)c3)c(=O)c2C#C)c1,r_smiles,train-group-000127832,3
train-000639164,train,C(Oc1ccn(Cc2cccc(F)c2)c(=O)c1C#C[Si](C)(C)C)c1ccccc1.CCCC[N+](CCCC)(CCCC)CCCC.[F-].N#CC,C(Oc1ccn(Cc2cccc(F)c2)c(=O)c1C#C)c1ccccc1,r_smiles,train-group-000127832,4
train-000248095,train,[K+].[OH-].OB(O)C1CC1.Cl[Pd]Cl.CC(C)c1ccc(Cl)c(-c2ccc(Br)cc2CN2C(=O)OC(c3cc(C(F)(F)F)cc(C(F)(F)F)c3)C2C)c1.C1COCCO1,CC(C)c1ccc(Cl)c(-c2ccc(C3CC3)cc2CN2C(=O)OC(c3cc(C(F)(F)F)cc(C(F)(F)F)c3)C2C)c1,r_smiles,train-group-000049619,0
train-000248096,train,[OH-].C1CC1B(O)O.C1COCCO1.c1(-c2ccc(Br)cc2CN2C(=O)OC(c3cc(C(F)(F)F)cc(C(F)(F)F)c3)C2C)cc(C(C)C)ccc1Cl.[K+].Cl[Pd]Cl,c1(-c2ccc(C3CC3)cc2CN2C(=O)OC(c3cc(C(F)(F)F)cc(C(F)(F)F)c3)C2C)cc(C(C)C)ccc1Cl,r_smiles,train-group-000049619,1
train-000248097,train,C1COCCO1.Cl[Pd]Cl.[K+].[OH-].c1(-c2ccc(Br)cc2CN2C(=O)OC(c3cc(C(F)(F)F)cc(C(F)(F)F)c3)C2C)cc(C(C)C)ccc1Cl.OB(O)C1CC1,c1(-c2ccc(C3CC3)cc2CN2C(=O)OC(c3cc(C(F)(F)F)cc(C(F)(F)F)c3)C2C)cc(C(C)C)ccc1Cl,r_smiles,train-group-000049619,2
train-000248098,train,C1COCCO1.Cl[Pd]Cl.C1CC1B(O)O.[K+].[OH-].N1(Cc2cc(Br)ccc2-c2cc(C(C)C)ccc2Cl)C(=O)OC(c2cc(C(F)(F)F)cc(C(F)(F)F)c2)C1C,N1(Cc2cc(C3CC3)ccc2-c2cc(C(C)C)ccc2Cl)C(=O)OC(c2cc(C(F)(F)F)cc(C(F)(F)F)c2)C1C,r_smiles,train-group-000049619,3
train-000248099,train,C1COCCO1.[OH-].[Pd](Cl)Cl.C1CC1B(O)O.[K+].c1c(C(C)C)ccc(Cl)c1-c1ccc(Br)cc1CN1C(=O)OC(c2cc(C(F)(F)F)cc(C(F)(F)F)c2)C1C,c1c(C(C)C)ccc(Cl)c1-c1ccc(C2CC2)cc1CN1C(=O)OC(c2cc(C(F)(F)F)cc(C(F)(F)F)c2)C1C,r_smiles,train-group-000049619,4
train-000376560,train,O=P(Cl)(Cl)Cl.COc1cccc(-c2ccc(=O)[nH]c2)c1,COc1cccc(-c2ccc(Cl)nc2)c1,r_smiles,train-group-000075312,0
train-000376561,train,O=P(Cl)(Cl)Cl.c1ccc(-c2ccc(=O)[nH]c2)cc1OC,c1ccc(-c2ccc(Cl)nc2)cc1OC,r_smiles,train-group-000075312,1
train-000376562,train,c1(OC)cccc(-c2ccc(=O)[nH]c2)c1.ClP(=O)(Cl)Cl,c1(OC)cccc(-c2ccc(Cl)nc2)c1,r_smiles,train-group-000075312,2
train-000376563,train,c1c(OC)cccc1-c1ccc(=O)[nH]c1.P(=O)(Cl)(Cl)Cl,c1c(OC)cccc1-c1ccc(Cl)nc1,r_smiles,train-group-000075312,3
train-000376564,train,c1(OC)cccc(-c2ccc(=O)[nH]c2)c1.P(=O)(Cl)(Cl)Cl,c1(OC)cccc(-c2ccc(Cl)nc2)c1,r_smiles,train-group-000075312,4
train-000510240,train,[Cl-].O=C([O-])O.[Na+].CCO.CC(CO)C1CCC2C3CCC4=C([N+](=O)[O-])C(=O)CCC4(C)C3CCC12C,CC(CO)C1CCC2C3CCC4=C(N)C(=O)CCC4(C)C3CCC12C,r_smiles,train-group-000102048,0
train-000510241,train,[O-]C(=O)O.[Na+].[Cl-].C1CC2(C)C(=C([N+](=O)[O-])C1=O)CCC1C2CCC2(C)C(C(C)CO)CCC12.C(C)O,C1CC2(C)C(=C(N)C1=O)CCC1C2CCC2(C)C(C(C)CO)CCC12,r_smiles,train-group-000102048,1
train-000510242,train,[Na+].CCO.[Cl-].OC(=O)[O-].C1(=O)CCC2(C)C(=C1[N+](=O)[O-])CCC1C2CCC2(C)C(C(C)CO)CCC12,C1(=O)CCC2(C)C(=C1N)CCC1C2CCC2(C)C(C(C)CO)CCC12,r_smiles,train-group-000102048,2
train-000510243,train,OCC.C1([N+](=O)[O-])=C2CCC3C(CCC4(C)C(C(C)CO)CCC34)C2(C)CCC1=O.O=C([O-])O.[Cl-].[Na+],C1(N)=C2CCC3C(CCC4(C)C(C(C)CO)CCC34)C2(C)CCC1=O,r_smiles,train-group-000102048,3
train-000510244,train,C1(C(C)CO)CCC2C3CCC4=C([N+](=O)[O-])C(=O)CCC4(C)C3CCC12C.O=C([O-])O.OCC.[Cl-].[Na+],C1(C(C)CO)CCC2C3CCC4=C(N)C(=O)CCC4(C)C3CCC12C,r_smiles,train-group-000102048,4
train-001250720,train,COc1ccc2c(c1)CCC2C(=O)O.CCn1cc(CNc2ccc(C(C)C)cc2)cn1,CCn1cc(CN(C(=O)C2CCc3cc(OC)ccc32)c2ccc(C(C)C)cc2)cn1,r_smiles,train-group-000250144,0
train-001250721,train,C(=O)(O)C1CCc2cc(OC)ccc21.c1c(CNc2ccc(C(C)C)cc2)cnn1CC,c1c(CN(C(=O)C2CCc3cc(OC)ccc32)c2ccc(C(C)C)cc2)cnn1CC,r_smiles,train-group-000250144,1
train-001250722,train,c1cc(C(C)C)ccc1NCc1cnn(CC)c1.O(C)c1ccc2c(c1)CCC2C(=O)O,c1cc(C(C)C)ccc1N(Cc1cnn(CC)c1)C(=O)C1CCc2cc(OC)ccc21,r_smiles,train-group-000250144,2
train-001250723,train,c1cc(C(C)C)ccc1NCc1cnn(CC)c1.C1Cc2cc(OC)ccc2C1C(=O)O,c1cc(C(C)C)ccc1N(Cc1cnn(CC)c1)C(=O)C1CCc2cc(OC)ccc21,r_smiles,train-group-000250144,3
train-001250724,train,c1cc(NCc2cnn(CC)c2)ccc1C(C)C.c12cc(OC)ccc1C(C(=O)O)CC2,c1cc(N(Cc2cnn(CC)c2)C(=O)C2CCc3cc(OC)ccc32)ccc1C(C)C,r_smiles,train-group-000250144,4
train-000430630,train,[Br-].C[P+](c1ccccc1)(c1ccccc1)c1ccccc1.CCOC(=O)CCC(Oc1cc(OCc2ccsc2)ccc1C(C)=O)c1ccccc1C.C1CCOC1.[Li]CCCC,CCOC(=O)CCC(Oc1cc(OCc2ccsc2)ccc1C(=C)C)c1ccccc1C,r_smiles,train-group-000086126,0
train-000430631,train,C1CCCO1.[Br-].O(c1cc(OCc2ccsc2)ccc1C(C)=O)C(CCC(=O)OCC)c1ccccc1C.c1([P+](C)(c2ccccc2)c2ccccc2)ccccc1.C(C)CC[Li],O(c1cc(OCc2ccsc2)ccc1C(=C)C)C(CCC(=O)OCC)c1ccccc1C,r_smiles,train-group-000086126,1
train-000430632,train,c1cccc([P+](C)(c2ccccc2)c2ccccc2)c1.[Br-].C1CCCO1.CCCC[Li].CCOC(=O)CCC(Oc1cc(OCc2ccsc2)ccc1C(C)=O)c1ccccc1C,CCOC(=O)CCC(Oc1cc(OCc2ccsc2)ccc1C(=C)C)c1ccccc1C,r_smiles,train-group-000086126,2
train-000430633,train,[Br-].C1CCOC1.C(C)OC(=O)CCC(Oc1cc(OCc2ccsc2)ccc1C(C)=O)c1ccccc1C.c1ccccc1[P+](C)(c1ccccc1)c1ccccc1.C(C[Li])CC,C(C)OC(=O)CCC(Oc1cc(OCc2ccsc2)ccc1C(=C)C)c1ccccc1C,r_smiles,train-group-000086126,3
train-000430634,train,c1([P+](C)(c2ccccc2)c2ccccc2)ccccc1.C1CCCO1.[Br-].c1(C)ccccc1C(CCC(=O)OCC)Oc1cc(OCc2ccsc2)ccc1C(C)=O.C([Li])CCC,c1(C)ccccc1C(CCC(=O)OCC)Oc1cc(OCc2ccsc2)ccc1C(=C)C,r_smiles,train-group-000086126,4
train-001397285,train,O.CO.C1CCOC1.COC(=O)CC1Cc2cc(Br)c3[nH]nc(Br)c3c2CN(CC(F)(F)F)C1=O.Cl.O.[OH-].[Li+],OC(=O)CC1Cc2cc(Br)c3[nH]nc(Br)c3c2CN(CC(F)(F)F)C1=O,r_smiles,train-group-000279457,0
train-001397286,train,Cl.O.FC(F)(F)CN1Cc2c(cc(Br)c3[nH]nc(Br)c23)CC(CC(=O)OC)C1=O.C1CCCO1.OC.[Li+].[OH-].O,FC(F)(F)CN1Cc2c(cc(Br)c3[nH]nc(Br)c23)CC(CC(=O)O)C1=O,r_smiles,train-group-000279457,1
train-001397287,train,OC.O.Cl.O.[Li+].C1CCCO1.c1(Br)n[nH]c2c(Br)cc3c(c12)CN(CC(F)(F)F)C(=O)C(CC(=O)OC)C3.[OH-],c1(Br)n[nH]c2c(Br)cc3c(c12)CN(CC(F)(F)F)C(=O)C(CC(=O)O)C3,r_smiles,train-group-000279457,2
train-001397288,train,O.[OH-].O.[Li+].C1CCCO1.COC(=O)CC1Cc2cc(Br)c3[nH]nc(Br)c3c2CN(CC(F)(F)F)C1=O.Cl.OC,OC(=O)CC1Cc2cc(Br)c3[nH]nc(Br)c3c2CN(CC(F)(F)F)C1=O,r_smiles,train-group-000279457,3
train-001397289,train,[Li+].C1CCOC1.Cl.c1(Br)n[nH]c2c(Br)cc3c(c12)CN(CC(F)(F)F)C(=O)C(CC(=O)OC)C3.O.[OH-].O.CO,c1(Br)n[nH]c2c(Br)cc3c(c12)CN(CC(F)(F)F)C(=O)C(CC(=O)O)C3,r_smiles,train-group-000279457,4
train-002154180,train,CCCCCCCCCCCCCCCCN(C)C.CCOC(C)=O.C=CCI,CCCCCCCCCCCCCCCC[N+](C)(C)CC=C.[I-],r_smiles,train-group-000430836,0
train-002154181,train,C(I)C=C.O=C(C)OCC.N(C)(C)CCCCCCCCCCCCCCCC,[I-].[N+](C)(C)(CC=C)CCCCCCCCCCCCCCCC,r_smiles,train-group-000430836,1
train-002154182,train,C(C)(=O)OCC.C=CCI.C(C)CCCCCCCCCCCCCCN(C)C,[I-].C(C)CCCCCCCCCCCCCC[N+](C)(C)CC=C,r_smiles,train-group-000430836,2
train-002154183,train,C(CCC)CCCCCCCCCCCCN(C)C.C(C)(=O)OCC.ICC=C,C(CCC)CCCCCCCCCCCC[N+](C)(C)CC=C.[I-],r_smiles,train-group-000430836,3
train-002154184,train,C(CCCCC)CCCCCCCCCCN(C)C.C=CCI.O=C(C)OCC,C(CCCCC)CCCCCCCCCC[N+](C)(C)CC=C.[I-],r_smiles,train-group-000430836,4
train-001743595,train,ClCCl.[NH4+].Cc1nc(-c2nc3c(s2)CCOc2cc(B4OC(C)(C)C(C)(C)O4)ccc2-3)n(C(C)C)n1.O.NS(=O)(=O)c1ccccc1.c1ccc([P](c2ccccc2)(c2ccccc2)[Pd]([P](c2ccccc2)(c2ccccc2)c2ccccc2)([P](c2ccccc2)(c2ccccc2)c2ccccc2)[P](c2ccccc2)(c2ccccc2)c2ccccc2)cc1.CC#N.[K+].CC(=O)[O-].[Cl-],Cc1nc(-c2nc3c(s2)CCOc2cc(-c4ccccc4S(N)(=O)=O)ccc2-3)n(C(C)C)n1,r_smiles,train-group-000348719,0
train-001743596,train,CC(=O)[O-].[K+].c1ccccc1S(N)(=O)=O.ClCCl.[Cl-].O.C(C)#N.c1cc(B2OC(C)(C)C(C)(C)O2)cc2c1-c1nc(-c3nc(C)nn3C(C)C)sc1CCO2.c1ccc([P](c2ccccc2)(c2ccccc2)[Pd]([P](c2ccccc2)(c2ccccc2)c2ccccc2)([P](c2ccccc2)(c2ccccc2)c2ccccc2)[P](c2ccccc2)(c2ccccc2)c2ccccc2)cc1.[NH4+],c1cc(-c2ccccc2S(N)(=O)=O)cc2c1-c1nc(-c3nc(C)nn3C(C)C)sc1CCO2,r_smiles,train-group-000348719,1
train-001743597,train,O=S(N)(=O)c1ccccc1.[K+].[NH4+].[Cl-].C(Cl)Cl.C(C)(=O)[O-].N#CC.O.c1cccc([P](c2ccccc2)(c2ccccc2)[Pd]([P](c2ccccc2)(c2ccccc2)c2ccccc2)([P](c2ccccc2)(c2ccccc2)c2ccccc2)[P](c2ccccc2)(c2ccccc2)c2ccccc2)c1.c1c(B2OC(C)(C)C(C)(C)O2)ccc2c1OCCc1sc(-c3nc(C)nn3C(C)C)nc1-2,c1c(-c2ccccc2S(N)(=O)=O)ccc2c1OCCc1sc(-c3nc(C)nn3C(C)C)nc1-2,r_smiles,train-group-000348719,2
train-001743598,train,c1cccc([P](c2ccccc2)(c2ccccc2)[Pd]([P](c2ccccc2)(c2ccccc2)c2ccccc2)([P](c2ccccc2)(c2ccccc2)c2ccccc2)[P](c2ccccc2)(c2ccccc2)c2ccccc2)c1.O.CC#N.ClCCl.[Cl-].O=S(N)(=O)c1ccccc1.CC(=O)[O-].[NH4+].CC1(C)OB(c2ccc3c(c2)OCCc2sc(-c4nc(C)nn4C(C)C)nc2-3)OC1(C)C.[K+],c1(-c2ccccc2S(N)(=O)=O)ccc2c(c1)OCCc1sc(-c3nc(C)nn3C(C)C)nc1-2,r_smiles,train-group-000348719,3
train-001743599,train,O=C(C)[O-].[K+].c1ccccc1[P](c1ccccc1)(c1ccccc1)[Pd]([P](c1ccccc1)(c1ccccc1)c1ccccc1)([P](c1ccccc1)(c1ccccc1)c1ccccc1)[P](c1ccccc1)(c1ccccc1)c1ccccc1.c1(-c2nc(C)nn2C(C)C)nc2c(s1)CCOc1cc(B3OC(C)(C)C(C)(C)O3)ccc1-2.ClCCl.c1(S(N)(=O)=O)ccccc1.CC#N.[NH4+].O.[Cl-],c1(-c2nc(C)nn2C(C)C)nc2c(s1)CCOc1cc(-c3ccccc3S(N)(=O)=O)ccc1-2,r_smiles,train-group-000348719,4
train-000613180,train,[K+].CN(C)C=O.Clc1c[nH]cn1.O=C([O-])[O-].O=[N+]([O-])c1cc(F)c(F)c(F)c1.CCOC(C)=O.[K+],O=[N+]([O-])c1cc(F)c(-n2cnc(Cl)c2)c(F)c1,r_smiles,train-group-000122636,0
train-000613181,train,c1(Cl)c[nH]cn1.O=C([O-])[O-].C(=O)N(C)C.[K+].[K+].Fc1cc([N+](=O)[O-])cc(F)c1F.O(CC)C(C)=O,Fc1cc([N+](=O)[O-])cc(F)c1-n1cnc(Cl)c1,r_smiles,train-group-000122636,1
train-000613182,train,O=C([O-])[O-].c1nc(Cl)c[nH]1.[K+].[K+].N(C)(C)C=O.O=C(C)OCC.c1c([N+](=O)[O-])cc(F)c(F)c1F,c1c([N+](=O)[O-])cc(F)c(-n2cnc(Cl)c2)c1F,r_smiles,train-group-000122636,2
train-000613183,train,[O-][N+](=O)c1cc(F)c(F)c(F)c1.c1[nH]cnc1Cl.CCOC(C)=O.O=C([O-])[O-].C(=O)N(C)C.[K+].[K+],[O-][N+](=O)c1cc(F)c(-n2cnc(Cl)c2)c(F)c1,r_smiles,train-group-000122636,3
train-000613184,train,Fc1cc([N+](=O)[O-])cc(F)c1F.O=C(C)OCC.[K+].[K+].[O-]C(=O)[O-].CN(C)C=O.Clc1c[nH]cn1,Fc1cc([N+](=O)[O-])cc(F)c1-n1cnc(Cl)c1,r_smiles,train-group-000122636,4
train-001704180,train,[K+].[K+].Nc1nc2c(o1)CCC1NCCCC21.CCCI.CC#N.O=C([O-])[O-],Nc1nc2c(o1)CCC1C2CCCN1CCC,r_smiles,train-group-000340836,0
train-001704181,train,C(C)#N.[K+].C12CCCNC1CCc1oc(N)nc12.[K+].[O-]C(=O)[O-].C(C)CI,C12CCCN(CCC)C1CCc1oc(N)nc12,r_smiles,train-group-000340836,1
train-001704182,train,[K+].C(I)CC.[K+].c1(N)nc2c(o1)CCC1NCCCC21.[O-]C(=O)[O-].N#CC,c1(N)nc2c(o1)CCC1C2CCCN1CCC,r_smiles,train-group-000340836,2
train-001704183,train,CC#N.[K+].C(C)CI.c12oc(N)nc1C1CCCNC1CC2.[K+].C(=O)([O-])[O-],c12oc(N)nc1C1CCCN(CCC)C1CC2,r_smiles,train-group-000340836,3
train-001704184,train,CCCI.[K+].O=C([O-])[O-].N#CC.[K+].C12CCCNC1CCc1oc(N)nc12,C12CCCN(CCC)C1CCc1oc(N)nc12,r_smiles,train-group-000340836,4
train-001259515,train,CCOc1c(Nc2cccnc2)c(=O)c1=O.NCCC1CCN(Cc2ccccc2)CC1.CCO,c1(NCCC2CCN(Cc3ccccc3)CC2)c(Nc2cccnc2)c(=O)c1=O,r_smiles,train-group-000251903,0
train-001259516,train,CCO.C(N)CC1CCN(Cc2ccccc2)CC1.c1(Nc2c(OCC)c(=O)c2=O)cccnc1,C(CC1CCN(Cc2ccccc2)CC1)Nc1c(Nc2cccnc2)c(=O)c1=O,r_smiles,train-group-000251903,1
train-001259517,train,c1ncccc1Nc1c(OCC)c(=O)c1=O.c1cccc(CN2CCC(CCN)CC2)c1.OCC,c1ncccc1Nc1c(NCCC2CCN(Cc3ccccc3)CC2)c(=O)c1=O,r_smiles,train-group-000251903,2
train-001259518,train,c1ncccc1Nc1c(OCC)c(=O)c1=O.c1ccc(CN2CCC(CCN)CC2)cc1.C(C)O,c1ncccc1Nc1c(NCCC2CCN(Cc3ccccc3)CC2)c(=O)c1=O,r_smiles,train-group-000251903,3
train-001259519,train,C(N)CC1CCN(Cc2ccccc2)CC1.N(c1cccnc1)c1c(OCC)c(=O)c1=O.CCO,C(CC1CCN(Cc2ccccc2)CC1)Nc1c(Nc2cccnc2)c(=O)c1=O,r_smiles,train-group-000251903,4
train-000917190,train,CCCC[Sn](Cl)(CCCC)CCCC.C1CCOC1.O=C(NCCS(=O)(=O)NCC(=O)c1ncn2ccsc12)OCc1ccc([N+](=O)[O-])cc1.[NH4+].[Cl-].CN(C)P(=O)(N(C)C)N(C)C,O=C(NCCS(=O)(=O)NCC(=O)c1ncn2cc([Sn](CCCC)(CCCC)CCCC)sc12)OCc1ccc([N+](=O)[O-])cc1,r_smiles,train-group-000183438,0
train-000917191,train,C1CCCO1.CN(C)P(=O)(N(C)C)N(C)C.[Cl-].c1cc([N+](=O)[O-])ccc1COC(=O)NCCS(=O)(=O)NCC(=O)c1ncn2ccsc12.[NH4+].[Sn](Cl)(CCCC)(CCCC)CCCC,c1cc([N+](=O)[O-])ccc1COC(=O)NCCS(=O)(=O)NCC(=O)c1ncn2cc([Sn](CCCC)(CCCC)CCCC)sc12,r_smiles,train-group-000183438,1
train-000917192,train,c1cc(COC(=O)NCCS(=O)(=O)NCC(=O)c2ncn3ccsc23)ccc1[N+](=O)[O-].[Cl-].O1CCCC1.CN(C)P(=O)(N(C)C)N(C)C.[NH4+].CCCC[Sn](Cl)(CCCC)CCCC,c1cc(COC(=O)NCCS(=O)(=O)NCC(=O)c2ncn3cc([Sn](CCCC)(CCCC)CCCC)sc23)ccc1[N+](=O)[O-],r_smiles,train-group-000183438,2
train-000917193,train,[NH4+].C1CCCO1.[Cl-].N(C)(C)P(=O)(N(C)C)N(C)C.c1(COC(=O)NCCS(=O)(=O)NCC(=O)c2ncn3ccsc23)ccc([N+](=O)[O-])cc1.C(C)CC[Sn](Cl)(CCCC)CCCC,c1(COC(=O)NCCS(=O)(=O)NCC(=O)c2ncn3cc([Sn](CCCC)(CCCC)CCCC)sc23)ccc([N+](=O)[O-])cc1,r_smiles,train-group-000183438,3
train-000917194,train,C1CCCO1.c1(C(=O)CNS(=O)(=O)CCNC(=O)OCc2ccc([N+](=O)[O-])cc2)ncn2ccsc12.[Cl-].[NH4+].C(C)CC[Sn](Cl)(CCCC)CCCC.N(C)(C)P(=O)(N(C)C)N(C)C,c1(C(=O)CNS(=O)(=O)CCNC(=O)OCc2ccc([N+](=O)[O-])cc2)ncn2cc([Sn](CCCC)(CCCC)CCCC)sc12,r_smiles,train-group-000183438,4
train-000662410,train,Cc1ccc(C(=O)NC2CC2)cc1[N+](=O)[O-].CCO,Cc1ccc(C(=O)NC2CC2)cc1N,r_smiles,train-group-000132482,0
train-000662411,train,Cc1ccc(C(=O)NC2CC2)cc1[N+](=O)[O-].C(C)O,Cc1ccc(C(=O)NC2CC2)cc1N,r_smiles,train-group-000132482,1
train-000662412,train,CCO.O=[N+]([O-])c1cc(C(=O)NC2CC2)ccc1C,Nc1cc(C(=O)NC2CC2)ccc1C,r_smiles,train-group-000132482,2
train-000662413,train,c1c(C(=O)NC2CC2)ccc(C)c1[N+](=O)[O-].C(C)O,c1c(C(=O)NC2CC2)ccc(C)c1N,r_smiles,train-group-000132482,3
train-000662414,train,C(C)O.c1(C)ccc(C(=O)NC2CC2)cc1[N+](=O)[O-],c1(C)ccc(C(=O)NC2CC2)cc1N,r_smiles,train-group-000132482,4
train-001254790,train,CC(C)c1ccc(NCc2ccc(N(C)C)cc2)cc1.O=C(O)C1CCCc2cc(OCc3ccccc3)ccc21,O=C(C1CCCc2cc(OCc3ccccc3)ccc21)N(Cc1ccc(N(C)C)cc1)c1ccc(C(C)C)cc1,r_smiles,train-group-000250958,0
train-001254791,train,c1cc(NCc2ccc(N(C)C)cc2)ccc1C(C)C.c1c(OCc2ccccc2)ccc2c1CCCC2C(=O)O,c1c(OCc2ccccc2)ccc2c1CCCC2C(=O)N(Cc1ccc(N(C)C)cc1)c1ccc(C(C)C)cc1,r_smiles,train-group-000250958,1
train-001254792,train,c1c(OCc2ccccc2)ccc2c1CCCC2C(=O)O.c1(C(C)C)ccc(NCc2ccc(N(C)C)cc2)cc1,c1c(OCc2ccccc2)ccc2c1CCCC2C(=O)N(Cc1ccc(N(C)C)cc1)c1ccc(C(C)C)cc1,r_smiles,train-group-000250958,2
train-001254793,train,c1cc(C(C)C)ccc1NCc1ccc(N(C)C)cc1.C(Oc1ccc2c(c1)CCCC2C(=O)O)c1ccccc1,C(Oc1ccc2c(c1)CCCC2C(=O)N(Cc1ccc(N(C)C)cc1)c1ccc(C(C)C)cc1)c1ccccc1,r_smiles,train-group-000250958,3
train-001254794,train,c1(NCc2ccc(N(C)C)cc2)ccc(C(C)C)cc1.C1CCC(C(=O)O)c2ccc(OCc3ccccc3)cc21,C1CCC(C(=O)N(Cc2ccc(N(C)C)cc2)c2ccc(C(C)C)cc2)c2ccc(OCc3ccccc3)cc21,r_smiles,train-group-000250958,4
train-000859120,train,CC(C)(C)OC(=O)N1CCC(c2ccc(CO)cc2)C(OCc2ccc3ccccc3c2)C1.O=C(O)c1cnccn1,CC(C)(C)OC(=O)N1CCC(c2ccc(COC(=O)c3cnccn3)cc2)C(OCc2ccc3ccccc3c2)C1,r_smiles,train-group-000171824,0
train-000859121,train,c1ccc2cc(COC3CN(C(=O)OC(C)(C)C)CCC3c3ccc(CO)cc3)ccc2c1.n1ccnc(C(=O)O)c1,c1ccc2cc(COC3CN(C(=O)OC(C)(C)C)CCC3c3ccc(COC(=O)c4cnccn4)cc3)ccc2c1,r_smiles,train-group-000171824,1
train-000859122,train,c1(C(=O)O)cnccn1.O(Cc1ccc2ccccc2c1)C1CN(C(=O)OC(C)(C)C)CCC1c1ccc(CO)cc1,O(Cc1ccc2ccccc2c1)C1CN(C(=O)OC(C)(C)C)CCC1c1ccc(COC(=O)c2cnccn2)cc1,r_smiles,train-group-000171824,2
train-000859123,train,O(Cc1ccc2ccccc2c1)C1CN(C(=O)OC(C)(C)C)CCC1c1ccc(CO)cc1.n1ccncc1C(=O)O,O(Cc1ccc2ccccc2c1)C1CN(C(=O)OC(C)(C)C)CCC1c1ccc(COC(=O)c2cnccn2)cc1,r_smiles,train-group-000171824,3
train-000859124,train,O(C(=O)N1CCC(c2ccc(CO)cc2)C(OCc2ccc3ccccc3c2)C1)C(C)(C)C.n1ccnc(C(=O)O)c1,O(C(=O)N1CCC(c2ccc(COC(=O)c3cnccn3)cc2)C(OCc2ccc3ccccc3c2)C1)C(C)(C)C,r_smiles,train-group-000171824,4
train-001361910,train,Cc1cc(-c2ncn(C3CCCCO3)n2)c(F)cc1Br.CC(C)N1C(=O)CNc2ncc([Sn](C)(C)C)nc21.CN(C)C=O,Cc1cc(-c2ncn(C3CCCCO3)n2)c(F)cc1-c1cnc2c(n1)N(C(C)C)C(=O)CN2,r_smiles,train-group-000272382,0
train-001361911,train,CC(C)N1C(=O)CNc2ncc([Sn](C)(C)C)nc21.CN(C)C=O.C1(n2cnc(-c3cc(C)c(Br)cc3F)n2)CCCCO1,C1(n2cnc(-c3cc(C)c(-c4cnc5c(n4)N(C(C)C)C(=O)CN5)cc3F)n2)CCCCO1,r_smiles,train-group-000272382,1
train-001361912,train,CN(C)C=O.C1(=O)CNc2ncc([Sn](C)(C)C)nc2N1C(C)C.n1c(-c2cc(C)c(Br)cc2F)ncn1C1CCCCO1,n1c(-c2cc(C)c(-c3cnc4c(n3)N(C(C)C)C(=O)CN4)cc2F)ncn1C1CCCCO1,r_smiles,train-group-000272382,2
train-001361913,train,CN(C)C=O.c12nc([Sn](C)(C)C)cnc1NCC(=O)N2C(C)C.C1(n2cnc(-c3cc(C)c(Br)cc3F)n2)CCCCO1,C1(n2cnc(-c3cc(C)c(-c4cnc5c(n4)N(C(C)C)C(=O)CN5)cc3F)n2)CCCCO1,r_smiles,train-group-000272382,3
train-001361914,train,C1CCC(n2cnc(-c3cc(C)c(Br)cc3F)n2)OC1.CN(C)C=O.N1CC(=O)N(C(C)C)c2nc([Sn](C)(C)C)cnc21,C1CCC(n2cnc(-c3cc(C)c(-c4cnc5c(n4)N(C(C)C)C(=O)CN5)cc3F)n2)OC1,r_smiles,train-group-000272382,4
train-001293385,train,Cc1cc(Br)ccc1C(=O)c1cc(-n2cc(CCO)nn2)ccc1C.Cc1cc(Nc2ccc(F)cc2F)ccc1C(=O)c1cc(-n2cc(CCO)nn2)ccc1C.Cc1c(N)cccc1Cl,Cc1cc(Nc2cccc(Cl)c2C)ccc1C(=O)c1cc(-n2cc(CCO)nn2)ccc1C,r_smiles,train-group-000258677,0
train-001293386,train,c1(C)ccc(-n2cc(CCO)nn2)cc1C(=O)c1ccc(Nc2ccc(F)cc2F)cc1C.C(CO)c1cn(-c2ccc(C)c(C(=O)c3ccc(Br)cc3C)c2)nn1.c1ccc(Cl)c(C)c1N,C(CO)c1cn(-c2ccc(C)c(C(=O)c3ccc(Nc4cccc(Cl)c4C)cc3C)c2)nn1,r_smiles,train-group-000258677,1
train-001293387,train,c1cc(C(=O)c2cc(-n3cc(CCO)nn3)ccc2C)c(C)cc1Nc1ccc(F)cc1F.Clc1cccc(N)c1C.O=C(c1ccc(Br)cc1C)c1cc(-n2cc(CCO)nn2)ccc1C,O=C(c1ccc(Nc2cccc(Cl)c2C)cc1C)c1cc(-n2cc(CCO)nn2)ccc1C,r_smiles,train-group-000258677,2
train-001293388,train,c1c(Br)ccc(C(=O)c2cc(-n3cc(CCO)nn3)ccc2C)c1C.c1cc(F)cc(F)c1Nc1ccc(C(=O)c2cc(-n3cc(CCO)nn3)ccc2C)c(C)c1.c1ccc(Cl)c(C)c1N,c1c(Nc2cccc(Cl)c2C)ccc(C(=O)c2cc(-n3cc(CCO)nn3)ccc2C)c1C,r_smiles,train-group-000258677,3
train-001293389,train,Nc1cccc(Cl)c1C.c1cc(C)c(C(=O)c2ccc(Br)cc2C)cc1-n1cc(CCO)nn1.C(O)Cc1cn(-c2ccc(C)c(C(=O)c3ccc(Nc4ccc(F)cc4F)cc3C)c2)nn1,c1cc(C)c(C(=O)c2ccc(Nc3cccc(Cl)c3C)cc2C)cc1-n1cc(CCO)nn1,r_smiles,train-group-000258677,4
train-001877975,train,CCNC(=O)NCCCNC(=O)c1nc(NCC(c2ccccc2)c2ccccc2)c2ncn(C3CC(n4cc(CO)cn4)C(O)C3O)c2n1.O=C(O)C(F)(F)F.CC(C)(N)CNC(=O)c1nc(NCC(c2ccccc2)c2ccccc2)c2ncn(C3CC(n4cc(CO)cn4)C(O)C3O)c2n1,CCNC(=O)NC(C)(C)CNC(=O)c1nc(NCC(c2ccccc2)c2ccccc2)c2ncn(C3CC(n4cc(CO)cn4)C(O)C3O)c2n1.O=C(O)C(F)(F)F,r_smiles,train-group-000375595,0
train-001877976,train,c1nc2c(NCC(c3ccccc3)c3ccccc3)nc(C(=O)NCCCNC(=O)NCC)nc2n1C1CC(n2cc(CO)cn2)C(O)C1O.O=C(O)C(F)(F)F.C1C(n2cc(CO)cn2)C(O)C(O)C1n1cnc2c(NCC(c3ccccc3)c3ccccc3)nc(C(=O)NCC(C)(C)N)nc21,C(=O)(NCC)NC(C)(C)CNC(=O)c1nc(NCC(c2ccccc2)c2ccccc2)c2ncn(C3CC(n4cc(CO)cn4)C(O)C3O)c2n1.O=C(O)C(F)(F)F,r_smiles,train-group-000375595,1
train-001877977,train,O=C(O)C(F)(F)F.CC(C)(N)CNC(=O)c1nc(NCC(c2ccccc2)c2ccccc2)c2ncn(C3CC(n4cc(CO)cn4)C(O)C3O)c2n1.N(CCCNC(=O)c1nc(NCC(c2ccccc2)c2ccccc2)c2ncn(C3CC(n4cc(CO)cn4)C(O)C3O)c2n1)C(=O)NCC,O=C(O)C(F)(F)F.C(=O)(NCC)NC(C)(C)CNC(=O)c1nc(NCC(c2ccccc2)c2ccccc2)c2ncn(C3CC(n4cc(CO)cn4)C(O)C3O)c2n1,r_smiles,train-group-000375595,2
train-001877978,train,c1ccccc1C(CNc1nc(C(=O)NCC(C)(C)N)nc2c1ncn2C1CC(n2cc(CO)cn2)C(O)C1O)c1ccccc1.FC(F)(F)C(=O)O.N(CCCNC(=O)NCC)C(=O)c1nc(NCC(c2ccccc2)c2ccccc2)c2ncn(C3CC(n4cc(CO)cn4)C(O)C3O)c2n1,FC(F)(F)C(=O)O.C(=O)(NCC)NC(C)(C)CNC(=O)c1nc(NCC(c2ccccc2)c2ccccc2)c2ncn(C3CC(n4cc(CO)cn4)C(O)C3O)c2n1,r_smiles,train-group-000375595,3
train-001877979,train,c1ccc(C(CNc2nc(C(=O)NCCCNC(=O)NCC)nc3c2ncn3C2CC(n3cc(CO)cn3)C(O)C2O)c2ccccc2)cc1.O=C(O)C(F)(F)F.c1(NCC(c2ccccc2)c2ccccc2)nc(C(=O)NCC(C)(C)N)nc2c1ncn2C1CC(n2cc(CO)cn2)C(O)C1O,C(=O)(NCC)NC(C)(C)CNC(=O)c1nc(NCC(c2ccccc2)c2ccccc2)c2ncn(C3CC(n4cc(CO)cn4)C(O)C3O)c2n1.O=C(O)C(F)(F)F,r_smiles,train-group-000375595,4
train-000006955,train,Cc1ccc(NC(=O)c2ccnc(N3CCCC3)c2)cc1B1OC(C)(C)C(C)(C)O1.Cc1nnc(-c2ccc(Br)c(C)c2)o1,Cc1ccc(NC(=O)c2ccnc(N3CCCC3)c2)cc1-c1ccc(-c2nnc(C)o2)cc1C,r_smiles,train-group-000001391,0
train-000006956,train,C1CCN(c2cc(C(=O)Nc3ccc(C)c(B4OC(C)(C)C(C)(C)O4)c3)ccn2)C1.c1cc(-c2nnc(C)o2)cc(C)c1Br,C1CCN(c2cc(C(=O)Nc3ccc(C)c(-c4ccc(-c5nnc(C)o5)cc4C)c3)ccn2)C1,r_smiles,train-group-000001391,1
train-000006957,train,C1(C)(C)OB(c2cc(NC(=O)c3ccnc(N4CCCC4)c3)ccc2C)OC1(C)C.c1(-c2nnc(C)o2)ccc(Br)c(C)c1,c1(-c2ccc(-c3nnc(C)o3)cc2C)cc(NC(=O)c2ccnc(N3CCCC3)c2)ccc1C,r_smiles,train-group-000001391,2
train-000006958,train,c1cc(-c2nnc(C)o2)cc(C)c1Br.C1CCN(c2cc(C(=O)Nc3ccc(C)c(B4OC(C)(C)C(C)(C)O4)c3)ccn2)C1,C1CCN(c2cc(C(=O)Nc3ccc(C)c(-c4ccc(-c5nnc(C)o5)cc4C)c3)ccn2)C1,r_smiles,train-group-000001391,3
train-000006959,train,c1cc(C)c(B2OC(C)(C)C(C)(C)O2)cc1NC(=O)c1ccnc(N2CCCC2)c1.Cc1cc(-c2nnc(C)o2)ccc1Br,c1cc(C)c(-c2ccc(-c3nnc(C)o3)cc2C)cc1NC(=O)c1ccnc(N2CCCC2)c1,r_smiles,train-group-000001391,4
train-001351900,train,OO.[Na+].O=C1C(=O)N2c3c(cc(Cl)cc31)CCC2c1ccccc1.Cl.O.[OH-],O=C(O)c1cc(Cl)cc2c1NC(c1ccccc1)CC2,r_smiles,train-group-000270380,0
train-001351901,train,O.OO.[Na+].Clc1cc2c3c(c1)C(=O)C(=O)N3C(c1ccccc1)CC2.Cl.[OH-],Clc1cc2c(c(C(=O)O)c1)NC(c1ccccc1)CC2,r_smiles,train-group-000270380,1
train-001351902,train,c1cccc(C2CCc3cc(Cl)cc4c3N2C(=O)C4=O)c1.[OH-].Cl.[Na+].OO.O,c1cccc(C2CCc3cc(Cl)cc(C(=O)O)c3N2)c1,r_smiles,train-group-000270380,2
train-001351903,train,[OH-].Cl.[Na+].OO.c1cccc(C2CCc3cc(Cl)cc4c3N2C(=O)C4=O)c1.O,c1cccc(C2CCc3cc(Cl)cc(C(=O)O)c3N2)c1,r_smiles,train-group-000270380,3
train-001351904,train,Cl.c1c(Cl)cc2c3c1C(=O)C(=O)N3C(c1ccccc1)CC2.OO.O.[Na+].[OH-],c1c(Cl)cc2c(c1C(=O)O)NC(c1ccccc1)CC2,r_smiles,train-group-000270380,4
train-000606260,train,[Cl-].CC(C)[Mg+].C1CCOC1.Cc1ccc(C(=O)NC2CC2)cc1-c1ccc2c(N3CCC(=O)CC3)nncc2c1,Cc1ccc(C(=O)NC2CC2)cc1-c1ccc2c(N3CCC(O)(C(C)C)CC3)nncc2c1,r_smiles,train-group-000121252,0
train-000606261,train,C1CCOC1.[Cl-].[Mg+]C(C)C.c1(C)ccc(C(=O)NC2CC2)cc1-c1ccc2c(N3CCC(=O)CC3)nncc2c1,c1(C)ccc(C(=O)NC2CC2)cc1-c1ccc2c(N3CCC(O)(C(C)C)CC3)nncc2c1,r_smiles,train-group-000121252,1
train-000606262,train,c1c(C(=O)NC2CC2)ccc(C)c1-c1ccc2c(N3CCC(=O)CC3)nncc2c1.C1CCOC1.[Cl-].C(C)(C)[Mg+],c1c(C(=O)NC2CC2)ccc(C)c1-c1ccc2c(N3CCC(O)(C(C)C)CC3)nncc2c1,r_smiles,train-group-000121252,2
train-000606263,train,C(=O)(NC1CC1)c1ccc(C)c(-c2ccc3c(N4CCC(=O)CC4)nncc3c2)c1.CC(C)[Mg+].C1CCOC1.[Cl-],C(=O)(NC1CC1)c1ccc(C)c(-c2ccc3c(N4CCC(O)(C(C)C)CC4)nncc3c2)c1,r_smiles,train-group-000121252,3
train-000606264,train,c1nnc(N2CCC(=O)CC2)c2ccc(-c3cc(C(=O)NC4CC4)ccc3C)cc12.[Cl-].C(C)(C)[Mg+].C1CCCO1,c1nnc(N2CCC(O)(C(C)C)CC2)c2ccc(-c3cc(C(=O)NC4CC4)ccc3C)cc12,r_smiles,train-group-000121252,4
train-001544350,train,ClCCOc1n[nH]c2ncnc(Nc3ccc(OCc4ccccn4)c(Cl)c3)c12.OC1CCNCC1,C(COc1n[nH]c2ncnc(Nc3ccc(OCc4ccccn4)c(Cl)c3)c12)N1CCC(O)CC1,r_smiles,train-group-000308870,0
train-001544351,train,n1ccccc1COc1ccc(Nc2ncnc3[nH]nc(OCCCl)c23)cc1Cl.C1(O)CCNCC1,n1ccccc1COc1ccc(Nc2ncnc3[nH]nc(OCCN4CCC(O)CC4)c23)cc1Cl,r_smiles,train-group-000308870,1
train-001544352,train,c1(COc2ccc(Nc3ncnc4[nH]nc(OCCCl)c34)cc2Cl)ccccn1.N1CCC(O)CC1,c1(COc2ccc(Nc3ncnc4[nH]nc(OCCN5CCC(O)CC5)c34)cc2Cl)ccccn1,r_smiles,train-group-000308870,2
train-001544353,train,c1(Nc2ncnc3[nH]nc(OCCCl)c23)ccc(OCc2ccccn2)c(Cl)c1.OC1CCNCC1,c1(Nc2ncnc3[nH]nc(OCCN4CCC(O)CC4)c23)ccc(OCc2ccccn2)c(Cl)c1,r_smiles,train-group-000308870,3
train-001544354,train,C(CCl)Oc1n[nH]c2ncnc(Nc3ccc(OCc4ccccn4)c(Cl)c3)c12.OC1CCNCC1,C(CN1CCC(O)CC1)Oc1n[nH]c2ncnc(Nc3ccc(OCc4ccccn4)c(Cl)c3)c12,r_smiles,train-group-000308870,4
train-000480710,train,O=C1CCC(=O)N1Br.c1ccc2cnccc2c1.[NH4+].CCCCCCC.O=S(=O)(O)O.[OH-],c1ccc2cnccc2c1Br,r_smiles,train-group-000096142,0
train-000480711,train,BrN1C(=O)CCC1=O.[NH4+].n1ccc2ccccc2c1.C(CC)CCCC.[OH-].OS(=O)(=O)O,n1ccc2c(Br)cccc2c1,r_smiles,train-group-000096142,1
train-000480712,train,S(=O)(=O)(O)O.C(CC)CCCC.O=C1CCC(=O)N1Br.[NH4+].[OH-].c1cc2ccccc2cn1,c1cc2c(Br)cccc2cn1,r_smiles,train-group-000096142,2
train-000480713,train,C(CC)CCCC.c1cc2ccccc2cn1.S(=O)(=O)(O)O.[NH4+].N1(Br)C(=O)CCC1=O.[OH-],c1cc2c(Br)cccc2cn1,r_smiles,train-group-000096142,3
train-000480714,train,C1CC(=O)N(Br)C1=O.[NH4+].[OH-].C(CCC)CCC.c1cncc2ccccc12.O=S(=O)(O)O,c1cncc2cccc(Br)c12,r_smiles,train-group-000096142,4
train-000818425,train,COc1ccc(Cn2cncn2)cc1.[Li]CCCC.CCC(C=O)CC.C1CCOC1,COc1ccc(Cn2ncnc2C(O)C(CC)CC)cc1,r_smiles,train-group-000163685,0
train-000818426,train,C1CCOC1.C(C=O)(CC)CC.CCCC[Li].n1cnn(Cc2ccc(OC)cc2)c1,n1cnn(Cc2ccc(OC)cc2)c1C(O)C(CC)CC,r_smiles,train-group-000163685,1
train-000818427,train,C(C)C(C=O)CC.c1cc(Cn2cncn2)ccc1OC.C(C[Li])CC.C1CCOC1,c1cc(Cn2ncnc2C(O)C(CC)CC)ccc1OC,r_smiles,train-group-000163685,2
train-000818428,train,[Li]CCCC.C1CCCO1.n1(Cc2ccc(OC)cc2)cncn1.O=CC(CC)CC,n1(Cc2ccc(OC)cc2)ncnc1C(O)C(CC)CC,r_smiles,train-group-000163685,3
train-000818429,train,C(C)C(C=O)CC.C([Li])CCC.C1CCCO1.COc1ccc(Cn2cncn2)cc1,COc1ccc(Cn2ncnc2C(O)C(CC)CC)cc1,r_smiles,train-group-000163685,4
train-000456870,train,CCOP(OCC)OCC.CCOC(=O)CC(CBr)CC(C)C,CCOC(=O)CC(CC(C)C)CP(=O)(OCC)OCC,r_smiles,train-group-000091374,0
train-000456871,train,CC(C)CC(CBr)CC(=O)OCC.P(OCC)(OCC)OCC,CC(C)CC(CC(=O)OCC)CP(=O)(OCC)OCC,r_smiles,train-group-000091374,1
train-000456872,train,C(C)OP(OCC)OCC.O=C(CC(CBr)CC(C)C)OCC,O=C(CC(CC(C)C)CP(=O)(OCC)OCC)OCC,r_smiles,train-group-000091374,2
train-000456873,train,C(C)OP(OCC)OCC.C(C)(C)CC(CBr)CC(=O)OCC,C(C)(C)CC(CC(=O)OCC)CP(=O)(OCC)OCC,r_smiles,train-group-000091374,3
train-000456874,train,O=C(CC(CBr)CC(C)C)OCC.O(CC)P(OCC)OCC,O=C(CC(CC(C)C)CP(=O)(OCC)OCC)OCC,r_smiles,train-group-000091374,4
train-000013775,train,O.[K+].[OH-].CC1CNCCN1.Cn1cc(C(=O)O)c(=O)c2cc3cc(F)c(Cl)cc3nc21.c1ccncc1,Cn1cc(C(=O)O)c(=O)c2cc3cc(F)c(N4CCNC(C)C4)cc3nc21,r_smiles,train-group-000002755,0
train-000013776,train,n1ccccc1.C1NCCNC1C.[OH-].O.c1(C(=O)O)cn(C)c2nc3cc(Cl)c(F)cc3cc2c1=O.[K+],c1(C(=O)O)cn(C)c2nc3cc(N4CCNC(C)C4)c(F)cc3cc2c1=O,r_smiles,train-group-000002755,1
train-000013777,train,Fc1cc2cc3c(=O)c(C(=O)O)cn(C)c3nc2cc1Cl.[OH-].[K+].c1ccccn1.C1CNCC(C)N1.O,Fc1cc2cc3c(=O)c(C(=O)O)cn(C)c3nc2cc1N1CCNC(C)C1,r_smiles,train-group-000002755,2
train-000013778,train,[K+].[OH-].c1(=O)c(C(=O)O)cn(C)c2nc3cc(Cl)c(F)cc3cc12.C1CNC(C)CN1.O.c1ccccn1,c1(=O)c(C(=O)O)cn(C)c2nc3cc(N4CCNC(C)C4)c(F)cc3cc12,r_smiles,train-group-000002755,3
train-000013779,train,[K+].[OH-].O.c1ccncc1.N1CCNC(C)C1.c1(C(=O)O)cn(C)c2nc3cc(Cl)c(F)cc3cc2c1=O,c1(C(=O)O)cn(C)c2nc3cc(N4CCNC(C)C4)c(F)cc3cc2c1=O,r_smiles,train-group-000002755,4
